$MeshFormat
4.1 0 8
$EndMeshFormat
$Entities
1089 2112 1024 0
1 0 0 0 0 
2 0 0.03125 0 0 
3 0 0.0625 0 0 
4 0 0.09375 0 0 
5 0 0.125 0 0 
6 0 0.15625 0 0 
7 0 0.1875 0 0 
8 0 0.21875 0 0 
9 0 0.25 0 0 
10 0 0.28125 0 0 
11 0 0.3125 0 0 
12 0 0.34375 0 0 
13 0 0.375 0 0 
14 0 0.40625 0 0 
15 0 0.4375 0 0 
16 0 0.46875 0 0 
17 0 0.5 0 0 
18 0 0.53125 0 0 
19 0 0.5625 0 0 
20 0 0.59375 0 0 
21 0 0.625 0 0 
22 0 0.65625 0 0 
23 0 0.6875 0 0 
24 0 0.71875 0 0 
25 0 0.75 0 0 
26 0 0.78125 0 0 
27 0 0.8125 0 0 
28 0 0.84375 0 0 
29 0 0.875 0 0 
30 0 0.90625 0 0 
31 0 0.9375 0 0 
32 0 0.96875 0 0 
33 0 1 0 0 
34 0.03125 0 0 0 
35 0.03125 0.03125 0 0 
36 0.03125 0.0625 0 0 
37 0.03125 0.09375 0 0 
38 0.03125 0.125 0 0 
39 0.03125 0.15625 0 0 
40 0.03125 0.1875 0 0 
41 0.03125 0.21875 0 0 
42 0.03125 0.25 0 0 
43 0.03125 0.28125 0 0 
44 0.03125 0.3125 0 0 
45 0.03125 0.34375 0 0 
46 0.03125 0.375 0 0 
47 0.03125 0.40625 0 0 
48 0.03125 0.4375 0 0 
49 0.03125 0.46875 0 0 
50 0.03125 0.5 0 0 
51 0.03125 0.53125 0 0 
52 0.03125 0.5625 0 0 
53 0.03125 0.59375 0 0 
54 0.03125 0.625 0 0 
55 0.03125 0.65625 0 0 
56 0.03125 0.6875 0 0 
57 0.03125 0.71875 0 0 
58 0.03125 0.75 0 0 
59 0.03125 0.78125 0 0 
60 0.03125 0.8125 0 0 
61 0.03125 0.84375 0 0 
62 0.03125 0.875 0 0 
63 0.03125 0.90625 0 0 
64 0.03125 0.9375 0 0 
65 0.03125 0.96875 0 0 
66 0.03125 1 0 0 
67 0.0625 0 0 0 
68 0.0625 0.03125 0 0 
69 0.0625 0.0625 0 0 
70 0.0625 0.09375 0 0 
71 0.0625 0.125 0 0 
72 0.0625 0.15625 0 0 
73 0.0625 0.1875 0 0 
74 0.0625 0.21875 0 0 
75 0.0625 0.25 0 0 
76 0.0625 0.28125 0 0 
77 0.0625 0.3125 0 0 
78 0.0625 0.34375 0 0 
79 0.0625 0.375 0 0 
80 0.0625 0.40625 0 0 
81 0.0625 0.4375 0 0 
82 0.0625 0.46875 0 0 
83 0.0625 0.5 0 0 
84 0.0625 0.53125 0 0 
85 0.0625 0.5625 0 0 
86 0.0625 0.59375 0 0 
87 0.0625 0.625 0 0 
88 0.0625 0.65625 0 0 
89 0.0625 0.6875 0 0 
90 0.0625 0.71875 0 0 
91 0.0625 0.75 0 0 
92 0.0625 0.78125 0 0 
93 0.0625 0.8125 0 0 
94 0.0625 0.84375 0 0 
95 0.0625 0.875 0 0 
96 0.0625 0.90625 0 0 
97 0.0625 0.9375 0 0 
98 0.0625 0.96875 0 0 
99 0.0625 1 0 0 
100 0.09375 0 0 0 
101 0.09375 0.03125 0 0 
102 0.09375 0.0625 0 0 
103 0.09375 0.09375 0 0 
104 0.09375 0.125 0 0 
105 0.09375 0.15625 0 0 
106 0.09375 0.1875 0 0 
107 0.09375 0.21875 0 0 
108 0.09375 0.25 0 0 
109 0.09375 0.28125 0 0 
110 0.09375 0.3125 0 0 
111 0.09375 0.34375 0 0 
112 0.09375 0.375 0 0 
113 0.09375 0.40625 0 0 
114 0.09375 0.4375 0 0 
115 0.09375 0.46875 0 0 
116 0.09375 0.5 0 0 
117 0.09375 0.53125 0 0 
118 0.09375 0.5625 0 0 
119 0.09375 0.59375 0 0 
120 0.09375 0.625 0 0 
121 0.09375 0.65625 0 0 
122 0.09375 0.6875 0 0 
123 0.09375 0.71875 0 0 
124 0.09375 0.75 0 0 
125 0.09375 0.78125 0 0 
126 0.09375 0.8125 0 0 
127 0.09375 0.84375 0 0 
128 0.09375 0.875 0 0 
129 0.09375 0.90625 0 0 
130 0.09375 0.9375 0 0 
131 0.09375 0.96875 0 0 
132 0.09375 1 0 0 
133 0.125 0 0 0 
134 0.125 0.03125 0 0 
135 0.125 0.0625 0 0 
136 0.125 0.09375 0 0 
137 0.125 0.125 0 0 
138 0.125 0.15625 0 0 
139 0.125 0.1875 0 0 
140 0.125 0.21875 0 0 
141 0.125 0.25 0 0 
142 0.125 0.28125 0 0 
143 0.125 0.3125 0 0 
144 0.125 0.34375 0 0 
145 0.125 0.375 0 0 
146 0.125 0.40625 0 0 
147 0.125 0.4375 0 0 
148 0.125 0.46875 0 0 
149 0.125 0.5 0 0 
150 0.125 0.53125 0 0 
151 0.125 0.5625 0 0 
152 0.125 0.59375 0 0 
153 0.125 0.625 0 0 
154 0.125 0.65625 0 0 
155 0.125 0.6875 0 0 
156 0.125 0.71875 0 0 
157 0.125 0.75 0 0 
158 0.125 0.78125 0 0 
159 0.125 0.8125 0 0 
160 0.125 0.84375 0 0 
161 0.125 0.875 0 0 
162 0.125 0.90625 0 0 
163 0.125 0.9375 0 0 
164 0.125 0.96875 0 0 
165 0.125 1 0 0 
166 0.15625 0 0 0 
167 0.15625 0.03125 0 0 
168 0.15625 0.0625 0 0 
169 0.15625 0.09375 0 0 
170 0.15625 0.125 0 0 
171 0.15625 0.15625 0 0 
172 0.15625 0.1875 0 0 
173 0.15625 0.21875 0 0 
174 0.15625 0.25 0 0 
175 0.15625 0.28125 0 0 
176 0.15625 0.3125 0 0 
177 0.15625 0.34375 0 0 
178 0.15625 0.375 0 0 
179 0.15625 0.40625 0 0 
180 0.15625 0.4375 0 0 
181 0.15625 0.46875 0 0 
182 0.15625 0.5 0 0 
183 0.15625 0.53125 0 0 
184 0.15625 0.5625 0 0 
185 0.15625 0.59375 0 0 
186 0.15625 0.625 0 0 
187 0.15625 0.65625 0 0 
188 0.15625 0.6875 0 0 
189 0.15625 0.71875 0 0 
190 0.15625 0.75 0 0 
191 0.15625 0.78125 0 0 
192 0.15625 0.8125 0 0 
193 0.15625 0.84375 0 0 
194 0.15625 0.875 0 0 
195 0.15625 0.90625 0 0 
196 0.15625 0.9375 0 0 
197 0.15625 0.96875 0 0 
198 0.15625 1 0 0 
199 0.1875 0 0 0 
200 0.1875 0.03125 0 0 
201 0.1875 0.0625 0 0 
202 0.1875 0.09375 0 0 
203 0.1875 0.125 0 0 
204 0.1875 0.15625 0 0 
205 0.1875 0.1875 0 0 
206 0.1875 0.21875 0 0 
207 0.1875 0.25 0 0 
208 0.1875 0.28125 0 0 
209 0.1875 0.3125 0 0 
210 0.1875 0.34375 0 0 
211 0.1875 0.375 0 0 
212 0.1875 0.40625 0 0 
213 0.1875 0.4375 0 0 
214 0.1875 0.46875 0 0 
215 0.1875 0.5 0 0 
216 0.1875 0.53125 0 0 
217 0.1875 0.5625 0 0 
218 0.1875 0.59375 0 0 
219 0.1875 0.625 0 0 
220 0.1875 0.65625 0 0 
221 0.1875 0.6875 0 0 
222 0.1875 0.71875 0 0 
223 0.1875 0.75 0 0 
224 0.1875 0.78125 0 0 
225 0.1875 0.8125 0 0 
226 0.1875 0.84375 0 0 
227 0.1875 0.875 0 0 
228 0.1875 0.90625 0 0 
229 0.1875 0.9375 0 0 
230 0.1875 0.96875 0 0 
231 0.1875 1 0 0 
232 0.21875 0 0 0 
233 0.21875 0.03125 0 0 
234 0.21875 0.0625 0 0 
235 0.21875 0.09375 0 0 
236 0.21875 0.125 0 0 
237 0.21875 0.15625 0 0 
238 0.21875 0.1875 0 0 
239 0.21875 0.21875 0 0 
240 0.21875 0.25 0 0 
241 0.21875 0.28125 0 0 
242 0.21875 0.3125 0 0 
243 0.21875 0.34375 0 0 
244 0.21875 0.375 0 0 
245 0.21875 0.40625 0 0 
246 0.21875 0.4375 0 0 
247 0.21875 0.46875 0 0 
248 0.21875 0.5 0 0 
249 0.21875 0.53125 0 0 
250 0.21875 0.5625 0 0 
251 0.21875 0.59375 0 0 
252 0.21875 0.625 0 0 
253 0.21875 0.65625 0 0 
254 0.21875 0.6875 0 0 
255 0.21875 0.71875 0 0 
256 0.21875 0.75 0 0 
257 0.21875 0.78125 0 0 
258 0.21875 0.8125 0 0 
259 0.21875 0.84375 0 0 
260 0.21875 0.875 0 0 
261 0.21875 0.90625 0 0 
262 0.21875 0.9375 0 0 
263 0.21875 0.96875 0 0 
264 0.21875 1 0 0 
265 0.25 0 0 0 
266 0.25 0.03125 0 0 
267 0.25 0.0625 0 0 
268 0.25 0.09375 0 0 
269 0.25 0.125 0 0 
270 0.25 0.15625 0 0 
271 0.25 0.1875 0 0 
272 0.25 0.21875 0 0 
273 0.25 0.25 0 0 
274 0.25 0.28125 0 0 
275 0.25 0.3125 0 0 
276 0.25 0.34375 0 0 
277 0.25 0.375 0 0 
278 0.25 0.40625 0 0 
279 0.25 0.4375 0 0 
280 0.25 0.46875 0 0 
281 0.25 0.5 0 0 
282 0.25 0.53125 0 0 
283 0.25 0.5625 0 0 
284 0.25 0.59375 0 0 
285 0.25 0.625 0 0 
286 0.25 0.65625 0 0 
287 0.25 0.6875 0 0 
288 0.25 0.71875 0 0 
289 0.25 0.75 0 0 
290 0.25 0.78125 0 0 
291 0.25 0.8125 0 0 
292 0.25 0.84375 0 0 
293 0.25 0.875 0 0 
294 0.25 0.90625 0 0 
295 0.25 0.9375 0 0 
296 0.25 0.96875 0 0 
297 0.25 1 0 0 
298 0.28125 0 0 0 
299 0.28125 0.03125 0 0 
300 0.28125 0.0625 0 0 
301 0.28125 0.09375 0 0 
302 0.28125 0.125 0 0 
303 0.28125 0.15625 0 0 
304 0.28125 0.1875 0 0 
305 0.28125 0.21875 0 0 
306 0.28125 0.25 0 0 
307 0.28125 0.28125 0 0 
308 0.28125 0.3125 0 0 
309 0.28125 0.34375 0 0 
310 0.28125 0.375 0 0 
311 0.28125 0.40625 0 0 
312 0.28125 0.4375 0 0 
313 0.28125 0.46875 0 0 
314 0.28125 0.5 0 0 
315 0.28125 0.53125 0 0 
316 0.28125 0.5625 0 0 
317 0.28125 0.59375 0 0 
318 0.28125 0.625 0 0 
319 0.28125 0.65625 0 0 
320 0.28125 0.6875 0 0 
321 0.28125 0.71875 0 0 
322 0.28125 0.75 0 0 
323 0.28125 0.78125 0 0 
324 0.28125 0.8125 0 0 
325 0.28125 0.84375 0 0 
326 0.28125 0.875 0 0 
327 0.28125 0.90625 0 0 
328 0.28125 0.9375 0 0 
329 0.28125 0.96875 0 0 
330 0.28125 1 0 0 
331 0.3125 0 0 0 
332 0.3125 0.03125 0 0 
333 0.3125 0.0625 0 0 
334 0.3125 0.09375 0 0 
335 0.3125 0.125 0 0 
336 0.3125 0.15625 0 0 
337 0.3125 0.1875 0 0 
338 0.3125 0.21875 0 0 
339 0.3125 0.25 0 0 
340 0.3125 0.28125 0 0 
341 0.3125 0.3125 0 0 
342 0.3125 0.34375 0 0 
343 0.3125 0.375 0 0 
344 0.3125 0.40625 0 0 
345 0.3125 0.4375 0 0 
346 0.3125 0.46875 0 0 
347 0.3125 0.5 0 0 
348 0.3125 0.53125 0 0 
349 0.3125 0.5625 0 0 
350 0.3125 0.59375 0 0 
351 0.3125 0.625 0 0 
352 0.3125 0.65625 0 0 
353 0.3125 0.6875 0 0 
354 0.3125 0.71875 0 0 
355 0.3125 0.75 0 0 
356 0.3125 0.78125 0 0 
357 0.3125 0.8125 0 0 
358 0.3125 0.84375 0 0 
359 0.3125 0.875 0 0 
360 0.3125 0.90625 0 0 
361 0.3125 0.9375 0 0 
362 0.3125 0.96875 0 0 
363 0.3125 1 0 0 
364 0.34375 0 0 0 
365 0.34375 0.03125 0 0 
366 0.34375 0.0625 0 0 
367 0.34375 0.09375 0 0 
368 0.34375 0.125 0 0 
369 0.34375 0.15625 0 0 
370 0.34375 0.1875 0 0 
371 0.34375 0.21875 0 0 
372 0.34375 0.25 0 0 
373 0.34375 0.28125 0 0 
374 0.34375 0.3125 0 0 
375 0.34375 0.34375 0 0 
376 0.34375 0.375 0 0 
377 0.34375 0.40625 0 0 
378 0.34375 0.4375 0 0 
379 0.34375 0.46875 0 0 
380 0.34375 0.5 0 0 
381 0.34375 0.53125 0 0 
382 0.34375 0.5625 0 0 
383 0.34375 0.59375 0 0 
384 0.34375 0.625 0 0 
385 0.34375 0.65625 0 0 
386 0.34375 0.6875 0 0 
387 0.34375 0.71875 0 0 
388 0.34375 0.75 0 0 
389 0.34375 0.78125 0 0 
390 0.34375 0.8125 0 0 
391 0.34375 0.84375 0 0 
392 0.34375 0.875 0 0 
393 0.34375 0.90625 0 0 
394 0.34375 0.9375 0 0 
395 0.34375 0.96875 0 0 
396 0.34375 1 0 0 
397 0.375 0 0 0 
398 0.375 0.03125 0 0 
399 0.375 0.0625 0 0 
400 0.375 0.09375 0 0 
401 0.375 0.125 0 0 
402 0.375 0.15625 0 0 
403 0.375 0.1875 0 0 
404 0.375 0.21875 0 0 
405 0.375 0.25 0 0 
406 0.375 0.28125 0 0 
407 0.375 0.3125 0 0 
408 0.375 0.34375 0 0 
409 0.375 0.375 0 0 
410 0.375 0.40625 0 0 
411 0.375 0.4375 0 0 
412 0.375 0.46875 0 0 
413 0.375 0.5 0 0 
414 0.375 0.53125 0 0 
415 0.375 0.5625 0 0 
416 0.375 0.59375 0 0 
417 0.375 0.625 0 0 
418 0.375 0.65625 0 0 
419 0.375 0.6875 0 0 
420 0.375 0.71875 0 0 
421 0.375 0.75 0 0 
422 0.375 0.78125 0 0 
423 0.375 0.8125 0 0 
424 0.375 0.84375 0 0 
425 0.375 0.875 0 0 
426 0.375 0.90625 0 0 
427 0.375 0.9375 0 0 
428 0.375 0.96875 0 0 
429 0.375 1 0 0 
430 0.40625 0 0 0 
431 0.40625 0.03125 0 0 
432 0.40625 0.0625 0 0 
433 0.40625 0.09375 0 0 
434 0.40625 0.125 0 0 
435 0.40625 0.15625 0 0 
436 0.40625 0.1875 0 0 
437 0.40625 0.21875 0 0 
438 0.40625 0.25 0 0 
439 0.40625 0.28125 0 0 
440 0.40625 0.3125 0 0 
441 0.40625 0.34375 0 0 
442 0.40625 0.375 0 0 
443 0.40625 0.40625 0 0 
444 0.40625 0.4375 0 0 
445 0.40625 0.46875 0 0 
446 0.40625 0.5 0 0 
447 0.40625 0.53125 0 0 
448 0.40625 0.5625 0 0 
449 0.40625 0.59375 0 0 
450 0.40625 0.625 0 0 
451 0.40625 0.65625 0 0 
452 0.40625 0.6875 0 0 
453 0.40625 0.71875 0 0 
454 0.40625 0.75 0 0 
455 0.40625 0.78125 0 0 
456 0.40625 0.8125 0 0 
457 0.40625 0.84375 0 0 
458 0.40625 0.875 0 0 
459 0.40625 0.90625 0 0 
460 0.40625 0.9375 0 0 
461 0.40625 0.96875 0 0 
462 0.40625 1 0 0 
463 0.4375 0 0 0 
464 0.4375 0.03125 0 0 
465 0.4375 0.0625 0 0 
466 0.4375 0.09375 0 0 
467 0.4375 0.125 0 0 
468 0.4375 0.15625 0 0 
469 0.4375 0.1875 0 0 
470 0.4375 0.21875 0 0 
471 0.4375 0.25 0 0 
472 0.4375 0.28125 0 0 
473 0.4375 0.3125 0 0 
474 0.4375 0.34375 0 0 
475 0.4375 0.375 0 0 
476 0.4375 0.40625 0 0 
477 0.4375 0.4375 0 0 
478 0.4375 0.46875 0 0 
479 0.4375 0.5 0 0 
480 0.4375 0.53125 0 0 
481 0.4375 0.5625 0 0 
482 0.4375 0.59375 0 0 
483 0.4375 0.625 0 0 
484 0.4375 0.65625 0 0 
485 0.4375 0.6875 0 0 
486 0.4375 0.71875 0 0 
487 0.4375 0.75 0 0 
488 0.4375 0.78125 0 0 
489 0.4375 0.8125 0 0 
490 0.4375 0.84375 0 0 
491 0.4375 0.875 0 0 
492 0.4375 0.90625 0 0 
493 0.4375 0.9375 0 0 
494 0.4375 0.96875 0 0 
495 0.4375 1 0 0 
496 0.46875 0 0 0 
497 0.46875 0.03125 0 0 
498 0.46875 0.0625 0 0 
499 0.46875 0.09375 0 0 
500 0.46875 0.125 0 0 
501 0.46875 0.15625 0 0 
502 0.46875 0.1875 0 0 
503 0.46875 0.21875 0 0 
504 0.46875 0.25 0 0 
505 0.46875 0.28125 0 0 
506 0.46875 0.3125 0 0 
507 0.46875 0.34375 0 0 
508 0.46875 0.375 0 0 
509 0.46875 0.40625 0 0 
510 0.46875 0.4375 0 0 
511 0.46875 0.46875 0 0 
512 0.46875 0.5 0 0 
513 0.46875 0.53125 0 0 
514 0.46875 0.5625 0 0 
515 0.46875 0.59375 0 0 
516 0.46875 0.625 0 0 
517 0.46875 0.65625 0 0 
518 0.46875 0.6875 0 0 
519 0.46875 0.71875 0 0 
520 0.46875 0.75 0 0 
521 0.46875 0.78125 0 0 
522 0.46875 0.8125 0 0 
523 0.46875 0.84375 0 0 
524 0.46875 0.875 0 0 
525 0.46875 0.90625 0 0 
526 0.46875 0.9375 0 0 
527 0.46875 0.96875 0 0 
528 0.46875 1 0 0 
529 0.5 0 0 0 
530 0.5 0.03125 0 0 
531 0.5 0.0625 0 0 
532 0.5 0.09375 0 0 
533 0.5 0.125 0 0 
534 0.5 0.15625 0 0 
535 0.5 0.1875 0 0 
536 0.5 0.21875 0 0 
537 0.5 0.25 0 0 
538 0.5 0.28125 0 0 
539 0.5 0.3125 0 0 
540 0.5 0.34375 0 0 
541 0.5 0.375 0 0 
542 0.5 0.40625 0 0 
543 0.5 0.4375 0 0 
544 0.5 0.46875 0 0 
545 0.5 0.5 0 0 
546 0.5 0.53125 0 0 
547 0.5 0.5625 0 0 
548 0.5 0.59375 0 0 
549 0.5 0.625 0 0 
550 0.5 0.65625 0 0 
551 0.5 0.6875 0 0 
552 0.5 0.71875 0 0 
553 0.5 0.75 0 0 
554 0.5 0.78125 0 0 
555 0.5 0.8125 0 0 
556 0.5 0.84375 0 0 
557 0.5 0.875 0 0 
558 0.5 0.90625 0 0 
559 0.5 0.9375 0 0 
560 0.5 0.96875 0 0 
561 0.5 1 0 0 
562 0.53125 0 0 0 
563 0.53125 0.03125 0 0 
564 0.53125 0.0625 0 0 
565 0.53125 0.09375 0 0 
566 0.53125 0.125 0 0 
567 0.53125 0.15625 0 0 
568 0.53125 0.1875 0 0 
569 0.53125 0.21875 0 0 
570 0.53125 0.25 0 0 
571 0.53125 0.28125 0 0 
572 0.53125 0.3125 0 0 
573 0.53125 0.34375 0 0 
574 0.53125 0.375 0 0 
575 0.53125 0.40625 0 0 
576 0.53125 0.4375 0 0 
577 0.53125 0.46875 0 0 
578 0.53125 0.5 0 0 
579 0.53125 0.53125 0 0 
580 0.53125 0.5625 0 0 
581 0.53125 0.59375 0 0 
582 0.53125 0.625 0 0 
583 0.53125 0.65625 0 0 
584 0.53125 0.6875 0 0 
585 0.53125 0.71875 0 0 
586 0.53125 0.75 0 0 
587 0.53125 0.78125 0 0 
588 0.53125 0.8125 0 0 
589 0.53125 0.84375 0 0 
590 0.53125 0.875 0 0 
591 0.53125 0.90625 0 0 
592 0.53125 0.9375 0 0 
593 0.53125 0.96875 0 0 
594 0.53125 1 0 0 
595 0.5625 0 0 0 
596 0.5625 0.03125 0 0 
597 0.5625 0.0625 0 0 
598 0.5625 0.09375 0 0 
599 0.5625 0.125 0 0 
600 0.5625 0.15625 0 0 
601 0.5625 0.1875 0 0 
602 0.5625 0.21875 0 0 
603 0.5625 0.25 0 0 
604 0.5625 0.28125 0 0 
605 0.5625 0.3125 0 0 
606 0.5625 0.34375 0 0 
607 0.5625 0.375 0 0 
608 0.5625 0.40625 0 0 
609 0.5625 0.4375 0 0 
610 0.5625 0.46875 0 0 
611 0.5625 0.5 0 0 
612 0.5625 0.53125 0 0 
613 0.5625 0.5625 0 0 
614 0.5625 0.59375 0 0 
615 0.5625 0.625 0 0 
616 0.5625 0.65625 0 0 
617 0.5625 0.6875 0 0 
618 0.5625 0.71875 0 0 
619 0.5625 0.75 0 0 
620 0.5625 0.78125 0 0 
621 0.5625 0.8125 0 0 
622 0.5625 0.84375 0 0 
623 0.5625 0.875 0 0 
624 0.5625 0.90625 0 0 
625 0.5625 0.9375 0 0 
626 0.5625 0.96875 0 0 
627 0.5625 1 0 0 
628 0.59375 0 0 0 
629 0.59375 0.03125 0 0 
630 0.59375 0.0625 0 0 
631 0.59375 0.09375 0 0 
632 0.59375 0.125 0 0 
633 0.59375 0.15625 0 0 
634 0.59375 0.1875 0 0 
635 0.59375 0.21875 0 0 
636 0.59375 0.25 0 0 
637 0.59375 0.28125 0 0 
638 0.59375 0.3125 0 0 
639 0.59375 0.34375 0 0 
640 0.59375 0.375 0 0 
641 0.59375 0.40625 0 0 
642 0.59375 0.4375 0 0 
643 0.59375 0.46875 0 0 
644 0.59375 0.5 0 0 
645 0.59375 0.53125 0 0 
646 0.59375 0.5625 0 0 
647 0.59375 0.59375 0 0 
648 0.59375 0.625 0 0 
649 0.59375 0.65625 0 0 
650 0.59375 0.6875 0 0 
651 0.59375 0.71875 0 0 
652 0.59375 0.75 0 0 
653 0.59375 0.78125 0 0 
654 0.59375 0.8125 0 0 
655 0.59375 0.84375 0 0 
656 0.59375 0.875 0 0 
657 0.59375 0.90625 0 0 
658 0.59375 0.9375 0 0 
659 0.59375 0.96875 0 0 
660 0.59375 1 0 0 
661 0.625 0 0 0 
662 0.625 0.03125 0 0 
663 0.625 0.0625 0 0 
664 0.625 0.09375 0 0 
665 0.625 0.125 0 0 
666 0.625 0.15625 0 0 
667 0.625 0.1875 0 0 
668 0.625 0.21875 0 0 
669 0.625 0.25 0 0 
670 0.625 0.28125 0 0 
671 0.625 0.3125 0 0 
672 0.625 0.34375 0 0 
673 0.625 0.375 0 0 
674 0.625 0.40625 0 0 
675 0.625 0.4375 0 0 
676 0.625 0.46875 0 0 
677 0.625 0.5 0 0 
678 0.625 0.53125 0 0 
679 0.625 0.5625 0 0 
680 0.625 0.59375 0 0 
681 0.625 0.625 0 0 
682 0.625 0.65625 0 0 
683 0.625 0.6875 0 0 
684 0.625 0.71875 0 0 
685 0.625 0.75 0 0 
686 0.625 0.78125 0 0 
687 0.625 0.8125 0 0 
688 0.625 0.84375 0 0 
689 0.625 0.875 0 0 
690 0.625 0.90625 0 0 
691 0.625 0.9375 0 0 
692 0.625 0.96875 0 0 
693 0.625 1 0 0 
694 0.65625 0 0 0 
695 0.65625 0.03125 0 0 
696 0.65625 0.0625 0 0 
697 0.65625 0.09375 0 0 
698 0.65625 0.125 0 0 
699 0.65625 0.15625 0 0 
700 0.65625 0.1875 0 0 
701 0.65625 0.21875 0 0 
702 0.65625 0.25 0 0 
703 0.65625 0.28125 0 0 
704 0.65625 0.3125 0 0 
705 0.65625 0.34375 0 0 
706 0.65625 0.375 0 0 
707 0.65625 0.40625 0 0 
708 0.65625 0.4375 0 0 
709 0.65625 0.46875 0 0 
710 0.65625 0.5 0 0 
711 0.65625 0.53125 0 0 
712 0.65625 0.5625 0 0 
713 0.65625 0.59375 0 0 
714 0.65625 0.625 0 0 
715 0.65625 0.65625 0 0 
716 0.65625 0.6875 0 0 
717 0.65625 0.71875 0 0 
718 0.65625 0.75 0 0 
719 0.65625 0.78125 0 0 
720 0.65625 0.8125 0 0 
721 0.65625 0.84375 0 0 
722 0.65625 0.875 0 0 
723 0.65625 0.90625 0 0 
724 0.65625 0.9375 0 0 
725 0.65625 0.96875 0 0 
726 0.65625 1 0 0 
727 0.6875 0 0 0 
728 0.6875 0.03125 0 0 
729 0.6875 0.0625 0 0 
730 0.6875 0.09375 0 0 
731 0.6875 0.125 0 0 
732 0.6875 0.15625 0 0 
733 0.6875 0.1875 0 0 
734 0.6875 0.21875 0 0 
735 0.6875 0.25 0 0 
736 0.6875 0.28125 0 0 
737 0.6875 0.3125 0 0 
738 0.6875 0.34375 0 0 
739 0.6875 0.375 0 0 
740 0.6875 0.40625 0 0 
741 0.6875 0.4375 0 0 
742 0.6875 0.46875 0 0 
743 0.6875 0.5 0 0 
744 0.6875 0.53125 0 0 
745 0.6875 0.5625 0 0 
746 0.6875 0.59375 0 0 
747 0.6875 0.625 0 0 
748 0.6875 0.65625 0 0 
749 0.6875 0.6875 0 0 
750 0.6875 0.71875 0 0 
751 0.6875 0.75 0 0 
752 0.6875 0.78125 0 0 
753 0.6875 0.8125 0 0 
754 0.6875 0.84375 0 0 
755 0.6875 0.875 0 0 
756 0.6875 0.90625 0 0 
757 0.6875 0.9375 0 0 
758 0.6875 0.96875 0 0 
759 0.6875 1 0 0 
760 0.71875 0 0 0 
761 0.71875 0.03125 0 0 
762 0.71875 0.0625 0 0 
763 0.71875 0.09375 0 0 
764 0.71875 0.125 0 0 
765 0.71875 0.15625 0 0 
766 0.71875 0.1875 0 0 
767 0.71875 0.21875 0 0 
768 0.71875 0.25 0 0 
769 0.71875 0.28125 0 0 
770 0.71875 0.3125 0 0 
771 0.71875 0.34375 0 0 
772 0.71875 0.375 0 0 
773 0.71875 0.40625 0 0 
774 0.71875 0.4375 0 0 
775 0.71875 0.46875 0 0 
776 0.71875 0.5 0 0 
777 0.71875 0.53125 0 0 
778 0.71875 0.5625 0 0 
779 0.71875 0.59375 0 0 
780 0.71875 0.625 0 0 
781 0.71875 0.65625 0 0 
782 0.71875 0.6875 0 0 
783 0.71875 0.71875 0 0 
784 0.71875 0.75 0 0 
785 0.71875 0.78125 0 0 
786 0.71875 0.8125 0 0 
787 0.71875 0.84375 0 0 
788 0.71875 0.875 0 0 
789 0.71875 0.90625 0 0 
790 0.71875 0.9375 0 0 
791 0.71875 0.96875 0 0 
792 0.71875 1 0 0 
793 0.75 0 0 0 
794 0.75 0.03125 0 0 
795 0.75 0.0625 0 0 
796 0.75 0.09375 0 0 
797 0.75 0.125 0 0 
798 0.75 0.15625 0 0 
799 0.75 0.1875 0 0 
800 0.75 0.21875 0 0 
801 0.75 0.25 0 0 
802 0.75 0.28125 0 0 
803 0.75 0.3125 0 0 
804 0.75 0.34375 0 0 
805 0.75 0.375 0 0 
806 0.75 0.40625 0 0 
807 0.75 0.4375 0 0 
808 0.75 0.46875 0 0 
809 0.75 0.5 0 0 
810 0.75 0.53125 0 0 
811 0.75 0.5625 0 0 
812 0.75 0.59375 0 0 
813 0.75 0.625 0 0 
814 0.75 0.65625 0 0 
815 0.75 0.6875 0 0 
816 0.75 0.71875 0 0 
817 0.75 0.75 0 0 
818 0.75 0.78125 0 0 
819 0.75 0.8125 0 0 
820 0.75 0.84375 0 0 
821 0.75 0.875 0 0 
822 0.75 0.90625 0 0 
823 0.75 0.9375 0 0 
824 0.75 0.96875 0 0 
825 0.75 1 0 0 
826 0.78125 0 0 0 
827 0.78125 0.03125 0 0 
828 0.78125 0.0625 0 0 
829 0.78125 0.09375 0 0 
830 0.78125 0.125 0 0 
831 0.78125 0.15625 0 0 
832 0.78125 0.1875 0 0 
833 0.78125 0.21875 0 0 
834 0.78125 0.25 0 0 
835 0.78125 0.28125 0 0 
836 0.78125 0.3125 0 0 
837 0.78125 0.34375 0 0 
838 0.78125 0.375 0 0 
839 0.78125 0.40625 0 0 
840 0.78125 0.4375 0 0 
841 0.78125 0.46875 0 0 
842 0.78125 0.5 0 0 
843 0.78125 0.53125 0 0 
844 0.78125 0.5625 0 0 
845 0.78125 0.59375 0 0 
846 0.78125 0.625 0 0 
847 0.78125 0.65625 0 0 
848 0.78125 0.6875 0 0 
849 0.78125 0.71875 0 0 
850 0.78125 0.75 0 0 
851 0.78125 0.78125 0 0 
852 0.78125 0.8125 0 0 
853 0.78125 0.84375 0 0 
854 0.78125 0.875 0 0 
855 0.78125 0.90625 0 0 
856 0.78125 0.9375 0 0 
857 0.78125 0.96875 0 0 
858 0.78125 1 0 0 
859 0.8125 0 0 0 
860 0.8125 0.03125 0 0 
861 0.8125 0.0625 0 0 
862 0.8125 0.09375 0 0 
863 0.8125 0.125 0 0 
864 0.8125 0.15625 0 0 
865 0.8125 0.1875 0 0 
866 0.8125 0.21875 0 0 
867 0.8125 0.25 0 0 
868 0.8125 0.28125 0 0 
869 0.8125 0.3125 0 0 
870 0.8125 0.34375 0 0 
871 0.8125 0.375 0 0 
872 0.8125 0.40625 0 0 
873 0.8125 0.4375 0 0 
874 0.8125 0.46875 0 0 
875 0.8125 0.5 0 0 
876 0.8125 0.53125 0 0 
877 0.8125 0.5625 0 0 
878 0.8125 0.59375 0 0 
879 0.8125 0.625 0 0 
880 0.8125 0.65625 0 0 
881 0.8125 0.6875 0 0 
882 0.8125 0.71875 0 0 
883 0.8125 0.75 0 0 
884 0.8125 0.78125 0 0 
885 0.8125 0.8125 0 0 
886 0.8125 0.84375 0 0 
887 0.8125 0.875 0 0 
888 0.8125 0.90625 0 0 
889 0.8125 0.9375 0 0 
890 0.8125 0.96875 0 0 
891 0.8125 1 0 0 
892 0.84375 0 0 0 
893 0.84375 0.03125 0 0 
894 0.84375 0.0625 0 0 
895 0.84375 0.09375 0 0 
896 0.84375 0.125 0 0 
897 0.84375 0.15625 0 0 
898 0.84375 0.1875 0 0 
899 0.84375 0.21875 0 0 
900 0.84375 0.25 0 0 
901 0.84375 0.28125 0 0 
902 0.84375 0.3125 0 0 
903 0.84375 0.34375 0 0 
904 0.84375 0.375 0 0 
905 0.84375 0.40625 0 0 
906 0.84375 0.4375 0 0 
907 0.84375 0.46875 0 0 
908 0.84375 0.5 0 0 
909 0.84375 0.53125 0 0 
910 0.84375 0.5625 0 0 
911 0.84375 0.59375 0 0 
912 0.84375 0.625 0 0 
913 0.84375 0.65625 0 0 
914 0.84375 0.6875 0 0 
915 0.84375 0.71875 0 0 
916 0.84375 0.75 0 0 
917 0.84375 0.78125 0 0 
918 0.84375 0.8125 0 0 
919 0.84375 0.84375 0 0 
920 0.84375 0.875 0 0 
921 0.84375 0.90625 0 0 
922 0.84375 0.9375 0 0 
923 0.84375 0.96875 0 0 
924 0.84375 1 0 0 
925 0.875 0 0 0 
926 0.875 0.03125 0 0 
927 0.875 0.0625 0 0 
928 0.875 0.09375 0 0 
929 0.875 0.125 0 0 
930 0.875 0.15625 0 0 
931 0.875 0.1875 0 0 
932 0.875 0.21875 0 0 
933 0.875 0.25 0 0 
934 0.875 0.28125 0 0 
935 0.875 0.3125 0 0 
936 0.875 0.34375 0 0 
937 0.875 0.375 0 0 
938 0.875 0.40625 0 0 
939 0.875 0.4375 0 0 
940 0.875 0.46875 0 0 
941 0.875 0.5 0 0 
942 0.875 0.53125 0 0 
943 0.875 0.5625 0 0 
944 0.875 0.59375 0 0 
945 0.875 0.625 0 0 
946 0.875 0.65625 0 0 
947 0.875 0.6875 0 0 
948 0.875 0.71875 0 0 
949 0.875 0.75 0 0 
950 0.875 0.78125 0 0 
951 0.875 0.8125 0 0 
952 0.875 0.84375 0 0 
953 0.875 0.875 0 0 
954 0.875 0.90625 0 0 
955 0.875 0.9375 0 0 
956 0.875 0.96875 0 0 
957 0.875 1 0 0 
958 0.90625 0 0 0 
959 0.90625 0.03125 0 0 
960 0.90625 0.0625 0 0 
961 0.90625 0.09375 0 0 
962 0.90625 0.125 0 0 
963 0.90625 0.15625 0 0 
964 0.90625 0.1875 0 0 
965 0.90625 0.21875 0 0 
966 0.90625 0.25 0 0 
967 0.90625 0.28125 0 0 
968 0.90625 0.3125 0 0 
969 0.90625 0.34375 0 0 
970 0.90625 0.375 0 0 
971 0.90625 0.40625 0 0 
972 0.90625 0.4375 0 0 
973 0.90625 0.46875 0 0 
974 0.90625 0.5 0 0 
975 0.90625 0.53125 0 0 
976 0.90625 0.5625 0 0 
977 0.90625 0.59375 0 0 
978 0.90625 0.625 0 0 
979 0.90625 0.65625 0 0 
980 0.90625 0.6875 0 0 
981 0.90625 0.71875 0 0 
982 0.90625 0.75 0 0 
983 0.90625 0.78125 0 0 
984 0.90625 0.8125 0 0 
985 0.90625 0.84375 0 0 
986 0.90625 0.875 0 0 
987 0.90625 0.90625 0 0 
988 0.90625 0.9375 0 0 
989 0.90625 0.96875 0 0 
990 0.90625 1 0 0 
991 0.9375 0 0 0 
992 0.9375 0.03125 0 0 
993 0.9375 0.0625 0 0 
994 0.9375 0.09375 0 0 
995 0.9375 0.125 0 0 
996 0.9375 0.15625 0 0 
997 0.9375 0.1875 0 0 
998 0.9375 0.21875 0 0 
999 0.9375 0.25 0 0 
1000 0.9375 0.28125 0 0 
1001 0.9375 0.3125 0 0 
1002 0.9375 0.34375 0 0 
1003 0.9375 0.375 0 0 
1004 0.9375 0.40625 0 0 
1005 0.9375 0.4375 0 0 
1006 0.9375 0.46875 0 0 
1007 0.9375 0.5 0 0 
1008 0.9375 0.53125 0 0 
1009 0.9375 0.5625 0 0 
1010 0.9375 0.59375 0 0 
1011 0.9375 0.625 0 0 
1012 0.9375 0.65625 0 0 
1013 0.9375 0.6875 0 0 
1014 0.9375 0.71875 0 0 
1015 0.9375 0.75 0 0 
1016 0.9375 0.78125 0 0 
1017 0.9375 0.8125 0 0 
1018 0.9375 0.84375 0 0 
1019 0.9375 0.875 0 0 
1020 0.9375 0.90625 0 0 
1021 0.9375 0.9375 0 0 
1022 0.9375 0.96875 0 0 
1023 0.9375 1 0 0 
1024 0.96875 0 0 0 
1025 0.96875 0.03125 0 0 
1026 0.96875 0.0625 0 0 
1027 0.96875 0.09375 0 0 
1028 0.96875 0.125 0 0 
1029 0.96875 0.15625 0 0 
1030 0.96875 0.1875 0 0 
1031 0.96875 0.21875 0 0 
1032 0.96875 0.25 0 0 
1033 0.96875 0.28125 0 0 
1034 0.96875 0.3125 0 0 
1035 0.96875 0.34375 0 0 
1036 0.96875 0.375 0 0 
1037 0.96875 0.40625 0 0 
1038 0.96875 0.4375 0 0 
1039 0.96875 0.46875 0 0 
1040 0.96875 0.5 0 0 
1041 0.96875 0.53125 0 0 
1042 0.96875 0.5625 0 0 
1043 0.96875 0.59375 0 0 
1044 0.96875 0.625 0 0 
1045 0.96875 0.65625 0 0 
1046 0.96875 0.6875 0 0 
1047 0.96875 0.71875 0 0 
1048 0.96875 0.75 0 0 
1049 0.96875 0.78125 0 0 
1050 0.96875 0.8125 0 0 
1051 0.96875 0.84375 0 0 
1052 0.96875 0.875 0 0 
1053 0.96875 0.90625 0 0 
1054 0.96875 0.9375 0 0 
1055 0.96875 0.96875 0 0 
1056 0.96875 1 0 0 
1057 1 0 0 0 
1058 1 0.03125 0 0 
1059 1 0.0625 0 0 
1060 1 0.09375 0 0 
1061 1 0.125 0 0 
1062 1 0.15625 0 0 
1063 1 0.1875 0 0 
1064 1 0.21875 0 0 
1065 1 0.25 0 0 
1066 1 0.28125 0 0 
1067 1 0.3125 0 0 
1068 1 0.34375 0 0 
1069 1 0.375 0 0 
1070 1 0.40625 0 0 
1071 1 0.4375 0 0 
1072 1 0.46875 0 0 
1073 1 0.5 0 0 
1074 1 0.53125 0 0 
1075 1 0.5625 0 0 
1076 1 0.59375 0 0 
1077 1 0.625 0 0 
1078 1 0.65625 0 0 
1079 1 0.6875 0 0 
1080 1 0.71875 0 0 
1081 1 0.75 0 0 
1082 1 0.78125 0 0 
1083 1 0.8125 0 0 
1084 1 0.84375 0 0 
1085 1 0.875 0 0 
1086 1 0.90625 0 0 
1087 1 0.9375 0 0 
1088 1 0.96875 0 0 
1089 1 1 0 0 
1 0 0 0 0.03125 0 0 0 2 1 -34 
2 0.03125 0 0 0.0625 0 0 0 2 34 -67 
3 0.0625 0 0 0.09375 0 0 0 2 67 -100 
4 0.09375 0 0 0.125 0 0 0 2 100 -133 
5 0.125 0 0 0.15625 0 0 0 2 133 -166 
6 0.15625 0 0 0.1875 0 0 0 2 166 -199 
7 0.1875 0 0 0.21875 0 0 0 2 199 -232 
8 0.21875 0 0 0.25 0 0 0 2 232 -265 
9 0.25 0 0 0.28125 0 0 0 2 265 -298 
10 0.28125 0 0 0.3125 0 0 0 2 298 -331 
11 0.3125 0 0 0.34375 0 0 0 2 331 -364 
12 0.34375 0 0 0.375 0 0 0 2 364 -397 
13 0.375 0 0 0.40625 0 0 0 2 397 -430 
14 0.40625 0 0 0.4375 0 0 0 2 430 -463 
15 0.4375 0 0 0.46875 0 0 0 2 463 -496 
16 0.46875 0 0 0.5 0 0 0 2 496 -529 
17 0.5 0 0 0.53125 0 0 0 2 529 -562 
18 0.53125 0 0 0.5625 0 0 0 2 562 -595 
19 0.5625 0 0 0.59375 0 0 0 2 595 -628 
20 0.59375 0 0 0.625 0 0 0 2 628 -661 
21 0.625 0 0 0.65625 0 0 0 2 661 -694 
22 0.65625 0 0 0.6875 0 0 0 2 694 -727 
23 0.6875 0 0 0.71875 0 0 0 2 727 -760 
24 0.71875 0 0 0.75 0 0 0 2 760 -793 
25 0.75 0 0 0.78125 0 0 0 2 793 -826 
26 0.78125 0 0 0.8125 0 0 0 2 826 -859 
27 0.8125 0 0 0.84375 0 0 0 2 859 -892 
28 0.84375 0 0 0.875 0 0 0 2 892 -925 
29 0.875 0 0 0.90625 0 0 0 2 925 -958 
30 0.90625 0 0 0.9375 0 0 0 2 958 -991 
31 0.9375 0 0 0.96875 0 0 0 2 991 -1024 
32 0.96875 0 0 1 0 0 0 2 1024 -1057 
33 0 0.03125 0 0.03125 0.03125 0 0 2 2 -35 
34 0.03125 0.03125 0 0.0625 0.03125 0 0 2 35 -68 
35 0.0625 0.03125 0 0.09375 0.03125 0 0 2 68 -101 
36 0.09375 0.03125 0 0.125 0.03125 0 0 2 101 -134 
37 0.125 0.03125 0 0.15625 0.03125 0 0 2 134 -167 
38 0.15625 0.03125 0 0.1875 0.03125 0 0 2 167 -200 
39 0.1875 0.03125 0 0.21875 0.03125 0 0 2 200 -233 
40 0.21875 0.03125 0 0.25 0.03125 0 0 2 233 -266 
41 0.25 0.03125 0 0.28125 0.03125 0 0 2 266 -299 
42 0.28125 0.03125 0 0.3125 0.03125 0 0 2 299 -332 
43 0.3125 0.03125 0 0.34375 0.03125 0 0 2 332 -365 
44 0.34375 0.03125 0 0.375 0.03125 0 0 2 365 -398 
45 0.375 0.03125 0 0.40625 0.03125 0 0 2 398 -431 
46 0.40625 0.03125 0 0.4375 0.03125 0 0 2 431 -464 
47 0.4375 0.03125 0 0.46875 0.03125 0 0 2 464 -497 
48 0.46875 0.03125 0 0.5 0.03125 0 0 2 497 -530 
49 0.5 0.03125 0 0.53125 0.03125 0 0 2 530 -563 
50 0.53125 0.03125 0 0.5625 0.03125 0 0 2 563 -596 
51 0.5625 0.03125 0 0.59375 0.03125 0 0 2 596 -629 
52 0.59375 0.03125 0 0.625 0.03125 0 0 2 629 -662 
53 0.625 0.03125 0 0.65625 0.03125 0 0 2 662 -695 
54 0.65625 0.03125 0 0.6875 0.03125 0 0 2 695 -728 
55 0.6875 0.03125 0 0.71875 0.03125 0 0 2 728 -761 
56 0.71875 0.03125 0 0.75 0.03125 0 0 2 761 -794 
57 0.75 0.03125 0 0.78125 0.03125 0 0 2 794 -827 
58 0.78125 0.03125 0 0.8125 0.03125 0 0 2 827 -860 
59 0.8125 0.03125 0 0.84375 0.03125 0 0 2 860 -893 
60 0.84375 0.03125 0 0.875 0.03125 0 0 2 893 -926 
61 0.875 0.03125 0 0.90625 0.03125 0 0 2 926 -959 
62 0.90625 0.03125 0 0.9375 0.03125 0 0 2 959 -992 
63 0.9375 0.03125 0 0.96875 0.03125 0 0 2 992 -1025 
64 0.96875 0.03125 0 1 0.03125 0 0 2 1025 -1058 
65 0 0.0625 0 0.03125 0.0625 0 0 2 3 -36 
66 0.03125 0.0625 0 0.0625 0.0625 0 0 2 36 -69 
67 0.0625 0.0625 0 0.09375 0.0625 0 0 2 69 -102 
68 0.09375 0.0625 0 0.125 0.0625 0 0 2 102 -135 
69 0.125 0.0625 0 0.15625 0.0625 0 0 2 135 -168 
70 0.15625 0.0625 0 0.1875 0.0625 0 0 2 168 -201 
71 0.1875 0.0625 0 0.21875 0.0625 0 0 2 201 -234 
72 0.21875 0.0625 0 0.25 0.0625 0 0 2 234 -267 
73 0.25 0.0625 0 0.28125 0.0625 0 0 2 267 -300 
74 0.28125 0.0625 0 0.3125 0.0625 0 0 2 300 -333 
75 0.3125 0.0625 0 0.34375 0.0625 0 0 2 333 -366 
76 0.34375 0.0625 0 0.375 0.0625 0 0 2 366 -399 
77 0.375 0.0625 0 0.40625 0.0625 0 0 2 399 -432 
78 0.40625 0.0625 0 0.4375 0.0625 0 0 2 432 -465 
79 0.4375 0.0625 0 0.46875 0.0625 0 0 2 465 -498 
80 0.46875 0.0625 0 0.5 0.0625 0 0 2 498 -531 
81 0.5 0.0625 0 0.53125 0.0625 0 0 2 531 -564 
82 0.53125 0.0625 0 0.5625 0.0625 0 0 2 564 -597 
83 0.5625 0.0625 0 0.59375 0.0625 0 0 2 597 -630 
84 0.59375 0.0625 0 0.625 0.0625 0 0 2 630 -663 
85 0.625 0.0625 0 0.65625 0.0625 0 0 2 663 -696 
86 0.65625 0.0625 0 0.6875 0.0625 0 0 2 696 -729 
87 0.6875 0.0625 0 0.71875 0.0625 0 0 2 729 -762 
88 0.71875 0.0625 0 0.75 0.0625 0 0 2 762 -795 
89 0.75 0.0625 0 0.78125 0.0625 0 0 2 795 -828 
90 0.78125 0.0625 0 0.8125 0.0625 0 0 2 828 -861 
91 0.8125 0.0625 0 0.84375 0.0625 0 0 2 861 -894 
92 0.84375 0.0625 0 0.875 0.0625 0 0 2 894 -927 
93 0.875 0.0625 0 0.90625 0.0625 0 0 2 927 -960 
94 0.90625 0.0625 0 0.9375 0.0625 0 0 2 960 -993 
95 0.9375 0.0625 0 0.96875 0.0625 0 0 2 993 -1026 
96 0.96875 0.0625 0 1 0.0625 0 0 2 1026 -1059 
97 0 0.09375 0 0.03125 0.09375 0 0 2 4 -37 
98 0.03125 0.09375 0 0.0625 0.09375 0 0 2 37 -70 
99 0.0625 0.09375 0 0.09375 0.09375 0 0 2 70 -103 
100 0.09375 0.09375 0 0.125 0.09375 0 0 2 103 -136 
101 0.125 0.09375 0 0.15625 0.09375 0 0 2 136 -169 
102 0.15625 0.09375 0 0.1875 0.09375 0 0 2 169 -202 
103 0.1875 0.09375 0 0.21875 0.09375 0 0 2 202 -235 
104 0.21875 0.09375 0 0.25 0.09375 0 0 2 235 -268 
105 0.25 0.09375 0 0.28125 0.09375 0 0 2 268 -301 
106 0.28125 0.09375 0 0.3125 0.09375 0 0 2 301 -334 
107 0.3125 0.09375 0 0.34375 0.09375 0 0 2 334 -367 
108 0.34375 0.09375 0 0.375 0.09375 0 0 2 367 -400 
109 0.375 0.09375 0 0.40625 0.09375 0 0 2 400 -433 
110 0.40625 0.09375 0 0.4375 0.09375 0 0 2 433 -466 
111 0.4375 0.09375 0 0.46875 0.09375 0 0 2 466 -499 
112 0.46875 0.09375 0 0.5 0.09375 0 0 2 499 -532 
113 0.5 0.09375 0 0.53125 0.09375 0 0 2 532 -565 
114 0.53125 0.09375 0 0.5625 0.09375 0 0 2 565 -598 
115 0.5625 0.09375 0 0.59375 0.09375 0 0 2 598 -631 
116 0.59375 0.09375 0 0.625 0.09375 0 0 2 631 -664 
117 0.625 0.09375 0 0.65625 0.09375 0 0 2 664 -697 
118 0.65625 0.09375 0 0.6875 0.09375 0 0 2 697 -730 
119 0.6875 0.09375 0 0.71875 0.09375 0 0 2 730 -763 
120 0.71875 0.09375 0 0.75 0.09375 0 0 2 763 -796 
121 0.75 0.09375 0 0.78125 0.09375 0 0 2 796 -829 
122 0.78125 0.09375 0 0.8125 0.09375 0 0 2 829 -862 
123 0.8125 0.09375 0 0.84375 0.09375 0 0 2 862 -895 
124 0.84375 0.09375 0 0.875 0.09375 0 0 2 895 -928 
125 0.875 0.09375 0 0.90625 0.09375 0 0 2 928 -961 
126 0.90625 0.09375 0 0.9375 0.09375 0 0 2 961 -994 
127 0.9375 0.09375 0 0.96875 0.09375 0 0 2 994 -1027 
128 0.96875 0.09375 0 1 0.09375 0 0 2 1027 -1060 
129 0 0.125 0 0.03125 0.125 0 0 2 5 -38 
130 0.03125 0.125 0 0.0625 0.125 0 0 2 38 -71 
131 0.0625 0.125 0 0.09375 0.125 0 0 2 71 -104 
132 0.09375 0.125 0 0.125 0.125 0 0 2 104 -137 
133 0.125 0.125 0 0.15625 0.125 0 0 2 137 -170 
134 0.15625 0.125 0 0.1875 0.125 0 0 2 170 -203 
135 0.1875 0.125 0 0.21875 0.125 0 0 2 203 -236 
136 0.21875 0.125 0 0.25 0.125 0 0 2 236 -269 
137 0.25 0.125 0 0.28125 0.125 0 0 2 269 -302 
138 0.28125 0.125 0 0.3125 0.125 0 0 2 302 -335 
139 0.3125 0.125 0 0.34375 0.125 0 0 2 335 -368 
140 0.34375 0.125 0 0.375 0.125 0 0 2 368 -401 
141 0.375 0.125 0 0.40625 0.125 0 0 2 401 -434 
142 0.40625 0.125 0 0.4375 0.125 0 0 2 434 -467 
143 0.4375 0.125 0 0.46875 0.125 0 0 2 467 -500 
144 0.46875 0.125 0 0.5 0.125 0 0 2 500 -533 
145 0.5 0.125 0 0.53125 0.125 0 0 2 533 -566 
146 0.53125 0.125 0 0.5625 0.125 0 0 2 566 -599 
147 0.5625 0.125 0 0.59375 0.125 0 0 2 599 -632 
148 0.59375 0.125 0 0.625 0.125 0 0 2 632 -665 
149 0.625 0.125 0 0.65625 0.125 0 0 2 665 -698 
150 0.65625 0.125 0 0.6875 0.125 0 0 2 698 -731 
151 0.6875 0.125 0 0.71875 0.125 0 0 2 731 -764 
152 0.71875 0.125 0 0.75 0.125 0 0 2 764 -797 
153 0.75 0.125 0 0.78125 0.125 0 0 2 797 -830 
154 0.78125 0.125 0 0.8125 0.125 0 0 2 830 -863 
155 0.8125 0.125 0 0.84375 0.125 0 0 2 863 -896 
156 0.84375 0.125 0 0.875 0.125 0 0 2 896 -929 
157 0.875 0.125 0 0.90625 0.125 0 0 2 929 -962 
158 0.90625 0.125 0 0.9375 0.125 0 0 2 962 -995 
159 0.9375 0.125 0 0.96875 0.125 0 0 2 995 -1028 
160 0.96875 0.125 0 1 0.125 0 0 2 1028 -1061 
161 0 0.15625 0 0.03125 0.15625 0 0 2 6 -39 
162 0.03125 0.15625 0 0.0625 0.15625 0 0 2 39 -72 
163 0.0625 0.15625 0 0.09375 0.15625 0 0 2 72 -105 
164 0.09375 0.15625 0 0.125 0.15625 0 0 2 105 -138 
165 0.125 0.15625 0 0.15625 0.15625 0 0 2 138 -171 
166 0.15625 0.15625 0 0.1875 0.15625 0 0 2 171 -204 
167 0.1875 0.15625 0 0.21875 0.15625 0 0 2 204 -237 
168 0.21875 0.15625 0 0.25 0.15625 0 0 2 237 -270 
169 0.25 0.15625 0 0.28125 0.15625 0 0 2 270 -303 
170 0.28125 0.15625 0 0.3125 0.15625 0 0 2 303 -336 
171 0.3125 0.15625 0 0.34375 0.15625 0 0 2 336 -369 
172 0.34375 0.15625 0 0.375 0.15625 0 0 2 369 -402 
173 0.375 0.15625 0 0.40625 0.15625 0 0 2 402 -435 
174 0.40625 0.15625 0 0.4375 0.15625 0 0 2 435 -468 
175 0.4375 0.15625 0 0.46875 0.15625 0 0 2 468 -501 
176 0.46875 0.15625 0 0.5 0.15625 0 0 2 501 -534 
177 0.5 0.15625 0 0.53125 0.15625 0 0 2 534 -567 
178 0.53125 0.15625 0 0.5625 0.15625 0 0 2 567 -600 
179 0.5625 0.15625 0 0.59375 0.15625 0 0 2 600 -633 
180 0.59375 0.15625 0 0.625 0.15625 0 0 2 633 -666 
181 0.625 0.15625 0 0.65625 0.15625 0 0 2 666 -699 
182 0.65625 0.15625 0 0.6875 0.15625 0 0 2 699 -732 
183 0.6875 0.15625 0 0.71875 0.15625 0 0 2 732 -765 
184 0.71875 0.15625 0 0.75 0.15625 0 0 2 765 -798 
185 0.75 0.15625 0 0.78125 0.15625 0 0 2 798 -831 
186 0.78125 0.15625 0 0.8125 0.15625 0 0 2 831 -864 
187 0.8125 0.15625 0 0.84375 0.15625 0 0 2 864 -897 
188 0.84375 0.15625 0 0.875 0.15625 0 0 2 897 -930 
189 0.875 0.15625 0 0.90625 0.15625 0 0 2 930 -963 
190 0.90625 0.15625 0 0.9375 0.15625 0 0 2 963 -996 
191 0.9375 0.15625 0 0.96875 0.15625 0 0 2 996 -1029 
192 0.96875 0.15625 0 1 0.15625 0 0 2 1029 -1062 
193 0 0.1875 0 0.03125 0.1875 0 0 2 7 -40 
194 0.03125 0.1875 0 0.0625 0.1875 0 0 2 40 -73 
195 0.0625 0.1875 0 0.09375 0.1875 0 0 2 73 -106 
196 0.09375 0.1875 0 0.125 0.1875 0 0 2 106 -139 
197 0.125 0.1875 0 0.15625 0.1875 0 0 2 139 -172 
198 0.15625 0.1875 0 0.1875 0.1875 0 0 2 172 -205 
199 0.1875 0.1875 0 0.21875 0.1875 0 0 2 205 -238 
200 0.21875 0.1875 0 0.25 0.1875 0 0 2 238 -271 
201 0.25 0.1875 0 0.28125 0.1875 0 0 2 271 -304 
202 0.28125 0.1875 0 0.3125 0.1875 0 0 2 304 -337 
203 0.3125 0.1875 0 0.34375 0.1875 0 0 2 337 -370 
204 0.34375 0.1875 0 0.375 0.1875 0 0 2 370 -403 
205 0.375 0.1875 0 0.40625 0.1875 0 0 2 403 -436 
206 0.40625 0.1875 0 0.4375 0.1875 0 0 2 436 -469 
207 0.4375 0.1875 0 0.46875 0.1875 0 0 2 469 -502 
208 0.46875 0.1875 0 0.5 0.1875 0 0 2 502 -535 
209 0.5 0.1875 0 0.53125 0.1875 0 0 2 535 -568 
210 0.53125 0.1875 0 0.5625 0.1875 0 0 2 568 -601 
211 0.5625 0.1875 0 0.59375 0.1875 0 0 2 601 -634 
212 0.59375 0.1875 0 0.625 0.1875 0 0 2 634 -667 
213 0.625 0.1875 0 0.65625 0.1875 0 0 2 667 -700 
214 0.65625 0.1875 0 0.6875 0.1875 0 0 2 700 -733 
215 0.6875 0.1875 0 0.71875 0.1875 0 0 2 733 -766 
216 0.71875 0.1875 0 0.75 0.1875 0 0 2 766 -799 
217 0.75 0.1875 0 0.78125 0.1875 0 0 2 799 -832 
218 0.78125 0.1875 0 0.8125 0.1875 0 0 2 832 -865 
219 0.8125 0.1875 0 0.84375 0.1875 0 0 2 865 -898 
220 0.84375 0.1875 0 0.875 0.1875 0 0 2 898 -931 
221 0.875 0.1875 0 0.90625 0.1875 0 0 2 931 -964 
222 0.90625 0.1875 0 0.9375 0.1875 0 0 2 964 -997 
223 0.9375 0.1875 0 0.96875 0.1875 0 0 2 997 -1030 
224 0.96875 0.1875 0 1 0.1875 0 0 2 1030 -1063 
225 0 0.21875 0 0.03125 0.21875 0 0 2 8 -41 
226 0.03125 0.21875 0 0.0625 0.21875 0 0 2 41 -74 
227 0.0625 0.21875 0 0.09375 0.21875 0 0 2 74 -107 
228 0.09375 0.21875 0 0.125 0.21875 0 0 2 107 -140 
229 0.125 0.21875 0 0.15625 0.21875 0 0 2 140 -173 
230 0.15625 0.21875 0 0.1875 0.21875 0 0 2 173 -206 
231 0.1875 0.21875 0 0.21875 0.21875 0 0 2 206 -239 
232 0.21875 0.21875 0 0.25 0.21875 0 0 2 239 -272 
233 0.25 0.21875 0 0.28125 0.21875 0 0 2 272 -305 
234 0.28125 0.21875 0 0.3125 0.21875 0 0 2 305 -338 
235 0.3125 0.21875 0 0.34375 0.21875 0 0 2 338 -371 
236 0.34375 0.21875 0 0.375 0.21875 0 0 2 371 -404 
237 0.375 0.21875 0 0.40625 0.21875 0 0 2 404 -437 
238 0.40625 0.21875 0 0.4375 0.21875 0 0 2 437 -470 
239 0.4375 0.21875 0 0.46875 0.21875 0 0 2 470 -503 
240 0.46875 0.21875 0 0.5 0.21875 0 0 2 503 -536 
241 0.5 0.21875 0 0.53125 0.21875 0 0 2 536 -569 
242 0.53125 0.21875 0 0.5625 0.21875 0 0 2 569 -602 
243 0.5625 0.21875 0 0.59375 0.21875 0 0 2 602 -635 
244 0.59375 0.21875 0 0.625 0.21875 0 0 2 635 -668 
245 0.625 0.21875 0 0.65625 0.21875 0 0 2 668 -701 
246 0.65625 0.21875 0 0.6875 0.21875 0 0 2 701 -734 
247 0.6875 0.21875 0 0.71875 0.21875 0 0 2 734 -767 
248 0.71875 0.21875 0 0.75 0.21875 0 0 2 767 -800 
249 0.75 0.21875 0 0.78125 0.21875 0 0 2 800 -833 
250 0.78125 0.21875 0 0.8125 0.21875 0 0 2 833 -866 
251 0.8125 0.21875 0 0.84375 0.21875 0 0 2 866 -899 
252 0.84375 0.21875 0 0.875 0.21875 0 0 2 899 -932 
253 0.875 0.21875 0 0.90625 0.21875 0 0 2 932 -965 
254 0.90625 0.21875 0 0.9375 0.21875 0 0 2 965 -998 
255 0.9375 0.21875 0 0.96875 0.21875 0 0 2 998 -1031 
256 0.96875 0.21875 0 1 0.21875 0 0 2 1031 -1064 
257 0 0.25 0 0.03125 0.25 0 0 2 9 -42 
258 0.03125 0.25 0 0.0625 0.25 0 0 2 42 -75 
259 0.0625 0.25 0 0.09375 0.25 0 0 2 75 -108 
260 0.09375 0.25 0 0.125 0.25 0 0 2 108 -141 
261 0.125 0.25 0 0.15625 0.25 0 0 2 141 -174 
262 0.15625 0.25 0 0.1875 0.25 0 0 2 174 -207 
263 0.1875 0.25 0 0.21875 0.25 0 0 2 207 -240 
264 0.21875 0.25 0 0.25 0.25 0 0 2 240 -273 
265 0.25 0.25 0 0.28125 0.25 0 0 2 273 -306 
266 0.28125 0.25 0 0.3125 0.25 0 0 2 306 -339 
267 0.3125 0.25 0 0.34375 0.25 0 0 2 339 -372 
268 0.34375 0.25 0 0.375 0.25 0 0 2 372 -405 
269 0.375 0.25 0 0.40625 0.25 0 0 2 405 -438 
270 0.40625 0.25 0 0.4375 0.25 0 0 2 438 -471 
271 0.4375 0.25 0 0.46875 0.25 0 0 2 471 -504 
272 0.46875 0.25 0 0.5 0.25 0 0 2 504 -537 
273 0.5 0.25 0 0.53125 0.25 0 0 2 537 -570 
274 0.53125 0.25 0 0.5625 0.25 0 0 2 570 -603 
275 0.5625 0.25 0 0.59375 0.25 0 0 2 603 -636 
276 0.59375 0.25 0 0.625 0.25 0 0 2 636 -669 
277 0.625 0.25 0 0.65625 0.25 0 0 2 669 -702 
278 0.65625 0.25 0 0.6875 0.25 0 0 2 702 -735 
279 0.6875 0.25 0 0.71875 0.25 0 0 2 735 -768 
280 0.71875 0.25 0 0.75 0.25 0 0 2 768 -801 
281 0.75 0.25 0 0.78125 0.25 0 0 2 801 -834 
282 0.78125 0.25 0 0.8125 0.25 0 0 2 834 -867 
283 0.8125 0.25 0 0.84375 0.25 0 0 2 867 -900 
284 0.84375 0.25 0 0.875 0.25 0 0 2 900 -933 
285 0.875 0.25 0 0.90625 0.25 0 0 2 933 -966 
286 0.90625 0.25 0 0.9375 0.25 0 0 2 966 -999 
287 0.9375 0.25 0 0.96875 0.25 0 0 2 999 -1032 
288 0.96875 0.25 0 1 0.25 0 0 2 1032 -1065 
289 0 0.28125 0 0.03125 0.28125 0 0 2 10 -43 
290 0.03125 0.28125 0 0.0625 0.28125 0 0 2 43 -76 
291 0.0625 0.28125 0 0.09375 0.28125 0 0 2 76 -109 
292 0.09375 0.28125 0 0.125 0.28125 0 0 2 109 -142 
293 0.125 0.28125 0 0.15625 0.28125 0 0 2 142 -175 
294 0.15625 0.28125 0 0.1875 0.28125 0 0 2 175 -208 
295 0.1875 0.28125 0 0.21875 0.28125 0 0 2 208 -241 
296 0.21875 0.28125 0 0.25 0.28125 0 0 2 241 -274 
297 0.25 0.28125 0 0.28125 0.28125 0 0 2 274 -307 
298 0.28125 0.28125 0 0.3125 0.28125 0 0 2 307 -340 
299 0.3125 0.28125 0 0.34375 0.28125 0 0 2 340 -373 
300 0.34375 0.28125 0 0.375 0.28125 0 0 2 373 -406 
301 0.375 0.28125 0 0.40625 0.28125 0 0 2 406 -439 
302 0.40625 0.28125 0 0.4375 0.28125 0 0 2 439 -472 
303 0.4375 0.28125 0 0.46875 0.28125 0 0 2 472 -505 
304 0.46875 0.28125 0 0.5 0.28125 0 0 2 505 -538 
305 0.5 0.28125 0 0.53125 0.28125 0 0 2 538 -571 
306 0.53125 0.28125 0 0.5625 0.28125 0 0 2 571 -604 
307 0.5625 0.28125 0 0.59375 0.28125 0 0 2 604 -637 
308 0.59375 0.28125 0 0.625 0.28125 0 0 2 637 -670 
309 0.625 0.28125 0 0.65625 0.28125 0 0 2 670 -703 
310 0.65625 0.28125 0 0.6875 0.28125 0 0 2 703 -736 
311 0.6875 0.28125 0 0.71875 0.28125 0 0 2 736 -769 
312 0.71875 0.28125 0 0.75 0.28125 0 0 2 769 -802 
313 0.75 0.28125 0 0.78125 0.28125 0 0 2 802 -835 
314 0.78125 0.28125 0 0.8125 0.28125 0 0 2 835 -868 
315 0.8125 0.28125 0 0.84375 0.28125 0 0 2 868 -901 
316 0.84375 0.28125 0 0.875 0.28125 0 0 2 901 -934 
317 0.875 0.28125 0 0.90625 0.28125 0 0 2 934 -967 
318 0.90625 0.28125 0 0.9375 0.28125 0 0 2 967 -1000 
319 0.9375 0.28125 0 0.96875 0.28125 0 0 2 1000 -1033 
320 0.96875 0.28125 0 1 0.28125 0 0 2 1033 -1066 
321 0 0.3125 0 0.03125 0.3125 0 0 2 11 -44 
322 0.03125 0.3125 0 0.0625 0.3125 0 0 2 44 -77 
323 0.0625 0.3125 0 0.09375 0.3125 0 0 2 77 -110 
324 0.09375 0.3125 0 0.125 0.3125 0 0 2 110 -143 
325 0.125 0.3125 0 0.15625 0.3125 0 0 2 143 -176 
326 0.15625 0.3125 0 0.1875 0.3125 0 0 2 176 -209 
327 0.1875 0.3125 0 0.21875 0.3125 0 0 2 209 -242 
328 0.21875 0.3125 0 0.25 0.3125 0 0 2 242 -275 
329 0.25 0.3125 0 0.28125 0.3125 0 0 2 275 -308 
330 0.28125 0.3125 0 0.3125 0.3125 0 0 2 308 -341 
331 0.3125 0.3125 0 0.34375 0.3125 0 0 2 341 -374 
332 0.34375 0.3125 0 0.375 0.3125 0 0 2 374 -407 
333 0.375 0.3125 0 0.40625 0.3125 0 0 2 407 -440 
334 0.40625 0.3125 0 0.4375 0.3125 0 0 2 440 -473 
335 0.4375 0.3125 0 0.46875 0.3125 0 0 2 473 -506 
336 0.46875 0.3125 0 0.5 0.3125 0 0 2 506 -539 
337 0.5 0.3125 0 0.53125 0.3125 0 0 2 539 -572 
338 0.53125 0.3125 0 0.5625 0.3125 0 0 2 572 -605 
339 0.5625 0.3125 0 0.59375 0.3125 0 0 2 605 -638 
340 0.59375 0.3125 0 0.625 0.3125 0 0 2 638 -671 
341 0.625 0.3125 0 0.65625 0.3125 0 0 2 671 -704 
342 0.65625 0.3125 0 0.6875 0.3125 0 0 2 704 -737 
343 0.6875 0.3125 0 0.71875 0.3125 0 0 2 737 -770 
344 0.71875 0.3125 0 0.75 0.3125 0 0 2 770 -803 
345 0.75 0.3125 0 0.78125 0.3125 0 0 2 803 -836 
346 0.78125 0.3125 0 0.8125 0.3125 0 0 2 836 -869 
347 0.8125 0.3125 0 0.84375 0.3125 0 0 2 869 -902 
348 0.84375 0.3125 0 0.875 0.3125 0 0 2 902 -935 
349 0.875 0.3125 0 0.90625 0.3125 0 0 2 935 -968 
350 0.90625 0.3125 0 0.9375 0.3125 0 0 2 968 -1001 
351 0.9375 0.3125 0 0.96875 0.3125 0 0 2 1001 -1034 
352 0.96875 0.3125 0 1 0.3125 0 0 2 1034 -1067 
353 0 0.34375 0 0.03125 0.34375 0 0 2 12 -45 
354 0.03125 0.34375 0 0.0625 0.34375 0 0 2 45 -78 
355 0.0625 0.34375 0 0.09375 0.34375 0 0 2 78 -111 
356 0.09375 0.34375 0 0.125 0.34375 0 0 2 111 -144 
357 0.125 0.34375 0 0.15625 0.34375 0 0 2 144 -177 
358 0.15625 0.34375 0 0.1875 0.34375 0 0 2 177 -210 
359 0.1875 0.34375 0 0.21875 0.34375 0 0 2 210 -243 
360 0.21875 0.34375 0 0.25 0.34375 0 0 2 243 -276 
361 0.25 0.34375 0 0.28125 0.34375 0 0 2 276 -309 
362 0.28125 0.34375 0 0.3125 0.34375 0 0 2 309 -342 
363 0.3125 0.34375 0 0.34375 0.34375 0 0 2 342 -375 
364 0.34375 0.34375 0 0.375 0.34375 0 0 2 375 -408 
365 0.375 0.34375 0 0.40625 0.34375 0 0 2 408 -441 
366 0.40625 0.34375 0 0.4375 0.34375 0 0 2 441 -474 
367 0.4375 0.34375 0 0.46875 0.34375 0 0 2 474 -507 
368 0.46875 0.34375 0 0.5 0.34375 0 0 2 507 -540 
369 0.5 0.34375 0 0.53125 0.34375 0 0 2 540 -573 
370 0.53125 0.34375 0 0.5625 0.34375 0 0 2 573 -606 
371 0.5625 0.34375 0 0.59375 0.34375 0 0 2 606 -639 
372 0.59375 0.34375 0 0.625 0.34375 0 0 2 639 -672 
373 0.625 0.34375 0 0.65625 0.34375 0 0 2 672 -705 
374 0.65625 0.34375 0 0.6875 0.34375 0 0 2 705 -738 
375 0.6875 0.34375 0 0.71875 0.34375 0 0 2 738 -771 
376 0.71875 0.34375 0 0.75 0.34375 0 0 2 771 -804 
377 0.75 0.34375 0 0.78125 0.34375 0 0 2 804 -837 
378 0.78125 0.34375 0 0.8125 0.34375 0 0 2 837 -870 
379 0.8125 0.34375 0 0.84375 0.34375 0 0 2 870 -903 
380 0.84375 0.34375 0 0.875 0.34375 0 0 2 903 -936 
381 0.875 0.34375 0 0.90625 0.34375 0 0 2 936 -969 
382 0.90625 0.34375 0 0.9375 0.34375 0 0 2 969 -1002 
383 0.9375 0.34375 0 0.96875 0.34375 0 0 2 1002 -1035 
384 0.96875 0.34375 0 1 0.34375 0 0 2 1035 -1068 
385 0 0.375 0 0.03125 0.375 0 0 2 13 -46 
386 0.03125 0.375 0 0.0625 0.375 0 0 2 46 -79 
387 0.0625 0.375 0 0.09375 0.375 0 0 2 79 -112 
388 0.09375 0.375 0 0.125 0.375 0 0 2 112 -145 
389 0.125 0.375 0 0.15625 0.375 0 0 2 145 -178 
390 0.15625 0.375 0 0.1875 0.375 0 0 2 178 -211 
391 0.1875 0.375 0 0.21875 0.375 0 0 2 211 -244 
392 0.21875 0.375 0 0.25 0.375 0 0 2 244 -277 
393 0.25 0.375 0 0.28125 0.375 0 0 2 277 -310 
394 0.28125 0.375 0 0.3125 0.375 0 0 2 310 -343 
395 0.3125 0.375 0 0.34375 0.375 0 0 2 343 -376 
396 0.34375 0.375 0 0.375 0.375 0 0 2 376 -409 
397 0.375 0.375 0 0.40625 0.375 0 0 2 409 -442 
398 0.40625 0.375 0 0.4375 0.375 0 0 2 442 -475 
399 0.4375 0.375 0 0.46875 0.375 0 0 2 475 -508 
400 0.46875 0.375 0 0.5 0.375 0 0 2 508 -541 
401 0.5 0.375 0 0.53125 0.375 0 0 2 541 -574 
402 0.53125 0.375 0 0.5625 0.375 0 0 2 574 -607 
403 0.5625 0.375 0 0.59375 0.375 0 0 2 607 -640 
404 0.59375 0.375 0 0.625 0.375 0 0 2 640 -673 
405 0.625 0.375 0 0.65625 0.375 0 0 2 673 -706 
406 0.65625 0.375 0 0.6875 0.375 0 0 2 706 -739 
407 0.6875 0.375 0 0.71875 0.375 0 0 2 739 -772 
408 0.71875 0.375 0 0.75 0.375 0 0 2 772 -805 
409 0.75 0.375 0 0.78125 0.375 0 0 2 805 -838 
410 0.78125 0.375 0 0.8125 0.375 0 0 2 838 -871 
411 0.8125 0.375 0 0.84375 0.375 0 0 2 871 -904 
412 0.84375 0.375 0 0.875 0.375 0 0 2 904 -937 
413 0.875 0.375 0 0.90625 0.375 0 0 2 937 -970 
414 0.90625 0.375 0 0.9375 0.375 0 0 2 970 -1003 
415 0.9375 0.375 0 0.96875 0.375 0 0 2 1003 -1036 
416 0.96875 0.375 0 1 0.375 0 0 2 1036 -1069 
417 0 0.40625 0 0.03125 0.40625 0 0 2 14 -47 
418 0.03125 0.40625 0 0.0625 0.40625 0 0 2 47 -80 
419 0.0625 0.40625 0 0.09375 0.40625 0 0 2 80 -113 
420 0.09375 0.40625 0 0.125 0.40625 0 0 2 113 -146 
421 0.125 0.40625 0 0.15625 0.40625 0 0 2 146 -179 
422 0.15625 0.40625 0 0.1875 0.40625 0 0 2 179 -212 
423 0.1875 0.40625 0 0.21875 0.40625 0 0 2 212 -245 
424 0.21875 0.40625 0 0.25 0.40625 0 0 2 245 -278 
425 0.25 0.40625 0 0.28125 0.40625 0 0 2 278 -311 
426 0.28125 0.40625 0 0.3125 0.40625 0 0 2 311 -344 
427 0.3125 0.40625 0 0.34375 0.40625 0 0 2 344 -377 
428 0.34375 0.40625 0 0.375 0.40625 0 0 2 377 -410 
429 0.375 0.40625 0 0.40625 0.40625 0 0 2 410 -443 
430 0.40625 0.40625 0 0.4375 0.40625 0 0 2 443 -476 
431 0.4375 0.40625 0 0.46875 0.40625 0 0 2 476 -509 
432 0.46875 0.40625 0 0.5 0.40625 0 0 2 509 -542 
433 0.5 0.40625 0 0.53125 0.40625 0 0 2 542 -575 
434 0.53125 0.40625 0 0.5625 0.40625 0 0 2 575 -608 
435 0.5625 0.40625 0 0.59375 0.40625 0 0 2 608 -641 
436 0.59375 0.40625 0 0.625 0.40625 0 0 2 641 -674 
437 0.625 0.40625 0 0.65625 0.40625 0 0 2 674 -707 
438 0.65625 0.40625 0 0.6875 0.40625 0 0 2 707 -740 
439 0.6875 0.40625 0 0.71875 0.40625 0 0 2 740 -773 
440 0.71875 0.40625 0 0.75 0.40625 0 0 2 773 -806 
441 0.75 0.40625 0 0.78125 0.40625 0 0 2 806 -839 
442 0.78125 0.40625 0 0.8125 0.40625 0 0 2 839 -872 
443 0.8125 0.40625 0 0.84375 0.40625 0 0 2 872 -905 
444 0.84375 0.40625 0 0.875 0.40625 0 0 2 905 -938 
445 0.875 0.40625 0 0.90625 0.40625 0 0 2 938 -971 
446 0.90625 0.40625 0 0.9375 0.40625 0 0 2 971 -1004 
447 0.9375 0.40625 0 0.96875 0.40625 0 0 2 1004 -1037 
448 0.96875 0.40625 0 1 0.40625 0 0 2 1037 -1070 
449 0 0.4375 0 0.03125 0.4375 0 0 2 15 -48 
450 0.03125 0.4375 0 0.0625 0.4375 0 0 2 48 -81 
451 0.0625 0.4375 0 0.09375 0.4375 0 0 2 81 -114 
452 0.09375 0.4375 0 0.125 0.4375 0 0 2 114 -147 
453 0.125 0.4375 0 0.15625 0.4375 0 0 2 147 -180 
454 0.15625 0.4375 0 0.1875 0.4375 0 0 2 180 -213 
455 0.1875 0.4375 0 0.21875 0.4375 0 0 2 213 -246 
456 0.21875 0.4375 0 0.25 0.4375 0 0 2 246 -279 
457 0.25 0.4375 0 0.28125 0.4375 0 0 2 279 -312 
458 0.28125 0.4375 0 0.3125 0.4375 0 0 2 312 -345 
459 0.3125 0.4375 0 0.34375 0.4375 0 0 2 345 -378 
460 0.34375 0.4375 0 0.375 0.4375 0 0 2 378 -411 
461 0.375 0.4375 0 0.40625 0.4375 0 0 2 411 -444 
462 0.40625 0.4375 0 0.4375 0.4375 0 0 2 444 -477 
463 0.4375 0.4375 0 0.46875 0.4375 0 0 2 477 -510 
464 0.46875 0.4375 0 0.5 0.4375 0 0 2 510 -543 
465 0.5 0.4375 0 0.53125 0.4375 0 0 2 543 -576 
466 0.53125 0.4375 0 0.5625 0.4375 0 0 2 576 -609 
467 0.5625 0.4375 0 0.59375 0.4375 0 0 2 609 -642 
468 0.59375 0.4375 0 0.625 0.4375 0 0 2 642 -675 
469 0.625 0.4375 0 0.65625 0.4375 0 0 2 675 -708 
470 0.65625 0.4375 0 0.6875 0.4375 0 0 2 708 -741 
471 0.6875 0.4375 0 0.71875 0.4375 0 0 2 741 -774 
472 0.71875 0.4375 0 0.75 0.4375 0 0 2 774 -807 
473 0.75 0.4375 0 0.78125 0.4375 0 0 2 807 -840 
474 0.78125 0.4375 0 0.8125 0.4375 0 0 2 840 -873 
475 0.8125 0.4375 0 0.84375 0.4375 0 0 2 873 -906 
476 0.84375 0.4375 0 0.875 0.4375 0 0 2 906 -939 
477 0.875 0.4375 0 0.90625 0.4375 0 0 2 939 -972 
478 0.90625 0.4375 0 0.9375 0.4375 0 0 2 972 -1005 
479 0.9375 0.4375 0 0.96875 0.4375 0 0 2 1005 -1038 
480 0.96875 0.4375 0 1 0.4375 0 0 2 1038 -1071 
481 0 0.46875 0 0.03125 0.46875 0 0 2 16 -49 
482 0.03125 0.46875 0 0.0625 0.46875 0 0 2 49 -82 
483 0.0625 0.46875 0 0.09375 0.46875 0 0 2 82 -115 
484 0.09375 0.46875 0 0.125 0.46875 0 0 2 115 -148 
485 0.125 0.46875 0 0.15625 0.46875 0 0 2 148 -181 
486 0.15625 0.46875 0 0.1875 0.46875 0 0 2 181 -214 
487 0.1875 0.46875 0 0.21875 0.46875 0 0 2 214 -247 
488 0.21875 0.46875 0 0.25 0.46875 0 0 2 247 -280 
489 0.25 0.46875 0 0.28125 0.46875 0 0 2 280 -313 
490 0.28125 0.46875 0 0.3125 0.46875 0 0 2 313 -346 
491 0.3125 0.46875 0 0.34375 0.46875 0 0 2 346 -379 
492 0.34375 0.46875 0 0.375 0.46875 0 0 2 379 -412 
493 0.375 0.46875 0 0.40625 0.46875 0 0 2 412 -445 
494 0.40625 0.46875 0 0.4375 0.46875 0 0 2 445 -478 
495 0.4375 0.46875 0 0.46875 0.46875 0 0 2 478 -511 
496 0.46875 0.46875 0 0.5 0.46875 0 0 2 511 -544 
497 0.5 0.46875 0 0.53125 0.46875 0 0 2 544 -577 
498 0.53125 0.46875 0 0.5625 0.46875 0 0 2 577 -610 
499 0.5625 0.46875 0 0.59375 0.46875 0 0 2 610 -643 
500 0.59375 0.46875 0 0.625 0.46875 0 0 2 643 -676 
501 0.625 0.46875 0 0.65625 0.46875 0 0 2 676 -709 
502 0.65625 0.46875 0 0.6875 0.46875 0 0 2 709 -742 
503 0.6875 0.46875 0 0.71875 0.46875 0 0 2 742 -775 
504 0.71875 0.46875 0 0.75 0.46875 0 0 2 775 -808 
505 0.75 0.46875 0 0.78125 0.46875 0 0 2 808 -841 
506 0.78125 0.46875 0 0.8125 0.46875 0 0 2 841 -874 
507 0.8125 0.46875 0 0.84375 0.46875 0 0 2 874 -907 
508 0.84375 0.46875 0 0.875 0.46875 0 0 2 907 -940 
509 0.875 0.46875 0 0.90625 0.46875 0 0 2 940 -973 
510 0.90625 0.46875 0 0.9375 0.46875 0 0 2 973 -1006 
511 0.9375 0.46875 0 0.96875 0.46875 0 0 2 1006 -1039 
512 0.96875 0.46875 0 1 0.46875 0 0 2 1039 -1072 
513 0 0.5 0 0.03125 0.5 0 0 2 17 -50 
514 0.03125 0.5 0 0.0625 0.5 0 0 2 50 -83 
515 0.0625 0.5 0 0.09375 0.5 0 0 2 83 -116 
516 0.09375 0.5 0 0.125 0.5 0 0 2 116 -149 
517 0.125 0.5 0 0.15625 0.5 0 0 2 149 -182 
518 0.15625 0.5 0 0.1875 0.5 0 0 2 182 -215 
519 0.1875 0.5 0 0.21875 0.5 0 0 2 215 -248 
520 0.21875 0.5 0 0.25 0.5 0 0 2 248 -281 
521 0.25 0.5 0 0.28125 0.5 0 0 2 281 -314 
522 0.28125 0.5 0 0.3125 0.5 0 0 2 314 -347 
523 0.3125 0.5 0 0.34375 0.5 0 0 2 347 -380 
524 0.34375 0.5 0 0.375 0.5 0 0 2 380 -413 
525 0.375 0.5 0 0.40625 0.5 0 0 2 413 -446 
526 0.40625 0.5 0 0.4375 0.5 0 0 2 446 -479 
527 0.4375 0.5 0 0.46875 0.5 0 0 2 479 -512 
528 0.46875 0.5 0 0.5 0.5 0 0 2 512 -545 
529 0.5 0.5 0 0.53125 0.5 0 0 2 545 -578 
530 0.53125 0.5 0 0.5625 0.5 0 0 2 578 -611 
531 0.5625 0.5 0 0.59375 0.5 0 0 2 611 -644 
532 0.59375 0.5 0 0.625 0.5 0 0 2 644 -677 
533 0.625 0.5 0 0.65625 0.5 0 0 2 677 -710 
534 0.65625 0.5 0 0.6875 0.5 0 0 2 710 -743 
535 0.6875 0.5 0 0.71875 0.5 0 0 2 743 -776 
536 0.71875 0.5 0 0.75 0.5 0 0 2 776 -809 
537 0.75 0.5 0 0.78125 0.5 0 0 2 809 -842 
538 0.78125 0.5 0 0.8125 0.5 0 0 2 842 -875 
539 0.8125 0.5 0 0.84375 0.5 0 0 2 875 -908 
540 0.84375 0.5 0 0.875 0.5 0 0 2 908 -941 
541 0.875 0.5 0 0.90625 0.5 0 0 2 941 -974 
542 0.90625 0.5 0 0.9375 0.5 0 0 2 974 -1007 
543 0.9375 0.5 0 0.96875 0.5 0 0 2 1007 -1040 
544 0.96875 0.5 0 1 0.5 0 0 2 1040 -1073 
545 0 0.53125 0 0.03125 0.53125 0 0 2 18 -51 
546 0.03125 0.53125 0 0.0625 0.53125 0 0 2 51 -84 
547 0.0625 0.53125 0 0.09375 0.53125 0 0 2 84 -117 
548 0.09375 0.53125 0 0.125 0.53125 0 0 2 117 -150 
549 0.125 0.53125 0 0.15625 0.53125 0 0 2 150 -183 
550 0.15625 0.53125 0 0.1875 0.53125 0 0 2 183 -216 
551 0.1875 0.53125 0 0.21875 0.53125 0 0 2 216 -249 
552 0.21875 0.53125 0 0.25 0.53125 0 0 2 249 -282 
553 0.25 0.53125 0 0.28125 0.53125 0 0 2 282 -315 
554 0.28125 0.53125 0 0.3125 0.53125 0 0 2 315 -348 
555 0.3125 0.53125 0 0.34375 0.53125 0 0 2 348 -381 
556 0.34375 0.53125 0 0.375 0.53125 0 0 2 381 -414 
557 0.375 0.53125 0 0.40625 0.53125 0 0 2 414 -447 
558 0.40625 0.53125 0 0.4375 0.53125 0 0 2 447 -480 
559 0.4375 0.53125 0 0.46875 0.53125 0 0 2 480 -513 
560 0.46875 0.53125 0 0.5 0.53125 0 0 2 513 -546 
561 0.5 0.53125 0 0.53125 0.53125 0 0 2 546 -579 
562 0.53125 0.53125 0 0.5625 0.53125 0 0 2 579 -612 
563 0.5625 0.53125 0 0.59375 0.53125 0 0 2 612 -645 
564 0.59375 0.53125 0 0.625 0.53125 0 0 2 645 -678 
565 0.625 0.53125 0 0.65625 0.53125 0 0 2 678 -711 
566 0.65625 0.53125 0 0.6875 0.53125 0 0 2 711 -744 
567 0.6875 0.53125 0 0.71875 0.53125 0 0 2 744 -777 
568 0.71875 0.53125 0 0.75 0.53125 0 0 2 777 -810 
569 0.75 0.53125 0 0.78125 0.53125 0 0 2 810 -843 
570 0.78125 0.53125 0 0.8125 0.53125 0 0 2 843 -876 
571 0.8125 0.53125 0 0.84375 0.53125 0 0 2 876 -909 
572 0.84375 0.53125 0 0.875 0.53125 0 0 2 909 -942 
573 0.875 0.53125 0 0.90625 0.53125 0 0 2 942 -975 
574 0.90625 0.53125 0 0.9375 0.53125 0 0 2 975 -1008 
575 0.9375 0.53125 0 0.96875 0.53125 0 0 2 1008 -1041 
576 0.96875 0.53125 0 1 0.53125 0 0 2 1041 -1074 
577 0 0.5625 0 0.03125 0.5625 0 0 2 19 -52 
578 0.03125 0.5625 0 0.0625 0.5625 0 0 2 52 -85 
579 0.0625 0.5625 0 0.09375 0.5625 0 0 2 85 -118 
580 0.09375 0.5625 0 0.125 0.5625 0 0 2 118 -151 
581 0.125 0.5625 0 0.15625 0.5625 0 0 2 151 -184 
582 0.15625 0.5625 0 0.1875 0.5625 0 0 2 184 -217 
583 0.1875 0.5625 0 0.21875 0.5625 0 0 2 217 -250 
584 0.21875 0.5625 0 0.25 0.5625 0 0 2 250 -283 
585 0.25 0.5625 0 0.28125 0.5625 0 0 2 283 -316 
586 0.28125 0.5625 0 0.3125 0.5625 0 0 2 316 -349 
587 0.3125 0.5625 0 0.34375 0.5625 0 0 2 349 -382 
588 0.34375 0.5625 0 0.375 0.5625 0 0 2 382 -415 
589 0.375 0.5625 0 0.40625 0.5625 0 0 2 415 -448 
590 0.40625 0.5625 0 0.4375 0.5625 0 0 2 448 -481 
591 0.4375 0.5625 0 0.46875 0.5625 0 0 2 481 -514 
592 0.46875 0.5625 0 0.5 0.5625 0 0 2 514 -547 
593 0.5 0.5625 0 0.53125 0.5625 0 0 2 547 -580 
594 0.53125 0.5625 0 0.5625 0.5625 0 0 2 580 -613 
595 0.5625 0.5625 0 0.59375 0.5625 0 0 2 613 -646 
596 0.59375 0.5625 0 0.625 0.5625 0 0 2 646 -679 
597 0.625 0.5625 0 0.65625 0.5625 0 0 2 679 -712 
598 0.65625 0.5625 0 0.6875 0.5625 0 0 2 712 -745 
599 0.6875 0.5625 0 0.71875 0.5625 0 0 2 745 -778 
600 0.71875 0.5625 0 0.75 0.5625 0 0 2 778 -811 
601 0.75 0.5625 0 0.78125 0.5625 0 0 2 811 -844 
602 0.78125 0.5625 0 0.8125 0.5625 0 0 2 844 -877 
603 0.8125 0.5625 0 0.84375 0.5625 0 0 2 877 -910 
604 0.84375 0.5625 0 0.875 0.5625 0 0 2 910 -943 
605 0.875 0.5625 0 0.90625 0.5625 0 0 2 943 -976 
606 0.90625 0.5625 0 0.9375 0.5625 0 0 2 976 -1009 
607 0.9375 0.5625 0 0.96875 0.5625 0 0 2 1009 -1042 
608 0.96875 0.5625 0 1 0.5625 0 0 2 1042 -1075 
609 0 0.59375 0 0.03125 0.59375 0 0 2 20 -53 
610 0.03125 0.59375 0 0.0625 0.59375 0 0 2 53 -86 
611 0.0625 0.59375 0 0.09375 0.59375 0 0 2 86 -119 
612 0.09375 0.59375 0 0.125 0.59375 0 0 2 119 -152 
613 0.125 0.59375 0 0.15625 0.59375 0 0 2 152 -185 
614 0.15625 0.59375 0 0.1875 0.59375 0 0 2 185 -218 
615 0.1875 0.59375 0 0.21875 0.59375 0 0 2 218 -251 
616 0.21875 0.59375 0 0.25 0.59375 0 0 2 251 -284 
617 0.25 0.59375 0 0.28125 0.59375 0 0 2 284 -317 
618 0.28125 0.59375 0 0.3125 0.59375 0 0 2 317 -350 
619 0.3125 0.59375 0 0.34375 0.59375 0 0 2 350 -383 
620 0.34375 0.59375 0 0.375 0.59375 0 0 2 383 -416 
621 0.375 0.59375 0 0.40625 0.59375 0 0 2 416 -449 
622 0.40625 0.59375 0 0.4375 0.59375 0 0 2 449 -482 
623 0.4375 0.59375 0 0.46875 0.59375 0 0 2 482 -515 
624 0.46875 0.59375 0 0.5 0.59375 0 0 2 515 -548 
625 0.5 0.59375 0 0.53125 0.59375 0 0 2 548 -581 
626 0.53125 0.59375 0 0.5625 0.59375 0 0 2 581 -614 
627 0.5625 0.59375 0 0.59375 0.59375 0 0 2 614 -647 
628 0.59375 0.59375 0 0.625 0.59375 0 0 2 647 -680 
629 0.625 0.59375 0 0.65625 0.59375 0 0 2 680 -713 
630 0.65625 0.59375 0 0.6875 0.59375 0 0 2 713 -746 
631 0.6875 0.59375 0 0.71875 0.59375 0 0 2 746 -779 
632 0.71875 0.59375 0 0.75 0.59375 0 0 2 779 -812 
633 0.75 0.59375 0 0.78125 0.59375 0 0 2 812 -845 
634 0.78125 0.59375 0 0.8125 0.59375 0 0 2 845 -878 
635 0.8125 0.59375 0 0.84375 0.59375 0 0 2 878 -911 
636 0.84375 0.59375 0 0.875 0.59375 0 0 2 911 -944 
637 0.875 0.59375 0 0.90625 0.59375 0 0 2 944 -977 
638 0.90625 0.59375 0 0.9375 0.59375 0 0 2 977 -1010 
639 0.9375 0.59375 0 0.96875 0.59375 0 0 2 1010 -1043 
640 0.96875 0.59375 0 1 0.59375 0 0 2 1043 -1076 
641 0 0.625 0 0.03125 0.625 0 0 2 21 -54 
642 0.03125 0.625 0 0.0625 0.625 0 0 2 54 -87 
643 0.0625 0.625 0 0.09375 0.625 0 0 2 87 -120 
644 0.09375 0.625 0 0.125 0.625 0 0 2 120 -153 
645 0.125 0.625 0 0.15625 0.625 0 0 2 153 -186 
646 0.15625 0.625 0 0.1875 0.625 0 0 2 186 -219 
647 0.1875 0.625 0 0.21875 0.625 0 0 2 219 -252 
648 0.21875 0.625 0 0.25 0.625 0 0 2 252 -285 
649 0.25 0.625 0 0.28125 0.625 0 0 2 285 -318 
650 0.28125 0.625 0 0.3125 0.625 0 0 2 318 -351 
651 0.3125 0.625 0 0.34375 0.625 0 0 2 351 -384 
652 0.34375 0.625 0 0.375 0.625 0 0 2 384 -417 
653 0.375 0.625 0 0.40625 0.625 0 0 2 417 -450 
654 0.40625 0.625 0 0.4375 0.625 0 0 2 450 -483 
655 0.4375 0.625 0 0.46875 0.625 0 0 2 483 -516 
656 0.46875 0.625 0 0.5 0.625 0 0 2 516 -549 
657 0.5 0.625 0 0.53125 0.625 0 0 2 549 -582 
658 0.53125 0.625 0 0.5625 0.625 0 0 2 582 -615 
659 0.5625 0.625 0 0.59375 0.625 0 0 2 615 -648 
660 0.59375 0.625 0 0.625 0.625 0 0 2 648 -681 
661 0.625 0.625 0 0.65625 0.625 0 0 2 681 -714 
662 0.65625 0.625 0 0.6875 0.625 0 0 2 714 -747 
663 0.6875 0.625 0 0.71875 0.625 0 0 2 747 -780 
664 0.71875 0.625 0 0.75 0.625 0 0 2 780 -813 
665 0.75 0.625 0 0.78125 0.625 0 0 2 813 -846 
666 0.78125 0.625 0 0.8125 0.625 0 0 2 846 -879 
667 0.8125 0.625 0 0.84375 0.625 0 0 2 879 -912 
668 0.84375 0.625 0 0.875 0.625 0 0 2 912 -945 
669 0.875 0.625 0 0.90625 0.625 0 0 2 945 -978 
670 0.90625 0.625 0 0.9375 0.625 0 0 2 978 -1011 
671 0.9375 0.625 0 0.96875 0.625 0 0 2 1011 -1044 
672 0.96875 0.625 0 1 0.625 0 0 2 1044 -1077 
673 0 0.65625 0 0.03125 0.65625 0 0 2 22 -55 
674 0.03125 0.65625 0 0.0625 0.65625 0 0 2 55 -88 
675 0.0625 0.65625 0 0.09375 0.65625 0 0 2 88 -121 
676 0.09375 0.65625 0 0.125 0.65625 0 0 2 121 -154 
677 0.125 0.65625 0 0.15625 0.65625 0 0 2 154 -187 
678 0.15625 0.65625 0 0.1875 0.65625 0 0 2 187 -220 
679 0.1875 0.65625 0 0.21875 0.65625 0 0 2 220 -253 
680 0.21875 0.65625 0 0.25 0.65625 0 0 2 253 -286 
681 0.25 0.65625 0 0.28125 0.65625 0 0 2 286 -319 
682 0.28125 0.65625 0 0.3125 0.65625 0 0 2 319 -352 
683 0.3125 0.65625 0 0.34375 0.65625 0 0 2 352 -385 
684 0.34375 0.65625 0 0.375 0.65625 0 0 2 385 -418 
685 0.375 0.65625 0 0.40625 0.65625 0 0 2 418 -451 
686 0.40625 0.65625 0 0.4375 0.65625 0 0 2 451 -484 
687 0.4375 0.65625 0 0.46875 0.65625 0 0 2 484 -517 
688 0.46875 0.65625 0 0.5 0.65625 0 0 2 517 -550 
689 0.5 0.65625 0 0.53125 0.65625 0 0 2 550 -583 
690 0.53125 0.65625 0 0.5625 0.65625 0 0 2 583 -616 
691 0.5625 0.65625 0 0.59375 0.65625 0 0 2 616 -649 
692 0.59375 0.65625 0 0.625 0.65625 0 0 2 649 -682 
693 0.625 0.65625 0 0.65625 0.65625 0 0 2 682 -715 
694 0.65625 0.65625 0 0.6875 0.65625 0 0 2 715 -748 
695 0.6875 0.65625 0 0.71875 0.65625 0 0 2 748 -781 
696 0.71875 0.65625 0 0.75 0.65625 0 0 2 781 -814 
697 0.75 0.65625 0 0.78125 0.65625 0 0 2 814 -847 
698 0.78125 0.65625 0 0.8125 0.65625 0 0 2 847 -880 
699 0.8125 0.65625 0 0.84375 0.65625 0 0 2 880 -913 
700 0.84375 0.65625 0 0.875 0.65625 0 0 2 913 -946 
701 0.875 0.65625 0 0.90625 0.65625 0 0 2 946 -979 
702 0.90625 0.65625 0 0.9375 0.65625 0 0 2 979 -1012 
703 0.9375 0.65625 0 0.96875 0.65625 0 0 2 1012 -1045 
704 0.96875 0.65625 0 1 0.65625 0 0 2 1045 -1078 
705 0 0.6875 0 0.03125 0.6875 0 0 2 23 -56 
706 0.03125 0.6875 0 0.0625 0.6875 0 0 2 56 -89 
707 0.0625 0.6875 0 0.09375 0.6875 0 0 2 89 -122 
708 0.09375 0.6875 0 0.125 0.6875 0 0 2 122 -155 
709 0.125 0.6875 0 0.15625 0.6875 0 0 2 155 -188 
710 0.15625 0.6875 0 0.1875 0.6875 0 0 2 188 -221 
711 0.1875 0.6875 0 0.21875 0.6875 0 0 2 221 -254 
712 0.21875 0.6875 0 0.25 0.6875 0 0 2 254 -287 
713 0.25 0.6875 0 0.28125 0.6875 0 0 2 287 -320 
714 0.28125 0.6875 0 0.3125 0.6875 0 0 2 320 -353 
715 0.3125 0.6875 0 0.34375 0.6875 0 0 2 353 -386 
716 0.34375 0.6875 0 0.375 0.6875 0 0 2 386 -419 
717 0.375 0.6875 0 0.40625 0.6875 0 0 2 419 -452 
718 0.40625 0.6875 0 0.4375 0.6875 0 0 2 452 -485 
719 0.4375 0.6875 0 0.46875 0.6875 0 0 2 485 -518 
720 0.46875 0.6875 0 0.5 0.6875 0 0 2 518 -551 
721 0.5 0.6875 0 0.53125 0.6875 0 0 2 551 -584 
722 0.53125 0.6875 0 0.5625 0.6875 0 0 2 584 -617 
723 0.5625 0.6875 0 0.59375 0.6875 0 0 2 617 -650 
724 0.59375 0.6875 0 0.625 0.6875 0 0 2 650 -683 
725 0.625 0.6875 0 0.65625 0.6875 0 0 2 683 -716 
726 0.65625 0.6875 0 0.6875 0.6875 0 0 2 716 -749 
727 0.6875 0.6875 0 0.71875 0.6875 0 0 2 749 -782 
728 0.71875 0.6875 0 0.75 0.6875 0 0 2 782 -815 
729 0.75 0.6875 0 0.78125 0.6875 0 0 2 815 -848 
730 0.78125 0.6875 0 0.8125 0.6875 0 0 2 848 -881 
731 0.8125 0.6875 0 0.84375 0.6875 0 0 2 881 -914 
732 0.84375 0.6875 0 0.875 0.6875 0 0 2 914 -947 
733 0.875 0.6875 0 0.90625 0.6875 0 0 2 947 -980 
734 0.90625 0.6875 0 0.9375 0.6875 0 0 2 980 -1013 
735 0.9375 0.6875 0 0.96875 0.6875 0 0 2 1013 -1046 
736 0.96875 0.6875 0 1 0.6875 0 0 2 1046 -1079 
737 0 0.71875 0 0.03125 0.71875 0 0 2 24 -57 
738 0.03125 0.71875 0 0.0625 0.71875 0 0 2 57 -90 
739 0.0625 0.71875 0 0.09375 0.71875 0 0 2 90 -123 
740 0.09375 0.71875 0 0.125 0.71875 0 0 2 123 -156 
741 0.125 0.71875 0 0.15625 0.71875 0 0 2 156 -189 
742 0.15625 0.71875 0 0.1875 0.71875 0 0 2 189 -222 
743 0.1875 0.71875 0 0.21875 0.71875 0 0 2 222 -255 
744 0.21875 0.71875 0 0.25 0.71875 0 0 2 255 -288 
745 0.25 0.71875 0 0.28125 0.71875 0 0 2 288 -321 
746 0.28125 0.71875 0 0.3125 0.71875 0 0 2 321 -354 
747 0.3125 0.71875 0 0.34375 0.71875 0 0 2 354 -387 
748 0.34375 0.71875 0 0.375 0.71875 0 0 2 387 -420 
749 0.375 0.71875 0 0.40625 0.71875 0 0 2 420 -453 
750 0.40625 0.71875 0 0.4375 0.71875 0 0 2 453 -486 
751 0.4375 0.71875 0 0.46875 0.71875 0 0 2 486 -519 
752 0.46875 0.71875 0 0.5 0.71875 0 0 2 519 -552 
753 0.5 0.71875 0 0.53125 0.71875 0 0 2 552 -585 
754 0.53125 0.71875 0 0.5625 0.71875 0 0 2 585 -618 
755 0.5625 0.71875 0 0.59375 0.71875 0 0 2 618 -651 
756 0.59375 0.71875 0 0.625 0.71875 0 0 2 651 -684 
757 0.625 0.71875 0 0.65625 0.71875 0 0 2 684 -717 
758 0.65625 0.71875 0 0.6875 0.71875 0 0 2 717 -750 
759 0.6875 0.71875 0 0.71875 0.71875 0 0 2 750 -783 
760 0.71875 0.71875 0 0.75 0.71875 0 0 2 783 -816 
761 0.75 0.71875 0 0.78125 0.71875 0 0 2 816 -849 
762 0.78125 0.71875 0 0.8125 0.71875 0 0 2 849 -882 
763 0.8125 0.71875 0 0.84375 0.71875 0 0 2 882 -915 
764 0.84375 0.71875 0 0.875 0.71875 0 0 2 915 -948 
765 0.875 0.71875 0 0.90625 0.71875 0 0 2 948 -981 
766 0.90625 0.71875 0 0.9375 0.71875 0 0 2 981 -1014 
767 0.9375 0.71875 0 0.96875 0.71875 0 0 2 1014 -1047 
768 0.96875 0.71875 0 1 0.71875 0 0 2 1047 -1080 
769 0 0.75 0 0.03125 0.75 0 0 2 25 -58 
770 0.03125 0.75 0 0.0625 0.75 0 0 2 58 -91 
771 0.0625 0.75 0 0.09375 0.75 0 0 2 91 -124 
772 0.09375 0.75 0 0.125 0.75 0 0 2 124 -157 
773 0.125 0.75 0 0.15625 0.75 0 0 2 157 -190 
774 0.15625 0.75 0 0.1875 0.75 0 0 2 190 -223 
775 0.1875 0.75 0 0.21875 0.75 0 0 2 223 -256 
776 0.21875 0.75 0 0.25 0.75 0 0 2 256 -289 
777 0.25 0.75 0 0.28125 0.75 0 0 2 289 -322 
778 0.28125 0.75 0 0.3125 0.75 0 0 2 322 -355 
779 0.3125 0.75 0 0.34375 0.75 0 0 2 355 -388 
780 0.34375 0.75 0 0.375 0.75 0 0 2 388 -421 
781 0.375 0.75 0 0.40625 0.75 0 0 2 421 -454 
782 0.40625 0.75 0 0.4375 0.75 0 0 2 454 -487 
783 0.4375 0.75 0 0.46875 0.75 0 0 2 487 -520 
784 0.46875 0.75 0 0.5 0.75 0 0 2 520 -553 
785 0.5 0.75 0 0.53125 0.75 0 0 2 553 -586 
786 0.53125 0.75 0 0.5625 0.75 0 0 2 586 -619 
787 0.5625 0.75 0 0.59375 0.75 0 0 2 619 -652 
788 0.59375 0.75 0 0.625 0.75 0 0 2 652 -685 
789 0.625 0.75 0 0.65625 0.75 0 0 2 685 -718 
790 0.65625 0.75 0 0.6875 0.75 0 0 2 718 -751 
791 0.6875 0.75 0 0.71875 0.75 0 0 2 751 -784 
792 0.71875 0.75 0 0.75 0.75 0 0 2 784 -817 
793 0.75 0.75 0 0.78125 0.75 0 0 2 817 -850 
794 0.78125 0.75 0 0.8125 0.75 0 0 2 850 -883 
795 0.8125 0.75 0 0.84375 0.75 0 0 2 883 -916 
796 0.84375 0.75 0 0.875 0.75 0 0 2 916 -949 
797 0.875 0.75 0 0.90625 0.75 0 0 2 949 -982 
798 0.90625 0.75 0 0.9375 0.75 0 0 2 982 -1015 
799 0.9375 0.75 0 0.96875 0.75 0 0 2 1015 -1048 
800 0.96875 0.75 0 1 0.75 0 0 2 1048 -1081 
801 0 0.78125 0 0.03125 0.78125 0 0 2 26 -59 
802 0.03125 0.78125 0 0.0625 0.78125 0 0 2 59 -92 
803 0.0625 0.78125 0 0.09375 0.78125 0 0 2 92 -125 
804 0.09375 0.78125 0 0.125 0.78125 0 0 2 125 -158 
805 0.125 0.78125 0 0.15625 0.78125 0 0 2 158 -191 
806 0.15625 0.78125 0 0.1875 0.78125 0 0 2 191 -224 
807 0.1875 0.78125 0 0.21875 0.78125 0 0 2 224 -257 
808 0.21875 0.78125 0 0.25 0.78125 0 0 2 257 -290 
809 0.25 0.78125 0 0.28125 0.78125 0 0 2 290 -323 
810 0.28125 0.78125 0 0.3125 0.78125 0 0 2 323 -356 
811 0.3125 0.78125 0 0.34375 0.78125 0 0 2 356 -389 
812 0.34375 0.78125 0 0.375 0.78125 0 0 2 389 -422 
813 0.375 0.78125 0 0.40625 0.78125 0 0 2 422 -455 
814 0.40625 0.78125 0 0.4375 0.78125 0 0 2 455 -488 
815 0.4375 0.78125 0 0.46875 0.78125 0 0 2 488 -521 
816 0.46875 0.78125 0 0.5 0.78125 0 0 2 521 -554 
817 0.5 0.78125 0 0.53125 0.78125 0 0 2 554 -587 
818 0.53125 0.78125 0 0.5625 0.78125 0 0 2 587 -620 
819 0.5625 0.78125 0 0.59375 0.78125 0 0 2 620 -653 
820 0.59375 0.78125 0 0.625 0.78125 0 0 2 653 -686 
821 0.625 0.78125 0 0.65625 0.78125 0 0 2 686 -719 
822 0.65625 0.78125 0 0.6875 0.78125 0 0 2 719 -752 
823 0.6875 0.78125 0 0.71875 0.78125 0 0 2 752 -785 
824 0.71875 0.78125 0 0.75 0.78125 0 0 2 785 -818 
825 0.75 0.78125 0 0.78125 0.78125 0 0 2 818 -851 
826 0.78125 0.78125 0 0.8125 0.78125 0 0 2 851 -884 
827 0.8125 0.78125 0 0.84375 0.78125 0 0 2 884 -917 
828 0.84375 0.78125 0 0.875 0.78125 0 0 2 917 -950 
829 0.875 0.78125 0 0.90625 0.78125 0 0 2 950 -983 
830 0.90625 0.78125 0 0.9375 0.78125 0 0 2 983 -1016 
831 0.9375 0.78125 0 0.96875 0.78125 0 0 2 1016 -1049 
832 0.96875 0.78125 0 1 0.78125 0 0 2 1049 -1082 
833 0 0.8125 0 0.03125 0.8125 0 0 2 27 -60 
834 0.03125 0.8125 0 0.0625 0.8125 0 0 2 60 -93 
835 0.0625 0.8125 0 0.09375 0.8125 0 0 2 93 -126 
836 0.09375 0.8125 0 0.125 0.8125 0 0 2 126 -159 
837 0.125 0.8125 0 0.15625 0.8125 0 0 2 159 -192 
838 0.15625 0.8125 0 0.1875 0.8125 0 0 2 192 -225 
839 0.1875 0.8125 0 0.21875 0.8125 0 0 2 225 -258 
840 0.21875 0.8125 0 0.25 0.8125 0 0 2 258 -291 
841 0.25 0.8125 0 0.28125 0.8125 0 0 2 291 -324 
842 0.28125 0.8125 0 0.3125 0.8125 0 0 2 324 -357 
843 0.3125 0.8125 0 0.34375 0.8125 0 0 2 357 -390 
844 0.34375 0.8125 0 0.375 0.8125 0 0 2 390 -423 
845 0.375 0.8125 0 0.40625 0.8125 0 0 2 423 -456 
846 0.40625 0.8125 0 0.4375 0.8125 0 0 2 456 -489 
847 0.4375 0.8125 0 0.46875 0.8125 0 0 2 489 -522 
848 0.46875 0.8125 0 0.5 0.8125 0 0 2 522 -555 
849 0.5 0.8125 0 0.53125 0.8125 0 0 2 555 -588 
850 0.53125 0.8125 0 0.5625 0.8125 0 0 2 588 -621 
851 0.5625 0.8125 0 0.59375 0.8125 0 0 2 621 -654 
852 0.59375 0.8125 0 0.625 0.8125 0 0 2 654 -687 
853 0.625 0.8125 0 0.65625 0.8125 0 0 2 687 -720 
854 0.65625 0.8125 0 0.6875 0.8125 0 0 2 720 -753 
855 0.6875 0.8125 0 0.71875 0.8125 0 0 2 753 -786 
856 0.71875 0.8125 0 0.75 0.8125 0 0 2 786 -819 
857 0.75 0.8125 0 0.78125 0.8125 0 0 2 819 -852 
858 0.78125 0.8125 0 0.8125 0.8125 0 0 2 852 -885 
859 0.8125 0.8125 0 0.84375 0.8125 0 0 2 885 -918 
860 0.84375 0.8125 0 0.875 0.8125 0 0 2 918 -951 
861 0.875 0.8125 0 0.90625 0.8125 0 0 2 951 -984 
862 0.90625 0.8125 0 0.9375 0.8125 0 0 2 984 -1017 
863 0.9375 0.8125 0 0.96875 0.8125 0 0 2 1017 -1050 
864 0.96875 0.8125 0 1 0.8125 0 0 2 1050 -1083 
865 0 0.84375 0 0.03125 0.84375 0 0 2 28 -61 
866 0.03125 0.84375 0 0.0625 0.84375 0 0 2 61 -94 
867 0.0625 0.84375 0 0.09375 0.84375 0 0 2 94 -127 
868 0.09375 0.84375 0 0.125 0.84375 0 0 2 127 -160 
869 0.125 0.84375 0 0.15625 0.84375 0 0 2 160 -193 
870 0.15625 0.84375 0 0.1875 0.84375 0 0 2 193 -226 
871 0.1875 0.84375 0 0.21875 0.84375 0 0 2 226 -259 
872 0.21875 0.84375 0 0.25 0.84375 0 0 2 259 -292 
873 0.25 0.84375 0 0.28125 0.84375 0 0 2 292 -325 
874 0.28125 0.84375 0 0.3125 0.84375 0 0 2 325 -358 
875 0.3125 0.84375 0 0.34375 0.84375 0 0 2 358 -391 
876 0.34375 0.84375 0 0.375 0.84375 0 0 2 391 -424 
877 0.375 0.84375 0 0.40625 0.84375 0 0 2 424 -457 
878 0.40625 0.84375 0 0.4375 0.84375 0 0 2 457 -490 
879 0.4375 0.84375 0 0.46875 0.84375 0 0 2 490 -523 
880 0.46875 0.84375 0 0.5 0.84375 0 0 2 523 -556 
881 0.5 0.84375 0 0.53125 0.84375 0 0 2 556 -589 
882 0.53125 0.84375 0 0.5625 0.84375 0 0 2 589 -622 
883 0.5625 0.84375 0 0.59375 0.84375 0 0 2 622 -655 
884 0.59375 0.84375 0 0.625 0.84375 0 0 2 655 -688 
885 0.625 0.84375 0 0.65625 0.84375 0 0 2 688 -721 
886 0.65625 0.84375 0 0.6875 0.84375 0 0 2 721 -754 
887 0.6875 0.84375 0 0.71875 0.84375 0 0 2 754 -787 
888 0.71875 0.84375 0 0.75 0.84375 0 0 2 787 -820 
889 0.75 0.84375 0 0.78125 0.84375 0 0 2 820 -853 
890 0.78125 0.84375 0 0.8125 0.84375 0 0 2 853 -886 
891 0.8125 0.84375 0 0.84375 0.84375 0 0 2 886 -919 
892 0.84375 0.84375 0 0.875 0.84375 0 0 2 919 -952 
893 0.875 0.84375 0 0.90625 0.84375 0 0 2 952 -985 
894 0.90625 0.84375 0 0.9375 0.84375 0 0 2 985 -1018 
895 0.9375 0.84375 0 0.96875 0.84375 0 0 2 1018 -1051 
896 0.96875 0.84375 0 1 0.84375 0 0 2 1051 -1084 
897 0 0.875 0 0.03125 0.875 0 0 2 29 -62 
898 0.03125 0.875 0 0.0625 0.875 0 0 2 62 -95 
899 0.0625 0.875 0 0.09375 0.875 0 0 2 95 -128 
900 0.09375 0.875 0 0.125 0.875 0 0 2 128 -161 
901 0.125 0.875 0 0.15625 0.875 0 0 2 161 -194 
902 0.15625 0.875 0 0.1875 0.875 0 0 2 194 -227 
903 0.1875 0.875 0 0.21875 0.875 0 0 2 227 -260 
904 0.21875 0.875 0 0.25 0.875 0 0 2 260 -293 
905 0.25 0.875 0 0.28125 0.875 0 0 2 293 -326 
906 0.28125 0.875 0 0.3125 0.875 0 0 2 326 -359 
907 0.3125 0.875 0 0.34375 0.875 0 0 2 359 -392 
908 0.34375 0.875 0 0.375 0.875 0 0 2 392 -425 
909 0.375 0.875 0 0.40625 0.875 0 0 2 425 -458 
910 0.40625 0.875 0 0.4375 0.875 0 0 2 458 -491 
911 0.4375 0.875 0 0.46875 0.875 0 0 2 491 -524 
912 0.46875 0.875 0 0.5 0.875 0 0 2 524 -557 
913 0.5 0.875 0 0.53125 0.875 0 0 2 557 -590 
914 0.53125 0.875 0 0.5625 0.875 0 0 2 590 -623 
915 0.5625 0.875 0 0.59375 0.875 0 0 2 623 -656 
916 0.59375 0.875 0 0.625 0.875 0 0 2 656 -689 
917 0.625 0.875 0 0.65625 0.875 0 0 2 689 -722 
918 0.65625 0.875 0 0.6875 0.875 0 0 2 722 -755 
919 0.6875 0.875 0 0.71875 0.875 0 0 2 755 -788 
920 0.71875 0.875 0 0.75 0.875 0 0 2 788 -821 
921 0.75 0.875 0 0.78125 0.875 0 0 2 821 -854 
922 0.78125 0.875 0 0.8125 0.875 0 0 2 854 -887 
923 0.8125 0.875 0 0.84375 0.875 0 0 2 887 -920 
924 0.84375 0.875 0 0.875 0.875 0 0 2 920 -953 
925 0.875 0.875 0 0.90625 0.875 0 0 2 953 -986 
926 0.90625 0.875 0 0.9375 0.875 0 0 2 986 -1019 
927 0.9375 0.875 0 0.96875 0.875 0 0 2 1019 -1052 
928 0.96875 0.875 0 1 0.875 0 0 2 1052 -1085 
929 0 0.90625 0 0.03125 0.90625 0 0 2 30 -63 
930 0.03125 0.90625 0 0.0625 0.90625 0 0 2 63 -96 
931 0.0625 0.90625 0 0.09375 0.90625 0 0 2 96 -129 
932 0.09375 0.90625 0 0.125 0.90625 0 0 2 129 -162 
933 0.125 0.90625 0 0.15625 0.90625 0 0 2 162 -195 
934 0.15625 0.90625 0 0.1875 0.90625 0 0 2 195 -228 
935 0.1875 0.90625 0 0.21875 0.90625 0 0 2 228 -261 
936 0.21875 0.90625 0 0.25 0.90625 0 0 2 261 -294 
937 0.25 0.90625 0 0.28125 0.90625 0 0 2 294 -327 
938 0.28125 0.90625 0 0.3125 0.90625 0 0 2 327 -360 
939 0.3125 0.90625 0 0.34375 0.90625 0 0 2 360 -393 
940 0.34375 0.90625 0 0.375 0.90625 0 0 2 393 -426 
941 0.375 0.90625 0 0.40625 0.90625 0 0 2 426 -459 
942 0.40625 0.90625 0 0.4375 0.90625 0 0 2 459 -492 
943 0.4375 0.90625 0 0.46875 0.90625 0 0 2 492 -525 
944 0.46875 0.90625 0 0.5 0.90625 0 0 2 525 -558 
945 0.5 0.90625 0 0.53125 0.90625 0 0 2 558 -591 
946 0.53125 0.90625 0 0.5625 0.90625 0 0 2 591 -624 
947 0.5625 0.90625 0 0.59375 0.90625 0 0 2 624 -657 
948 0.59375 0.90625 0 0.625 0.90625 0 0 2 657 -690 
949 0.625 0.90625 0 0.65625 0.90625 0 0 2 690 -723 
950 0.65625 0.90625 0 0.6875 0.90625 0 0 2 723 -756 
951 0.6875 0.90625 0 0.71875 0.90625 0 0 2 756 -789 
952 0.71875 0.90625 0 0.75 0.90625 0 0 2 789 -822 
953 0.75 0.90625 0 0.78125 0.90625 0 0 2 822 -855 
954 0.78125 0.90625 0 0.8125 0.90625 0 0 2 855 -888 
955 0.8125 0.90625 0 0.84375 0.90625 0 0 2 888 -921 
956 0.84375 0.90625 0 0.875 0.90625 0 0 2 921 -954 
957 0.875 0.90625 0 0.90625 0.90625 0 0 2 954 -987 
958 0.90625 0.90625 0 0.9375 0.90625 0 0 2 987 -1020 
959 0.9375 0.90625 0 0.96875 0.90625 0 0 2 1020 -1053 
960 0.96875 0.90625 0 1 0.90625 0 0 2 1053 -1086 
961 0 0.9375 0 0.03125 0.9375 0 0 2 31 -64 
962 0.03125 0.9375 0 0.0625 0.9375 0 0 2 64 -97 
963 0.0625 0.9375 0 0.09375 0.9375 0 0 2 97 -130 
964 0.09375 0.9375 0 0.125 0.9375 0 0 2 130 -163 
965 0.125 0.9375 0 0.15625 0.9375 0 0 2 163 -196 
966 0.15625 0.9375 0 0.1875 0.9375 0 0 2 196 -229 
967 0.1875 0.9375 0 0.21875 0.9375 0 0 2 229 -262 
968 0.21875 0.9375 0 0.25 0.9375 0 0 2 262 -295 
969 0.25 0.9375 0 0.28125 0.9375 0 0 2 295 -328 
970 0.28125 0.9375 0 0.3125 0.9375 0 0 2 328 -361 
971 0.3125 0.9375 0 0.34375 0.9375 0 0 2 361 -394 
972 0.34375 0.9375 0 0.375 0.9375 0 0 2 394 -427 
973 0.375 0.9375 0 0.40625 0.9375 0 0 2 427 -460 
974 0.40625 0.9375 0 0.4375 0.9375 0 0 2 460 -493 
975 0.4375 0.9375 0 0.46875 0.9375 0 0 2 493 -526 
976 0.46875 0.9375 0 0.5 0.9375 0 0 2 526 -559 
977 0.5 0.9375 0 0.53125 0.9375 0 0 2 559 -592 
978 0.53125 0.9375 0 0.5625 0.9375 0 0 2 592 -625 
979 0.5625 0.9375 0 0.59375 0.9375 0 0 2 625 -658 
980 0.59375 0.9375 0 0.625 0.9375 0 0 2 658 -691 
981 0.625 0.9375 0 0.65625 0.9375 0 0 2 691 -724 
982 0.65625 0.9375 0 0.6875 0.9375 0 0 2 724 -757 
983 0.6875 0.9375 0 0.71875 0.9375 0 0 2 757 -790 
984 0.71875 0.9375 0 0.75 0.9375 0 0 2 790 -823 
985 0.75 0.9375 0 0.78125 0.9375 0 0 2 823 -856 
986 0.78125 0.9375 0 0.8125 0.9375 0 0 2 856 -889 
987 0.8125 0.9375 0 0.84375 0.9375 0 0 2 889 -922 
988 0.84375 0.9375 0 0.875 0.9375 0 0 2 922 -955 
989 0.875 0.9375 0 0.90625 0.9375 0 0 2 955 -988 
990 0.90625 0.9375 0 0.9375 0.9375 0 0 2 988 -1021 
991 0.9375 0.9375 0 0.96875 0.9375 0 0 2 1021 -1054 
992 0.96875 0.9375 0 1 0.9375 0 0 2 1054 -1087 
993 0 0.96875 0 0.03125 0.96875 0 0 2 32 -65 
994 0.03125 0.96875 0 0.0625 0.96875 0 0 2 65 -98 
995 0.0625 0.96875 0 0.09375 0.96875 0 0 2 98 -131 
996 0.09375 0.96875 0 0.125 0.96875 0 0 2 131 -164 
997 0.125 0.96875 0 0.15625 0.96875 0 0 2 164 -197 
998 0.15625 0.96875 0 0.1875 0.96875 0 0 2 197 -230 
999 0.1875 0.96875 0 0.21875 0.96875 0 0 2 230 -263 
1000 0.21875 0.96875 0 0.25 0.96875 0 0 2 263 -296 
1001 0.25 0.96875 0 0.28125 0.96875 0 0 2 296 -329 
1002 0.28125 0.96875 0 0.3125 0.96875 0 0 2 329 -362 
1003 0.3125 0.96875 0 0.34375 0.96875 0 0 2 362 -395 
1004 0.34375 0.96875 0 0.375 0.96875 0 0 2 395 -428 
1005 0.375 0.96875 0 0.40625 0.96875 0 0 2 428 -461 
1006 0.40625 0.96875 0 0.4375 0.96875 0 0 2 461 -494 
1007 0.4375 0.96875 0 0.46875 0.96875 0 0 2 494 -527 
1008 0.46875 0.96875 0 0.5 0.96875 0 0 2 527 -560 
1009 0.5 0.96875 0 0.53125 0.96875 0 0 2 560 -593 
1010 0.53125 0.96875 0 0.5625 0.96875 0 0 2 593 -626 
1011 0.5625 0.96875 0 0.59375 0.96875 0 0 2 626 -659 
1012 0.59375 0.96875 0 0.625 0.96875 0 0 2 659 -692 
1013 0.625 0.96875 0 0.65625 0.96875 0 0 2 692 -725 
1014 0.65625 0.96875 0 0.6875 0.96875 0 0 2 725 -758 
1015 0.6875 0.96875 0 0.71875 0.96875 0 0 2 758 -791 
1016 0.71875 0.96875 0 0.75 0.96875 0 0 2 791 -824 
1017 0.75 0.96875 0 0.78125 0.96875 0 0 2 824 -857 
1018 0.78125 0.96875 0 0.8125 0.96875 0 0 2 857 -890 
1019 0.8125 0.96875 0 0.84375 0.96875 0 0 2 890 -923 
1020 0.84375 0.96875 0 0.875 0.96875 0 0 2 923 -956 
1021 0.875 0.96875 0 0.90625 0.96875 0 0 2 956 -989 
1022 0.90625 0.96875 0 0.9375 0.96875 0 0 2 989 -1022 
1023 0.9375 0.96875 0 0.96875 0.96875 0 0 2 1022 -1055 
1024 0.96875 0.96875 0 1 0.96875 0 0 2 1055 -1088 
1025 0 1 0 0.03125 1 0 0 2 33 -66 
1026 0.03125 1 0 0.0625 1 0 0 2 66 -99 
1027 0.0625 1 0 0.09375 1 0 0 2 99 -132 
1028 0.09375 1 0 0.125 1 0 0 2 132 -165 
1029 0.125 1 0 0.15625 1 0 0 2 165 -198 
1030 0.15625 1 0 0.1875 1 0 0 2 198 -231 
1031 0.1875 1 0 0.21875 1 0 0 2 231 -264 
1032 0.21875 1 0 0.25 1 0 0 2 264 -297 
1033 0.25 1 0 0.28125 1 0 0 2 297 -330 
1034 0.28125 1 0 0.3125 1 0 0 2 330 -363 
1035 0.3125 1 0 0.34375 1 0 0 2 363 -396 
1036 0.34375 1 0 0.375 1 0 0 2 396 -429 
1037 0.375 1 0 0.40625 1 0 0 2 429 -462 
1038 0.40625 1 0 0.4375 1 0 0 2 462 -495 
1039 0.4375 1 0 0.46875 1 0 0 2 495 -528 
1040 0.46875 1 0 0.5 1 0 0 2 528 -561 
1041 0.5 1 0 0.53125 1 0 0 2 561 -594 
1042 0.53125 1 0 0.5625 1 0 0 2 594 -627 
1043 0.5625 1 0 0.59375 1 0 0 2 627 -660 
1044 0.59375 1 0 0.625 1 0 0 2 660 -693 
1045 0.625 1 0 0.65625 1 0 0 2 693 -726 
1046 0.65625 1 0 0.6875 1 0 0 2 726 -759 
1047 0.6875 1 0 0.71875 1 0 0 2 759 -792 
1048 0.71875 1 0 0.75 1 0 0 2 792 -825 
1049 0.75 1 0 0.78125 1 0 0 2 825 -858 
1050 0.78125 1 0 0.8125 1 0 0 2 858 -891 
1051 0.8125 1 0 0.84375 1 0 0 2 891 -924 
1052 0.84375 1 0 0.875 1 0 0 2 924 -957 
1053 0.875 1 0 0.90625 1 0 0 2 957 -990 
1054 0.90625 1 0 0.9375 1 0 0 2 990 -1023 
1055 0.9375 1 0 0.96875 1 0 0 2 1023 -1056 
1056 0.96875 1 0 1 1 0 0 2 1056 -1089 
1057 0 0 0 0 0.03125 0 0 2 1 -2 
1058 0 0.03125 0 0 0.0625 0 0 2 2 -3 
1059 0 0.0625 0 0 0.09375 0 0 2 3 -4 
1060 0 0.09375 0 0 0.125 0 0 2 4 -5 
1061 0 0.125 0 0 0.15625 0 0 2 5 -6 
1062 0 0.15625 0 0 0.1875 0 0 2 6 -7 
1063 0 0.1875 0 0 0.21875 0 0 2 7 -8 
1064 0 0.21875 0 0 0.25 0 0 2 8 -9 
1065 0 0.25 0 0 0.28125 0 0 2 9 -10 
1066 0 0.28125 0 0 0.3125 0 0 2 10 -11 
1067 0 0.3125 0 0 0.34375 0 0 2 11 -12 
1068 0 0.34375 0 0 0.375 0 0 2 12 -13 
1069 0 0.375 0 0 0.40625 0 0 2 13 -14 
1070 0 0.40625 0 0 0.4375 0 0 2 14 -15 
1071 0 0.4375 0 0 0.46875 0 0 2 15 -16 
1072 0 0.46875 0 0 0.5 0 0 2 16 -17 
1073 0 0.5 0 0 0.53125 0 0 2 17 -18 
1074 0 0.53125 0 0 0.5625 0 0 2 18 -19 
1075 0 0.5625 0 0 0.59375 0 0 2 19 -20 
1076 0 0.59375 0 0 0.625 0 0 2 20 -21 
1077 0 0.625 0 0 0.65625 0 0 2 21 -22 
1078 0 0.65625 0 0 0.6875 0 0 2 22 -23 
1079 0 0.6875 0 0 0.71875 0 0 2 23 -24 
1080 0 0.71875 0 0 0.75 0 0 2 24 -25 
1081 0 0.75 0 0 0.78125 0 0 2 25 -26 
1082 0 0.78125 0 0 0.8125 0 0 2 26 -27 
1083 0 0.8125 0 0 0.84375 0 0 2 27 -28 
1084 0 0.84375 0 0 0.875 0 0 2 28 -29 
1085 0 0.875 0 0 0.90625 0 0 2 29 -30 
1086 0 0.90625 0 0 0.9375 0 0 2 30 -31 
1087 0 0.9375 0 0 0.96875 0 0 2 31 -32 
1088 0 0.96875 0 0 1 0 0 2 32 -33 
1089 0.03125 0 0 0.03125 0.03125 0 0 2 34 -35 
1090 0.03125 0.03125 0 0.03125 0.0625 0 0 2 35 -36 
1091 0.03125 0.0625 0 0.03125 0.09375 0 0 2 36 -37 
1092 0.03125 0.09375 0 0.03125 0.125 0 0 2 37 -38 
1093 0.03125 0.125 0 0.03125 0.15625 0 0 2 38 -39 
1094 0.03125 0.15625 0 0.03125 0.1875 0 0 2 39 -40 
1095 0.03125 0.1875 0 0.03125 0.21875 0 0 2 40 -41 
1096 0.03125 0.21875 0 0.03125 0.25 0 0 2 41 -42 
1097 0.03125 0.25 0 0.03125 0.28125 0 0 2 42 -43 
1098 0.03125 0.28125 0 0.03125 0.3125 0 0 2 43 -44 
1099 0.03125 0.3125 0 0.03125 0.34375 0 0 2 44 -45 
1100 0.03125 0.34375 0 0.03125 0.375 0 0 2 45 -46 
1101 0.03125 0.375 0 0.03125 0.40625 0 0 2 46 -47 
1102 0.03125 0.40625 0 0.03125 0.4375 0 0 2 47 -48 
1103 0.03125 0.4375 0 0.03125 0.46875 0 0 2 48 -49 
1104 0.03125 0.46875 0 0.03125 0.5 0 0 2 49 -50 
1105 0.03125 0.5 0 0.03125 0.53125 0 0 2 50 -51 
1106 0.03125 0.53125 0 0.03125 0.5625 0 0 2 51 -52 
1107 0.03125 0.5625 0 0.03125 0.59375 0 0 2 52 -53 
1108 0.03125 0.59375 0 0.03125 0.625 0 0 2 53 -54 
1109 0.03125 0.625 0 0.03125 0.65625 0 0 2 54 -55 
1110 0.03125 0.65625 0 0.03125 0.6875 0 0 2 55 -56 
1111 0.03125 0.6875 0 0.03125 0.71875 0 0 2 56 -57 
1112 0.03125 0.71875 0 0.03125 0.75 0 0 2 57 -58 
1113 0.03125 0.75 0 0.03125 0.78125 0 0 2 58 -59 
1114 0.03125 0.78125 0 0.03125 0.8125 0 0 2 59 -60 
1115 0.03125 0.8125 0 0.03125 0.84375 0 0 2 60 -61 
1116 0.03125 0.84375 0 0.03125 0.875 0 0 2 61 -62 
1117 0.03125 0.875 0 0.03125 0.90625 0 0 2 62 -63 
1118 0.03125 0.90625 0 0.03125 0.9375 0 0 2 63 -64 
1119 0.03125 0.9375 0 0.03125 0.96875 0 0 2 64 -65 
1120 0.03125 0.96875 0 0.03125 1 0 0 2 65 -66 
1121 0.0625 0 0 0.0625 0.03125 0 0 2 67 -68 
1122 0.0625 0.03125 0 0.0625 0.0625 0 0 2 68 -69 
1123 0.0625 0.0625 0 0.0625 0.09375 0 0 2 69 -70 
1124 0.0625 0.09375 0 0.0625 0.125 0 0 2 70 -71 
1125 0.0625 0.125 0 0.0625 0.15625 0 0 2 71 -72 
1126 0.0625 0.15625 0 0.0625 0.1875 0 0 2 72 -73 
1127 0.0625 0.1875 0 0.0625 0.21875 0 0 2 73 -74 
1128 0.0625 0.21875 0 0.0625 0.25 0 0 2 74 -75 
1129 0.0625 0.25 0 0.0625 0.28125 0 0 2 75 -76 
1130 0.0625 0.28125 0 0.0625 0.3125 0 0 2 76 -77 
1131 0.0625 0.3125 0 0.0625 0.34375 0 0 2 77 -78 
1132 0.0625 0.34375 0 0.0625 0.375 0 0 2 78 -79 
1133 0.0625 0.375 0 0.0625 0.40625 0 0 2 79 -80 
1134 0.0625 0.40625 0 0.0625 0.4375 0 0 2 80 -81 
1135 0.0625 0.4375 0 0.0625 0.46875 0 0 2 81 -82 
1136 0.0625 0.46875 0 0.0625 0.5 0 0 2 82 -83 
1137 0.0625 0.5 0 0.0625 0.53125 0 0 2 83 -84 
1138 0.0625 0.53125 0 0.0625 0.5625 0 0 2 84 -85 
1139 0.0625 0.5625 0 0.0625 0.59375 0 0 2 85 -86 
1140 0.0625 0.59375 0 0.0625 0.625 0 0 2 86 -87 
1141 0.0625 0.625 0 0.0625 0.65625 0 0 2 87 -88 
1142 0.0625 0.65625 0 0.0625 0.6875 0 0 2 88 -89 
1143 0.0625 0.6875 0 0.0625 0.71875 0 0 2 89 -90 
1144 0.0625 0.71875 0 0.0625 0.75 0 0 2 90 -91 
1145 0.0625 0.75 0 0.0625 0.78125 0 0 2 91 -92 
1146 0.0625 0.78125 0 0.0625 0.8125 0 0 2 92 -93 
1147 0.0625 0.8125 0 0.0625 0.84375 0 0 2 93 -94 
1148 0.0625 0.84375 0 0.0625 0.875 0 0 2 94 -95 
1149 0.0625 0.875 0 0.0625 0.90625 0 0 2 95 -96 
1150 0.0625 0.90625 0 0.0625 0.9375 0 0 2 96 -97 
1151 0.0625 0.9375 0 0.0625 0.96875 0 0 2 97 -98 
1152 0.0625 0.96875 0 0.0625 1 0 0 2 98 -99 
1153 0.09375 0 0 0.09375 0.03125 0 0 2 100 -101 
1154 0.09375 0.03125 0 0.09375 0.0625 0 0 2 101 -102 
1155 0.09375 0.0625 0 0.09375 0.09375 0 0 2 102 -103 
1156 0.09375 0.09375 0 0.09375 0.125 0 0 2 103 -104 
1157 0.09375 0.125 0 0.09375 0.15625 0 0 2 104 -105 
1158 0.09375 0.15625 0 0.09375 0.1875 0 0 2 105 -106 
1159 0.09375 0.1875 0 0.09375 0.21875 0 0 2 106 -107 
1160 0.09375 0.21875 0 0.09375 0.25 0 0 2 107 -108 
1161 0.09375 0.25 0 0.09375 0.28125 0 0 2 108 -109 
1162 0.09375 0.28125 0 0.09375 0.3125 0 0 2 109 -110 
1163 0.09375 0.3125 0 0.09375 0.34375 0 0 2 110 -111 
1164 0.09375 0.34375 0 0.09375 0.375 0 0 2 111 -112 
1165 0.09375 0.375 0 0.09375 0.40625 0 0 2 112 -113 
1166 0.09375 0.40625 0 0.09375 0.4375 0 0 2 113 -114 
1167 0.09375 0.4375 0 0.09375 0.46875 0 0 2 114 -115 
1168 0.09375 0.46875 0 0.09375 0.5 0 0 2 115 -116 
1169 0.09375 0.5 0 0.09375 0.53125 0 0 2 116 -117 
1170 0.09375 0.53125 0 0.09375 0.5625 0 0 2 117 -118 
1171 0.09375 0.5625 0 0.09375 0.59375 0 0 2 118 -119 
1172 0.09375 0.59375 0 0.09375 0.625 0 0 2 119 -120 
1173 0.09375 0.625 0 0.09375 0.65625 0 0 2 120 -121 
1174 0.09375 0.65625 0 0.09375 0.6875 0 0 2 121 -122 
1175 0.09375 0.6875 0 0.09375 0.71875 0 0 2 122 -123 
1176 0.09375 0.71875 0 0.09375 0.75 0 0 2 123 -124 
1177 0.09375 0.75 0 0.09375 0.78125 0 0 2 124 -125 
1178 0.09375 0.78125 0 0.09375 0.8125 0 0 2 125 -126 
1179 0.09375 0.8125 0 0.09375 0.84375 0 0 2 126 -127 
1180 0.09375 0.84375 0 0.09375 0.875 0 0 2 127 -128 
1181 0.09375 0.875 0 0.09375 0.90625 0 0 2 128 -129 
1182 0.09375 0.90625 0 0.09375 0.9375 0 0 2 129 -130 
1183 0.09375 0.9375 0 0.09375 0.96875 0 0 2 130 -131 
1184 0.09375 0.96875 0 0.09375 1 0 0 2 131 -132 
1185 0.125 0 0 0.125 0.03125 0 0 2 133 -134 
1186 0.125 0.03125 0 0.125 0.0625 0 0 2 134 -135 
1187 0.125 0.0625 0 0.125 0.09375 0 0 2 135 -136 
1188 0.125 0.09375 0 0.125 0.125 0 0 2 136 -137 
1189 0.125 0.125 0 0.125 0.15625 0 0 2 137 -138 
1190 0.125 0.15625 0 0.125 0.1875 0 0 2 138 -139 
1191 0.125 0.1875 0 0.125 0.21875 0 0 2 139 -140 
1192 0.125 0.21875 0 0.125 0.25 0 0 2 140 -141 
1193 0.125 0.25 0 0.125 0.28125 0 0 2 141 -142 
1194 0.125 0.28125 0 0.125 0.3125 0 0 2 142 -143 
1195 0.125 0.3125 0 0.125 0.34375 0 0 2 143 -144 
1196 0.125 0.34375 0 0.125 0.375 0 0 2 144 -145 
1197 0.125 0.375 0 0.125 0.40625 0 0 2 145 -146 
1198 0.125 0.40625 0 0.125 0.4375 0 0 2 146 -147 
1199 0.125 0.4375 0 0.125 0.46875 0 0 2 147 -148 
1200 0.125 0.46875 0 0.125 0.5 0 0 2 148 -149 
1201 0.125 0.5 0 0.125 0.53125 0 0 2 149 -150 
1202 0.125 0.53125 0 0.125 0.5625 0 0 2 150 -151 
1203 0.125 0.5625 0 0.125 0.59375 0 0 2 151 -152 
1204 0.125 0.59375 0 0.125 0.625 0 0 2 152 -153 
1205 0.125 0.625 0 0.125 0.65625 0 0 2 153 -154 
1206 0.125 0.65625 0 0.125 0.6875 0 0 2 154 -155 
1207 0.125 0.6875 0 0.125 0.71875 0 0 2 155 -156 
1208 0.125 0.71875 0 0.125 0.75 0 0 2 156 -157 
1209 0.125 0.75 0 0.125 0.78125 0 0 2 157 -158 
1210 0.125 0.78125 0 0.125 0.8125 0 0 2 158 -159 
1211 0.125 0.8125 0 0.125 0.84375 0 0 2 159 -160 
1212 0.125 0.84375 0 0.125 0.875 0 0 2 160 -161 
1213 0.125 0.875 0 0.125 0.90625 0 0 2 161 -162 
1214 0.125 0.90625 0 0.125 0.9375 0 0 2 162 -163 
1215 0.125 0.9375 0 0.125 0.96875 0 0 2 163 -164 
1216 0.125 0.96875 0 0.125 1 0 0 2 164 -165 
1217 0.15625 0 0 0.15625 0.03125 0 0 2 166 -167 
1218 0.15625 0.03125 0 0.15625 0.0625 0 0 2 167 -168 
1219 0.15625 0.0625 0 0.15625 0.09375 0 0 2 168 -169 
1220 0.15625 0.09375 0 0.15625 0.125 0 0 2 169 -170 
1221 0.15625 0.125 0 0.15625 0.15625 0 0 2 170 -171 
1222 0.15625 0.15625 0 0.15625 0.1875 0 0 2 171 -172 
1223 0.15625 0.1875 0 0.15625 0.21875 0 0 2 172 -173 
1224 0.15625 0.21875 0 0.15625 0.25 0 0 2 173 -174 
1225 0.15625 0.25 0 0.15625 0.28125 0 0 2 174 -175 
1226 0.15625 0.28125 0 0.15625 0.3125 0 0 2 175 -176 
1227 0.15625 0.3125 0 0.15625 0.34375 0 0 2 176 -177 
1228 0.15625 0.34375 0 0.15625 0.375 0 0 2 177 -178 
1229 0.15625 0.375 0 0.15625 0.40625 0 0 2 178 -179 
1230 0.15625 0.40625 0 0.15625 0.4375 0 0 2 179 -180 
1231 0.15625 0.4375 0 0.15625 0.46875 0 0 2 180 -181 
1232 0.15625 0.46875 0 0.15625 0.5 0 0 2 181 -182 
1233 0.15625 0.5 0 0.15625 0.53125 0 0 2 182 -183 
1234 0.15625 0.53125 0 0.15625 0.5625 0 0 2 183 -184 
1235 0.15625 0.5625 0 0.15625 0.59375 0 0 2 184 -185 
1236 0.15625 0.59375 0 0.15625 0.625 0 0 2 185 -186 
1237 0.15625 0.625 0 0.15625 0.65625 0 0 2 186 -187 
1238 0.15625 0.65625 0 0.15625 0.6875 0 0 2 187 -188 
1239 0.15625 0.6875 0 0.15625 0.71875 0 0 2 188 -189 
1240 0.15625 0.71875 0 0.15625 0.75 0 0 2 189 -190 
1241 0.15625 0.75 0 0.15625 0.78125 0 0 2 190 -191 
1242 0.15625 0.78125 0 0.15625 0.8125 0 0 2 191 -192 
1243 0.15625 0.8125 0 0.15625 0.84375 0 0 2 192 -193 
1244 0.15625 0.84375 0 0.15625 0.875 0 0 2 193 -194 
1245 0.15625 0.875 0 0.15625 0.90625 0 0 2 194 -195 
1246 0.15625 0.90625 0 0.15625 0.9375 0 0 2 195 -196 
1247 0.15625 0.9375 0 0.15625 0.96875 0 0 2 196 -197 
1248 0.15625 0.96875 0 0.15625 1 0 0 2 197 -198 
1249 0.1875 0 0 0.1875 0.03125 0 0 2 199 -200 
1250 0.1875 0.03125 0 0.1875 0.0625 0 0 2 200 -201 
1251 0.1875 0.0625 0 0.1875 0.09375 0 0 2 201 -202 
1252 0.1875 0.09375 0 0.1875 0.125 0 0 2 202 -203 
1253 0.1875 0.125 0 0.1875 0.15625 0 0 2 203 -204 
1254 0.1875 0.15625 0 0.1875 0.1875 0 0 2 204 -205 
1255 0.1875 0.1875 0 0.1875 0.21875 0 0 2 205 -206 
1256 0.1875 0.21875 0 0.1875 0.25 0 0 2 206 -207 
1257 0.1875 0.25 0 0.1875 0.28125 0 0 2 207 -208 
1258 0.1875 0.28125 0 0.1875 0.3125 0 0 2 208 -209 
1259 0.1875 0.3125 0 0.1875 0.34375 0 0 2 209 -210 
1260 0.1875 0.34375 0 0.1875 0.375 0 0 2 210 -211 
1261 0.1875 0.375 0 0.1875 0.40625 0 0 2 211 -212 
1262 0.1875 0.40625 0 0.1875 0.4375 0 0 2 212 -213 
1263 0.1875 0.4375 0 0.1875 0.46875 0 0 2 213 -214 
1264 0.1875 0.46875 0 0.1875 0.5 0 0 2 214 -215 
1265 0.1875 0.5 0 0.1875 0.53125 0 0 2 215 -216 
1266 0.1875 0.53125 0 0.1875 0.5625 0 0 2 216 -217 
1267 0.1875 0.5625 0 0.1875 0.59375 0 0 2 217 -218 
1268 0.1875 0.59375 0 0.1875 0.625 0 0 2 218 -219 
1269 0.1875 0.625 0 0.1875 0.65625 0 0 2 219 -220 
1270 0.1875 0.65625 0 0.1875 0.6875 0 0 2 220 -221 
1271 0.1875 0.6875 0 0.1875 0.71875 0 0 2 221 -222 
1272 0.1875 0.71875 0 0.1875 0.75 0 0 2 222 -223 
1273 0.1875 0.75 0 0.1875 0.78125 0 0 2 223 -224 
1274 0.1875 0.78125 0 0.1875 0.8125 0 0 2 224 -225 
1275 0.1875 0.8125 0 0.1875 0.84375 0 0 2 225 -226 
1276 0.1875 0.84375 0 0.1875 0.875 0 0 2 226 -227 
1277 0.1875 0.875 0 0.1875 0.90625 0 0 2 227 -228 
1278 0.1875 0.90625 0 0.1875 0.9375 0 0 2 228 -229 
1279 0.1875 0.9375 0 0.1875 0.96875 0 0 2 229 -230 
1280 0.1875 0.96875 0 0.1875 1 0 0 2 230 -231 
1281 0.21875 0 0 0.21875 0.03125 0 0 2 232 -233 
1282 0.21875 0.03125 0 0.21875 0.0625 0 0 2 233 -234 
1283 0.21875 0.0625 0 0.21875 0.09375 0 0 2 234 -235 
1284 0.21875 0.09375 0 0.21875 0.125 0 0 2 235 -236 
1285 0.21875 0.125 0 0.21875 0.15625 0 0 2 236 -237 
1286 0.21875 0.15625 0 0.21875 0.1875 0 0 2 237 -238 
1287 0.21875 0.1875 0 0.21875 0.21875 0 0 2 238 -239 
1288 0.21875 0.21875 0 0.21875 0.25 0 0 2 239 -240 
1289 0.21875 0.25 0 0.21875 0.28125 0 0 2 240 -241 
1290 0.21875 0.28125 0 0.21875 0.3125 0 0 2 241 -242 
1291 0.21875 0.3125 0 0.21875 0.34375 0 0 2 242 -243 
1292 0.21875 0.34375 0 0.21875 0.375 0 0 2 243 -244 
1293 0.21875 0.375 0 0.21875 0.40625 0 0 2 244 -245 
1294 0.21875 0.40625 0 0.21875 0.4375 0 0 2 245 -246 
1295 0.21875 0.4375 0 0.21875 0.46875 0 0 2 246 -247 
1296 0.21875 0.46875 0 0.21875 0.5 0 0 2 247 -248 
1297 0.21875 0.5 0 0.21875 0.53125 0 0 2 248 -249 
1298 0.21875 0.53125 0 0.21875 0.5625 0 0 2 249 -250 
1299 0.21875 0.5625 0 0.21875 0.59375 0 0 2 250 -251 
1300 0.21875 0.59375 0 0.21875 0.625 0 0 2 251 -252 
1301 0.21875 0.625 0 0.21875 0.65625 0 0 2 252 -253 
1302 0.21875 0.65625 0 0.21875 0.6875 0 0 2 253 -254 
1303 0.21875 0.6875 0 0.21875 0.71875 0 0 2 254 -255 
1304 0.21875 0.71875 0 0.21875 0.75 0 0 2 255 -256 
1305 0.21875 0.75 0 0.21875 0.78125 0 0 2 256 -257 
1306 0.21875 0.78125 0 0.21875 0.8125 0 0 2 257 -258 
1307 0.21875 0.8125 0 0.21875 0.84375 0 0 2 258 -259 
1308 0.21875 0.84375 0 0.21875 0.875 0 0 2 259 -260 
1309 0.21875 0.875 0 0.21875 0.90625 0 0 2 260 -261 
1310 0.21875 0.90625 0 0.21875 0.9375 0 0 2 261 -262 
1311 0.21875 0.9375 0 0.21875 0.96875 0 0 2 262 -263 
1312 0.21875 0.96875 0 0.21875 1 0 0 2 263 -264 
1313 0.25 0 0 0.25 0.03125 0 0 2 265 -266 
1314 0.25 0.03125 0 0.25 0.0625 0 0 2 266 -267 
1315 0.25 0.0625 0 0.25 0.09375 0 0 2 267 -268 
1316 0.25 0.09375 0 0.25 0.125 0 0 2 268 -269 
1317 0.25 0.125 0 0.25 0.15625 0 0 2 269 -270 
1318 0.25 0.15625 0 0.25 0.1875 0 0 2 270 -271 
1319 0.25 0.1875 0 0.25 0.21875 0 0 2 271 -272 
1320 0.25 0.21875 0 0.25 0.25 0 0 2 272 -273 
1321 0.25 0.25 0 0.25 0.28125 0 0 2 273 -274 
1322 0.25 0.28125 0 0.25 0.3125 0 0 2 274 -275 
1323 0.25 0.3125 0 0.25 0.34375 0 0 2 275 -276 
1324 0.25 0.34375 0 0.25 0.375 0 0 2 276 -277 
1325 0.25 0.375 0 0.25 0.40625 0 0 2 277 -278 
1326 0.25 0.40625 0 0.25 0.4375 0 0 2 278 -279 
1327 0.25 0.4375 0 0.25 0.46875 0 0 2 279 -280 
1328 0.25 0.46875 0 0.25 0.5 0 0 2 280 -281 
1329 0.25 0.5 0 0.25 0.53125 0 0 2 281 -282 
1330 0.25 0.53125 0 0.25 0.5625 0 0 2 282 -283 
1331 0.25 0.5625 0 0.25 0.59375 0 0 2 283 -284 
1332 0.25 0.59375 0 0.25 0.625 0 0 2 284 -285 
1333 0.25 0.625 0 0.25 0.65625 0 0 2 285 -286 
1334 0.25 0.65625 0 0.25 0.6875 0 0 2 286 -287 
1335 0.25 0.6875 0 0.25 0.71875 0 0 2 287 -288 
1336 0.25 0.71875 0 0.25 0.75 0 0 2 288 -289 
1337 0.25 0.75 0 0.25 0.78125 0 0 2 289 -290 
1338 0.25 0.78125 0 0.25 0.8125 0 0 2 290 -291 
1339 0.25 0.8125 0 0.25 0.84375 0 0 2 291 -292 
1340 0.25 0.84375 0 0.25 0.875 0 0 2 292 -293 
1341 0.25 0.875 0 0.25 0.90625 0 0 2 293 -294 
1342 0.25 0.90625 0 0.25 0.9375 0 0 2 294 -295 
1343 0.25 0.9375 0 0.25 0.96875 0 0 2 295 -296 
1344 0.25 0.96875 0 0.25 1 0 0 2 296 -297 
1345 0.28125 0 0 0.28125 0.03125 0 0 2 298 -299 
1346 0.28125 0.03125 0 0.28125 0.0625 0 0 2 299 -300 
1347 0.28125 0.0625 0 0.28125 0.09375 0 0 2 300 -301 
1348 0.28125 0.09375 0 0.28125 0.125 0 0 2 301 -302 
1349 0.28125 0.125 0 0.28125 0.15625 0 0 2 302 -303 
1350 0.28125 0.15625 0 0.28125 0.1875 0 0 2 303 -304 
1351 0.28125 0.1875 0 0.28125 0.21875 0 0 2 304 -305 
1352 0.28125 0.21875 0 0.28125 0.25 0 0 2 305 -306 
1353 0.28125 0.25 0 0.28125 0.28125 0 0 2 306 -307 
1354 0.28125 0.28125 0 0.28125 0.3125 0 0 2 307 -308 
1355 0.28125 0.3125 0 0.28125 0.34375 0 0 2 308 -309 
1356 0.28125 0.34375 0 0.28125 0.375 0 0 2 309 -310 
1357 0.28125 0.375 0 0.28125 0.40625 0 0 2 310 -311 
1358 0.28125 0.40625 0 0.28125 0.4375 0 0 2 311 -312 
1359 0.28125 0.4375 0 0.28125 0.46875 0 0 2 312 -313 
1360 0.28125 0.46875 0 0.28125 0.5 0 0 2 313 -314 
1361 0.28125 0.5 0 0.28125 0.53125 0 0 2 314 -315 
1362 0.28125 0.53125 0 0.28125 0.5625 0 0 2 315 -316 
1363 0.28125 0.5625 0 0.28125 0.59375 0 0 2 316 -317 
1364 0.28125 0.59375 0 0.28125 0.625 0 0 2 317 -318 
1365 0.28125 0.625 0 0.28125 0.65625 0 0 2 318 -319 
1366 0.28125 0.65625 0 0.28125 0.6875 0 0 2 319 -320 
1367 0.28125 0.6875 0 0.28125 0.71875 0 0 2 320 -321 
1368 0.28125 0.71875 0 0.28125 0.75 0 0 2 321 -322 
1369 0.28125 0.75 0 0.28125 0.78125 0 0 2 322 -323 
1370 0.28125 0.78125 0 0.28125 0.8125 0 0 2 323 -324 
1371 0.28125 0.8125 0 0.28125 0.84375 0 0 2 324 -325 
1372 0.28125 0.84375 0 0.28125 0.875 0 0 2 325 -326 
1373 0.28125 0.875 0 0.28125 0.90625 0 0 2 326 -327 
1374 0.28125 0.90625 0 0.28125 0.9375 0 0 2 327 -328 
1375 0.28125 0.9375 0 0.28125 0.96875 0 0 2 328 -329 
1376 0.28125 0.96875 0 0.28125 1 0 0 2 329 -330 
1377 0.3125 0 0 0.3125 0.03125 0 0 2 331 -332 
1378 0.3125 0.03125 0 0.3125 0.0625 0 0 2 332 -333 
1379 0.3125 0.0625 0 0.3125 0.09375 0 0 2 333 -334 
1380 0.3125 0.09375 0 0.3125 0.125 0 0 2 334 -335 
1381 0.3125 0.125 0 0.3125 0.15625 0 0 2 335 -336 
1382 0.3125 0.15625 0 0.3125 0.1875 0 0 2 336 -337 
1383 0.3125 0.1875 0 0.3125 0.21875 0 0 2 337 -338 
1384 0.3125 0.21875 0 0.3125 0.25 0 0 2 338 -339 
1385 0.3125 0.25 0 0.3125 0.28125 0 0 2 339 -340 
1386 0.3125 0.28125 0 0.3125 0.3125 0 0 2 340 -341 
1387 0.3125 0.3125 0 0.3125 0.34375 0 0 2 341 -342 
1388 0.3125 0.34375 0 0.3125 0.375 0 0 2 342 -343 
1389 0.3125 0.375 0 0.3125 0.40625 0 0 2 343 -344 
1390 0.3125 0.40625 0 0.3125 0.4375 0 0 2 344 -345 
1391 0.3125 0.4375 0 0.3125 0.46875 0 0 2 345 -346 
1392 0.3125 0.46875 0 0.3125 0.5 0 0 2 346 -347 
1393 0.3125 0.5 0 0.3125 0.53125 0 0 2 347 -348 
1394 0.3125 0.53125 0 0.3125 0.5625 0 0 2 348 -349 
1395 0.3125 0.5625 0 0.3125 0.59375 0 0 2 349 -350 
1396 0.3125 0.59375 0 0.3125 0.625 0 0 2 350 -351 
1397 0.3125 0.625 0 0.3125 0.65625 0 0 2 351 -352 
1398 0.3125 0.65625 0 0.3125 0.6875 0 0 2 352 -353 
1399 0.3125 0.6875 0 0.3125 0.71875 0 0 2 353 -354 
1400 0.3125 0.71875 0 0.3125 0.75 0 0 2 354 -355 
1401 0.3125 0.75 0 0.3125 0.78125 0 0 2 355 -356 
1402 0.3125 0.78125 0 0.3125 0.8125 0 0 2 356 -357 
1403 0.3125 0.8125 0 0.3125 0.84375 0 0 2 357 -358 
1404 0.3125 0.84375 0 0.3125 0.875 0 0 2 358 -359 
1405 0.3125 0.875 0 0.3125 0.90625 0 0 2 359 -360 
1406 0.3125 0.90625 0 0.3125 0.9375 0 0 2 360 -361 
1407 0.3125 0.9375 0 0.3125 0.96875 0 0 2 361 -362 
1408 0.3125 0.96875 0 0.3125 1 0 0 2 362 -363 
1409 0.34375 0 0 0.34375 0.03125 0 0 2 364 -365 
1410 0.34375 0.03125 0 0.34375 0.0625 0 0 2 365 -366 
1411 0.34375 0.0625 0 0.34375 0.09375 0 0 2 366 -367 
1412 0.34375 0.09375 0 0.34375 0.125 0 0 2 367 -368 
1413 0.34375 0.125 0 0.34375 0.15625 0 0 2 368 -369 
1414 0.34375 0.15625 0 0.34375 0.1875 0 0 2 369 -370 
1415 0.34375 0.1875 0 0.34375 0.21875 0 0 2 370 -371 
1416 0.34375 0.21875 0 0.34375 0.25 0 0 2 371 -372 
1417 0.34375 0.25 0 0.34375 0.28125 0 0 2 372 -373 
1418 0.34375 0.28125 0 0.34375 0.3125 0 0 2 373 -374 
1419 0.34375 0.3125 0 0.34375 0.34375 0 0 2 374 -375 
1420 0.34375 0.34375 0 0.34375 0.375 0 0 2 375 -376 
1421 0.34375 0.375 0 0.34375 0.40625 0 0 2 376 -377 
1422 0.34375 0.40625 0 0.34375 0.4375 0 0 2 377 -378 
1423 0.34375 0.4375 0 0.34375 0.46875 0 0 2 378 -379 
1424 0.34375 0.46875 0 0.34375 0.5 0 0 2 379 -380 
1425 0.34375 0.5 0 0.34375 0.53125 0 0 2 380 -381 
1426 0.34375 0.53125 0 0.34375 0.5625 0 0 2 381 -382 
1427 0.34375 0.5625 0 0.34375 0.59375 0 0 2 382 -383 
1428 0.34375 0.59375 0 0.34375 0.625 0 0 2 383 -384 
1429 0.34375 0.625 0 0.34375 0.65625 0 0 2 384 -385 
1430 0.34375 0.65625 0 0.34375 0.6875 0 0 2 385 -386 
1431 0.34375 0.6875 0 0.34375 0.71875 0 0 2 386 -387 
1432 0.34375 0.71875 0 0.34375 0.75 0 0 2 387 -388 
1433 0.34375 0.75 0 0.34375 0.78125 0 0 2 388 -389 
1434 0.34375 0.78125 0 0.34375 0.8125 0 0 2 389 -390 
1435 0.34375 0.8125 0 0.34375 0.84375 0 0 2 390 -391 
1436 0.34375 0.84375 0 0.34375 0.875 0 0 2 391 -392 
1437 0.34375 0.875 0 0.34375 0.90625 0 0 2 392 -393 
1438 0.34375 0.90625 0 0.34375 0.9375 0 0 2 393 -394 
1439 0.34375 0.9375 0 0.34375 0.96875 0 0 2 394 -395 
1440 0.34375 0.96875 0 0.34375 1 0 0 2 395 -396 
1441 0.375 0 0 0.375 0.03125 0 0 2 397 -398 
1442 0.375 0.03125 0 0.375 0.0625 0 0 2 398 -399 
1443 0.375 0.0625 0 0.375 0.09375 0 0 2 399 -400 
1444 0.375 0.09375 0 0.375 0.125 0 0 2 400 -401 
1445 0.375 0.125 0 0.375 0.15625 0 0 2 401 -402 
1446 0.375 0.15625 0 0.375 0.1875 0 0 2 402 -403 
1447 0.375 0.1875 0 0.375 0.21875 0 0 2 403 -404 
1448 0.375 0.21875 0 0.375 0.25 0 0 2 404 -405 
1449 0.375 0.25 0 0.375 0.28125 0 0 2 405 -406 
1450 0.375 0.28125 0 0.375 0.3125 0 0 2 406 -407 
1451 0.375 0.3125 0 0.375 0.34375 0 0 2 407 -408 
1452 0.375 0.34375 0 0.375 0.375 0 0 2 408 -409 
1453 0.375 0.375 0 0.375 0.40625 0 0 2 409 -410 
1454 0.375 0.40625 0 0.375 0.4375 0 0 2 410 -411 
1455 0.375 0.4375 0 0.375 0.46875 0 0 2 411 -412 
1456 0.375 0.46875 0 0.375 0.5 0 0 2 412 -413 
1457 0.375 0.5 0 0.375 0.53125 0 0 2 413 -414 
1458 0.375 0.53125 0 0.375 0.5625 0 0 2 414 -415 
1459 0.375 0.5625 0 0.375 0.59375 0 0 2 415 -416 
1460 0.375 0.59375 0 0.375 0.625 0 0 2 416 -417 
1461 0.375 0.625 0 0.375 0.65625 0 0 2 417 -418 
1462 0.375 0.65625 0 0.375 0.6875 0 0 2 418 -419 
1463 0.375 0.6875 0 0.375 0.71875 0 0 2 419 -420 
1464 0.375 0.71875 0 0.375 0.75 0 0 2 420 -421 
1465 0.375 0.75 0 0.375 0.78125 0 0 2 421 -422 
1466 0.375 0.78125 0 0.375 0.8125 0 0 2 422 -423 
1467 0.375 0.8125 0 0.375 0.84375 0 0 2 423 -424 
1468 0.375 0.84375 0 0.375 0.875 0 0 2 424 -425 
1469 0.375 0.875 0 0.375 0.90625 0 0 2 425 -426 
1470 0.375 0.90625 0 0.375 0.9375 0 0 2 426 -427 
1471 0.375 0.9375 0 0.375 0.96875 0 0 2 427 -428 
1472 0.375 0.96875 0 0.375 1 0 0 2 428 -429 
1473 0.40625 0 0 0.40625 0.03125 0 0 2 430 -431 
1474 0.40625 0.03125 0 0.40625 0.0625 0 0 2 431 -432 
1475 0.40625 0.0625 0 0.40625 0.09375 0 0 2 432 -433 
1476 0.40625 0.09375 0 0.40625 0.125 0 0 2 433 -434 
1477 0.40625 0.125 0 0.40625 0.15625 0 0 2 434 -435 
1478 0.40625 0.15625 0 0.40625 0.1875 0 0 2 435 -436 
1479 0.40625 0.1875 0 0.40625 0.21875 0 0 2 436 -437 
1480 0.40625 0.21875 0 0.40625 0.25 0 0 2 437 -438 
1481 0.40625 0.25 0 0.40625 0.28125 0 0 2 438 -439 
1482 0.40625 0.28125 0 0.40625 0.3125 0 0 2 439 -440 
1483 0.40625 0.3125 0 0.40625 0.34375 0 0 2 440 -441 
1484 0.40625 0.34375 0 0.40625 0.375 0 0 2 441 -442 
1485 0.40625 0.375 0 0.40625 0.40625 0 0 2 442 -443 
1486 0.40625 0.40625 0 0.40625 0.4375 0 0 2 443 -444 
1487 0.40625 0.4375 0 0.40625 0.46875 0 0 2 444 -445 
1488 0.40625 0.46875 0 0.40625 0.5 0 0 2 445 -446 
1489 0.40625 0.5 0 0.40625 0.53125 0 0 2 446 -447 
1490 0.40625 0.53125 0 0.40625 0.5625 0 0 2 447 -448 
1491 0.40625 0.5625 0 0.40625 0.59375 0 0 2 448 -449 
1492 0.40625 0.59375 0 0.40625 0.625 0 0 2 449 -450 
1493 0.40625 0.625 0 0.40625 0.65625 0 0 2 450 -451 
1494 0.40625 0.65625 0 0.40625 0.6875 0 0 2 451 -452 
1495 0.40625 0.6875 0 0.40625 0.71875 0 0 2 452 -453 
1496 0.40625 0.71875 0 0.40625 0.75 0 0 2 453 -454 
1497 0.40625 0.75 0 0.40625 0.78125 0 0 2 454 -455 
1498 0.40625 0.78125 0 0.40625 0.8125 0 0 2 455 -456 
1499 0.40625 0.8125 0 0.40625 0.84375 0 0 2 456 -457 
1500 0.40625 0.84375 0 0.40625 0.875 0 0 2 457 -458 
1501 0.40625 0.875 0 0.40625 0.90625 0 0 2 458 -459 
1502 0.40625 0.90625 0 0.40625 0.9375 0 0 2 459 -460 
1503 0.40625 0.9375 0 0.40625 0.96875 0 0 2 460 -461 
1504 0.40625 0.96875 0 0.40625 1 0 0 2 461 -462 
1505 0.4375 0 0 0.4375 0.03125 0 0 2 463 -464 
1506 0.4375 0.03125 0 0.4375 0.0625 0 0 2 464 -465 
1507 0.4375 0.0625 0 0.4375 0.09375 0 0 2 465 -466 
1508 0.4375 0.09375 0 0.4375 0.125 0 0 2 466 -467 
1509 0.4375 0.125 0 0.4375 0.15625 0 0 2 467 -468 
1510 0.4375 0.15625 0 0.4375 0.1875 0 0 2 468 -469 
1511 0.4375 0.1875 0 0.4375 0.21875 0 0 2 469 -470 
1512 0.4375 0.21875 0 0.4375 0.25 0 0 2 470 -471 
1513 0.4375 0.25 0 0.4375 0.28125 0 0 2 471 -472 
1514 0.4375 0.28125 0 0.4375 0.3125 0 0 2 472 -473 
1515 0.4375 0.3125 0 0.4375 0.34375 0 0 2 473 -474 
1516 0.4375 0.34375 0 0.4375 0.375 0 0 2 474 -475 
1517 0.4375 0.375 0 0.4375 0.40625 0 0 2 475 -476 
1518 0.4375 0.40625 0 0.4375 0.4375 0 0 2 476 -477 
1519 0.4375 0.4375 0 0.4375 0.46875 0 0 2 477 -478 
1520 0.4375 0.46875 0 0.4375 0.5 0 0 2 478 -479 
1521 0.4375 0.5 0 0.4375 0.53125 0 0 2 479 -480 
1522 0.4375 0.53125 0 0.4375 0.5625 0 0 2 480 -481 
1523 0.4375 0.5625 0 0.4375 0.59375 0 0 2 481 -482 
1524 0.4375 0.59375 0 0.4375 0.625 0 0 2 482 -483 
1525 0.4375 0.625 0 0.4375 0.65625 0 0 2 483 -484 
1526 0.4375 0.65625 0 0.4375 0.6875 0 0 2 484 -485 
1527 0.4375 0.6875 0 0.4375 0.71875 0 0 2 485 -486 
1528 0.4375 0.71875 0 0.4375 0.75 0 0 2 486 -487 
1529 0.4375 0.75 0 0.4375 0.78125 0 0 2 487 -488 
1530 0.4375 0.78125 0 0.4375 0.8125 0 0 2 488 -489 
1531 0.4375 0.8125 0 0.4375 0.84375 0 0 2 489 -490 
1532 0.4375 0.84375 0 0.4375 0.875 0 0 2 490 -491 
1533 0.4375 0.875 0 0.4375 0.90625 0 0 2 491 -492 
1534 0.4375 0.90625 0 0.4375 0.9375 0 0 2 492 -493 
1535 0.4375 0.9375 0 0.4375 0.96875 0 0 2 493 -494 
1536 0.4375 0.96875 0 0.4375 1 0 0 2 494 -495 
1537 0.46875 0 0 0.46875 0.03125 0 0 2 496 -497 
1538 0.46875 0.03125 0 0.46875 0.0625 0 0 2 497 -498 
1539 0.46875 0.0625 0 0.46875 0.09375 0 0 2 498 -499 
1540 0.46875 0.09375 0 0.46875 0.125 0 0 2 499 -500 
1541 0.46875 0.125 0 0.46875 0.15625 0 0 2 500 -501 
1542 0.46875 0.15625 0 0.46875 0.1875 0 0 2 501 -502 
1543 0.46875 0.1875 0 0.46875 0.21875 0 0 2 502 -503 
1544 0.46875 0.21875 0 0.46875 0.25 0 0 2 503 -504 
1545 0.46875 0.25 0 0.46875 0.28125 0 0 2 504 -505 
1546 0.46875 0.28125 0 0.46875 0.3125 0 0 2 505 -506 
1547 0.46875 0.3125 0 0.46875 0.34375 0 0 2 506 -507 
1548 0.46875 0.34375 0 0.46875 0.375 0 0 2 507 -508 
1549 0.46875 0.375 0 0.46875 0.40625 0 0 2 508 -509 
1550 0.46875 0.40625 0 0.46875 0.4375 0 0 2 509 -510 
1551 0.46875 0.4375 0 0.46875 0.46875 0 0 2 510 -511 
1552 0.46875 0.46875 0 0.46875 0.5 0 0 2 511 -512 
1553 0.46875 0.5 0 0.46875 0.53125 0 0 2 512 -513 
1554 0.46875 0.53125 0 0.46875 0.5625 0 0 2 513 -514 
1555 0.46875 0.5625 0 0.46875 0.59375 0 0 2 514 -515 
1556 0.46875 0.59375 0 0.46875 0.625 0 0 2 515 -516 
1557 0.46875 0.625 0 0.46875 0.65625 0 0 2 516 -517 
1558 0.46875 0.65625 0 0.46875 0.6875 0 0 2 517 -518 
1559 0.46875 0.6875 0 0.46875 0.71875 0 0 2 518 -519 
1560 0.46875 0.71875 0 0.46875 0.75 0 0 2 519 -520 
1561 0.46875 0.75 0 0.46875 0.78125 0 0 2 520 -521 
1562 0.46875 0.78125 0 0.46875 0.8125 0 0 2 521 -522 
1563 0.46875 0.8125 0 0.46875 0.84375 0 0 2 522 -523 
1564 0.46875 0.84375 0 0.46875 0.875 0 0 2 523 -524 
1565 0.46875 0.875 0 0.46875 0.90625 0 0 2 524 -525 
1566 0.46875 0.90625 0 0.46875 0.9375 0 0 2 525 -526 
1567 0.46875 0.9375 0 0.46875 0.96875 0 0 2 526 -527 
1568 0.46875 0.96875 0 0.46875 1 0 0 2 527 -528 
1569 0.5 0 0 0.5 0.03125 0 0 2 529 -530 
1570 0.5 0.03125 0 0.5 0.0625 0 0 2 530 -531 
1571 0.5 0.0625 0 0.5 0.09375 0 0 2 531 -532 
1572 0.5 0.09375 0 0.5 0.125 0 0 2 532 -533 
1573 0.5 0.125 0 0.5 0.15625 0 0 2 533 -534 
1574 0.5 0.15625 0 0.5 0.1875 0 0 2 534 -535 
1575 0.5 0.1875 0 0.5 0.21875 0 0 2 535 -536 
1576 0.5 0.21875 0 0.5 0.25 0 0 2 536 -537 
1577 0.5 0.25 0 0.5 0.28125 0 0 2 537 -538 
1578 0.5 0.28125 0 0.5 0.3125 0 0 2 538 -539 
1579 0.5 0.3125 0 0.5 0.34375 0 0 2 539 -540 
1580 0.5 0.34375 0 0.5 0.375 0 0 2 540 -541 
1581 0.5 0.375 0 0.5 0.40625 0 0 2 541 -542 
1582 0.5 0.40625 0 0.5 0.4375 0 0 2 542 -543 
1583 0.5 0.4375 0 0.5 0.46875 0 0 2 543 -544 
1584 0.5 0.46875 0 0.5 0.5 0 0 2 544 -545 
1585 0.5 0.5 0 0.5 0.53125 0 0 2 545 -546 
1586 0.5 0.53125 0 0.5 0.5625 0 0 2 546 -547 
1587 0.5 0.5625 0 0.5 0.59375 0 0 2 547 -548 
1588 0.5 0.59375 0 0.5 0.625 0 0 2 548 -549 
1589 0.5 0.625 0 0.5 0.65625 0 0 2 549 -550 
1590 0.5 0.65625 0 0.5 0.6875 0 0 2 550 -551 
1591 0.5 0.6875 0 0.5 0.71875 0 0 2 551 -552 
1592 0.5 0.71875 0 0.5 0.75 0 0 2 552 -553 
1593 0.5 0.75 0 0.5 0.78125 0 0 2 553 -554 
1594 0.5 0.78125 0 0.5 0.8125 0 0 2 554 -555 
1595 0.5 0.8125 0 0.5 0.84375 0 0 2 555 -556 
1596 0.5 0.84375 0 0.5 0.875 0 0 2 556 -557 
1597 0.5 0.875 0 0.5 0.90625 0 0 2 557 -558 
1598 0.5 0.90625 0 0.5 0.9375 0 0 2 558 -559 
1599 0.5 0.9375 0 0.5 0.96875 0 0 2 559 -560 
1600 0.5 0.96875 0 0.5 1 0 0 2 560 -561 
1601 0.53125 0 0 0.53125 0.03125 0 0 2 562 -563 
1602 0.53125 0.03125 0 0.53125 0.0625 0 0 2 563 -564 
1603 0.53125 0.0625 0 0.53125 0.09375 0 0 2 564 -565 
1604 0.53125 0.09375 0 0.53125 0.125 0 0 2 565 -566 
1605 0.53125 0.125 0 0.53125 0.15625 0 0 2 566 -567 
1606 0.53125 0.15625 0 0.53125 0.1875 0 0 2 567 -568 
1607 0.53125 0.1875 0 0.53125 0.21875 0 0 2 568 -569 
1608 0.53125 0.21875 0 0.53125 0.25 0 0 2 569 -570 
1609 0.53125 0.25 0 0.53125 0.28125 0 0 2 570 -571 
1610 0.53125 0.28125 0 0.53125 0.3125 0 0 2 571 -572 
1611 0.53125 0.3125 0 0.53125 0.34375 0 0 2 572 -573 
1612 0.53125 0.34375 0 0.53125 0.375 0 0 2 573 -574 
1613 0.53125 0.375 0 0.53125 0.40625 0 0 2 574 -575 
1614 0.53125 0.40625 0 0.53125 0.4375 0 0 2 575 -576 
1615 0.53125 0.4375 0 0.53125 0.46875 0 0 2 576 -577 
1616 0.53125 0.46875 0 0.53125 0.5 0 0 2 577 -578 
1617 0.53125 0.5 0 0.53125 0.53125 0 0 2 578 -579 
1618 0.53125 0.53125 0 0.53125 0.5625 0 0 2 579 -580 
1619 0.53125 0.5625 0 0.53125 0.59375 0 0 2 580 -581 
1620 0.53125 0.59375 0 0.53125 0.625 0 0 2 581 -582 
1621 0.53125 0.625 0 0.53125 0.65625 0 0 2 582 -583 
1622 0.53125 0.65625 0 0.53125 0.6875 0 0 2 583 -584 
1623 0.53125 0.6875 0 0.53125 0.71875 0 0 2 584 -585 
1624 0.53125 0.71875 0 0.53125 0.75 0 0 2 585 -586 
1625 0.53125 0.75 0 0.53125 0.78125 0 0 2 586 -587 
1626 0.53125 0.78125 0 0.53125 0.8125 0 0 2 587 -588 
1627 0.53125 0.8125 0 0.53125 0.84375 0 0 2 588 -589 
1628 0.53125 0.84375 0 0.53125 0.875 0 0 2 589 -590 
1629 0.53125 0.875 0 0.53125 0.90625 0 0 2 590 -591 
1630 0.53125 0.90625 0 0.53125 0.9375 0 0 2 591 -592 
1631 0.53125 0.9375 0 0.53125 0.96875 0 0 2 592 -593 
1632 0.53125 0.96875 0 0.53125 1 0 0 2 593 -594 
1633 0.5625 0 0 0.5625 0.03125 0 0 2 595 -596 
1634 0.5625 0.03125 0 0.5625 0.0625 0 0 2 596 -597 
1635 0.5625 0.0625 0 0.5625 0.09375 0 0 2 597 -598 
1636 0.5625 0.09375 0 0.5625 0.125 0 0 2 598 -599 
1637 0.5625 0.125 0 0.5625 0.15625 0 0 2 599 -600 
1638 0.5625 0.15625 0 0.5625 0.1875 0 0 2 600 -601 
1639 0.5625 0.1875 0 0.5625 0.21875 0 0 2 601 -602 
1640 0.5625 0.21875 0 0.5625 0.25 0 0 2 602 -603 
1641 0.5625 0.25 0 0.5625 0.28125 0 0 2 603 -604 
1642 0.5625 0.28125 0 0.5625 0.3125 0 0 2 604 -605 
1643 0.5625 0.3125 0 0.5625 0.34375 0 0 2 605 -606 
1644 0.5625 0.34375 0 0.5625 0.375 0 0 2 606 -607 
1645 0.5625 0.375 0 0.5625 0.40625 0 0 2 607 -608 
1646 0.5625 0.40625 0 0.5625 0.4375 0 0 2 608 -609 
1647 0.5625 0.4375 0 0.5625 0.46875 0 0 2 609 -610 
1648 0.5625 0.46875 0 0.5625 0.5 0 0 2 610 -611 
1649 0.5625 0.5 0 0.5625 0.53125 0 0 2 611 -612 
1650 0.5625 0.53125 0 0.5625 0.5625 0 0 2 612 -613 
1651 0.5625 0.5625 0 0.5625 0.59375 0 0 2 613 -614 
1652 0.5625 0.59375 0 0.5625 0.625 0 0 2 614 -615 
1653 0.5625 0.625 0 0.5625 0.65625 0 0 2 615 -616 
1654 0.5625 0.65625 0 0.5625 0.6875 0 0 2 616 -617 
1655 0.5625 0.6875 0 0.5625 0.71875 0 0 2 617 -618 
1656 0.5625 0.71875 0 0.5625 0.75 0 0 2 618 -619 
1657 0.5625 0.75 0 0.5625 0.78125 0 0 2 619 -620 
1658 0.5625 0.78125 0 0.5625 0.8125 0 0 2 620 -621 
1659 0.5625 0.8125 0 0.5625 0.84375 0 0 2 621 -622 
1660 0.5625 0.84375 0 0.5625 0.875 0 0 2 622 -623 
1661 0.5625 0.875 0 0.5625 0.90625 0 0 2 623 -624 
1662 0.5625 0.90625 0 0.5625 0.9375 0 0 2 624 -625 
1663 0.5625 0.9375 0 0.5625 0.96875 0 0 2 625 -626 
1664 0.5625 0.96875 0 0.5625 1 0 0 2 626 -627 
1665 0.59375 0 0 0.59375 0.03125 0 0 2 628 -629 
1666 0.59375 0.03125 0 0.59375 0.0625 0 0 2 629 -630 
1667 0.59375 0.0625 0 0.59375 0.09375 0 0 2 630 -631 
1668 0.59375 0.09375 0 0.59375 0.125 0 0 2 631 -632 
1669 0.59375 0.125 0 0.59375 0.15625 0 0 2 632 -633 
1670 0.59375 0.15625 0 0.59375 0.1875 0 0 2 633 -634 
1671 0.59375 0.1875 0 0.59375 0.21875 0 0 2 634 -635 
1672 0.59375 0.21875 0 0.59375 0.25 0 0 2 635 -636 
1673 0.59375 0.25 0 0.59375 0.28125 0 0 2 636 -637 
1674 0.59375 0.28125 0 0.59375 0.3125 0 0 2 637 -638 
1675 0.59375 0.3125 0 0.59375 0.34375 0 0 2 638 -639 
1676 0.59375 0.34375 0 0.59375 0.375 0 0 2 639 -640 
1677 0.59375 0.375 0 0.59375 0.40625 0 0 2 640 -641 
1678 0.59375 0.40625 0 0.59375 0.4375 0 0 2 641 -642 
1679 0.59375 0.4375 0 0.59375 0.46875 0 0 2 642 -643 
1680 0.59375 0.46875 0 0.59375 0.5 0 0 2 643 -644 
1681 0.59375 0.5 0 0.59375 0.53125 0 0 2 644 -645 
1682 0.59375 0.53125 0 0.59375 0.5625 0 0 2 645 -646 
1683 0.59375 0.5625 0 0.59375 0.59375 0 0 2 646 -647 
1684 0.59375 0.59375 0 0.59375 0.625 0 0 2 647 -648 
1685 0.59375 0.625 0 0.59375 0.65625 0 0 2 648 -649 
1686 0.59375 0.65625 0 0.59375 0.6875 0 0 2 649 -650 
1687 0.59375 0.6875 0 0.59375 0.71875 0 0 2 650 -651 
1688 0.59375 0.71875 0 0.59375 0.75 0 0 2 651 -652 
1689 0.59375 0.75 0 0.59375 0.78125 0 0 2 652 -653 
1690 0.59375 0.78125 0 0.59375 0.8125 0 0 2 653 -654 
1691 0.59375 0.8125 0 0.59375 0.84375 0 0 2 654 -655 
1692 0.59375 0.84375 0 0.59375 0.875 0 0 2 655 -656 
1693 0.59375 0.875 0 0.59375 0.90625 0 0 2 656 -657 
1694 0.59375 0.90625 0 0.59375 0.9375 0 0 2 657 -658 
1695 0.59375 0.9375 0 0.59375 0.96875 0 0 2 658 -659 
1696 0.59375 0.96875 0 0.59375 1 0 0 2 659 -660 
1697 0.625 0 0 0.625 0.03125 0 0 2 661 -662 
1698 0.625 0.03125 0 0.625 0.0625 0 0 2 662 -663 
1699 0.625 0.0625 0 0.625 0.09375 0 0 2 663 -664 
1700 0.625 0.09375 0 0.625 0.125 0 0 2 664 -665 
1701 0.625 0.125 0 0.625 0.15625 0 0 2 665 -666 
1702 0.625 0.15625 0 0.625 0.1875 0 0 2 666 -667 
1703 0.625 0.1875 0 0.625 0.21875 0 0 2 667 -668 
1704 0.625 0.21875 0 0.625 0.25 0 0 2 668 -669 
1705 0.625 0.25 0 0.625 0.28125 0 0 2 669 -670 
1706 0.625 0.28125 0 0.625 0.3125 0 0 2 670 -671 
1707 0.625 0.3125 0 0.625 0.34375 0 0 2 671 -672 
1708 0.625 0.34375 0 0.625 0.375 0 0 2 672 -673 
1709 0.625 0.375 0 0.625 0.40625 0 0 2 673 -674 
1710 0.625 0.40625 0 0.625 0.4375 0 0 2 674 -675 
1711 0.625 0.4375 0 0.625 0.46875 0 0 2 675 -676 
1712 0.625 0.46875 0 0.625 0.5 0 0 2 676 -677 
1713 0.625 0.5 0 0.625 0.53125 0 0 2 677 -678 
1714 0.625 0.53125 0 0.625 0.5625 0 0 2 678 -679 
1715 0.625 0.5625 0 0.625 0.59375 0 0 2 679 -680 
1716 0.625 0.59375 0 0.625 0.625 0 0 2 680 -681 
1717 0.625 0.625 0 0.625 0.65625 0 0 2 681 -682 
1718 0.625 0.65625 0 0.625 0.6875 0 0 2 682 -683 
1719 0.625 0.6875 0 0.625 0.71875 0 0 2 683 -684 
1720 0.625 0.71875 0 0.625 0.75 0 0 2 684 -685 
1721 0.625 0.75 0 0.625 0.78125 0 0 2 685 -686 
1722 0.625 0.78125 0 0.625 0.8125 0 0 2 686 -687 
1723 0.625 0.8125 0 0.625 0.84375 0 0 2 687 -688 
1724 0.625 0.84375 0 0.625 0.875 0 0 2 688 -689 
1725 0.625 0.875 0 0.625 0.90625 0 0 2 689 -690 
1726 0.625 0.90625 0 0.625 0.9375 0 0 2 690 -691 
1727 0.625 0.9375 0 0.625 0.96875 0 0 2 691 -692 
1728 0.625 0.96875 0 0.625 1 0 0 2 692 -693 
1729 0.65625 0 0 0.65625 0.03125 0 0 2 694 -695 
1730 0.65625 0.03125 0 0.65625 0.0625 0 0 2 695 -696 
1731 0.65625 0.0625 0 0.65625 0.09375 0 0 2 696 -697 
1732 0.65625 0.09375 0 0.65625 0.125 0 0 2 697 -698 
1733 0.65625 0.125 0 0.65625 0.15625 0 0 2 698 -699 
1734 0.65625 0.15625 0 0.65625 0.1875 0 0 2 699 -700 
1735 0.65625 0.1875 0 0.65625 0.21875 0 0 2 700 -701 
1736 0.65625 0.21875 0 0.65625 0.25 0 0 2 701 -702 
1737 0.65625 0.25 0 0.65625 0.28125 0 0 2 702 -703 
1738 0.65625 0.28125 0 0.65625 0.3125 0 0 2 703 -704 
1739 0.65625 0.3125 0 0.65625 0.34375 0 0 2 704 -705 
1740 0.65625 0.34375 0 0.65625 0.375 0 0 2 705 -706 
1741 0.65625 0.375 0 0.65625 0.40625 0 0 2 706 -707 
1742 0.65625 0.40625 0 0.65625 0.4375 0 0 2 707 -708 
1743 0.65625 0.4375 0 0.65625 0.46875 0 0 2 708 -709 
1744 0.65625 0.46875 0 0.65625 0.5 0 0 2 709 -710 
1745 0.65625 0.5 0 0.65625 0.53125 0 0 2 710 -711 
1746 0.65625 0.53125 0 0.65625 0.5625 0 0 2 711 -712 
1747 0.65625 0.5625 0 0.65625 0.59375 0 0 2 712 -713 
1748 0.65625 0.59375 0 0.65625 0.625 0 0 2 713 -714 
1749 0.65625 0.625 0 0.65625 0.65625 0 0 2 714 -715 
1750 0.65625 0.65625 0 0.65625 0.6875 0 0 2 715 -716 
1751 0.65625 0.6875 0 0.65625 0.71875 0 0 2 716 -717 
1752 0.65625 0.71875 0 0.65625 0.75 0 0 2 717 -718 
1753 0.65625 0.75 0 0.65625 0.78125 0 0 2 718 -719 
1754 0.65625 0.78125 0 0.65625 0.8125 0 0 2 719 -720 
1755 0.65625 0.8125 0 0.65625 0.84375 0 0 2 720 -721 
1756 0.65625 0.84375 0 0.65625 0.875 0 0 2 721 -722 
1757 0.65625 0.875 0 0.65625 0.90625 0 0 2 722 -723 
1758 0.65625 0.90625 0 0.65625 0.9375 0 0 2 723 -724 
1759 0.65625 0.9375 0 0.65625 0.96875 0 0 2 724 -725 
1760 0.65625 0.96875 0 0.65625 1 0 0 2 725 -726 
1761 0.6875 0 0 0.6875 0.03125 0 0 2 727 -728 
1762 0.6875 0.03125 0 0.6875 0.0625 0 0 2 728 -729 
1763 0.6875 0.0625 0 0.6875 0.09375 0 0 2 729 -730 
1764 0.6875 0.09375 0 0.6875 0.125 0 0 2 730 -731 
1765 0.6875 0.125 0 0.6875 0.15625 0 0 2 731 -732 
1766 0.6875 0.15625 0 0.6875 0.1875 0 0 2 732 -733 
1767 0.6875 0.1875 0 0.6875 0.21875 0 0 2 733 -734 
1768 0.6875 0.21875 0 0.6875 0.25 0 0 2 734 -735 
1769 0.6875 0.25 0 0.6875 0.28125 0 0 2 735 -736 
1770 0.6875 0.28125 0 0.6875 0.3125 0 0 2 736 -737 
1771 0.6875 0.3125 0 0.6875 0.34375 0 0 2 737 -738 
1772 0.6875 0.34375 0 0.6875 0.375 0 0 2 738 -739 
1773 0.6875 0.375 0 0.6875 0.40625 0 0 2 739 -740 
1774 0.6875 0.40625 0 0.6875 0.4375 0 0 2 740 -741 
1775 0.6875 0.4375 0 0.6875 0.46875 0 0 2 741 -742 
1776 0.6875 0.46875 0 0.6875 0.5 0 0 2 742 -743 
1777 0.6875 0.5 0 0.6875 0.53125 0 0 2 743 -744 
1778 0.6875 0.53125 0 0.6875 0.5625 0 0 2 744 -745 
1779 0.6875 0.5625 0 0.6875 0.59375 0 0 2 745 -746 
1780 0.6875 0.59375 0 0.6875 0.625 0 0 2 746 -747 
1781 0.6875 0.625 0 0.6875 0.65625 0 0 2 747 -748 
1782 0.6875 0.65625 0 0.6875 0.6875 0 0 2 748 -749 
1783 0.6875 0.6875 0 0.6875 0.71875 0 0 2 749 -750 
1784 0.6875 0.71875 0 0.6875 0.75 0 0 2 750 -751 
1785 0.6875 0.75 0 0.6875 0.78125 0 0 2 751 -752 
1786 0.6875 0.78125 0 0.6875 0.8125 0 0 2 752 -753 
1787 0.6875 0.8125 0 0.6875 0.84375 0 0 2 753 -754 
1788 0.6875 0.84375 0 0.6875 0.875 0 0 2 754 -755 
1789 0.6875 0.875 0 0.6875 0.90625 0 0 2 755 -756 
1790 0.6875 0.90625 0 0.6875 0.9375 0 0 2 756 -757 
1791 0.6875 0.9375 0 0.6875 0.96875 0 0 2 757 -758 
1792 0.6875 0.96875 0 0.6875 1 0 0 2 758 -759 
1793 0.71875 0 0 0.71875 0.03125 0 0 2 760 -761 
1794 0.71875 0.03125 0 0.71875 0.0625 0 0 2 761 -762 
1795 0.71875 0.0625 0 0.71875 0.09375 0 0 2 762 -763 
1796 0.71875 0.09375 0 0.71875 0.125 0 0 2 763 -764 
1797 0.71875 0.125 0 0.71875 0.15625 0 0 2 764 -765 
1798 0.71875 0.15625 0 0.71875 0.1875 0 0 2 765 -766 
1799 0.71875 0.1875 0 0.71875 0.21875 0 0 2 766 -767 
1800 0.71875 0.21875 0 0.71875 0.25 0 0 2 767 -768 
1801 0.71875 0.25 0 0.71875 0.28125 0 0 2 768 -769 
1802 0.71875 0.28125 0 0.71875 0.3125 0 0 2 769 -770 
1803 0.71875 0.3125 0 0.71875 0.34375 0 0 2 770 -771 
1804 0.71875 0.34375 0 0.71875 0.375 0 0 2 771 -772 
1805 0.71875 0.375 0 0.71875 0.40625 0 0 2 772 -773 
1806 0.71875 0.40625 0 0.71875 0.4375 0 0 2 773 -774 
1807 0.71875 0.4375 0 0.71875 0.46875 0 0 2 774 -775 
1808 0.71875 0.46875 0 0.71875 0.5 0 0 2 775 -776 
1809 0.71875 0.5 0 0.71875 0.53125 0 0 2 776 -777 
1810 0.71875 0.53125 0 0.71875 0.5625 0 0 2 777 -778 
1811 0.71875 0.5625 0 0.71875 0.59375 0 0 2 778 -779 
1812 0.71875 0.59375 0 0.71875 0.625 0 0 2 779 -780 
1813 0.71875 0.625 0 0.71875 0.65625 0 0 2 780 -781 
1814 0.71875 0.65625 0 0.71875 0.6875 0 0 2 781 -782 
1815 0.71875 0.6875 0 0.71875 0.71875 0 0 2 782 -783 
1816 0.71875 0.71875 0 0.71875 0.75 0 0 2 783 -784 
1817 0.71875 0.75 0 0.71875 0.78125 0 0 2 784 -785 
1818 0.71875 0.78125 0 0.71875 0.8125 0 0 2 785 -786 
1819 0.71875 0.8125 0 0.71875 0.84375 0 0 2 786 -787 
1820 0.71875 0.84375 0 0.71875 0.875 0 0 2 787 -788 
1821 0.71875 0.875 0 0.71875 0.90625 0 0 2 788 -789 
1822 0.71875 0.90625 0 0.71875 0.9375 0 0 2 789 -790 
1823 0.71875 0.9375 0 0.71875 0.96875 0 0 2 790 -791 
1824 0.71875 0.96875 0 0.71875 1 0 0 2 791 -792 
1825 0.75 0 0 0.75 0.03125 0 0 2 793 -794 
1826 0.75 0.03125 0 0.75 0.0625 0 0 2 794 -795 
1827 0.75 0.0625 0 0.75 0.09375 0 0 2 795 -796 
1828 0.75 0.09375 0 0.75 0.125 0 0 2 796 -797 
1829 0.75 0.125 0 0.75 0.15625 0 0 2 797 -798 
1830 0.75 0.15625 0 0.75 0.1875 0 0 2 798 -799 
1831 0.75 0.1875 0 0.75 0.21875 0 0 2 799 -800 
1832 0.75 0.21875 0 0.75 0.25 0 0 2 800 -801 
1833 0.75 0.25 0 0.75 0.28125 0 0 2 801 -802 
1834 0.75 0.28125 0 0.75 0.3125 0 0 2 802 -803 
1835 0.75 0.3125 0 0.75 0.34375 0 0 2 803 -804 
1836 0.75 0.34375 0 0.75 0.375 0 0 2 804 -805 
1837 0.75 0.375 0 0.75 0.40625 0 0 2 805 -806 
1838 0.75 0.40625 0 0.75 0.4375 0 0 2 806 -807 
1839 0.75 0.4375 0 0.75 0.46875 0 0 2 807 -808 
1840 0.75 0.46875 0 0.75 0.5 0 0 2 808 -809 
1841 0.75 0.5 0 0.75 0.53125 0 0 2 809 -810 
1842 0.75 0.53125 0 0.75 0.5625 0 0 2 810 -811 
1843 0.75 0.5625 0 0.75 0.59375 0 0 2 811 -812 
1844 0.75 0.59375 0 0.75 0.625 0 0 2 812 -813 
1845 0.75 0.625 0 0.75 0.65625 0 0 2 813 -814 
1846 0.75 0.65625 0 0.75 0.6875 0 0 2 814 -815 
1847 0.75 0.6875 0 0.75 0.71875 0 0 2 815 -816 
1848 0.75 0.71875 0 0.75 0.75 0 0 2 816 -817 
1849 0.75 0.75 0 0.75 0.78125 0 0 2 817 -818 
1850 0.75 0.78125 0 0.75 0.8125 0 0 2 818 -819 
1851 0.75 0.8125 0 0.75 0.84375 0 0 2 819 -820 
1852 0.75 0.84375 0 0.75 0.875 0 0 2 820 -821 
1853 0.75 0.875 0 0.75 0.90625 0 0 2 821 -822 
1854 0.75 0.90625 0 0.75 0.9375 0 0 2 822 -823 
1855 0.75 0.9375 0 0.75 0.96875 0 0 2 823 -824 
1856 0.75 0.96875 0 0.75 1 0 0 2 824 -825 
1857 0.78125 0 0 0.78125 0.03125 0 0 2 826 -827 
1858 0.78125 0.03125 0 0.78125 0.0625 0 0 2 827 -828 
1859 0.78125 0.0625 0 0.78125 0.09375 0 0 2 828 -829 
1860 0.78125 0.09375 0 0.78125 0.125 0 0 2 829 -830 
1861 0.78125 0.125 0 0.78125 0.15625 0 0 2 830 -831 
1862 0.78125 0.15625 0 0.78125 0.1875 0 0 2 831 -832 
1863 0.78125 0.1875 0 0.78125 0.21875 0 0 2 832 -833 
1864 0.78125 0.21875 0 0.78125 0.25 0 0 2 833 -834 
1865 0.78125 0.25 0 0.78125 0.28125 0 0 2 834 -835 
1866 0.78125 0.28125 0 0.78125 0.3125 0 0 2 835 -836 
1867 0.78125 0.3125 0 0.78125 0.34375 0 0 2 836 -837 
1868 0.78125 0.34375 0 0.78125 0.375 0 0 2 837 -838 
1869 0.78125 0.375 0 0.78125 0.40625 0 0 2 838 -839 
1870 0.78125 0.40625 0 0.78125 0.4375 0 0 2 839 -840 
1871 0.78125 0.4375 0 0.78125 0.46875 0 0 2 840 -841 
1872 0.78125 0.46875 0 0.78125 0.5 0 0 2 841 -842 
1873 0.78125 0.5 0 0.78125 0.53125 0 0 2 842 -843 
1874 0.78125 0.53125 0 0.78125 0.5625 0 0 2 843 -844 
1875 0.78125 0.5625 0 0.78125 0.59375 0 0 2 844 -845 
1876 0.78125 0.59375 0 0.78125 0.625 0 0 2 845 -846 
1877 0.78125 0.625 0 0.78125 0.65625 0 0 2 846 -847 
1878 0.78125 0.65625 0 0.78125 0.6875 0 0 2 847 -848 
1879 0.78125 0.6875 0 0.78125 0.71875 0 0 2 848 -849 
1880 0.78125 0.71875 0 0.78125 0.75 0 0 2 849 -850 
1881 0.78125 0.75 0 0.78125 0.78125 0 0 2 850 -851 
1882 0.78125 0.78125 0 0.78125 0.8125 0 0 2 851 -852 
1883 0.78125 0.8125 0 0.78125 0.84375 0 0 2 852 -853 
1884 0.78125 0.84375 0 0.78125 0.875 0 0 2 853 -854 
1885 0.78125 0.875 0 0.78125 0.90625 0 0 2 854 -855 
1886 0.78125 0.90625 0 0.78125 0.9375 0 0 2 855 -856 
1887 0.78125 0.9375 0 0.78125 0.96875 0 0 2 856 -857 
1888 0.78125 0.96875 0 0.78125 1 0 0 2 857 -858 
1889 0.8125 0 0 0.8125 0.03125 0 0 2 859 -860 
1890 0.8125 0.03125 0 0.8125 0.0625 0 0 2 860 -861 
1891 0.8125 0.0625 0 0.8125 0.09375 0 0 2 861 -862 
1892 0.8125 0.09375 0 0.8125 0.125 0 0 2 862 -863 
1893 0.8125 0.125 0 0.8125 0.15625 0 0 2 863 -864 
1894 0.8125 0.15625 0 0.8125 0.1875 0 0 2 864 -865 
1895 0.8125 0.1875 0 0.8125 0.21875 0 0 2 865 -866 
1896 0.8125 0.21875 0 0.8125 0.25 0 0 2 866 -867 
1897 0.8125 0.25 0 0.8125 0.28125 0 0 2 867 -868 
1898 0.8125 0.28125 0 0.8125 0.3125 0 0 2 868 -869 
1899 0.8125 0.3125 0 0.8125 0.34375 0 0 2 869 -870 
1900 0.8125 0.34375 0 0.8125 0.375 0 0 2 870 -871 
1901 0.8125 0.375 0 0.8125 0.40625 0 0 2 871 -872 
1902 0.8125 0.40625 0 0.8125 0.4375 0 0 2 872 -873 
1903 0.8125 0.4375 0 0.8125 0.46875 0 0 2 873 -874 
1904 0.8125 0.46875 0 0.8125 0.5 0 0 2 874 -875 
1905 0.8125 0.5 0 0.8125 0.53125 0 0 2 875 -876 
1906 0.8125 0.53125 0 0.8125 0.5625 0 0 2 876 -877 
1907 0.8125 0.5625 0 0.8125 0.59375 0 0 2 877 -878 
1908 0.8125 0.59375 0 0.8125 0.625 0 0 2 878 -879 
1909 0.8125 0.625 0 0.8125 0.65625 0 0 2 879 -880 
1910 0.8125 0.65625 0 0.8125 0.6875 0 0 2 880 -881 
1911 0.8125 0.6875 0 0.8125 0.71875 0 0 2 881 -882 
1912 0.8125 0.71875 0 0.8125 0.75 0 0 2 882 -883 
1913 0.8125 0.75 0 0.8125 0.78125 0 0 2 883 -884 
1914 0.8125 0.78125 0 0.8125 0.8125 0 0 2 884 -885 
1915 0.8125 0.8125 0 0.8125 0.84375 0 0 2 885 -886 
1916 0.8125 0.84375 0 0.8125 0.875 0 0 2 886 -887 
1917 0.8125 0.875 0 0.8125 0.90625 0 0 2 887 -888 
1918 0.8125 0.90625 0 0.8125 0.9375 0 0 2 888 -889 
1919 0.8125 0.9375 0 0.8125 0.96875 0 0 2 889 -890 
1920 0.8125 0.96875 0 0.8125 1 0 0 2 890 -891 
1921 0.84375 0 0 0.84375 0.03125 0 0 2 892 -893 
1922 0.84375 0.03125 0 0.84375 0.0625 0 0 2 893 -894 
1923 0.84375 0.0625 0 0.84375 0.09375 0 0 2 894 -895 
1924 0.84375 0.09375 0 0.84375 0.125 0 0 2 895 -896 
1925 0.84375 0.125 0 0.84375 0.15625 0 0 2 896 -897 
1926 0.84375 0.15625 0 0.84375 0.1875 0 0 2 897 -898 
1927 0.84375 0.1875 0 0.84375 0.21875 0 0 2 898 -899 
1928 0.84375 0.21875 0 0.84375 0.25 0 0 2 899 -900 
1929 0.84375 0.25 0 0.84375 0.28125 0 0 2 900 -901 
1930 0.84375 0.28125 0 0.84375 0.3125 0 0 2 901 -902 
1931 0.84375 0.3125 0 0.84375 0.34375 0 0 2 902 -903 
1932 0.84375 0.34375 0 0.84375 0.375 0 0 2 903 -904 
1933 0.84375 0.375 0 0.84375 0.40625 0 0 2 904 -905 
1934 0.84375 0.40625 0 0.84375 0.4375 0 0 2 905 -906 
1935 0.84375 0.4375 0 0.84375 0.46875 0 0 2 906 -907 
1936 0.84375 0.46875 0 0.84375 0.5 0 0 2 907 -908 
1937 0.84375 0.5 0 0.84375 0.53125 0 0 2 908 -909 
1938 0.84375 0.53125 0 0.84375 0.5625 0 0 2 909 -910 
1939 0.84375 0.5625 0 0.84375 0.59375 0 0 2 910 -911 
1940 0.84375 0.59375 0 0.84375 0.625 0 0 2 911 -912 
1941 0.84375 0.625 0 0.84375 0.65625 0 0 2 912 -913 
1942 0.84375 0.65625 0 0.84375 0.6875 0 0 2 913 -914 
1943 0.84375 0.6875 0 0.84375 0.71875 0 0 2 914 -915 
1944 0.84375 0.71875 0 0.84375 0.75 0 0 2 915 -916 
1945 0.84375 0.75 0 0.84375 0.78125 0 0 2 916 -917 
1946 0.84375 0.78125 0 0.84375 0.8125 0 0 2 917 -918 
1947 0.84375 0.8125 0 0.84375 0.84375 0 0 2 918 -919 
1948 0.84375 0.84375 0 0.84375 0.875 0 0 2 919 -920 
1949 0.84375 0.875 0 0.84375 0.90625 0 0 2 920 -921 
1950 0.84375 0.90625 0 0.84375 0.9375 0 0 2 921 -922 
1951 0.84375 0.9375 0 0.84375 0.96875 0 0 2 922 -923 
1952 0.84375 0.96875 0 0.84375 1 0 0 2 923 -924 
1953 0.875 0 0 0.875 0.03125 0 0 2 925 -926 
1954 0.875 0.03125 0 0.875 0.0625 0 0 2 926 -927 
1955 0.875 0.0625 0 0.875 0.09375 0 0 2 927 -928 
1956 0.875 0.09375 0 0.875 0.125 0 0 2 928 -929 
1957 0.875 0.125 0 0.875 0.15625 0 0 2 929 -930 
1958 0.875 0.15625 0 0.875 0.1875 0 0 2 930 -931 
1959 0.875 0.1875 0 0.875 0.21875 0 0 2 931 -932 
1960 0.875 0.21875 0 0.875 0.25 0 0 2 932 -933 
1961 0.875 0.25 0 0.875 0.28125 0 0 2 933 -934 
1962 0.875 0.28125 0 0.875 0.3125 0 0 2 934 -935 
1963 0.875 0.3125 0 0.875 0.34375 0 0 2 935 -936 
1964 0.875 0.34375 0 0.875 0.375 0 0 2 936 -937 
1965 0.875 0.375 0 0.875 0.40625 0 0 2 937 -938 
1966 0.875 0.40625 0 0.875 0.4375 0 0 2 938 -939 
1967 0.875 0.4375 0 0.875 0.46875 0 0 2 939 -940 
1968 0.875 0.46875 0 0.875 0.5 0 0 2 940 -941 
1969 0.875 0.5 0 0.875 0.53125 0 0 2 941 -942 
1970 0.875 0.53125 0 0.875 0.5625 0 0 2 942 -943 
1971 0.875 0.5625 0 0.875 0.59375 0 0 2 943 -944 
1972 0.875 0.59375 0 0.875 0.625 0 0 2 944 -945 
1973 0.875 0.625 0 0.875 0.65625 0 0 2 945 -946 
1974 0.875 0.65625 0 0.875 0.6875 0 0 2 946 -947 
1975 0.875 0.6875 0 0.875 0.71875 0 0 2 947 -948 
1976 0.875 0.71875 0 0.875 0.75 0 0 2 948 -949 
1977 0.875 0.75 0 0.875 0.78125 0 0 2 949 -950 
1978 0.875 0.78125 0 0.875 0.8125 0 0 2 950 -951 
1979 0.875 0.8125 0 0.875 0.84375 0 0 2 951 -952 
1980 0.875 0.84375 0 0.875 0.875 0 0 2 952 -953 
1981 0.875 0.875 0 0.875 0.90625 0 0 2 953 -954 
1982 0.875 0.90625 0 0.875 0.9375 0 0 2 954 -955 
1983 0.875 0.9375 0 0.875 0.96875 0 0 2 955 -956 
1984 0.875 0.96875 0 0.875 1 0 0 2 956 -957 
1985 0.90625 0 0 0.90625 0.03125 0 0 2 958 -959 
1986 0.90625 0.03125 0 0.90625 0.0625 0 0 2 959 -960 
1987 0.90625 0.0625 0 0.90625 0.09375 0 0 2 960 -961 
1988 0.90625 0.09375 0 0.90625 0.125 0 0 2 961 -962 
1989 0.90625 0.125 0 0.90625 0.15625 0 0 2 962 -963 
1990 0.90625 0.15625 0 0.90625 0.1875 0 0 2 963 -964 
1991 0.90625 0.1875 0 0.90625 0.21875 0 0 2 964 -965 
1992 0.90625 0.21875 0 0.90625 0.25 0 0 2 965 -966 
1993 0.90625 0.25 0 0.90625 0.28125 0 0 2 966 -967 
1994 0.90625 0.28125 0 0.90625 0.3125 0 0 2 967 -968 
1995 0.90625 0.3125 0 0.90625 0.34375 0 0 2 968 -969 
1996 0.90625 0.34375 0 0.90625 0.375 0 0 2 969 -970 
1997 0.90625 0.375 0 0.90625 0.40625 0 0 2 970 -971 
1998 0.90625 0.40625 0 0.90625 0.4375 0 0 2 971 -972 
1999 0.90625 0.4375 0 0.90625 0.46875 0 0 2 972 -973 
2000 0.90625 0.46875 0 0.90625 0.5 0 0 2 973 -974 
2001 0.90625 0.5 0 0.90625 0.53125 0 0 2 974 -975 
2002 0.90625 0.53125 0 0.90625 0.5625 0 0 2 975 -976 
2003 0.90625 0.5625 0 0.90625 0.59375 0 0 2 976 -977 
2004 0.90625 0.59375 0 0.90625 0.625 0 0 2 977 -978 
2005 0.90625 0.625 0 0.90625 0.65625 0 0 2 978 -979 
2006 0.90625 0.65625 0 0.90625 0.6875 0 0 2 979 -980 
2007 0.90625 0.6875 0 0.90625 0.71875 0 0 2 980 -981 
2008 0.90625 0.71875 0 0.90625 0.75 0 0 2 981 -982 
2009 0.90625 0.75 0 0.90625 0.78125 0 0 2 982 -983 
2010 0.90625 0.78125 0 0.90625 0.8125 0 0 2 983 -984 
2011 0.90625 0.8125 0 0.90625 0.84375 0 0 2 984 -985 
2012 0.90625 0.84375 0 0.90625 0.875 0 0 2 985 -986 
2013 0.90625 0.875 0 0.90625 0.90625 0 0 2 986 -987 
2014 0.90625 0.90625 0 0.90625 0.9375 0 0 2 987 -988 
2015 0.90625 0.9375 0 0.90625 0.96875 0 0 2 988 -989 
2016 0.90625 0.96875 0 0.90625 1 0 0 2 989 -990 
2017 0.9375 0 0 0.9375 0.03125 0 0 2 991 -992 
2018 0.9375 0.03125 0 0.9375 0.0625 0 0 2 992 -993 
2019 0.9375 0.0625 0 0.9375 0.09375 0 0 2 993 -994 
2020 0.9375 0.09375 0 0.9375 0.125 0 0 2 994 -995 
2021 0.9375 0.125 0 0.9375 0.15625 0 0 2 995 -996 
2022 0.9375 0.15625 0 0.9375 0.1875 0 0 2 996 -997 
2023 0.9375 0.1875 0 0.9375 0.21875 0 0 2 997 -998 
2024 0.9375 0.21875 0 0.9375 0.25 0 0 2 998 -999 
2025 0.9375 0.25 0 0.9375 0.28125 0 0 2 999 -1000 
2026 0.9375 0.28125 0 0.9375 0.3125 0 0 2 1000 -1001 
2027 0.9375 0.3125 0 0.9375 0.34375 0 0 2 1001 -1002 
2028 0.9375 0.34375 0 0.9375 0.375 0 0 2 1002 -1003 
2029 0.9375 0.375 0 0.9375 0.40625 0 0 2 1003 -1004 
2030 0.9375 0.40625 0 0.9375 0.4375 0 0 2 1004 -1005 
2031 0.9375 0.4375 0 0.9375 0.46875 0 0 2 1005 -1006 
2032 0.9375 0.46875 0 0.9375 0.5 0 0 2 1006 -1007 
2033 0.9375 0.5 0 0.9375 0.53125 0 0 2 1007 -1008 
2034 0.9375 0.53125 0 0.9375 0.5625 0 0 2 1008 -1009 
2035 0.9375 0.5625 0 0.9375 0.59375 0 0 2 1009 -1010 
2036 0.9375 0.59375 0 0.9375 0.625 0 0 2 1010 -1011 
2037 0.9375 0.625 0 0.9375 0.65625 0 0 2 1011 -1012 
2038 0.9375 0.65625 0 0.9375 0.6875 0 0 2 1012 -1013 
2039 0.9375 0.6875 0 0.9375 0.71875 0 0 2 1013 -1014 
2040 0.9375 0.71875 0 0.9375 0.75 0 0 2 1014 -1015 
2041 0.9375 0.75 0 0.9375 0.78125 0 0 2 1015 -1016 
2042 0.9375 0.78125 0 0.9375 0.8125 0 0 2 1016 -1017 
2043 0.9375 0.8125 0 0.9375 0.84375 0 0 2 1017 -1018 
2044 0.9375 0.84375 0 0.9375 0.875 0 0 2 1018 -1019 
2045 0.9375 0.875 0 0.9375 0.90625 0 0 2 1019 -1020 
2046 0.9375 0.90625 0 0.9375 0.9375 0 0 2 1020 -1021 
2047 0.9375 0.9375 0 0.9375 0.96875 0 0 2 1021 -1022 
2048 0.9375 0.96875 0 0.9375 1 0 0 2 1022 -1023 
2049 0.96875 0 0 0.96875 0.03125 0 0 2 1024 -1025 
2050 0.96875 0.03125 0 0.96875 0.0625 0 0 2 1025 -1026 
2051 0.96875 0.0625 0 0.96875 0.09375 0 0 2 1026 -1027 
2052 0.96875 0.09375 0 0.96875 0.125 0 0 2 1027 -1028 
2053 0.96875 0.125 0 0.96875 0.15625 0 0 2 1028 -1029 
2054 0.96875 0.15625 0 0.96875 0.1875 0 0 2 1029 -1030 
2055 0.96875 0.1875 0 0.96875 0.21875 0 0 2 1030 -1031 
2056 0.96875 0.21875 0 0.96875 0.25 0 0 2 1031 -1032 
2057 0.96875 0.25 0 0.96875 0.28125 0 0 2 1032 -1033 
2058 0.96875 0.28125 0 0.96875 0.3125 0 0 2 1033 -1034 
2059 0.96875 0.3125 0 0.96875 0.34375 0 0 2 1034 -1035 
2060 0.96875 0.34375 0 0.96875 0.375 0 0 2 1035 -1036 
2061 0.96875 0.375 0 0.96875 0.40625 0 0 2 1036 -1037 
2062 0.96875 0.40625 0 0.96875 0.4375 0 0 2 1037 -1038 
2063 0.96875 0.4375 0 0.96875 0.46875 0 0 2 1038 -1039 
2064 0.96875 0.46875 0 0.96875 0.5 0 0 2 1039 -1040 
2065 0.96875 0.5 0 0.96875 0.53125 0 0 2 1040 -1041 
2066 0.96875 0.53125 0 0.96875 0.5625 0 0 2 1041 -1042 
2067 0.96875 0.5625 0 0.96875 0.59375 0 0 2 1042 -1043 
2068 0.96875 0.59375 0 0.96875 0.625 0 0 2 1043 -1044 
2069 0.96875 0.625 0 0.96875 0.65625 0 0 2 1044 -1045 
2070 0.96875 0.65625 0 0.96875 0.6875 0 0 2 1045 -1046 
2071 0.96875 0.6875 0 0.96875 0.71875 0 0 2 1046 -1047 
2072 0.96875 0.71875 0 0.96875 0.75 0 0 2 1047 -1048 
2073 0.96875 0.75 0 0.96875 0.78125 0 0 2 1048 -1049 
2074 0.96875 0.78125 0 0.96875 0.8125 0 0 2 1049 -1050 
2075 0.96875 0.8125 0 0.96875 0.84375 0 0 2 1050 -1051 
2076 0.96875 0.84375 0 0.96875 0.875 0 0 2 1051 -1052 
2077 0.96875 0.875 0 0.96875 0.90625 0 0 2 1052 -1053 
2078 0.96875 0.90625 0 0.96875 0.9375 0 0 2 1053 -1054 
2079 0.96875 0.9375 0 0.96875 0.96875 0 0 2 1054 -1055 
2080 0.96875 0.96875 0 0.96875 1 0 0 2 1055 -1056 
2081 1 0 0 1 0.03125 0 0 2 1057 -1058 
2082 1 0.03125 0 1 0.0625 0 0 2 1058 -1059 
2083 1 0.0625 0 1 0.09375 0 0 2 1059 -1060 
2084 1 0.09375 0 1 0.125 0 0 2 1060 -1061 
2085 1 0.125 0 1 0.15625 0 0 2 1061 -1062 
2086 1 0.15625 0 1 0.1875 0 0 2 1062 -1063 
2087 1 0.1875 0 1 0.21875 0 0 2 1063 -1064 
2088 1 0.21875 0 1 0.25 0 0 2 1064 -1065 
2089 1 0.25 0 1 0.28125 0 0 2 1065 -1066 
2090 1 0.28125 0 1 0.3125 0 0 2 1066 -1067 
2091 1 0.3125 0 1 0.34375 0 0 2 1067 -1068 
2092 1 0.34375 0 1 0.375 0 0 2 1068 -1069 
2093 1 0.375 0 1 0.40625 0 0 2 1069 -1070 
2094 1 0.40625 0 1 0.4375 0 0 2 1070 -1071 
2095 1 0.4375 0 1 0.46875 0 0 2 1071 -1072 
2096 1 0.46875 0 1 0.5 0 0 2 1072 -1073 
2097 1 0.5 0 1 0.53125 0 0 2 1073 -1074 
2098 1 0.53125 0 1 0.5625 0 0 2 1074 -1075 
2099 1 0.5625 0 1 0.59375 0 0 2 1075 -1076 
2100 1 0.59375 0 1 0.625 0 0 2 1076 -1077 
2101 1 0.625 0 1 0.65625 0 0 2 1077 -1078 
2102 1 0.65625 0 1 0.6875 0 0 2 1078 -1079 
2103 1 0.6875 0 1 0.71875 0 0 2 1079 -1080 
2104 1 0.71875 0 1 0.75 0 0 2 1080 -1081 
2105 1 0.75 0 1 0.78125 0 0 2 1081 -1082 
2106 1 0.78125 0 1 0.8125 0 0 2 1082 -1083 
2107 1 0.8125 0 1 0.84375 0 0 2 1083 -1084 
2108 1 0.84375 0 1 0.875 0 0 2 1084 -1085 
2109 1 0.875 0 1 0.90625 0 0 2 1085 -1086 
2110 1 0.90625 0 1 0.9375 0 0 2 1086 -1087 
2111 1 0.9375 0 1 0.96875 0 0 2 1087 -1088 
2112 1 0.96875 0 1 1 0 0 2 1088 -1089 
1 0 0 0 0.03125 0.03125 0 0 4 1 1089 -33 -1057 
2 0 0.03125 0 0.03125 0.0625 0 0 4 33 1090 -65 -1058 
3 0 0.0625 0 0.03125 0.09375 0 0 4 65 1091 -97 -1059 
4 0 0.09375 0 0.03125 0.125 0 0 4 97 1092 -129 -1060 
5 0 0.125 0 0.03125 0.15625 0 0 4 129 1093 -161 -1061 
6 0 0.15625 0 0.03125 0.1875 0 0 4 161 1094 -193 -1062 
7 0 0.1875 0 0.03125 0.21875 0 0 4 193 1095 -225 -1063 
8 0 0.21875 0 0.03125 0.25 0 0 4 225 1096 -257 -1064 
9 0 0.25 0 0.03125 0.28125 0 0 4 257 1097 -289 -1065 
10 0 0.28125 0 0.03125 0.3125 0 0 4 289 1098 -321 -1066 
11 0 0.3125 0 0.03125 0.34375 0 0 4 321 1099 -353 -1067 
12 0 0.34375 0 0.03125 0.375 0 0 4 353 1100 -385 -1068 
13 0 0.375 0 0.03125 0.40625 0 0 4 385 1101 -417 -1069 
14 0 0.40625 0 0.03125 0.4375 0 0 4 417 1102 -449 -1070 
15 0 0.4375 0 0.03125 0.46875 0 0 4 449 1103 -481 -1071 
16 0 0.46875 0 0.03125 0.5 0 0 4 481 1104 -513 -1072 
17 0 0.5 0 0.03125 0.53125 0 0 4 513 1105 -545 -1073 
18 0 0.53125 0 0.03125 0.5625 0 0 4 545 1106 -577 -1074 
19 0 0.5625 0 0.03125 0.59375 0 0 4 577 1107 -609 -1075 
20 0 0.59375 0 0.03125 0.625 0 0 4 609 1108 -641 -1076 
21 0 0.625 0 0.03125 0.65625 0 0 4 641 1109 -673 -1077 
22 0 0.65625 0 0.03125 0.6875 0 0 4 673 1110 -705 -1078 
23 0 0.6875 0 0.03125 0.71875 0 0 4 705 1111 -737 -1079 
24 0 0.71875 0 0.03125 0.75 0 0 4 737 1112 -769 -1080 
25 0 0.75 0 0.03125 0.78125 0 0 4 769 1113 -801 -1081 
26 0 0.78125 0 0.03125 0.8125 0 0 4 801 1114 -833 -1082 
27 0 0.8125 0 0.03125 0.84375 0 0 4 833 1115 -865 -1083 
28 0 0.84375 0 0.03125 0.875 0 0 4 865 1116 -897 -1084 
29 0 0.875 0 0.03125 0.90625 0 0 4 897 1117 -929 -1085 
30 0 0.90625 0 0.03125 0.9375 0 0 4 929 1118 -961 -1086 
31 0 0.9375 0 0.03125 0.96875 0 0 4 961 1119 -993 -1087 
32 0 0.96875 0 0.03125 1 0 0 4 993 1120 -1025 -1088 
33 0.03125 0 0 0.0625 0.03125 0 0 4 2 1121 -34 -1089 
34 0.03125 0.03125 0 0.0625 0.0625 0 0 4 34 1122 -66 -1090 
35 0.03125 0.0625 0 0.0625 0.09375 0 0 4 66 1123 -98 -1091 
36 0.03125 0.09375 0 0.0625 0.125 0 0 4 98 1124 -130 -1092 
37 0.03125 0.125 0 0.0625 0.15625 0 0 4 130 1125 -162 -1093 
38 0.03125 0.15625 0 0.0625 0.1875 0 0 4 162 1126 -194 -1094 
39 0.03125 0.1875 0 0.0625 0.21875 0 0 4 194 1127 -226 -1095 
40 0.03125 0.21875 0 0.0625 0.25 0 0 4 226 1128 -258 -1096 
41 0.03125 0.25 0 0.0625 0.28125 0 0 4 258 1129 -290 -1097 
42 0.03125 0.28125 0 0.0625 0.3125 0 0 4 290 1130 -322 -1098 
43 0.03125 0.3125 0 0.0625 0.34375 0 0 4 322 1131 -354 -1099 
44 0.03125 0.34375 0 0.0625 0.375 0 0 4 354 1132 -386 -1100 
45 0.03125 0.375 0 0.0625 0.40625 0 0 4 386 1133 -418 -1101 
46 0.03125 0.40625 0 0.0625 0.4375 0 0 4 418 1134 -450 -1102 
47 0.03125 0.4375 0 0.0625 0.46875 0 0 4 450 1135 -482 -1103 
48 0.03125 0.46875 0 0.0625 0.5 0 0 4 482 1136 -514 -1104 
49 0.03125 0.5 0 0.0625 0.53125 0 0 4 514 1137 -546 -1105 
50 0.03125 0.53125 0 0.0625 0.5625 0 0 4 546 1138 -578 -1106 
51 0.03125 0.5625 0 0.0625 0.59375 0 0 4 578 1139 -610 -1107 
52 0.03125 0.59375 0 0.0625 0.625 0 0 4 610 1140 -642 -1108 
53 0.03125 0.625 0 0.0625 0.65625 0 0 4 642 1141 -674 -1109 
54 0.03125 0.65625 0 0.0625 0.6875 0 0 4 674 1142 -706 -1110 
55 0.03125 0.6875 0 0.0625 0.71875 0 0 4 706 1143 -738 -1111 
56 0.03125 0.71875 0 0.0625 0.75 0 0 4 738 1144 -770 -1112 
57 0.03125 0.75 0 0.0625 0.78125 0 0 4 770 1145 -802 -1113 
58 0.03125 0.78125 0 0.0625 0.8125 0 0 4 802 1146 -834 -1114 
59 0.03125 0.8125 0 0.0625 0.84375 0 0 4 834 1147 -866 -1115 
60 0.03125 0.84375 0 0.0625 0.875 0 0 4 866 1148 -898 -1116 
61 0.03125 0.875 0 0.0625 0.90625 0 0 4 898 1149 -930 -1117 
62 0.03125 0.90625 0 0.0625 0.9375 0 0 4 930 1150 -962 -1118 
63 0.03125 0.9375 0 0.0625 0.96875 0 0 4 962 1151 -994 -1119 
64 0.03125 0.96875 0 0.0625 1 0 0 4 994 1152 -1026 -1120 
65 0.0625 0 0 0.09375 0.03125 0 0 4 3 1153 -35 -1121 
66 0.0625 0.03125 0 0.09375 0.0625 0 0 4 35 1154 -67 -1122 
67 0.0625 0.0625 0 0.09375 0.09375 0 0 4 67 1155 -99 -1123 
68 0.0625 0.09375 0 0.09375 0.125 0 0 4 99 1156 -131 -1124 
69 0.0625 0.125 0 0.09375 0.15625 0 0 4 131 1157 -163 -1125 
70 0.0625 0.15625 0 0.09375 0.1875 0 0 4 163 1158 -195 -1126 
71 0.0625 0.1875 0 0.09375 0.21875 0 0 4 195 1159 -227 -1127 
72 0.0625 0.21875 0 0.09375 0.25 0 0 4 227 1160 -259 -1128 
73 0.0625 0.25 0 0.09375 0.28125 0 0 4 259 1161 -291 -1129 
74 0.0625 0.28125 0 0.09375 0.3125 0 0 4 291 1162 -323 -1130 
75 0.0625 0.3125 0 0.09375 0.34375 0 0 4 323 1163 -355 -1131 
76 0.0625 0.34375 0 0.09375 0.375 0 0 4 355 1164 -387 -1132 
77 0.0625 0.375 0 0.09375 0.40625 0 0 4 387 1165 -419 -1133 
78 0.0625 0.40625 0 0.09375 0.4375 0 0 4 419 1166 -451 -1134 
79 0.0625 0.4375 0 0.09375 0.46875 0 0 4 451 1167 -483 -1135 
80 0.0625 0.46875 0 0.09375 0.5 0 0 4 483 1168 -515 -1136 
81 0.0625 0.5 0 0.09375 0.53125 0 0 4 515 1169 -547 -1137 
82 0.0625 0.53125 0 0.09375 0.5625 0 0 4 547 1170 -579 -1138 
83 0.0625 0.5625 0 0.09375 0.59375 0 0 4 579 1171 -611 -1139 
84 0.0625 0.59375 0 0.09375 0.625 0 0 4 611 1172 -643 -1140 
85 0.0625 0.625 0 0.09375 0.65625 0 0 4 643 1173 -675 -1141 
86 0.0625 0.65625 0 0.09375 0.6875 0 0 4 675 1174 -707 -1142 
87 0.0625 0.6875 0 0.09375 0.71875 0 0 4 707 1175 -739 -1143 
88 0.0625 0.71875 0 0.09375 0.75 0 0 4 739 1176 -771 -1144 
89 0.0625 0.75 0 0.09375 0.78125 0 0 4 771 1177 -803 -1145 
90 0.0625 0.78125 0 0.09375 0.8125 0 0 4 803 1178 -835 -1146 
91 0.0625 0.8125 0 0.09375 0.84375 0 0 4 835 1179 -867 -1147 
92 0.0625 0.84375 0 0.09375 0.875 0 0 4 867 1180 -899 -1148 
93 0.0625 0.875 0 0.09375 0.90625 0 0 4 899 1181 -931 -1149 
94 0.0625 0.90625 0 0.09375 0.9375 0 0 4 931 1182 -963 -1150 
95 0.0625 0.9375 0 0.09375 0.96875 0 0 4 963 1183 -995 -1151 
96 0.0625 0.96875 0 0.09375 1 0 0 4 995 1184 -1027 -1152 
97 0.09375 0 0 0.125 0.03125 0 0 4 4 1185 -36 -1153 
98 0.09375 0.03125 0 0.125 0.0625 0 0 4 36 1186 -68 -1154 
99 0.09375 0.0625 0 0.125 0.09375 0 0 4 68 1187 -100 -1155 
100 0.09375 0.09375 0 0.125 0.125 0 0 4 100 1188 -132 -1156 
101 0.09375 0.125 0 0.125 0.15625 0 0 4 132 1189 -164 -1157 
102 0.09375 0.15625 0 0.125 0.1875 0 0 4 164 1190 -196 -1158 
103 0.09375 0.1875 0 0.125 0.21875 0 0 4 196 1191 -228 -1159 
104 0.09375 0.21875 0 0.125 0.25 0 0 4 228 1192 -260 -1160 
105 0.09375 0.25 0 0.125 0.28125 0 0 4 260 1193 -292 -1161 
106 0.09375 0.28125 0 0.125 0.3125 0 0 4 292 1194 -324 -1162 
107 0.09375 0.3125 0 0.125 0.34375 0 0 4 324 1195 -356 -1163 
108 0.09375 0.34375 0 0.125 0.375 0 0 4 356 1196 -388 -1164 
109 0.09375 0.375 0 0.125 0.40625 0 0 4 388 1197 -420 -1165 
110 0.09375 0.40625 0 0.125 0.4375 0 0 4 420 1198 -452 -1166 
111 0.09375 0.4375 0 0.125 0.46875 0 0 4 452 1199 -484 -1167 
112 0.09375 0.46875 0 0.125 0.5 0 0 4 484 1200 -516 -1168 
113 0.09375 0.5 0 0.125 0.53125 0 0 4 516 1201 -548 -1169 
114 0.09375 0.53125 0 0.125 0.5625 0 0 4 548 1202 -580 -1170 
115 0.09375 0.5625 0 0.125 0.59375 0 0 4 580 1203 -612 -1171 
116 0.09375 0.59375 0 0.125 0.625 0 0 4 612 1204 -644 -1172 
117 0.09375 0.625 0 0.125 0.65625 0 0 4 644 1205 -676 -1173 
118 0.09375 0.65625 0 0.125 0.6875 0 0 4 676 1206 -708 -1174 
119 0.09375 0.6875 0 0.125 0.71875 0 0 4 708 1207 -740 -1175 
120 0.09375 0.71875 0 0.125 0.75 0 0 4 740 1208 -772 -1176 
121 0.09375 0.75 0 0.125 0.78125 0 0 4 772 1209 -804 -1177 
122 0.09375 0.78125 0 0.125 0.8125 0 0 4 804 1210 -836 -1178 
123 0.09375 0.8125 0 0.125 0.84375 0 0 4 836 1211 -868 -1179 
124 0.09375 0.84375 0 0.125 0.875 0 0 4 868 1212 -900 -1180 
125 0.09375 0.875 0 0.125 0.90625 0 0 4 900 1213 -932 -1181 
126 0.09375 0.90625 0 0.125 0.9375 0 0 4 932 1214 -964 -1182 
127 0.09375 0.9375 0 0.125 0.96875 0 0 4 964 1215 -996 -1183 
128 0.09375 0.96875 0 0.125 1 0 0 4 996 1216 -1028 -1184 
129 0.125 0 0 0.15625 0.03125 0 0 4 5 1217 -37 -1185 
130 0.125 0.03125 0 0.15625 0.0625 0 0 4 37 1218 -69 -1186 
131 0.125 0.0625 0 0.15625 0.09375 0 0 4 69 1219 -101 -1187 
132 0.125 0.09375 0 0.15625 0.125 0 0 4 101 1220 -133 -1188 
133 0.125 0.125 0 0.15625 0.15625 0 0 4 133 1221 -165 -1189 
134 0.125 0.15625 0 0.15625 0.1875 0 0 4 165 1222 -197 -1190 
135 0.125 0.1875 0 0.15625 0.21875 0 0 4 197 1223 -229 -1191 
136 0.125 0.21875 0 0.15625 0.25 0 0 4 229 1224 -261 -1192 
137 0.125 0.25 0 0.15625 0.28125 0 0 4 261 1225 -293 -1193 
138 0.125 0.28125 0 0.15625 0.3125 0 0 4 293 1226 -325 -1194 
139 0.125 0.3125 0 0.15625 0.34375 0 0 4 325 1227 -357 -1195 
140 0.125 0.34375 0 0.15625 0.375 0 0 4 357 1228 -389 -1196 
141 0.125 0.375 0 0.15625 0.40625 0 0 4 389 1229 -421 -1197 
142 0.125 0.40625 0 0.15625 0.4375 0 0 4 421 1230 -453 -1198 
143 0.125 0.4375 0 0.15625 0.46875 0 0 4 453 1231 -485 -1199 
144 0.125 0.46875 0 0.15625 0.5 0 0 4 485 1232 -517 -1200 
145 0.125 0.5 0 0.15625 0.53125 0 0 4 517 1233 -549 -1201 
146 0.125 0.53125 0 0.15625 0.5625 0 0 4 549 1234 -581 -1202 
147 0.125 0.5625 0 0.15625 0.59375 0 0 4 581 1235 -613 -1203 
148 0.125 0.59375 0 0.15625 0.625 0 0 4 613 1236 -645 -1204 
149 0.125 0.625 0 0.15625 0.65625 0 0 4 645 1237 -677 -1205 
150 0.125 0.65625 0 0.15625 0.6875 0 0 4 677 1238 -709 -1206 
151 0.125 0.6875 0 0.15625 0.71875 0 0 4 709 1239 -741 -1207 
152 0.125 0.71875 0 0.15625 0.75 0 0 4 741 1240 -773 -1208 
153 0.125 0.75 0 0.15625 0.78125 0 0 4 773 1241 -805 -1209 
154 0.125 0.78125 0 0.15625 0.8125 0 0 4 805 1242 -837 -1210 
155 0.125 0.8125 0 0.15625 0.84375 0 0 4 837 1243 -869 -1211 
156 0.125 0.84375 0 0.15625 0.875 0 0 4 869 1244 -901 -1212 
157 0.125 0.875 0 0.15625 0.90625 0 0 4 901 1245 -933 -1213 
158 0.125 0.90625 0 0.15625 0.9375 0 0 4 933 1246 -965 -1214 
159 0.125 0.9375 0 0.15625 0.96875 0 0 4 965 1247 -997 -1215 
160 0.125 0.96875 0 0.15625 1 0 0 4 997 1248 -1029 -1216 
161 0.15625 0 0 0.1875 0.03125 0 0 4 6 1249 -38 -1217 
162 0.15625 0.03125 0 0.1875 0.0625 0 0 4 38 1250 -70 -1218 
163 0.15625 0.0625 0 0.1875 0.09375 0 0 4 70 1251 -102 -1219 
164 0.15625 0.09375 0 0.1875 0.125 0 0 4 102 1252 -134 -1220 
165 0.15625 0.125 0 0.1875 0.15625 0 0 4 134 1253 -166 -1221 
166 0.15625 0.15625 0 0.1875 0.1875 0 0 4 166 1254 -198 -1222 
167 0.15625 0.1875 0 0.1875 0.21875 0 0 4 198 1255 -230 -1223 
168 0.15625 0.21875 0 0.1875 0.25 0 0 4 230 1256 -262 -1224 
169 0.15625 0.25 0 0.1875 0.28125 0 0 4 262 1257 -294 -1225 
170 0.15625 0.28125 0 0.1875 0.3125 0 0 4 294 1258 -326 -1226 
171 0.15625 0.3125 0 0.1875 0.34375 0 0 4 326 1259 -358 -1227 
172 0.15625 0.34375 0 0.1875 0.375 0 0 4 358 1260 -390 -1228 
173 0.15625 0.375 0 0.1875 0.40625 0 0 4 390 1261 -422 -1229 
174 0.15625 0.40625 0 0.1875 0.4375 0 0 4 422 1262 -454 -1230 
175 0.15625 0.4375 0 0.1875 0.46875 0 0 4 454 1263 -486 -1231 
176 0.15625 0.46875 0 0.1875 0.5 0 0 4 486 1264 -518 -1232 
177 0.15625 0.5 0 0.1875 0.53125 0 0 4 518 1265 -550 -1233 
178 0.15625 0.53125 0 0.1875 0.5625 0 0 4 550 1266 -582 -1234 
179 0.15625 0.5625 0 0.1875 0.59375 0 0 4 582 1267 -614 -1235 
180 0.15625 0.59375 0 0.1875 0.625 0 0 4 614 1268 -646 -1236 
181 0.15625 0.625 0 0.1875 0.65625 0 0 4 646 1269 -678 -1237 
182 0.15625 0.65625 0 0.1875 0.6875 0 0 4 678 1270 -710 -1238 
183 0.15625 0.6875 0 0.1875 0.71875 0 0 4 710 1271 -742 -1239 
184 0.15625 0.71875 0 0.1875 0.75 0 0 4 742 1272 -774 -1240 
185 0.15625 0.75 0 0.1875 0.78125 0 0 4 774 1273 -806 -1241 
186 0.15625 0.78125 0 0.1875 0.8125 0 0 4 806 1274 -838 -1242 
187 0.15625 0.8125 0 0.1875 0.84375 0 0 4 838 1275 -870 -1243 
188 0.15625 0.84375 0 0.1875 0.875 0 0 4 870 1276 -902 -1244 
189 0.15625 0.875 0 0.1875 0.90625 0 0 4 902 1277 -934 -1245 
190 0.15625 0.90625 0 0.1875 0.9375 0 0 4 934 1278 -966 -1246 
191 0.15625 0.9375 0 0.1875 0.96875 0 0 4 966 1279 -998 -1247 
192 0.15625 0.96875 0 0.1875 1 0 0 4 998 1280 -1030 -1248 
193 0.1875 0 0 0.21875 0.03125 0 0 4 7 1281 -39 -1249 
194 0.1875 0.03125 0 0.21875 0.0625 0 0 4 39 1282 -71 -1250 
195 0.1875 0.0625 0 0.21875 0.09375 0 0 4 71 1283 -103 -1251 
196 0.1875 0.09375 0 0.21875 0.125 0 0 4 103 1284 -135 -1252 
197 0.1875 0.125 0 0.21875 0.15625 0 0 4 135 1285 -167 -1253 
198 0.1875 0.15625 0 0.21875 0.1875 0 0 4 167 1286 -199 -1254 
199 0.1875 0.1875 0 0.21875 0.21875 0 0 4 199 1287 -231 -1255 
200 0.1875 0.21875 0 0.21875 0.25 0 0 4 231 1288 -263 -1256 
201 0.1875 0.25 0 0.21875 0.28125 0 0 4 263 1289 -295 -1257 
202 0.1875 0.28125 0 0.21875 0.3125 0 0 4 295 1290 -327 -1258 
203 0.1875 0.3125 0 0.21875 0.34375 0 0 4 327 1291 -359 -1259 
204 0.1875 0.34375 0 0.21875 0.375 0 0 4 359 1292 -391 -1260 
205 0.1875 0.375 0 0.21875 0.40625 0 0 4 391 1293 -423 -1261 
206 0.1875 0.40625 0 0.21875 0.4375 0 0 4 423 1294 -455 -1262 
207 0.1875 0.4375 0 0.21875 0.46875 0 0 4 455 1295 -487 -1263 
208 0.1875 0.46875 0 0.21875 0.5 0 0 4 487 1296 -519 -1264 
209 0.1875 0.5 0 0.21875 0.53125 0 0 4 519 1297 -551 -1265 
210 0.1875 0.53125 0 0.21875 0.5625 0 0 4 551 1298 -583 -1266 
211 0.1875 0.5625 0 0.21875 0.59375 0 0 4 583 1299 -615 -1267 
212 0.1875 0.59375 0 0.21875 0.625 0 0 4 615 1300 -647 -1268 
213 0.1875 0.625 0 0.21875 0.65625 0 0 4 647 1301 -679 -1269 
214 0.1875 0.65625 0 0.21875 0.6875 0 0 4 679 1302 -711 -1270 
215 0.1875 0.6875 0 0.21875 0.71875 0 0 4 711 1303 -743 -1271 
216 0.1875 0.71875 0 0.21875 0.75 0 0 4 743 1304 -775 -1272 
217 0.1875 0.75 0 0.21875 0.78125 0 0 4 775 1305 -807 -1273 
218 0.1875 0.78125 0 0.21875 0.8125 0 0 4 807 1306 -839 -1274 
219 0.1875 0.8125 0 0.21875 0.84375 0 0 4 839 1307 -871 -1275 
220 0.1875 0.84375 0 0.21875 0.875 0 0 4 871 1308 -903 -1276 
221 0.1875 0.875 0 0.21875 0.90625 0 0 4 903 1309 -935 -1277 
222 0.1875 0.90625 0 0.21875 0.9375 0 0 4 935 1310 -967 -1278 
223 0.1875 0.9375 0 0.21875 0.96875 0 0 4 967 1311 -999 -1279 
224 0.1875 0.96875 0 0.21875 1 0 0 4 999 1312 -1031 -1280 
225 0.21875 0 0 0.25 0.03125 0 0 4 8 1313 -40 -1281 
226 0.21875 0.03125 0 0.25 0.0625 0 0 4 40 1314 -72 -1282 
227 0.21875 0.0625 0 0.25 0.09375 0 0 4 72 1315 -104 -1283 
228 0.21875 0.09375 0 0.25 0.125 0 0 4 104 1316 -136 -1284 
229 0.21875 0.125 0 0.25 0.15625 0 0 4 136 1317 -168 -1285 
230 0.21875 0.15625 0 0.25 0.1875 0 0 4 168 1318 -200 -1286 
231 0.21875 0.1875 0 0.25 0.21875 0 0 4 200 1319 -232 -1287 
232 0.21875 0.21875 0 0.25 0.25 0 0 4 232 1320 -264 -1288 
233 0.21875 0.25 0 0.25 0.28125 0 0 4 264 1321 -296 -1289 
234 0.21875 0.28125 0 0.25 0.3125 0 0 4 296 1322 -328 -1290 
235 0.21875 0.3125 0 0.25 0.34375 0 0 4 328 1323 -360 -1291 
236 0.21875 0.34375 0 0.25 0.375 0 0 4 360 1324 -392 -1292 
237 0.21875 0.375 0 0.25 0.40625 0 0 4 392 1325 -424 -1293 
238 0.21875 0.40625 0 0.25 0.4375 0 0 4 424 1326 -456 -1294 
239 0.21875 0.4375 0 0.25 0.46875 0 0 4 456 1327 -488 -1295 
240 0.21875 0.46875 0 0.25 0.5 0 0 4 488 1328 -520 -1296 
241 0.21875 0.5 0 0.25 0.53125 0 0 4 520 1329 -552 -1297 
242 0.21875 0.53125 0 0.25 0.5625 0 0 4 552 1330 -584 -1298 
243 0.21875 0.5625 0 0.25 0.59375 0 0 4 584 1331 -616 -1299 
244 0.21875 0.59375 0 0.25 0.625 0 0 4 616 1332 -648 -1300 
245 0.21875 0.625 0 0.25 0.65625 0 0 4 648 1333 -680 -1301 
246 0.21875 0.65625 0 0.25 0.6875 0 0 4 680 1334 -712 -1302 
247 0.21875 0.6875 0 0.25 0.71875 0 0 4 712 1335 -744 -1303 
248 0.21875 0.71875 0 0.25 0.75 0 0 4 744 1336 -776 -1304 
249 0.21875 0.75 0 0.25 0.78125 0 0 4 776 1337 -808 -1305 
250 0.21875 0.78125 0 0.25 0.8125 0 0 4 808 1338 -840 -1306 
251 0.21875 0.8125 0 0.25 0.84375 0 0 4 840 1339 -872 -1307 
252 0.21875 0.84375 0 0.25 0.875 0 0 4 872 1340 -904 -1308 
253 0.21875 0.875 0 0.25 0.90625 0 0 4 904 1341 -936 -1309 
254 0.21875 0.90625 0 0.25 0.9375 0 0 4 936 1342 -968 -1310 
255 0.21875 0.9375 0 0.25 0.96875 0 0 4 968 1343 -1000 -1311 
256 0.21875 0.96875 0 0.25 1 0 0 4 1000 1344 -1032 -1312 
257 0.25 0 0 0.28125 0.03125 0 0 4 9 1345 -41 -1313 
258 0.25 0.03125 0 0.28125 0.0625 0 0 4 41 1346 -73 -1314 
259 0.25 0.0625 0 0.28125 0.09375 0 0 4 73 1347 -105 -1315 
260 0.25 0.09375 0 0.28125 0.125 0 0 4 105 1348 -137 -1316 
261 0.25 0.125 0 0.28125 0.15625 0 0 4 137 1349 -169 -1317 
262 0.25 0.15625 0 0.28125 0.1875 0 0 4 169 1350 -201 -1318 
263 0.25 0.1875 0 0.28125 0.21875 0 0 4 201 1351 -233 -1319 
264 0.25 0.21875 0 0.28125 0.25 0 0 4 233 1352 -265 -1320 
265 0.25 0.25 0 0.28125 0.28125 0 0 4 265 1353 -297 -1321 
266 0.25 0.28125 0 0.28125 0.3125 0 0 4 297 1354 -329 -1322 
267 0.25 0.3125 0 0.28125 0.34375 0 0 4 329 1355 -361 -1323 
268 0.25 0.34375 0 0.28125 0.375 0 0 4 361 1356 -393 -1324 
269 0.25 0.375 0 0.28125 0.40625 0 0 4 393 1357 -425 -1325 
270 0.25 0.40625 0 0.28125 0.4375 0 0 4 425 1358 -457 -1326 
271 0.25 0.4375 0 0.28125 0.46875 0 0 4 457 1359 -489 -1327 
272 0.25 0.46875 0 0.28125 0.5 0 0 4 489 1360 -521 -1328 
273 0.25 0.5 0 0.28125 0.53125 0 0 4 521 1361 -553 -1329 
274 0.25 0.53125 0 0.28125 0.5625 0 0 4 553 1362 -585 -1330 
275 0.25 0.5625 0 0.28125 0.59375 0 0 4 585 1363 -617 -1331 
276 0.25 0.59375 0 0.28125 0.625 0 0 4 617 1364 -649 -1332 
277 0.25 0.625 0 0.28125 0.65625 0 0 4 649 1365 -681 -1333 
278 0.25 0.65625 0 0.28125 0.6875 0 0 4 681 1366 -713 -1334 
279 0.25 0.6875 0 0.28125 0.71875 0 0 4 713 1367 -745 -1335 
280 0.25 0.71875 0 0.28125 0.75 0 0 4 745 1368 -777 -1336 
281 0.25 0.75 0 0.28125 0.78125 0 0 4 777 1369 -809 -1337 
282 0.25 0.78125 0 0.28125 0.8125 0 0 4 809 1370 -841 -1338 
283 0.25 0.8125 0 0.28125 0.84375 0 0 4 841 1371 -873 -1339 
284 0.25 0.84375 0 0.28125 0.875 0 0 4 873 1372 -905 -1340 
285 0.25 0.875 0 0.28125 0.90625 0 0 4 905 1373 -937 -1341 
286 0.25 0.90625 0 0.28125 0.9375 0 0 4 937 1374 -969 -1342 
287 0.25 0.9375 0 0.28125 0.96875 0 0 4 969 1375 -1001 -1343 
288 0.25 0.96875 0 0.28125 1 0 0 4 1001 1376 -1033 -1344 
289 0.28125 0 0 0.3125 0.03125 0 0 4 10 1377 -42 -1345 
290 0.28125 0.03125 0 0.3125 0.0625 0 0 4 42 1378 -74 -1346 
291 0.28125 0.0625 0 0.3125 0.09375 0 0 4 74 1379 -106 -1347 
292 0.28125 0.09375 0 0.3125 0.125 0 0 4 106 1380 -138 -1348 
293 0.28125 0.125 0 0.3125 0.15625 0 0 4 138 1381 -170 -1349 
294 0.28125 0.15625 0 0.3125 0.1875 0 0 4 170 1382 -202 -1350 
295 0.28125 0.1875 0 0.3125 0.21875 0 0 4 202 1383 -234 -1351 
296 0.28125 0.21875 0 0.3125 0.25 0 0 4 234 1384 -266 -1352 
297 0.28125 0.25 0 0.3125 0.28125 0 0 4 266 1385 -298 -1353 
298 0.28125 0.28125 0 0.3125 0.3125 0 0 4 298 1386 -330 -1354 
299 0.28125 0.3125 0 0.3125 0.34375 0 0 4 330 1387 -362 -1355 
300 0.28125 0.34375 0 0.3125 0.375 0 0 4 362 1388 -394 -1356 
301 0.28125 0.375 0 0.3125 0.40625 0 0 4 394 1389 -426 -1357 
302 0.28125 0.40625 0 0.3125 0.4375 0 0 4 426 1390 -458 -1358 
303 0.28125 0.4375 0 0.3125 0.46875 0 0 4 458 1391 -490 -1359 
304 0.28125 0.46875 0 0.3125 0.5 0 0 4 490 1392 -522 -1360 
305 0.28125 0.5 0 0.3125 0.53125 0 0 4 522 1393 -554 -1361 
306 0.28125 0.53125 0 0.3125 0.5625 0 0 4 554 1394 -586 -1362 
307 0.28125 0.5625 0 0.3125 0.59375 0 0 4 586 1395 -618 -1363 
308 0.28125 0.59375 0 0.3125 0.625 0 0 4 618 1396 -650 -1364 
309 0.28125 0.625 0 0.3125 0.65625 0 0 4 650 1397 -682 -1365 
310 0.28125 0.65625 0 0.3125 0.6875 0 0 4 682 1398 -714 -1366 
311 0.28125 0.6875 0 0.3125 0.71875 0 0 4 714 1399 -746 -1367 
312 0.28125 0.71875 0 0.3125 0.75 0 0 4 746 1400 -778 -1368 
313 0.28125 0.75 0 0.3125 0.78125 0 0 4 778 1401 -810 -1369 
314 0.28125 0.78125 0 0.3125 0.8125 0 0 4 810 1402 -842 -1370 
315 0.28125 0.8125 0 0.3125 0.84375 0 0 4 842 1403 -874 -1371 
316 0.28125 0.84375 0 0.3125 0.875 0 0 4 874 1404 -906 -1372 
317 0.28125 0.875 0 0.3125 0.90625 0 0 4 906 1405 -938 -1373 
318 0.28125 0.90625 0 0.3125 0.9375 0 0 4 938 1406 -970 -1374 
319 0.28125 0.9375 0 0.3125 0.96875 0 0 4 970 1407 -1002 -1375 
320 0.28125 0.96875 0 0.3125 1 0 0 4 1002 1408 -1034 -1376 
321 0.3125 0 0 0.34375 0.03125 0 0 4 11 1409 -43 -1377 
322 0.3125 0.03125 0 0.34375 0.0625 0 0 4 43 1410 -75 -1378 
323 0.3125 0.0625 0 0.34375 0.09375 0 0 4 75 1411 -107 -1379 
324 0.3125 0.09375 0 0.34375 0.125 0 0 4 107 1412 -139 -1380 
325 0.3125 0.125 0 0.34375 0.15625 0 0 4 139 1413 -171 -1381 
326 0.3125 0.15625 0 0.34375 0.1875 0 0 4 171 1414 -203 -1382 
327 0.3125 0.1875 0 0.34375 0.21875 0 0 4 203 1415 -235 -1383 
328 0.3125 0.21875 0 0.34375 0.25 0 0 4 235 1416 -267 -1384 
329 0.3125 0.25 0 0.34375 0.28125 0 0 4 267 1417 -299 -1385 
330 0.3125 0.28125 0 0.34375 0.3125 0 0 4 299 1418 -331 -1386 
331 0.3125 0.3125 0 0.34375 0.34375 0 0 4 331 1419 -363 -1387 
332 0.3125 0.34375 0 0.34375 0.375 0 0 4 363 1420 -395 -1388 
333 0.3125 0.375 0 0.34375 0.40625 0 0 4 395 1421 -427 -1389 
334 0.3125 0.40625 0 0.34375 0.4375 0 0 4 427 1422 -459 -1390 
335 0.3125 0.4375 0 0.34375 0.46875 0 0 4 459 1423 -491 -1391 
336 0.3125 0.46875 0 0.34375 0.5 0 0 4 491 1424 -523 -1392 
337 0.3125 0.5 0 0.34375 0.53125 0 0 4 523 1425 -555 -1393 
338 0.3125 0.53125 0 0.34375 0.5625 0 0 4 555 1426 -587 -1394 
339 0.3125 0.5625 0 0.34375 0.59375 0 0 4 587 1427 -619 -1395 
340 0.3125 0.59375 0 0.34375 0.625 0 0 4 619 1428 -651 -1396 
341 0.3125 0.625 0 0.34375 0.65625 0 0 4 651 1429 -683 -1397 
342 0.3125 0.65625 0 0.34375 0.6875 0 0 4 683 1430 -715 -1398 
343 0.3125 0.6875 0 0.34375 0.71875 0 0 4 715 1431 -747 -1399 
344 0.3125 0.71875 0 0.34375 0.75 0 0 4 747 1432 -779 -1400 
345 0.3125 0.75 0 0.34375 0.78125 0 0 4 779 1433 -811 -1401 
346 0.3125 0.78125 0 0.34375 0.8125 0 0 4 811 1434 -843 -1402 
347 0.3125 0.8125 0 0.34375 0.84375 0 0 4 843 1435 -875 -1403 
348 0.3125 0.84375 0 0.34375 0.875 0 0 4 875 1436 -907 -1404 
349 0.3125 0.875 0 0.34375 0.90625 0 0 4 907 1437 -939 -1405 
350 0.3125 0.90625 0 0.34375 0.9375 0 0 4 939 1438 -971 -1406 
351 0.3125 0.9375 0 0.34375 0.96875 0 0 4 971 1439 -1003 -1407 
352 0.3125 0.96875 0 0.34375 1 0 0 4 1003 1440 -1035 -1408 
353 0.34375 0 0 0.375 0.03125 0 0 4 12 1441 -44 -1409 
354 0.34375 0.03125 0 0.375 0.0625 0 0 4 44 1442 -76 -1410 
355 0.34375 0.0625 0 0.375 0.09375 0 0 4 76 1443 -108 -1411 
356 0.34375 0.09375 0 0.375 0.125 0 0 4 108 1444 -140 -1412 
357 0.34375 0.125 0 0.375 0.15625 0 0 4 140 1445 -172 -1413 
358 0.34375 0.15625 0 0.375 0.1875 0 0 4 172 1446 -204 -1414 
359 0.34375 0.1875 0 0.375 0.21875 0 0 4 204 1447 -236 -1415 
360 0.34375 0.21875 0 0.375 0.25 0 0 4 236 1448 -268 -1416 
361 0.34375 0.25 0 0.375 0.28125 0 0 4 268 1449 -300 -1417 
362 0.34375 0.28125 0 0.375 0.3125 0 0 4 300 1450 -332 -1418 
363 0.34375 0.3125 0 0.375 0.34375 0 0 4 332 1451 -364 -1419 
364 0.34375 0.34375 0 0.375 0.375 0 0 4 364 1452 -396 -1420 
365 0.34375 0.375 0 0.375 0.40625 0 0 4 396 1453 -428 -1421 
366 0.34375 0.40625 0 0.375 0.4375 0 0 4 428 1454 -460 -1422 
367 0.34375 0.4375 0 0.375 0.46875 0 0 4 460 1455 -492 -1423 
368 0.34375 0.46875 0 0.375 0.5 0 0 4 492 1456 -524 -1424 
369 0.34375 0.5 0 0.375 0.53125 0 0 4 524 1457 -556 -1425 
370 0.34375 0.53125 0 0.375 0.5625 0 0 4 556 1458 -588 -1426 
371 0.34375 0.5625 0 0.375 0.59375 0 0 4 588 1459 -620 -1427 
372 0.34375 0.59375 0 0.375 0.625 0 0 4 620 1460 -652 -1428 
373 0.34375 0.625 0 0.375 0.65625 0 0 4 652 1461 -684 -1429 
374 0.34375 0.65625 0 0.375 0.6875 0 0 4 684 1462 -716 -1430 
375 0.34375 0.6875 0 0.375 0.71875 0 0 4 716 1463 -748 -1431 
376 0.34375 0.71875 0 0.375 0.75 0 0 4 748 1464 -780 -1432 
377 0.34375 0.75 0 0.375 0.78125 0 0 4 780 1465 -812 -1433 
378 0.34375 0.78125 0 0.375 0.8125 0 0 4 812 1466 -844 -1434 
379 0.34375 0.8125 0 0.375 0.84375 0 0 4 844 1467 -876 -1435 
380 0.34375 0.84375 0 0.375 0.875 0 0 4 876 1468 -908 -1436 
381 0.34375 0.875 0 0.375 0.90625 0 0 4 908 1469 -940 -1437 
382 0.34375 0.90625 0 0.375 0.9375 0 0 4 940 1470 -972 -1438 
383 0.34375 0.9375 0 0.375 0.96875 0 0 4 972 1471 -1004 -1439 
384 0.34375 0.96875 0 0.375 1 0 0 4 1004 1472 -1036 -1440 
385 0.375 0 0 0.40625 0.03125 0 0 4 13 1473 -45 -1441 
386 0.375 0.03125 0 0.40625 0.0625 0 0 4 45 1474 -77 -1442 
387 0.375 0.0625 0 0.40625 0.09375 0 0 4 77 1475 -109 -1443 
388 0.375 0.09375 0 0.40625 0.125 0 0 4 109 1476 -141 -1444 
389 0.375 0.125 0 0.40625 0.15625 0 0 4 141 1477 -173 -1445 
390 0.375 0.15625 0 0.40625 0.1875 0 0 4 173 1478 -205 -1446 
391 0.375 0.1875 0 0.40625 0.21875 0 0 4 205 1479 -237 -1447 
392 0.375 0.21875 0 0.40625 0.25 0 0 4 237 1480 -269 -1448 
393 0.375 0.25 0 0.40625 0.28125 0 0 4 269 1481 -301 -1449 
394 0.375 0.28125 0 0.40625 0.3125 0 0 4 301 1482 -333 -1450 
395 0.375 0.3125 0 0.40625 0.34375 0 0 4 333 1483 -365 -1451 
396 0.375 0.34375 0 0.40625 0.375 0 0 4 365 1484 -397 -1452 
397 0.375 0.375 0 0.40625 0.40625 0 0 4 397 1485 -429 -1453 
398 0.375 0.40625 0 0.40625 0.4375 0 0 4 429 1486 -461 -1454 
399 0.375 0.4375 0 0.40625 0.46875 0 0 4 461 1487 -493 -1455 
400 0.375 0.46875 0 0.40625 0.5 0 0 4 493 1488 -525 -1456 
401 0.375 0.5 0 0.40625 0.53125 0 0 4 525 1489 -557 -1457 
402 0.375 0.53125 0 0.40625 0.5625 0 0 4 557 1490 -589 -1458 
403 0.375 0.5625 0 0.40625 0.59375 0 0 4 589 1491 -621 -1459 
404 0.375 0.59375 0 0.40625 0.625 0 0 4 621 1492 -653 -1460 
405 0.375 0.625 0 0.40625 0.65625 0 0 4 653 1493 -685 -1461 
406 0.375 0.65625 0 0.40625 0.6875 0 0 4 685 1494 -717 -1462 
407 0.375 0.6875 0 0.40625 0.71875 0 0 4 717 1495 -749 -1463 
408 0.375 0.71875 0 0.40625 0.75 0 0 4 749 1496 -781 -1464 
409 0.375 0.75 0 0.40625 0.78125 0 0 4 781 1497 -813 -1465 
410 0.375 0.78125 0 0.40625 0.8125 0 0 4 813 1498 -845 -1466 
411 0.375 0.8125 0 0.40625 0.84375 0 0 4 845 1499 -877 -1467 
412 0.375 0.84375 0 0.40625 0.875 0 0 4 877 1500 -909 -1468 
413 0.375 0.875 0 0.40625 0.90625 0 0 4 909 1501 -941 -1469 
414 0.375 0.90625 0 0.40625 0.9375 0 0 4 941 1502 -973 -1470 
415 0.375 0.9375 0 0.40625 0.96875 0 0 4 973 1503 -1005 -1471 
416 0.375 0.96875 0 0.40625 1 0 0 4 1005 1504 -1037 -1472 
417 0.40625 0 0 0.4375 0.03125 0 0 4 14 1505 -46 -1473 
418 0.40625 0.03125 0 0.4375 0.0625 0 0 4 46 1506 -78 -1474 
419 0.40625 0.0625 0 0.4375 0.09375 0 0 4 78 1507 -110 -1475 
420 0.40625 0.09375 0 0.4375 0.125 0 0 4 110 1508 -142 -1476 
421 0.40625 0.125 0 0.4375 0.15625 0 0 4 142 1509 -174 -1477 
422 0.40625 0.15625 0 0.4375 0.1875 0 0 4 174 1510 -206 -1478 
423 0.40625 0.1875 0 0.4375 0.21875 0 0 4 206 1511 -238 -1479 
424 0.40625 0.21875 0 0.4375 0.25 0 0 4 238 1512 -270 -1480 
425 0.40625 0.25 0 0.4375 0.28125 0 0 4 270 1513 -302 -1481 
426 0.40625 0.28125 0 0.4375 0.3125 0 0 4 302 1514 -334 -1482 
427 0.40625 0.3125 0 0.4375 0.34375 0 0 4 334 1515 -366 -1483 
428 0.40625 0.34375 0 0.4375 0.375 0 0 4 366 1516 -398 -1484 
429 0.40625 0.375 0 0.4375 0.40625 0 0 4 398 1517 -430 -1485 
430 0.40625 0.40625 0 0.4375 0.4375 0 0 4 430 1518 -462 -1486 
431 0.40625 0.4375 0 0.4375 0.46875 0 0 4 462 1519 -494 -1487 
432 0.40625 0.46875 0 0.4375 0.5 0 0 4 494 1520 -526 -1488 
433 0.40625 0.5 0 0.4375 0.53125 0 0 4 526 1521 -558 -1489 
434 0.40625 0.53125 0 0.4375 0.5625 0 0 4 558 1522 -590 -1490 
435 0.40625 0.5625 0 0.4375 0.59375 0 0 4 590 1523 -622 -1491 
436 0.40625 0.59375 0 0.4375 0.625 0 0 4 622 1524 -654 -1492 
437 0.40625 0.625 0 0.4375 0.65625 0 0 4 654 1525 -686 -1493 
438 0.40625 0.65625 0 0.4375 0.6875 0 0 4 686 1526 -718 -1494 
439 0.40625 0.6875 0 0.4375 0.71875 0 0 4 718 1527 -750 -1495 
440 0.40625 0.71875 0 0.4375 0.75 0 0 4 750 1528 -782 -1496 
441 0.40625 0.75 0 0.4375 0.78125 0 0 4 782 1529 -814 -1497 
442 0.40625 0.78125 0 0.4375 0.8125 0 0 4 814 1530 -846 -1498 
443 0.40625 0.8125 0 0.4375 0.84375 0 0 4 846 1531 -878 -1499 
444 0.40625 0.84375 0 0.4375 0.875 0 0 4 878 1532 -910 -1500 
445 0.40625 0.875 0 0.4375 0.90625 0 0 4 910 1533 -942 -1501 
446 0.40625 0.90625 0 0.4375 0.9375 0 0 4 942 1534 -974 -1502 
447 0.40625 0.9375 0 0.4375 0.96875 0 0 4 974 1535 -1006 -1503 
448 0.40625 0.96875 0 0.4375 1 0 0 4 1006 1536 -1038 -1504 
449 0.4375 0 0 0.46875 0.03125 0 0 4 15 1537 -47 -1505 
450 0.4375 0.03125 0 0.46875 0.0625 0 0 4 47 1538 -79 -1506 
451 0.4375 0.0625 0 0.46875 0.09375 0 0 4 79 1539 -111 -1507 
452 0.4375 0.09375 0 0.46875 0.125 0 0 4 111 1540 -143 -1508 
453 0.4375 0.125 0 0.46875 0.15625 0 0 4 143 1541 -175 -1509 
454 0.4375 0.15625 0 0.46875 0.1875 0 0 4 175 1542 -207 -1510 
455 0.4375 0.1875 0 0.46875 0.21875 0 0 4 207 1543 -239 -1511 
456 0.4375 0.21875 0 0.46875 0.25 0 0 4 239 1544 -271 -1512 
457 0.4375 0.25 0 0.46875 0.28125 0 0 4 271 1545 -303 -1513 
458 0.4375 0.28125 0 0.46875 0.3125 0 0 4 303 1546 -335 -1514 
459 0.4375 0.3125 0 0.46875 0.34375 0 0 4 335 1547 -367 -1515 
460 0.4375 0.34375 0 0.46875 0.375 0 0 4 367 1548 -399 -1516 
461 0.4375 0.375 0 0.46875 0.40625 0 0 4 399 1549 -431 -1517 
462 0.4375 0.40625 0 0.46875 0.4375 0 0 4 431 1550 -463 -1518 
463 0.4375 0.4375 0 0.46875 0.46875 0 0 4 463 1551 -495 -1519 
464 0.4375 0.46875 0 0.46875 0.5 0 0 4 495 1552 -527 -1520 
465 0.4375 0.5 0 0.46875 0.53125 0 0 4 527 1553 -559 -1521 
466 0.4375 0.53125 0 0.46875 0.5625 0 0 4 559 1554 -591 -1522 
467 0.4375 0.5625 0 0.46875 0.59375 0 0 4 591 1555 -623 -1523 
468 0.4375 0.59375 0 0.46875 0.625 0 0 4 623 1556 -655 -1524 
469 0.4375 0.625 0 0.46875 0.65625 0 0 4 655 1557 -687 -1525 
470 0.4375 0.65625 0 0.46875 0.6875 0 0 4 687 1558 -719 -1526 
471 0.4375 0.6875 0 0.46875 0.71875 0 0 4 719 1559 -751 -1527 
472 0.4375 0.71875 0 0.46875 0.75 0 0 4 751 1560 -783 -1528 
473 0.4375 0.75 0 0.46875 0.78125 0 0 4 783 1561 -815 -1529 
474 0.4375 0.78125 0 0.46875 0.8125 0 0 4 815 1562 -847 -1530 
475 0.4375 0.8125 0 0.46875 0.84375 0 0 4 847 1563 -879 -1531 
476 0.4375 0.84375 0 0.46875 0.875 0 0 4 879 1564 -911 -1532 
477 0.4375 0.875 0 0.46875 0.90625 0 0 4 911 1565 -943 -1533 
478 0.4375 0.90625 0 0.46875 0.9375 0 0 4 943 1566 -975 -1534 
479 0.4375 0.9375 0 0.46875 0.96875 0 0 4 975 1567 -1007 -1535 
480 0.4375 0.96875 0 0.46875 1 0 0 4 1007 1568 -1039 -1536 
481 0.46875 0 0 0.5 0.03125 0 0 4 16 1569 -48 -1537 
482 0.46875 0.03125 0 0.5 0.0625 0 0 4 48 1570 -80 -1538 
483 0.46875 0.0625 0 0.5 0.09375 0 0 4 80 1571 -112 -1539 
484 0.46875 0.09375 0 0.5 0.125 0 0 4 112 1572 -144 -1540 
485 0.46875 0.125 0 0.5 0.15625 0 0 4 144 1573 -176 -1541 
486 0.46875 0.15625 0 0.5 0.1875 0 0 4 176 1574 -208 -1542 
487 0.46875 0.1875 0 0.5 0.21875 0 0 4 208 1575 -240 -1543 
488 0.46875 0.21875 0 0.5 0.25 0 0 4 240 1576 -272 -1544 
489 0.46875 0.25 0 0.5 0.28125 0 0 4 272 1577 -304 -1545 
490 0.46875 0.28125 0 0.5 0.3125 0 0 4 304 1578 -336 -1546 
491 0.46875 0.3125 0 0.5 0.34375 0 0 4 336 1579 -368 -1547 
492 0.46875 0.34375 0 0.5 0.375 0 0 4 368 1580 -400 -1548 
493 0.46875 0.375 0 0.5 0.40625 0 0 4 400 1581 -432 -1549 
494 0.46875 0.40625 0 0.5 0.4375 0 0 4 432 1582 -464 -1550 
495 0.46875 0.4375 0 0.5 0.46875 0 0 4 464 1583 -496 -1551 
496 0.46875 0.46875 0 0.5 0.5 0 0 4 496 1584 -528 -1552 
497 0.46875 0.5 0 0.5 0.53125 0 0 4 528 1585 -560 -1553 
498 0.46875 0.53125 0 0.5 0.5625 0 0 4 560 1586 -592 -1554 
499 0.46875 0.5625 0 0.5 0.59375 0 0 4 592 1587 -624 -1555 
500 0.46875 0.59375 0 0.5 0.625 0 0 4 624 1588 -656 -1556 
501 0.46875 0.625 0 0.5 0.65625 0 0 4 656 1589 -688 -1557 
502 0.46875 0.65625 0 0.5 0.6875 0 0 4 688 1590 -720 -1558 
503 0.46875 0.6875 0 0.5 0.71875 0 0 4 720 1591 -752 -1559 
504 0.46875 0.71875 0 0.5 0.75 0 0 4 752 1592 -784 -1560 
505 0.46875 0.75 0 0.5 0.78125 0 0 4 784 1593 -816 -1561 
506 0.46875 0.78125 0 0.5 0.8125 0 0 4 816 1594 -848 -1562 
507 0.46875 0.8125 0 0.5 0.84375 0 0 4 848 1595 -880 -1563 
508 0.46875 0.84375 0 0.5 0.875 0 0 4 880 1596 -912 -1564 
509 0.46875 0.875 0 0.5 0.90625 0 0 4 912 1597 -944 -1565 
510 0.46875 0.90625 0 0.5 0.9375 0 0 4 944 1598 -976 -1566 
511 0.46875 0.9375 0 0.5 0.96875 0 0 4 976 1599 -1008 -1567 
512 0.46875 0.96875 0 0.5 1 0 0 4 1008 1600 -1040 -1568 
513 0.5 0 0 0.53125 0.03125 0 0 4 17 1601 -49 -1569 
514 0.5 0.03125 0 0.53125 0.0625 0 0 4 49 1602 -81 -1570 
515 0.5 0.0625 0 0.53125 0.09375 0 0 4 81 1603 -113 -1571 
516 0.5 0.09375 0 0.53125 0.125 0 0 4 113 1604 -145 -1572 
517 0.5 0.125 0 0.53125 0.15625 0 0 4 145 1605 -177 -1573 
518 0.5 0.15625 0 0.53125 0.1875 0 0 4 177 1606 -209 -1574 
519 0.5 0.1875 0 0.53125 0.21875 0 0 4 209 1607 -241 -1575 
520 0.5 0.21875 0 0.53125 0.25 0 0 4 241 1608 -273 -1576 
521 0.5 0.25 0 0.53125 0.28125 0 0 4 273 1609 -305 -1577 
522 0.5 0.28125 0 0.53125 0.3125 0 0 4 305 1610 -337 -1578 
523 0.5 0.3125 0 0.53125 0.34375 0 0 4 337 1611 -369 -1579 
524 0.5 0.34375 0 0.53125 0.375 0 0 4 369 1612 -401 -1580 
525 0.5 0.375 0 0.53125 0.40625 0 0 4 401 1613 -433 -1581 
526 0.5 0.40625 0 0.53125 0.4375 0 0 4 433 1614 -465 -1582 
527 0.5 0.4375 0 0.53125 0.46875 0 0 4 465 1615 -497 -1583 
528 0.5 0.46875 0 0.53125 0.5 0 0 4 497 1616 -529 -1584 
529 0.5 0.5 0 0.53125 0.53125 0 0 4 529 1617 -561 -1585 
530 0.5 0.53125 0 0.53125 0.5625 0 0 4 561 1618 -593 -1586 
531 0.5 0.5625 0 0.53125 0.59375 0 0 4 593 1619 -625 -1587 
532 0.5 0.59375 0 0.53125 0.625 0 0 4 625 1620 -657 -1588 
533 0.5 0.625 0 0.53125 0.65625 0 0 4 657 1621 -689 -1589 
534 0.5 0.65625 0 0.53125 0.6875 0 0 4 689 1622 -721 -1590 
535 0.5 0.6875 0 0.53125 0.71875 0 0 4 721 1623 -753 -1591 
536 0.5 0.71875 0 0.53125 0.75 0 0 4 753 1624 -785 -1592 
537 0.5 0.75 0 0.53125 0.78125 0 0 4 785 1625 -817 -1593 
538 0.5 0.78125 0 0.53125 0.8125 0 0 4 817 1626 -849 -1594 
539 0.5 0.8125 0 0.53125 0.84375 0 0 4 849 1627 -881 -1595 
540 0.5 0.84375 0 0.53125 0.875 0 0 4 881 1628 -913 -1596 
541 0.5 0.875 0 0.53125 0.90625 0 0 4 913 1629 -945 -1597 
542 0.5 0.90625 0 0.53125 0.9375 0 0 4 945 1630 -977 -1598 
543 0.5 0.9375 0 0.53125 0.96875 0 0 4 977 1631 -1009 -1599 
544 0.5 0.96875 0 0.53125 1 0 0 4 1009 1632 -1041 -1600 
545 0.53125 0 0 0.5625 0.03125 0 0 4 18 1633 -50 -1601 
546 0.53125 0.03125 0 0.5625 0.0625 0 0 4 50 1634 -82 -1602 
547 0.53125 0.0625 0 0.5625 0.09375 0 0 4 82 1635 -114 -1603 
548 0.53125 0.09375 0 0.5625 0.125 0 0 4 114 1636 -146 -1604 
549 0.53125 0.125 0 0.5625 0.15625 0 0 4 146 1637 -178 -1605 
550 0.53125 0.15625 0 0.5625 0.1875 0 0 4 178 1638 -210 -1606 
551 0.53125 0.1875 0 0.5625 0.21875 0 0 4 210 1639 -242 -1607 
552 0.53125 0.21875 0 0.5625 0.25 0 0 4 242 1640 -274 -1608 
553 0.53125 0.25 0 0.5625 0.28125 0 0 4 274 1641 -306 -1609 
554 0.53125 0.28125 0 0.5625 0.3125 0 0 4 306 1642 -338 -1610 
555 0.53125 0.3125 0 0.5625 0.34375 0 0 4 338 1643 -370 -1611 
556 0.53125 0.34375 0 0.5625 0.375 0 0 4 370 1644 -402 -1612 
557 0.53125 0.375 0 0.5625 0.40625 0 0 4 402 1645 -434 -1613 
558 0.53125 0.40625 0 0.5625 0.4375 0 0 4 434 1646 -466 -1614 
559 0.53125 0.4375 0 0.5625 0.46875 0 0 4 466 1647 -498 -1615 
560 0.53125 0.46875 0 0.5625 0.5 0 0 4 498 1648 -530 -1616 
561 0.53125 0.5 0 0.5625 0.53125 0 0 4 530 1649 -562 -1617 
562 0.53125 0.53125 0 0.5625 0.5625 0 0 4 562 1650 -594 -1618 
563 0.53125 0.5625 0 0.5625 0.59375 0 0 4 594 1651 -626 -1619 
564 0.53125 0.59375 0 0.5625 0.625 0 0 4 626 1652 -658 -1620 
565 0.53125 0.625 0 0.5625 0.65625 0 0 4 658 1653 -690 -1621 
566 0.53125 0.65625 0 0.5625 0.6875 0 0 4 690 1654 -722 -1622 
567 0.53125 0.6875 0 0.5625 0.71875 0 0 4 722 1655 -754 -1623 
568 0.53125 0.71875 0 0.5625 0.75 0 0 4 754 1656 -786 -1624 
569 0.53125 0.75 0 0.5625 0.78125 0 0 4 786 1657 -818 -1625 
570 0.53125 0.78125 0 0.5625 0.8125 0 0 4 818 1658 -850 -1626 
571 0.53125 0.8125 0 0.5625 0.84375 0 0 4 850 1659 -882 -1627 
572 0.53125 0.84375 0 0.5625 0.875 0 0 4 882 1660 -914 -1628 
573 0.53125 0.875 0 0.5625 0.90625 0 0 4 914 1661 -946 -1629 
574 0.53125 0.90625 0 0.5625 0.9375 0 0 4 946 1662 -978 -1630 
575 0.53125 0.9375 0 0.5625 0.96875 0 0 4 978 1663 -1010 -1631 
576 0.53125 0.96875 0 0.5625 1 0 0 4 1010 1664 -1042 -1632 
577 0.5625 0 0 0.59375 0.03125 0 0 4 19 1665 -51 -1633 
578 0.5625 0.03125 0 0.59375 0.0625 0 0 4 51 1666 -83 -1634 
579 0.5625 0.0625 0 0.59375 0.09375 0 0 4 83 1667 -115 -1635 
580 0.5625 0.09375 0 0.59375 0.125 0 0 4 115 1668 -147 -1636 
581 0.5625 0.125 0 0.59375 0.15625 0 0 4 147 1669 -179 -1637 
582 0.5625 0.15625 0 0.59375 0.1875 0 0 4 179 1670 -211 -1638 
583 0.5625 0.1875 0 0.59375 0.21875 0 0 4 211 1671 -243 -1639 
584 0.5625 0.21875 0 0.59375 0.25 0 0 4 243 1672 -275 -1640 
585 0.5625 0.25 0 0.59375 0.28125 0 0 4 275 1673 -307 -1641 
586 0.5625 0.28125 0 0.59375 0.3125 0 0 4 307 1674 -339 -1642 
587 0.5625 0.3125 0 0.59375 0.34375 0 0 4 339 1675 -371 -1643 
588 0.5625 0.34375 0 0.59375 0.375 0 0 4 371 1676 -403 -1644 
589 0.5625 0.375 0 0.59375 0.40625 0 0 4 403 1677 -435 -1645 
590 0.5625 0.40625 0 0.59375 0.4375 0 0 4 435 1678 -467 -1646 
591 0.5625 0.4375 0 0.59375 0.46875 0 0 4 467 1679 -499 -1647 
592 0.5625 0.46875 0 0.59375 0.5 0 0 4 499 1680 -531 -1648 
593 0.5625 0.5 0 0.59375 0.53125 0 0 4 531 1681 -563 -1649 
594 0.5625 0.53125 0 0.59375 0.5625 0 0 4 563 1682 -595 -1650 
595 0.5625 0.5625 0 0.59375 0.59375 0 0 4 595 1683 -627 -1651 
596 0.5625 0.59375 0 0.59375 0.625 0 0 4 627 1684 -659 -1652 
597 0.5625 0.625 0 0.59375 0.65625 0 0 4 659 1685 -691 -1653 
598 0.5625 0.65625 0 0.59375 0.6875 0 0 4 691 1686 -723 -1654 
599 0.5625 0.6875 0 0.59375 0.71875 0 0 4 723 1687 -755 -1655 
600 0.5625 0.71875 0 0.59375 0.75 0 0 4 755 1688 -787 -1656 
601 0.5625 0.75 0 0.59375 0.78125 0 0 4 787 1689 -819 -1657 
602 0.5625 0.78125 0 0.59375 0.8125 0 0 4 819 1690 -851 -1658 
603 0.5625 0.8125 0 0.59375 0.84375 0 0 4 851 1691 -883 -1659 
604 0.5625 0.84375 0 0.59375 0.875 0 0 4 883 1692 -915 -1660 
605 0.5625 0.875 0 0.59375 0.90625 0 0 4 915 1693 -947 -1661 
606 0.5625 0.90625 0 0.59375 0.9375 0 0 4 947 1694 -979 -1662 
607 0.5625 0.9375 0 0.59375 0.96875 0 0 4 979 1695 -1011 -1663 
608 0.5625 0.96875 0 0.59375 1 0 0 4 1011 1696 -1043 -1664 
609 0.59375 0 0 0.625 0.03125 0 0 4 20 1697 -52 -1665 
610 0.59375 0.03125 0 0.625 0.0625 0 0 4 52 1698 -84 -1666 
611 0.59375 0.0625 0 0.625 0.09375 0 0 4 84 1699 -116 -1667 
612 0.59375 0.09375 0 0.625 0.125 0 0 4 116 1700 -148 -1668 
613 0.59375 0.125 0 0.625 0.15625 0 0 4 148 1701 -180 -1669 
614 0.59375 0.15625 0 0.625 0.1875 0 0 4 180 1702 -212 -1670 
615 0.59375 0.1875 0 0.625 0.21875 0 0 4 212 1703 -244 -1671 
616 0.59375 0.21875 0 0.625 0.25 0 0 4 244 1704 -276 -1672 
617 0.59375 0.25 0 0.625 0.28125 0 0 4 276 1705 -308 -1673 
618 0.59375 0.28125 0 0.625 0.3125 0 0 4 308 1706 -340 -1674 
619 0.59375 0.3125 0 0.625 0.34375 0 0 4 340 1707 -372 -1675 
620 0.59375 0.34375 0 0.625 0.375 0 0 4 372 1708 -404 -1676 
621 0.59375 0.375 0 0.625 0.40625 0 0 4 404 1709 -436 -1677 
622 0.59375 0.40625 0 0.625 0.4375 0 0 4 436 1710 -468 -1678 
623 0.59375 0.4375 0 0.625 0.46875 0 0 4 468 1711 -500 -1679 
624 0.59375 0.46875 0 0.625 0.5 0 0 4 500 1712 -532 -1680 
625 0.59375 0.5 0 0.625 0.53125 0 0 4 532 1713 -564 -1681 
626 0.59375 0.53125 0 0.625 0.5625 0 0 4 564 1714 -596 -1682 
627 0.59375 0.5625 0 0.625 0.59375 0 0 4 596 1715 -628 -1683 
628 0.59375 0.59375 0 0.625 0.625 0 0 4 628 1716 -660 -1684 
629 0.59375 0.625 0 0.625 0.65625 0 0 4 660 1717 -692 -1685 
630 0.59375 0.65625 0 0.625 0.6875 0 0 4 692 1718 -724 -1686 
631 0.59375 0.6875 0 0.625 0.71875 0 0 4 724 1719 -756 -1687 
632 0.59375 0.71875 0 0.625 0.75 0 0 4 756 1720 -788 -1688 
633 0.59375 0.75 0 0.625 0.78125 0 0 4 788 1721 -820 -1689 
634 0.59375 0.78125 0 0.625 0.8125 0 0 4 820 1722 -852 -1690 
635 0.59375 0.8125 0 0.625 0.84375 0 0 4 852 1723 -884 -1691 
636 0.59375 0.84375 0 0.625 0.875 0 0 4 884 1724 -916 -1692 
637 0.59375 0.875 0 0.625 0.90625 0 0 4 916 1725 -948 -1693 
638 0.59375 0.90625 0 0.625 0.9375 0 0 4 948 1726 -980 -1694 
639 0.59375 0.9375 0 0.625 0.96875 0 0 4 980 1727 -1012 -1695 
640 0.59375 0.96875 0 0.625 1 0 0 4 1012 1728 -1044 -1696 
641 0.625 0 0 0.65625 0.03125 0 0 4 21 1729 -53 -1697 
642 0.625 0.03125 0 0.65625 0.0625 0 0 4 53 1730 -85 -1698 
643 0.625 0.0625 0 0.65625 0.09375 0 0 4 85 1731 -117 -1699 
644 0.625 0.09375 0 0.65625 0.125 0 0 4 117 1732 -149 -1700 
645 0.625 0.125 0 0.65625 0.15625 0 0 4 149 1733 -181 -1701 
646 0.625 0.15625 0 0.65625 0.1875 0 0 4 181 1734 -213 -1702 
647 0.625 0.1875 0 0.65625 0.21875 0 0 4 213 1735 -245 -1703 
648 0.625 0.21875 0 0.65625 0.25 0 0 4 245 1736 -277 -1704 
649 0.625 0.25 0 0.65625 0.28125 0 0 4 277 1737 -309 -1705 
650 0.625 0.28125 0 0.65625 0.3125 0 0 4 309 1738 -341 -1706 
651 0.625 0.3125 0 0.65625 0.34375 0 0 4 341 1739 -373 -1707 
652 0.625 0.34375 0 0.65625 0.375 0 0 4 373 1740 -405 -1708 
653 0.625 0.375 0 0.65625 0.40625 0 0 4 405 1741 -437 -1709 
654 0.625 0.40625 0 0.65625 0.4375 0 0 4 437 1742 -469 -1710 
655 0.625 0.4375 0 0.65625 0.46875 0 0 4 469 1743 -501 -1711 
656 0.625 0.46875 0 0.65625 0.5 0 0 4 501 1744 -533 -1712 
657 0.625 0.5 0 0.65625 0.53125 0 0 4 533 1745 -565 -1713 
658 0.625 0.53125 0 0.65625 0.5625 0 0 4 565 1746 -597 -1714 
659 0.625 0.5625 0 0.65625 0.59375 0 0 4 597 1747 -629 -1715 
660 0.625 0.59375 0 0.65625 0.625 0 0 4 629 1748 -661 -1716 
661 0.625 0.625 0 0.65625 0.65625 0 0 4 661 1749 -693 -1717 
662 0.625 0.65625 0 0.65625 0.6875 0 0 4 693 1750 -725 -1718 
663 0.625 0.6875 0 0.65625 0.71875 0 0 4 725 1751 -757 -1719 
664 0.625 0.71875 0 0.65625 0.75 0 0 4 757 1752 -789 -1720 
665 0.625 0.75 0 0.65625 0.78125 0 0 4 789 1753 -821 -1721 
666 0.625 0.78125 0 0.65625 0.8125 0 0 4 821 1754 -853 -1722 
667 0.625 0.8125 0 0.65625 0.84375 0 0 4 853 1755 -885 -1723 
668 0.625 0.84375 0 0.65625 0.875 0 0 4 885 1756 -917 -1724 
669 0.625 0.875 0 0.65625 0.90625 0 0 4 917 1757 -949 -1725 
670 0.625 0.90625 0 0.65625 0.9375 0 0 4 949 1758 -981 -1726 
671 0.625 0.9375 0 0.65625 0.96875 0 0 4 981 1759 -1013 -1727 
672 0.625 0.96875 0 0.65625 1 0 0 4 1013 1760 -1045 -1728 
673 0.65625 0 0 0.6875 0.03125 0 0 4 22 1761 -54 -1729 
674 0.65625 0.03125 0 0.6875 0.0625 0 0 4 54 1762 -86 -1730 
675 0.65625 0.0625 0 0.6875 0.09375 0 0 4 86 1763 -118 -1731 
676 0.65625 0.09375 0 0.6875 0.125 0 0 4 118 1764 -150 -1732 
677 0.65625 0.125 0 0.6875 0.15625 0 0 4 150 1765 -182 -1733 
678 0.65625 0.15625 0 0.6875 0.1875 0 0 4 182 1766 -214 -1734 
679 0.65625 0.1875 0 0.6875 0.21875 0 0 4 214 1767 -246 -1735 
680 0.65625 0.21875 0 0.6875 0.25 0 0 4 246 1768 -278 -1736 
681 0.65625 0.25 0 0.6875 0.28125 0 0 4 278 1769 -310 -1737 
682 0.65625 0.28125 0 0.6875 0.3125 0 0 4 310 1770 -342 -1738 
683 0.65625 0.3125 0 0.6875 0.34375 0 0 4 342 1771 -374 -1739 
684 0.65625 0.34375 0 0.6875 0.375 0 0 4 374 1772 -406 -1740 
685 0.65625 0.375 0 0.6875 0.40625 0 0 4 406 1773 -438 -1741 
686 0.65625 0.40625 0 0.6875 0.4375 0 0 4 438 1774 -470 -1742 
687 0.65625 0.4375 0 0.6875 0.46875 0 0 4 470 1775 -502 -1743 
688 0.65625 0.46875 0 0.6875 0.5 0 0 4 502 1776 -534 -1744 
689 0.65625 0.5 0 0.6875 0.53125 0 0 4 534 1777 -566 -1745 
690 0.65625 0.53125 0 0.6875 0.5625 0 0 4 566 1778 -598 -1746 
691 0.65625 0.5625 0 0.6875 0.59375 0 0 4 598 1779 -630 -1747 
692 0.65625 0.59375 0 0.6875 0.625 0 0 4 630 1780 -662 -1748 
693 0.65625 0.625 0 0.6875 0.65625 0 0 4 662 1781 -694 -1749 
694 0.65625 0.65625 0 0.6875 0.6875 0 0 4 694 1782 -726 -1750 
695 0.65625 0.6875 0 0.6875 0.71875 0 0 4 726 1783 -758 -1751 
696 0.65625 0.71875 0 0.6875 0.75 0 0 4 758 1784 -790 -1752 
697 0.65625 0.75 0 0.6875 0.78125 0 0 4 790 1785 -822 -1753 
698 0.65625 0.78125 0 0.6875 0.8125 0 0 4 822 1786 -854 -1754 
699 0.65625 0.8125 0 0.6875 0.84375 0 0 4 854 1787 -886 -1755 
700 0.65625 0.84375 0 0.6875 0.875 0 0 4 886 1788 -918 -1756 
701 0.65625 0.875 0 0.6875 0.90625 0 0 4 918 1789 -950 -1757 
702 0.65625 0.90625 0 0.6875 0.9375 0 0 4 950 1790 -982 -1758 
703 0.65625 0.9375 0 0.6875 0.96875 0 0 4 982 1791 -1014 -1759 
704 0.65625 0.96875 0 0.6875 1 0 0 4 1014 1792 -1046 -1760 
705 0.6875 0 0 0.71875 0.03125 0 0 4 23 1793 -55 -1761 
706 0.6875 0.03125 0 0.71875 0.0625 0 0 4 55 1794 -87 -1762 
707 0.6875 0.0625 0 0.71875 0.09375 0 0 4 87 1795 -119 -1763 
708 0.6875 0.09375 0 0.71875 0.125 0 0 4 119 1796 -151 -1764 
709 0.6875 0.125 0 0.71875 0.15625 0 0 4 151 1797 -183 -1765 
710 0.6875 0.15625 0 0.71875 0.1875 0 0 4 183 1798 -215 -1766 
711 0.6875 0.1875 0 0.71875 0.21875 0 0 4 215 1799 -247 -1767 
712 0.6875 0.21875 0 0.71875 0.25 0 0 4 247 1800 -279 -1768 
713 0.6875 0.25 0 0.71875 0.28125 0 0 4 279 1801 -311 -1769 
714 0.6875 0.28125 0 0.71875 0.3125 0 0 4 311 1802 -343 -1770 
715 0.6875 0.3125 0 0.71875 0.34375 0 0 4 343 1803 -375 -1771 
716 0.6875 0.34375 0 0.71875 0.375 0 0 4 375 1804 -407 -1772 
717 0.6875 0.375 0 0.71875 0.40625 0 0 4 407 1805 -439 -1773 
718 0.6875 0.40625 0 0.71875 0.4375 0 0 4 439 1806 -471 -1774 
719 0.6875 0.4375 0 0.71875 0.46875 0 0 4 471 1807 -503 -1775 
720 0.6875 0.46875 0 0.71875 0.5 0 0 4 503 1808 -535 -1776 
721 0.6875 0.5 0 0.71875 0.53125 0 0 4 535 1809 -567 -1777 
722 0.6875 0.53125 0 0.71875 0.5625 0 0 4 567 1810 -599 -1778 
723 0.6875 0.5625 0 0.71875 0.59375 0 0 4 599 1811 -631 -1779 
724 0.6875 0.59375 0 0.71875 0.625 0 0 4 631 1812 -663 -1780 
725 0.6875 0.625 0 0.71875 0.65625 0 0 4 663 1813 -695 -1781 
726 0.6875 0.65625 0 0.71875 0.6875 0 0 4 695 1814 -727 -1782 
727 0.6875 0.6875 0 0.71875 0.71875 0 0 4 727 1815 -759 -1783 
728 0.6875 0.71875 0 0.71875 0.75 0 0 4 759 1816 -791 -1784 
729 0.6875 0.75 0 0.71875 0.78125 0 0 4 791 1817 -823 -1785 
730 0.6875 0.78125 0 0.71875 0.8125 0 0 4 823 1818 -855 -1786 
731 0.6875 0.8125 0 0.71875 0.84375 0 0 4 855 1819 -887 -1787 
732 0.6875 0.84375 0 0.71875 0.875 0 0 4 887 1820 -919 -1788 
733 0.6875 0.875 0 0.71875 0.90625 0 0 4 919 1821 -951 -1789 
734 0.6875 0.90625 0 0.71875 0.9375 0 0 4 951 1822 -983 -1790 
735 0.6875 0.9375 0 0.71875 0.96875 0 0 4 983 1823 -1015 -1791 
736 0.6875 0.96875 0 0.71875 1 0 0 4 1015 1824 -1047 -1792 
737 0.71875 0 0 0.75 0.03125 0 0 4 24 1825 -56 -1793 
738 0.71875 0.03125 0 0.75 0.0625 0 0 4 56 1826 -88 -1794 
739 0.71875 0.0625 0 0.75 0.09375 0 0 4 88 1827 -120 -1795 
740 0.71875 0.09375 0 0.75 0.125 0 0 4 120 1828 -152 -1796 
741 0.71875 0.125 0 0.75 0.15625 0 0 4 152 1829 -184 -1797 
742 0.71875 0.15625 0 0.75 0.1875 0 0 4 184 1830 -216 -1798 
743 0.71875 0.1875 0 0.75 0.21875 0 0 4 216 1831 -248 -1799 
744 0.71875 0.21875 0 0.75 0.25 0 0 4 248 1832 -280 -1800 
745 0.71875 0.25 0 0.75 0.28125 0 0 4 280 1833 -312 -1801 
746 0.71875 0.28125 0 0.75 0.3125 0 0 4 312 1834 -344 -1802 
747 0.71875 0.3125 0 0.75 0.34375 0 0 4 344 1835 -376 -1803 
748 0.71875 0.34375 0 0.75 0.375 0 0 4 376 1836 -408 -1804 
749 0.71875 0.375 0 0.75 0.40625 0 0 4 408 1837 -440 -1805 
750 0.71875 0.40625 0 0.75 0.4375 0 0 4 440 1838 -472 -1806 
751 0.71875 0.4375 0 0.75 0.46875 0 0 4 472 1839 -504 -1807 
752 0.71875 0.46875 0 0.75 0.5 0 0 4 504 1840 -536 -1808 
753 0.71875 0.5 0 0.75 0.53125 0 0 4 536 1841 -568 -1809 
754 0.71875 0.53125 0 0.75 0.5625 0 0 4 568 1842 -600 -1810 
755 0.71875 0.5625 0 0.75 0.59375 0 0 4 600 1843 -632 -1811 
756 0.71875 0.59375 0 0.75 0.625 0 0 4 632 1844 -664 -1812 
757 0.71875 0.625 0 0.75 0.65625 0 0 4 664 1845 -696 -1813 
758 0.71875 0.65625 0 0.75 0.6875 0 0 4 696 1846 -728 -1814 
759 0.71875 0.6875 0 0.75 0.71875 0 0 4 728 1847 -760 -1815 
760 0.71875 0.71875 0 0.75 0.75 0 0 4 760 1848 -792 -1816 
761 0.71875 0.75 0 0.75 0.78125 0 0 4 792 1849 -824 -1817 
762 0.71875 0.78125 0 0.75 0.8125 0 0 4 824 1850 -856 -1818 
763 0.71875 0.8125 0 0.75 0.84375 0 0 4 856 1851 -888 -1819 
764 0.71875 0.84375 0 0.75 0.875 0 0 4 888 1852 -920 -1820 
765 0.71875 0.875 0 0.75 0.90625 0 0 4 920 1853 -952 -1821 
766 0.71875 0.90625 0 0.75 0.9375 0 0 4 952 1854 -984 -1822 
767 0.71875 0.9375 0 0.75 0.96875 0 0 4 984 1855 -1016 -1823 
768 0.71875 0.96875 0 0.75 1 0 0 4 1016 1856 -1048 -1824 
769 0.75 0 0 0.78125 0.03125 0 0 4 25 1857 -57 -1825 
770 0.75 0.03125 0 0.78125 0.0625 0 0 4 57 1858 -89 -1826 
771 0.75 0.0625 0 0.78125 0.09375 0 0 4 89 1859 -121 -1827 
772 0.75 0.09375 0 0.78125 0.125 0 0 4 121 1860 -153 -1828 
773 0.75 0.125 0 0.78125 0.15625 0 0 4 153 1861 -185 -1829 
774 0.75 0.15625 0 0.78125 0.1875 0 0 4 185 1862 -217 -1830 
775 0.75 0.1875 0 0.78125 0.21875 0 0 4 217 1863 -249 -1831 
776 0.75 0.21875 0 0.78125 0.25 0 0 4 249 1864 -281 -1832 
777 0.75 0.25 0 0.78125 0.28125 0 0 4 281 1865 -313 -1833 
778 0.75 0.28125 0 0.78125 0.3125 0 0 4 313 1866 -345 -1834 
779 0.75 0.3125 0 0.78125 0.34375 0 0 4 345 1867 -377 -1835 
780 0.75 0.34375 0 0.78125 0.375 0 0 4 377 1868 -409 -1836 
781 0.75 0.375 0 0.78125 0.40625 0 0 4 409 1869 -441 -1837 
782 0.75 0.40625 0 0.78125 0.4375 0 0 4 441 1870 -473 -1838 
783 0.75 0.4375 0 0.78125 0.46875 0 0 4 473 1871 -505 -1839 
784 0.75 0.46875 0 0.78125 0.5 0 0 4 505 1872 -537 -1840 
785 0.75 0.5 0 0.78125 0.53125 0 0 4 537 1873 -569 -1841 
786 0.75 0.53125 0 0.78125 0.5625 0 0 4 569 1874 -601 -1842 
787 0.75 0.5625 0 0.78125 0.59375 0 0 4 601 1875 -633 -1843 
788 0.75 0.59375 0 0.78125 0.625 0 0 4 633 1876 -665 -1844 
789 0.75 0.625 0 0.78125 0.65625 0 0 4 665 1877 -697 -1845 
790 0.75 0.65625 0 0.78125 0.6875 0 0 4 697 1878 -729 -1846 
791 0.75 0.6875 0 0.78125 0.71875 0 0 4 729 1879 -761 -1847 
792 0.75 0.71875 0 0.78125 0.75 0 0 4 761 1880 -793 -1848 
793 0.75 0.75 0 0.78125 0.78125 0 0 4 793 1881 -825 -1849 
794 0.75 0.78125 0 0.78125 0.8125 0 0 4 825 1882 -857 -1850 
795 0.75 0.8125 0 0.78125 0.84375 0 0 4 857 1883 -889 -1851 
796 0.75 0.84375 0 0.78125 0.875 0 0 4 889 1884 -921 -1852 
797 0.75 0.875 0 0.78125 0.90625 0 0 4 921 1885 -953 -1853 
798 0.75 0.90625 0 0.78125 0.9375 0 0 4 953 1886 -985 -1854 
799 0.75 0.9375 0 0.78125 0.96875 0 0 4 985 1887 -1017 -1855 
800 0.75 0.96875 0 0.78125 1 0 0 4 1017 1888 -1049 -1856 
801 0.78125 0 0 0.8125 0.03125 0 0 4 26 1889 -58 -1857 
802 0.78125 0.03125 0 0.8125 0.0625 0 0 4 58 1890 -90 -1858 
803 0.78125 0.0625 0 0.8125 0.09375 0 0 4 90 1891 -122 -1859 
804 0.78125 0.09375 0 0.8125 0.125 0 0 4 122 1892 -154 -1860 
805 0.78125 0.125 0 0.8125 0.15625 0 0 4 154 1893 -186 -1861 
806 0.78125 0.15625 0 0.8125 0.1875 0 0 4 186 1894 -218 -1862 
807 0.78125 0.1875 0 0.8125 0.21875 0 0 4 218 1895 -250 -1863 
808 0.78125 0.21875 0 0.8125 0.25 0 0 4 250 1896 -282 -1864 
809 0.78125 0.25 0 0.8125 0.28125 0 0 4 282 1897 -314 -1865 
810 0.78125 0.28125 0 0.8125 0.3125 0 0 4 314 1898 -346 -1866 
811 0.78125 0.3125 0 0.8125 0.34375 0 0 4 346 1899 -378 -1867 
812 0.78125 0.34375 0 0.8125 0.375 0 0 4 378 1900 -410 -1868 
813 0.78125 0.375 0 0.8125 0.40625 0 0 4 410 1901 -442 -1869 
814 0.78125 0.40625 0 0.8125 0.4375 0 0 4 442 1902 -474 -1870 
815 0.78125 0.4375 0 0.8125 0.46875 0 0 4 474 1903 -506 -1871 
816 0.78125 0.46875 0 0.8125 0.5 0 0 4 506 1904 -538 -1872 
817 0.78125 0.5 0 0.8125 0.53125 0 0 4 538 1905 -570 -1873 
818 0.78125 0.53125 0 0.8125 0.5625 0 0 4 570 1906 -602 -1874 
819 0.78125 0.5625 0 0.8125 0.59375 0 0 4 602 1907 -634 -1875 
820 0.78125 0.59375 0 0.8125 0.625 0 0 4 634 1908 -666 -1876 
821 0.78125 0.625 0 0.8125 0.65625 0 0 4 666 1909 -698 -1877 
822 0.78125 0.65625 0 0.8125 0.6875 0 0 4 698 1910 -730 -1878 
823 0.78125 0.6875 0 0.8125 0.71875 0 0 4 730 1911 -762 -1879 
824 0.78125 0.71875 0 0.8125 0.75 0 0 4 762 1912 -794 -1880 
825 0.78125 0.75 0 0.8125 0.78125 0 0 4 794 1913 -826 -1881 
826 0.78125 0.78125 0 0.8125 0.8125 0 0 4 826 1914 -858 -1882 
827 0.78125 0.8125 0 0.8125 0.84375 0 0 4 858 1915 -890 -1883 
828 0.78125 0.84375 0 0.8125 0.875 0 0 4 890 1916 -922 -1884 
829 0.78125 0.875 0 0.8125 0.90625 0 0 4 922 1917 -954 -1885 
830 0.78125 0.90625 0 0.8125 0.9375 0 0 4 954 1918 -986 -1886 
831 0.78125 0.9375 0 0.8125 0.96875 0 0 4 986 1919 -1018 -1887 
832 0.78125 0.96875 0 0.8125 1 0 0 4 1018 1920 -1050 -1888 
833 0.8125 0 0 0.84375 0.03125 0 0 4 27 1921 -59 -1889 
834 0.8125 0.03125 0 0.84375 0.0625 0 0 4 59 1922 -91 -1890 
835 0.8125 0.0625 0 0.84375 0.09375 0 0 4 91 1923 -123 -1891 
836 0.8125 0.09375 0 0.84375 0.125 0 0 4 123 1924 -155 -1892 
837 0.8125 0.125 0 0.84375 0.15625 0 0 4 155 1925 -187 -1893 
838 0.8125 0.15625 0 0.84375 0.1875 0 0 4 187 1926 -219 -1894 
839 0.8125 0.1875 0 0.84375 0.21875 0 0 4 219 1927 -251 -1895 
840 0.8125 0.21875 0 0.84375 0.25 0 0 4 251 1928 -283 -1896 
841 0.8125 0.25 0 0.84375 0.28125 0 0 4 283 1929 -315 -1897 
842 0.8125 0.28125 0 0.84375 0.3125 0 0 4 315 1930 -347 -1898 
843 0.8125 0.3125 0 0.84375 0.34375 0 0 4 347 1931 -379 -1899 
844 0.8125 0.34375 0 0.84375 0.375 0 0 4 379 1932 -411 -1900 
845 0.8125 0.375 0 0.84375 0.40625 0 0 4 411 1933 -443 -1901 
846 0.8125 0.40625 0 0.84375 0.4375 0 0 4 443 1934 -475 -1902 
847 0.8125 0.4375 0 0.84375 0.46875 0 0 4 475 1935 -507 -1903 
848 0.8125 0.46875 0 0.84375 0.5 0 0 4 507 1936 -539 -1904 
849 0.8125 0.5 0 0.84375 0.53125 0 0 4 539 1937 -571 -1905 
850 0.8125 0.53125 0 0.84375 0.5625 0 0 4 571 1938 -603 -1906 
851 0.8125 0.5625 0 0.84375 0.59375 0 0 4 603 1939 -635 -1907 
852 0.8125 0.59375 0 0.84375 0.625 0 0 4 635 1940 -667 -1908 
853 0.8125 0.625 0 0.84375 0.65625 0 0 4 667 1941 -699 -1909 
854 0.8125 0.65625 0 0.84375 0.6875 0 0 4 699 1942 -731 -1910 
855 0.8125 0.6875 0 0.84375 0.71875 0 0 4 731 1943 -763 -1911 
856 0.8125 0.71875 0 0.84375 0.75 0 0 4 763 1944 -795 -1912 
857 0.8125 0.75 0 0.84375 0.78125 0 0 4 795 1945 -827 -1913 
858 0.8125 0.78125 0 0.84375 0.8125 0 0 4 827 1946 -859 -1914 
859 0.8125 0.8125 0 0.84375 0.84375 0 0 4 859 1947 -891 -1915 
860 0.8125 0.84375 0 0.84375 0.875 0 0 4 891 1948 -923 -1916 
861 0.8125 0.875 0 0.84375 0.90625 0 0 4 923 1949 -955 -1917 
862 0.8125 0.90625 0 0.84375 0.9375 0 0 4 955 1950 -987 -1918 
863 0.8125 0.9375 0 0.84375 0.96875 0 0 4 987 1951 -1019 -1919 
864 0.8125 0.96875 0 0.84375 1 0 0 4 1019 1952 -1051 -1920 
865 0.84375 0 0 0.875 0.03125 0 0 4 28 1953 -60 -1921 
866 0.84375 0.03125 0 0.875 0.0625 0 0 4 60 1954 -92 -1922 
867 0.84375 0.0625 0 0.875 0.09375 0 0 4 92 1955 -124 -1923 
868 0.84375 0.09375 0 0.875 0.125 0 0 4 124 1956 -156 -1924 
869 0.84375 0.125 0 0.875 0.15625 0 0 4 156 1957 -188 -1925 
870 0.84375 0.15625 0 0.875 0.1875 0 0 4 188 1958 -220 -1926 
871 0.84375 0.1875 0 0.875 0.21875 0 0 4 220 1959 -252 -1927 
872 0.84375 0.21875 0 0.875 0.25 0 0 4 252 1960 -284 -1928 
873 0.84375 0.25 0 0.875 0.28125 0 0 4 284 1961 -316 -1929 
874 0.84375 0.28125 0 0.875 0.3125 0 0 4 316 1962 -348 -1930 
875 0.84375 0.3125 0 0.875 0.34375 0 0 4 348 1963 -380 -1931 
876 0.84375 0.34375 0 0.875 0.375 0 0 4 380 1964 -412 -1932 
877 0.84375 0.375 0 0.875 0.40625 0 0 4 412 1965 -444 -1933 
878 0.84375 0.40625 0 0.875 0.4375 0 0 4 444 1966 -476 -1934 
879 0.84375 0.4375 0 0.875 0.46875 0 0 4 476 1967 -508 -1935 
880 0.84375 0.46875 0 0.875 0.5 0 0 4 508 1968 -540 -1936 
881 0.84375 0.5 0 0.875 0.53125 0 0 4 540 1969 -572 -1937 
882 0.84375 0.53125 0 0.875 0.5625 0 0 4 572 1970 -604 -1938 
883 0.84375 0.5625 0 0.875 0.59375 0 0 4 604 1971 -636 -1939 
884 0.84375 0.59375 0 0.875 0.625 0 0 4 636 1972 -668 -1940 
885 0.84375 0.625 0 0.875 0.65625 0 0 4 668 1973 -700 -1941 
886 0.84375 0.65625 0 0.875 0.6875 0 0 4 700 1974 -732 -1942 
887 0.84375 0.6875 0 0.875 0.71875 0 0 4 732 1975 -764 -1943 
888 0.84375 0.71875 0 0.875 0.75 0 0 4 764 1976 -796 -1944 
889 0.84375 0.75 0 0.875 0.78125 0 0 4 796 1977 -828 -1945 
890 0.84375 0.78125 0 0.875 0.8125 0 0 4 828 1978 -860 -1946 
891 0.84375 0.8125 0 0.875 0.84375 0 0 4 860 1979 -892 -1947 
892 0.84375 0.84375 0 0.875 0.875 0 0 4 892 1980 -924 -1948 
893 0.84375 0.875 0 0.875 0.90625 0 0 4 924 1981 -956 -1949 
894 0.84375 0.90625 0 0.875 0.9375 0 0 4 956 1982 -988 -1950 
895 0.84375 0.9375 0 0.875 0.96875 0 0 4 988 1983 -1020 -1951 
896 0.84375 0.96875 0 0.875 1 0 0 4 1020 1984 -1052 -1952 
897 0.875 0 0 0.90625 0.03125 0 0 4 29 1985 -61 -1953 
898 0.875 0.03125 0 0.90625 0.0625 0 0 4 61 1986 -93 -1954 
899 0.875 0.0625 0 0.90625 0.09375 0 0 4 93 1987 -125 -1955 
900 0.875 0.09375 0 0.90625 0.125 0 0 4 125 1988 -157 -1956 
901 0.875 0.125 0 0.90625 0.15625 0 0 4 157 1989 -189 -1957 
902 0.875 0.15625 0 0.90625 0.1875 0 0 4 189 1990 -221 -1958 
903 0.875 0.1875 0 0.90625 0.21875 0 0 4 221 1991 -253 -1959 
904 0.875 0.21875 0 0.90625 0.25 0 0 4 253 1992 -285 -1960 
905 0.875 0.25 0 0.90625 0.28125 0 0 4 285 1993 -317 -1961 
906 0.875 0.28125 0 0.90625 0.3125 0 0 4 317 1994 -349 -1962 
907 0.875 0.3125 0 0.90625 0.34375 0 0 4 349 1995 -381 -1963 
908 0.875 0.34375 0 0.90625 0.375 0 0 4 381 1996 -413 -1964 
909 0.875 0.375 0 0.90625 0.40625 0 0 4 413 1997 -445 -1965 
910 0.875 0.40625 0 0.90625 0.4375 0 0 4 445 1998 -477 -1966 
911 0.875 0.4375 0 0.90625 0.46875 0 0 4 477 1999 -509 -1967 
912 0.875 0.46875 0 0.90625 0.5 0 0 4 509 2000 -541 -1968 
913 0.875 0.5 0 0.90625 0.53125 0 0 4 541 2001 -573 -1969 
914 0.875 0.53125 0 0.90625 0.5625 0 0 4 573 2002 -605 -1970 
915 0.875 0.5625 0 0.90625 0.59375 0 0 4 605 2003 -637 -1971 
916 0.875 0.59375 0 0.90625 0.625 0 0 4 637 2004 -669 -1972 
917 0.875 0.625 0 0.90625 0.65625 0 0 4 669 2005 -701 -1973 
918 0.875 0.65625 0 0.90625 0.6875 0 0 4 701 2006 -733 -1974 
919 0.875 0.6875 0 0.90625 0.71875 0 0 4 733 2007 -765 -1975 
920 0.875 0.71875 0 0.90625 0.75 0 0 4 765 2008 -797 -1976 
921 0.875 0.75 0 0.90625 0.78125 0 0 4 797 2009 -829 -1977 
922 0.875 0.78125 0 0.90625 0.8125 0 0 4 829 2010 -861 -1978 
923 0.875 0.8125 0 0.90625 0.84375 0 0 4 861 2011 -893 -1979 
924 0.875 0.84375 0 0.90625 0.875 0 0 4 893 2012 -925 -1980 
925 0.875 0.875 0 0.90625 0.90625 0 0 4 925 2013 -957 -1981 
926 0.875 0.90625 0 0.90625 0.9375 0 0 4 957 2014 -989 -1982 
927 0.875 0.9375 0 0.90625 0.96875 0 0 4 989 2015 -1021 -1983 
928 0.875 0.96875 0 0.90625 1 0 0 4 1021 2016 -1053 -1984 
929 0.90625 0 0 0.9375 0.03125 0 0 4 30 2017 -62 -1985 
930 0.90625 0.03125 0 0.9375 0.0625 0 0 4 62 2018 -94 -1986 
931 0.90625 0.0625 0 0.9375 0.09375 0 0 4 94 2019 -126 -1987 
932 0.90625 0.09375 0 0.9375 0.125 0 0 4 126 2020 -158 -1988 
933 0.90625 0.125 0 0.9375 0.15625 0 0 4 158 2021 -190 -1989 
934 0.90625 0.15625 0 0.9375 0.1875 0 0 4 190 2022 -222 -1990 
935 0.90625 0.1875 0 0.9375 0.21875 0 0 4 222 2023 -254 -1991 
936 0.90625 0.21875 0 0.9375 0.25 0 0 4 254 2024 -286 -1992 
937 0.90625 0.25 0 0.9375 0.28125 0 0 4 286 2025 -318 -1993 
938 0.90625 0.28125 0 0.9375 0.3125 0 0 4 318 2026 -350 -1994 
939 0.90625 0.3125 0 0.9375 0.34375 0 0 4 350 2027 -382 -1995 
940 0.90625 0.34375 0 0.9375 0.375 0 0 4 382 2028 -414 -1996 
941 0.90625 0.375 0 0.9375 0.40625 0 0 4 414 2029 -446 -1997 
942 0.90625 0.40625 0 0.9375 0.4375 0 0 4 446 2030 -478 -1998 
943 0.90625 0.4375 0 0.9375 0.46875 0 0 4 478 2031 -510 -1999 
944 0.90625 0.46875 0 0.9375 0.5 0 0 4 510 2032 -542 -2000 
945 0.90625 0.5 0 0.9375 0.53125 0 0 4 542 2033 -574 -2001 
946 0.90625 0.53125 0 0.9375 0.5625 0 0 4 574 2034 -606 -2002 
947 0.90625 0.5625 0 0.9375 0.59375 0 0 4 606 2035 -638 -2003 
948 0.90625 0.59375 0 0.9375 0.625 0 0 4 638 2036 -670 -2004 
949 0.90625 0.625 0 0.9375 0.65625 0 0 4 670 2037 -702 -2005 
950 0.90625 0.65625 0 0.9375 0.6875 0 0 4 702 2038 -734 -2006 
951 0.90625 0.6875 0 0.9375 0.71875 0 0 4 734 2039 -766 -2007 
952 0.90625 0.71875 0 0.9375 0.75 0 0 4 766 2040 -798 -2008 
953 0.90625 0.75 0 0.9375 0.78125 0 0 4 798 2041 -830 -2009 
954 0.90625 0.78125 0 0.9375 0.8125 0 0 4 830 2042 -862 -2010 
955 0.90625 0.8125 0 0.9375 0.84375 0 0 4 862 2043 -894 -2011 
956 0.90625 0.84375 0 0.9375 0.875 0 0 4 894 2044 -926 -2012 
957 0.90625 0.875 0 0.9375 0.90625 0 0 4 926 2045 -958 -2013 
958 0.90625 0.90625 0 0.9375 0.9375 0 0 4 958 2046 -990 -2014 
959 0.90625 0.9375 0 0.9375 0.96875 0 0 4 990 2047 -1022 -2015 
960 0.90625 0.96875 0 0.9375 1 0 0 4 1022 2048 -1054 -2016 
961 0.9375 0 0 0.96875 0.03125 0 0 4 31 2049 -63 -2017 
962 0.9375 0.03125 0 0.96875 0.0625 0 0 4 63 2050 -95 -2018 
963 0.9375 0.0625 0 0.96875 0.09375 0 0 4 95 2051 -127 -2019 
964 0.9375 0.09375 0 0.96875 0.125 0 0 4 127 2052 -159 -2020 
965 0.9375 0.125 0 0.96875 0.15625 0 0 4 159 2053 -191 -2021 
966 0.9375 0.15625 0 0.96875 0.1875 0 0 4 191 2054 -223 -2022 
967 0.9375 0.1875 0 0.96875 0.21875 0 0 4 223 2055 -255 -2023 
968 0.9375 0.21875 0 0.96875 0.25 0 0 4 255 2056 -287 -2024 
969 0.9375 0.25 0 0.96875 0.28125 0 0 4 287 2057 -319 -2025 
970 0.9375 0.28125 0 0.96875 0.3125 0 0 4 319 2058 -351 -2026 
971 0.9375 0.3125 0 0.96875 0.34375 0 0 4 351 2059 -383 -2027 
972 0.9375 0.34375 0 0.96875 0.375 0 0 4 383 2060 -415 -2028 
973 0.9375 0.375 0 0.96875 0.40625 0 0 4 415 2061 -447 -2029 
974 0.9375 0.40625 0 0.96875 0.4375 0 0 4 447 2062 -479 -2030 
975 0.9375 0.4375 0 0.96875 0.46875 0 0 4 479 2063 -511 -2031 
976 0.9375 0.46875 0 0.96875 0.5 0 0 4 511 2064 -543 -2032 
977 0.9375 0.5 0 0.96875 0.53125 0 0 4 543 2065 -575 -2033 
978 0.9375 0.53125 0 0.96875 0.5625 0 0 4 575 2066 -607 -2034 
979 0.9375 0.5625 0 0.96875 0.59375 0 0 4 607 2067 -639 -2035 
980 0.9375 0.59375 0 0.96875 0.625 0 0 4 639 2068 -671 -2036 
981 0.9375 0.625 0 0.96875 0.65625 0 0 4 671 2069 -703 -2037 
982 0.9375 0.65625 0 0.96875 0.6875 0 0 4 703 2070 -735 -2038 
983 0.9375 0.6875 0 0.96875 0.71875 0 0 4 735 2071 -767 -2039 
984 0.9375 0.71875 0 0.96875 0.75 0 0 4 767 2072 -799 -2040 
985 0.9375 0.75 0 0.96875 0.78125 0 0 4 799 2073 -831 -2041 
986 0.9375 0.78125 0 0.96875 0.8125 0 0 4 831 2074 -863 -2042 
987 0.9375 0.8125 0 0.96875 0.84375 0 0 4 863 2075 -895 -2043 
988 0.9375 0.84375 0 0.96875 0.875 0 0 4 895 2076 -927 -2044 
989 0.9375 0.875 0 0.96875 0.90625 0 0 4 927 2077 -959 -2045 
990 0.9375 0.90625 0 0.96875 0.9375 0 0 4 959 2078 -991 -2046 
991 0.9375 0.9375 0 0.96875 0.96875 0 0 4 991 2079 -1023 -2047 
992 0.9375 0.96875 0 0.96875 1 0 0 4 1023 2080 -1055 -2048 
993 0.96875 0 0 1 0.03125 0 0 4 32 2081 -64 -2049 
994 0.96875 0.03125 0 1 0.0625 0 0 4 64 2082 -96 -2050 
995 0.96875 0.0625 0 1 0.09375 0 0 4 96 2083 -128 -2051 
996 0.96875 0.09375 0 1 0.125 0 0 4 128 2084 -160 -2052 
997 0.96875 0.125 0 1 0.15625 0 0 4 160 2085 -192 -2053 
998 0.96875 0.15625 0 1 0.1875 0 0 4 192 2086 -224 -2054 
999 0.96875 0.1875 0 1 0.21875 0 0 4 224 2087 -256 -2055 
1000 0.96875 0.21875 0 1 0.25 0 0 4 256 2088 -288 -2056 
1001 0.96875 0.25 0 1 0.28125 0 0 4 288 2089 -320 -2057 
1002 0.96875 0.28125 0 1 0.3125 0 0 4 320 2090 -352 -2058 
1003 0.96875 0.3125 0 1 0.34375 0 0 4 352 2091 -384 -2059 
1004 0.96875 0.34375 0 1 0.375 0 0 4 384 2092 -416 -2060 
1005 0.96875 0.375 0 1 0.40625 0 0 4 416 2093 -448 -2061 
1006 0.96875 0.40625 0 1 0.4375 0 0 4 448 2094 -480 -2062 
1007 0.96875 0.4375 0 1 0.46875 0 0 4 480 2095 -512 -2063 
1008 0.96875 0.46875 0 1 0.5 0 0 4 512 2096 -544 -2064 
1009 0.96875 0.5 0 1 0.53125 0 0 4 544 2097 -576 -2065 
1010 0.96875 0.53125 0 1 0.5625 0 0 4 576 2098 -608 -2066 
1011 0.96875 0.5625 0 1 0.59375 0 0 4 608 2099 -640 -2067 
1012 0.96875 0.59375 0 1 0.625 0 0 4 640 2100 -672 -2068 
1013 0.96875 0.625 0 1 0.65625 0 0 4 672 2101 -704 -2069 
1014 0.96875 0.65625 0 1 0.6875 0 0 4 704 2102 -736 -2070 
1015 0.96875 0.6875 0 1 0.71875 0 0 4 736 2103 -768 -2071 
1016 0.96875 0.71875 0 1 0.75 0 0 4 768 2104 -800 -2072 
1017 0.96875 0.75 0 1 0.78125 0 0 4 800 2105 -832 -2073 
1018 0.96875 0.78125 0 1 0.8125 0 0 4 832 2106 -864 -2074 
1019 0.96875 0.8125 0 1 0.84375 0 0 4 864 2107 -896 -2075 
1020 0.96875 0.84375 0 1 0.875 0 0 4 896 2108 -928 -2076 
1021 0.96875 0.875 0 1 0.90625 0 0 4 928 2109 -960 -2077 
1022 0.96875 0.90625 0 1 0.9375 0 0 4 960 2110 -992 -2078 
1023 0.96875 0.9375 0 1 0.96875 0 0 4 992 2111 -1024 -2079 
1024 0.96875 0.96875 0 1 1 0 0 4 1024 2112 -1056 -2080 
$EndEntities
$Nodes
4225 4225 1 4225
0 1 0 1
1
0 0 0
0 2 0 1
2
0 0.03125 0
0 3 0 1
3
0 0.0625 0
0 4 0 1
4
0 0.09375 0
0 5 0 1
5
0 0.125 0
0 6 0 1
6
0 0.15625 0
0 7 0 1
7
0 0.1875 0
0 8 0 1
8
0 0.21875 0
0 9 0 1
9
0 0.25 0
0 10 0 1
10
0 0.28125 0
0 11 0 1
11
0 0.3125 0
0 12 0 1
12
0 0.34375 0
0 13 0 1
13
0 0.375 0
0 14 0 1
14
0 0.40625 0
0 15 0 1
15
0 0.4375 0
0 16 0 1
16
0 0.46875 0
0 17 0 1
17
0 0.5 0
0 18 0 1
18
0 0.53125 0
0 19 0 1
19
0 0.5625 0
0 20 0 1
20
0 0.59375 0
0 21 0 1
21
0 0.625 0
0 22 0 1
22
0 0.65625 0
0 23 0 1
23
0 0.6875 0
0 24 0 1
24
0 0.71875 0
0 25 0 1
25
0 0.75 0
0 26 0 1
26
0 0.78125 0
0 27 0 1
27
0 0.8125 0
0 28 0 1
28
0 0.84375 0
0 29 0 1
29
0 0.875 0
0 30 0 1
30
0 0.90625 0
0 31 0 1
31
0 0.9375 0
0 32 0 1
32
0 0.96875 0
0 33 0 1
33
0 1 0
0 34 0 1
34
0.03125 0 0
0 35 0 1
35
0.03125 0.03125 0
0 36 0 1
36
0.03125 0.0625 0
0 37 0 1
37
0.03125 0.09375 0
0 38 0 1
38
0.03125 0.125 0
0 39 0 1
39
0.03125 0.15625 0
0 40 0 1
40
0.03125 0.1875 0
0 41 0 1
41
0.03125 0.21875 0
0 42 0 1
42
0.03125 0.25 0
0 43 0 1
43
0.03125 0.28125 0
0 44 0 1
44
0.03125 0.3125 0
0 45 0 1
45
0.03125 0.34375 0
0 46 0 1
46
0.03125 0.375 0
0 47 0 1
47
0.03125 0.40625 0
0 48 0 1
48
0.03125 0.4375 0
0 49 0 1
49
0.03125 0.46875 0
0 50 0 1
50
0.03125 0.5 0
0 51 0 1
51
0.03125 0.53125 0
0 52 0 1
52
0.03125 0.5625 0
0 53 0 1
53
0.03125 0.59375 0
0 54 0 1
54
0.03125 0.625 0
0 55 0 1
55
0.03125 0.65625 0
0 56 0 1
56
0.03125 0.6875 0
0 57 0 1
57
0.03125 0.71875 0
0 58 0 1
58
0.03125 0.75 0
0 59 0 1
59
0.03125 0.78125 0
0 60 0 1
60
0.03125 0.8125 0
0 61 0 1
61
0.03125 0.84375 0
0 62 0 1
62
0.03125 0.875 0
0 63 0 1
63
0.03125 0.90625 0
0 64 0 1
64
0.03125 0.9375 0
0 65 0 1
65
0.03125 0.96875 0
0 66 0 1
66
0.03125 1 0
0 67 0 1
67
0.0625 0 0
0 68 0 1
68
0.0625 0.03125 0
0 69 0 1
69
0.0625 0.0625 0
0 70 0 1
70
0.0625 0.09375 0
0 71 0 1
71
0.0625 0.125 0
0 72 0 1
72
0.0625 0.15625 0
0 73 0 1
73
0.0625 0.1875 0
0 74 0 1
74
0.0625 0.21875 0
0 75 0 1
75
0.0625 0.25 0
0 76 0 1
76
0.0625 0.28125 0
0 77 0 1
77
0.0625 0.3125 0
0 78 0 1
78
0.0625 0.34375 0
0 79 0 1
79
0.0625 0.375 0
0 80 0 1
80
0.0625 0.40625 0
0 81 0 1
81
0.0625 0.4375 0
0 82 0 1
82
0.0625 0.46875 0
0 83 0 1
83
0.0625 0.5 0
0 84 0 1
84
0.0625 0.53125 0
0 85 0 1
85
0.0625 0.5625 0
0 86 0 1
86
0.0625 0.59375 0
0 87 0 1
87
0.0625 0.625 0
0 88 0 1
88
0.0625 0.65625 0
0 89 0 1
89
0.0625 0.6875 0
0 90 0 1
90
0.0625 0.71875 0
0 91 0 1
91
0.0625 0.75 0
0 92 0 1
92
0.0625 0.78125 0
0 93 0 1
93
0.0625 0.8125 0
0 94 0 1
94
0.0625 0.84375 0
0 95 0 1
95
0.0625 0.875 0
0 96 0 1
96
0.0625 0.90625 0
0 97 0 1
97
0.0625 0.9375 0
0 98 0 1
98
0.0625 0.96875 0
0 99 0 1
99
0.0625 1 0
0 100 0 1
100
0.09375 0 0
0 101 0 1
101
0.09375 0.03125 0
0 102 0 1
102
0.09375 0.0625 0
0 103 0 1
103
0.09375 0.09375 0
0 104 0 1
104
0.09375 0.125 0
0 105 0 1
105
0.09375 0.15625 0
0 106 0 1
106
0.09375 0.1875 0
0 107 0 1
107
0.09375 0.21875 0
0 108 0 1
108
0.09375 0.25 0
0 109 0 1
109
0.09375 0.28125 0
0 110 0 1
110
0.09375 0.3125 0
0 111 0 1
111
0.09375 0.34375 0
0 112 0 1
112
0.09375 0.375 0
0 113 0 1
113
0.09375 0.40625 0
0 114 0 1
114
0.09375 0.4375 0
0 115 0 1
115
0.09375 0.46875 0
0 116 0 1
116
0.09375 0.5 0
0 117 0 1
117
0.09375 0.53125 0
0 118 0 1
118
0.09375 0.5625 0
0 119 0 1
119
0.09375 0.59375 0
0 120 0 1
120
0.09375 0.625 0
0 121 0 1
121
0.09375 0.65625 0
0 122 0 1
122
0.09375 0.6875 0
0 123 0 1
123
0.09375 0.71875 0
0 124 0 1
124
0.09375 0.75 0
0 125 0 1
125
0.09375 0.78125 0
0 126 0 1
126
0.09375 0.8125 0
0 127 0 1
127
0.09375 0.84375 0
0 128 0 1
128
0.09375 0.875 0
0 129 0 1
129
0.09375 0.90625 0
0 130 0 1
130
0.09375 0.9375 0
0 131 0 1
131
0.09375 0.96875 0
0 132 0 1
132
0.09375 1 0
0 133 0 1
133
0.125 0 0
0 134 0 1
134
0.125 0.03125 0
0 135 0 1
135
0.125 0.0625 0
0 136 0 1
136
0.125 0.09375 0
0 137 0 1
137
0.125 0.125 0
0 138 0 1
138
0.125 0.15625 0
0 139 0 1
139
0.125 0.1875 0
0 140 0 1
140
0.125 0.21875 0
0 141 0 1
141
0.125 0.25 0
0 142 0 1
142
0.125 0.28125 0
0 143 0 1
143
0.125 0.3125 0
0 144 0 1
144
0.125 0.34375 0
0 145 0 1
145
0.125 0.375 0
0 146 0 1
146
0.125 0.40625 0
0 147 0 1
147
0.125 0.4375 0
0 148 0 1
148
0.125 0.46875 0
0 149 0 1
149
0.125 0.5 0
0 150 0 1
150
0.125 0.53125 0
0 151 0 1
151
0.125 0.5625 0
0 152 0 1
152
0.125 0.59375 0
0 153 0 1
153
0.125 0.625 0
0 154 0 1
154
0.125 0.65625 0
0 155 0 1
155
0.125 0.6875 0
0 156 0 1
156
0.125 0.71875 0
0 157 0 1
157
0.125 0.75 0
0 158 0 1
158
0.125 0.78125 0
0 159 0 1
159
0.125 0.8125 0
0 160 0 1
160
0.125 0.84375 0
0 161 0 1
161
0.125 0.875 0
0 162 0 1
162
0.125 0.90625 0
0 163 0 1
163
0.125 0.9375 0
0 164 0 1
164
0.125 0.96875 0
0 165 0 1
165
0.125 1 0
0 166 0 1
166
0.15625 0 0
0 167 0 1
167
0.15625 0.03125 0
0 168 0 1
168
0.15625 0.0625 0
0 169 0 1
169
0.15625 0.09375 0
0 170 0 1
170
0.15625 0.125 0
0 171 0 1
171
0.15625 0.15625 0
0 172 0 1
172
0.15625 0.1875 0
0 173 0 1
173
0.15625 0.21875 0
0 174 0 1
174
0.15625 0.25 0
0 175 0 1
175
0.15625 0.28125 0
0 176 0 1
176
0.15625 0.3125 0
0 177 0 1
177
0.15625 0.34375 0
0 178 0 1
178
0.15625 0.375 0
0 179 0 1
179
0.15625 0.40625 0
0 180 0 1
180
0.15625 0.4375 0
0 181 0 1
181
0.15625 0.46875 0
0 182 0 1
182
0.15625 0.5 0
0 183 0 1
183
0.15625 0.53125 0
0 184 0 1
184
0.15625 0.5625 0
0 185 0 1
185
0.15625 0.59375 0
0 186 0 1
186
0.15625 0.625 0
0 187 0 1
187
0.15625 0.65625 0
0 188 0 1
188
0.15625 0.6875 0
0 189 0 1
189
0.15625 0.71875 0
0 190 0 1
190
0.15625 0.75 0
0 191 0 1
191
0.15625 0.78125 0
0 192 0 1
192
0.15625 0.8125 0
0 193 0 1
193
0.15625 0.84375 0
0 194 0 1
194
0.15625 0.875 0
0 195 0 1
195
0.15625 0.90625 0
0 196 0 1
196
0.15625 0.9375 0
0 197 0 1
197
0.15625 0.96875 0
0 198 0 1
198
0.15625 1 0
0 199 0 1
199
0.1875 0 0
0 200 0 1
200
0.1875 0.03125 0
0 201 0 1
201
0.1875 0.0625 0
0 202 0 1
202
0.1875 0.09375 0
0 203 0 1
203
0.1875 0.125 0
0 204 0 1
204
0.1875 0.15625 0
0 205 0 1
205
0.1875 0.1875 0
0 206 0 1
206
0.1875 0.21875 0
0 207 0 1
207
0.1875 0.25 0
0 208 0 1
208
0.1875 0.28125 0
0 209 0 1
209
0.1875 0.3125 0
0 210 0 1
210
0.1875 0.34375 0
0 211 0 1
211
0.1875 0.375 0
0 212 0 1
212
0.1875 0.40625 0
0 213 0 1
213
0.1875 0.4375 0
0 214 0 1
214
0.1875 0.46875 0
0 215 0 1
215
0.1875 0.5 0
0 216 0 1
216
0.1875 0.53125 0
0 217 0 1
217
0.1875 0.5625 0
0 218 0 1
218
0.1875 0.59375 0
0 219 0 1
219
0.1875 0.625 0
0 220 0 1
220
0.1875 0.65625 0
0 221 0 1
221
0.1875 0.6875 0
0 222 0 1
222
0.1875 0.71875 0
0 223 0 1
223
0.1875 0.75 0
0 224 0 1
224
0.1875 0.78125 0
0 225 0 1
225
0.1875 0.8125 0
0 226 0 1
226
0.1875 0.84375 0
0 227 0 1
227
0.1875 0.875 0
0 228 0 1
228
0.1875 0.90625 0
0 229 0 1
229
0.1875 0.9375 0
0 230 0 1
230
0.1875 0.96875 0
0 231 0 1
231
0.1875 1 0
0 232 0 1
232
0.21875 0 0
0 233 0 1
233
0.21875 0.03125 0
0 234 0 1
234
0.21875 0.0625 0
0 235 0 1
235
0.21875 0.09375 0
0 236 0 1
236
0.21875 0.125 0
0 237 0 1
237
0.21875 0.15625 0
0 238 0 1
238
0.21875 0.1875 0
0 239 0 1
239
0.21875 0.21875 0
0 240 0 1
240
0.21875 0.25 0
0 241 0 1
241
0.21875 0.28125 0
0 242 0 1
242
0.21875 0.3125 0
0 243 0 1
243
0.21875 0.34375 0
0 244 0 1
244
0.21875 0.375 0
0 245 0 1
245
0.21875 0.40625 0
0 246 0 1
246
0.21875 0.4375 0
0 247 0 1
247
0.21875 0.46875 0
0 248 0 1
248
0.21875 0.5 0
0 249 0 1
249
0.21875 0.53125 0
0 250 0 1
250
0.21875 0.5625 0
0 251 0 1
251
0.21875 0.59375 0
0 252 0 1
252
0.21875 0.625 0
0 253 0 1
253
0.21875 0.65625 0
0 254 0 1
254
0.21875 0.6875 0
0 255 0 1
255
0.21875 0.71875 0
0 256 0 1
256
0.21875 0.75 0
0 257 0 1
257
0.21875 0.78125 0
0 258 0 1
258
0.21875 0.8125 0
0 259 0 1
259
0.21875 0.84375 0
0 260 0 1
260
0.21875 0.875 0
0 261 0 1
261
0.21875 0.90625 0
0 262 0 1
262
0.21875 0.9375 0
0 263 0 1
263
0.21875 0.96875 0
0 264 0 1
264
0.21875 1 0
0 265 0 1
265
0.25 0 0
0 266 0 1
266
0.25 0.03125 0
0 267 0 1
267
0.25 0.0625 0
0 268 0 1
268
0.25 0.09375 0
0 269 0 1
269
0.25 0.125 0
0 270 0 1
270
0.25 0.15625 0
0 271 0 1
271
0.25 0.1875 0
0 272 0 1
272
0.25 0.21875 0
0 273 0 1
273
0.25 0.25 0
0 274 0 1
274
0.25 0.28125 0
0 275 0 1
275
0.25 0.3125 0
0 276 0 1
276
0.25 0.34375 0
0 277 0 1
277
0.25 0.375 0
0 278 0 1
278
0.25 0.40625 0
0 279 0 1
279
0.25 0.4375 0
0 280 0 1
280
0.25 0.46875 0
0 281 0 1
281
0.25 0.5 0
0 282 0 1
282
0.25 0.53125 0
0 283 0 1
283
0.25 0.5625 0
0 284 0 1
284
0.25 0.59375 0
0 285 0 1
285
0.25 0.625 0
0 286 0 1
286
0.25 0.65625 0
0 287 0 1
287
0.25 0.6875 0
0 288 0 1
288
0.25 0.71875 0
0 289 0 1
289
0.25 0.75 0
0 290 0 1
290
0.25 0.78125 0
0 291 0 1
291
0.25 0.8125 0
0 292 0 1
292
0.25 0.84375 0
0 293 0 1
293
0.25 0.875 0
0 294 0 1
294
0.25 0.90625 0
0 295 0 1
295
0.25 0.9375 0
0 296 0 1
296
0.25 0.96875 0
0 297 0 1
297
0.25 1 0
0 298 0 1
298
0.28125 0 0
0 299 0 1
299
0.28125 0.03125 0
0 300 0 1
300
0.28125 0.0625 0
0 301 0 1
301
0.28125 0.09375 0
0 302 0 1
302
0.28125 0.125 0
0 303 0 1
303
0.28125 0.15625 0
0 304 0 1
304
0.28125 0.1875 0
0 305 0 1
305
0.28125 0.21875 0
0 306 0 1
306
0.28125 0.25 0
0 307 0 1
307
0.28125 0.28125 0
0 308 0 1
308
0.28125 0.3125 0
0 309 0 1
309
0.28125 0.34375 0
0 310 0 1
310
0.28125 0.375 0
0 311 0 1
311
0.28125 0.40625 0
0 312 0 1
312
0.28125 0.4375 0
0 313 0 1
313
0.28125 0.46875 0
0 314 0 1
314
0.28125 0.5 0
0 315 0 1
315
0.28125 0.53125 0
0 316 0 1
316
0.28125 0.5625 0
0 317 0 1
317
0.28125 0.59375 0
0 318 0 1
318
0.28125 0.625 0
0 319 0 1
319
0.28125 0.65625 0
0 320 0 1
320
0.28125 0.6875 0
0 321 0 1
321
0.28125 0.71875 0
0 322 0 1
322
0.28125 0.75 0
0 323 0 1
323
0.28125 0.78125 0
0 324 0 1
324
0.28125 0.8125 0
0 325 0 1
325
0.28125 0.84375 0
0 326 0 1
326
0.28125 0.875 0
0 327 0 1
327
0.28125 0.90625 0
0 328 0 1
328
0.28125 0.9375 0
0 329 0 1
329
0.28125 0.96875 0
0 330 0 1
330
0.28125 1 0
0 331 0 1
331
0.3125 0 0
0 332 0 1
332
0.3125 0.03125 0
0 333 0 1
333
0.3125 0.0625 0
0 334 0 1
334
0.3125 0.09375 0
0 335 0 1
335
0.3125 0.125 0
0 336 0 1
336
0.3125 0.15625 0
0 337 0 1
337
0.3125 0.1875 0
0 338 0 1
338
0.3125 0.21875 0
0 339 0 1
339
0.3125 0.25 0
0 340 0 1
340
0.3125 0.28125 0
0 341 0 1
341
0.3125 0.3125 0
0 342 0 1
342
0.3125 0.34375 0
0 343 0 1
343
0.3125 0.375 0
0 344 0 1
344
0.3125 0.40625 0
0 345 0 1
345
0.3125 0.4375 0
0 346 0 1
346
0.3125 0.46875 0
0 347 0 1
347
0.3125 0.5 0
0 348 0 1
348
0.3125 0.53125 0
0 349 0 1
349
0.3125 0.5625 0
0 350 0 1
350
0.3125 0.59375 0
0 351 0 1
351
0.3125 0.625 0
0 352 0 1
352
0.3125 0.65625 0
0 353 0 1
353
0.3125 0.6875 0
0 354 0 1
354
0.3125 0.71875 0
0 355 0 1
355
0.3125 0.75 0
0 356 0 1
356
0.3125 0.78125 0
0 357 0 1
357
0.3125 0.8125 0
0 358 0 1
358
0.3125 0.84375 0
0 359 0 1
359
0.3125 0.875 0
0 360 0 1
360
0.3125 0.90625 0
0 361 0 1
361
0.3125 0.9375 0
0 362 0 1
362
0.3125 0.96875 0
0 363 0 1
363
0.3125 1 0
0 364 0 1
364
0.34375 0 0
0 365 0 1
365
0.34375 0.03125 0
0 366 0 1
366
0.34375 0.0625 0
0 367 0 1
367
0.34375 0.09375 0
0 368 0 1
368
0.34375 0.125 0
0 369 0 1
369
0.34375 0.15625 0
0 370 0 1
370
0.34375 0.1875 0
0 371 0 1
371
0.34375 0.21875 0
0 372 0 1
372
0.34375 0.25 0
0 373 0 1
373
0.34375 0.28125 0
0 374 0 1
374
0.34375 0.3125 0
0 375 0 1
375
0.34375 0.34375 0
0 376 0 1
376
0.34375 0.375 0
0 377 0 1
377
0.34375 0.40625 0
0 378 0 1
378
0.34375 0.4375 0
0 379 0 1
379
0.34375 0.46875 0
0 380 0 1
380
0.34375 0.5 0
0 381 0 1
381
0.34375 0.53125 0
0 382 0 1
382
0.34375 0.5625 0
0 383 0 1
383
0.34375 0.59375 0
0 384 0 1
384
0.34375 0.625 0
0 385 0 1
385
0.34375 0.65625 0
0 386 0 1
386
0.34375 0.6875 0
0 387 0 1
387
0.34375 0.71875 0
0 388 0 1
388
0.34375 0.75 0
0 389 0 1
389
0.34375 0.78125 0
0 390 0 1
390
0.34375 0.8125 0
0 391 0 1
391
0.34375 0.84375 0
0 392 0 1
392
0.34375 0.875 0
0 393 0 1
393
0.34375 0.90625 0
0 394 0 1
394
0.34375 0.9375 0
0 395 0 1
395
0.34375 0.96875 0
0 396 0 1
396
0.34375 1 0
0 397 0 1
397
0.375 0 0
0 398 0 1
398
0.375 0.03125 0
0 399 0 1
399
0.375 0.0625 0
0 400 0 1
400
0.375 0.09375 0
0 401 0 1
401
0.375 0.125 0
0 402 0 1
402
0.375 0.15625 0
0 403 0 1
403
0.375 0.1875 0
0 404 0 1
404
0.375 0.21875 0
0 405 0 1
405
0.375 0.25 0
0 406 0 1
406
0.375 0.28125 0
0 407 0 1
407
0.375 0.3125 0
0 408 0 1
408
0.375 0.34375 0
0 409 0 1
409
0.375 0.375 0
0 410 0 1
410
0.375 0.40625 0
0 411 0 1
411
0.375 0.4375 0
0 412 0 1
412
0.375 0.46875 0
0 413 0 1
413
0.375 0.5 0
0 414 0 1
414
0.375 0.53125 0
0 415 0 1
415
0.375 0.5625 0
0 416 0 1
416
0.375 0.59375 0
0 417 0 1
417
0.375 0.625 0
0 418 0 1
418
0.375 0.65625 0
0 419 0 1
419
0.375 0.6875 0
0 420 0 1
420
0.375 0.71875 0
0 421 0 1
421
0.375 0.75 0
0 422 0 1
422
0.375 0.78125 0
0 423 0 1
423
0.375 0.8125 0
0 424 0 1
424
0.375 0.84375 0
0 425 0 1
425
0.375 0.875 0
0 426 0 1
426
0.375 0.90625 0
0 427 0 1
427
0.375 0.9375 0
0 428 0 1
428
0.375 0.96875 0
0 429 0 1
429
0.375 1 0
0 430 0 1
430
0.40625 0 0
0 431 0 1
431
0.40625 0.03125 0
0 432 0 1
432
0.40625 0.0625 0
0 433 0 1
433
0.40625 0.09375 0
0 434 0 1
434
0.40625 0.125 0
0 435 0 1
435
0.40625 0.15625 0
0 436 0 1
436
0.40625 0.1875 0
0 437 0 1
437
0.40625 0.21875 0
0 438 0 1
438
0.40625 0.25 0
0 439 0 1
439
0.40625 0.28125 0
0 440 0 1
440
0.40625 0.3125 0
0 441 0 1
441
0.40625 0.34375 0
0 442 0 1
442
0.40625 0.375 0
0 443 0 1
443
0.40625 0.40625 0
0 444 0 1
444
0.40625 0.4375 0
0 445 0 1
445
0.40625 0.46875 0
0 446 0 1
446
0.40625 0.5 0
0 447 0 1
447
0.40625 0.53125 0
0 448 0 1
448
0.40625 0.5625 0
0 449 0 1
449
0.40625 0.59375 0
0 450 0 1
450
0.40625 0.625 0
0 451 0 1
451
0.40625 0.65625 0
0 452 0 1
452
0.40625 0.6875 0
0 453 0 1
453
0.40625 0.71875 0
0 454 0 1
454
0.40625 0.75 0
0 455 0 1
455
0.40625 0.78125 0
0 456 0 1
456
0.40625 0.8125 0
0 457 0 1
457
0.40625 0.84375 0
0 458 0 1
458
0.40625 0.875 0
0 459 0 1
459
0.40625 0.90625 0
0 460 0 1
460
0.40625 0.9375 0
0 461 0 1
461
0.40625 0.96875 0
0 462 0 1
462
0.40625 1 0
0 463 0 1
463
0.4375 0 0
0 464 0 1
464
0.4375 0.03125 0
0 465 0 1
465
0.4375 0.0625 0
0 466 0 1
466
0.4375 0.09375 0
0 467 0 1
467
0.4375 0.125 0
0 468 0 1
468
0.4375 0.15625 0
0 469 0 1
469
0.4375 0.1875 0
0 470 0 1
470
0.4375 0.21875 0
0 471 0 1
471
0.4375 0.25 0
0 472 0 1
472
0.4375 0.28125 0
0 473 0 1
473
0.4375 0.3125 0
0 474 0 1
474
0.4375 0.34375 0
0 475 0 1
475
0.4375 0.375 0
0 476 0 1
476
0.4375 0.40625 0
0 477 0 1
477
0.4375 0.4375 0
0 478 0 1
478
0.4375 0.46875 0
0 479 0 1
479
0.4375 0.5 0
0 480 0 1
480
0.4375 0.53125 0
0 481 0 1
481
0.4375 0.5625 0
0 482 0 1
482
0.4375 0.59375 0
0 483 0 1
483
0.4375 0.625 0
0 484 0 1
484
0.4375 0.65625 0
0 485 0 1
485
0.4375 0.6875 0
0 486 0 1
486
0.4375 0.71875 0
0 487 0 1
487
0.4375 0.75 0
0 488 0 1
488
0.4375 0.78125 0
0 489 0 1
489
0.4375 0.8125 0
0 490 0 1
490
0.4375 0.84375 0
0 491 0 1
491
0.4375 0.875 0
0 492 0 1
492
0.4375 0.90625 0
0 493 0 1
493
0.4375 0.9375 0
0 494 0 1
494
0.4375 0.96875 0
0 495 0 1
495
0.4375 1 0
0 496 0 1
496
0.46875 0 0
0 497 0 1
497
0.46875 0.03125 0
0 498 0 1
498
0.46875 0.0625 0
0 499 0 1
499
0.46875 0.09375 0
0 500 0 1
500
0.46875 0.125 0
0 501 0 1
501
0.46875 0.15625 0
0 502 0 1
502
0.46875 0.1875 0
0 503 0 1
503
0.46875 0.21875 0
0 504 0 1
504
0.46875 0.25 0
0 505 0 1
505
0.46875 0.28125 0
0 506 0 1
506
0.46875 0.3125 0
0 507 0 1
507
0.46875 0.34375 0
0 508 0 1
508
0.46875 0.375 0
0 509 0 1
509
0.46875 0.40625 0
0 510 0 1
510
0.46875 0.4375 0
0 511 0 1
511
0.46875 0.46875 0
0 512 0 1
512
0.46875 0.5 0
0 513 0 1
513
0.46875 0.53125 0
0 514 0 1
514
0.46875 0.5625 0
0 515 0 1
515
0.46875 0.59375 0
0 516 0 1
516
0.46875 0.625 0
0 517 0 1
517
0.46875 0.65625 0
0 518 0 1
518
0.46875 0.6875 0
0 519 0 1
519
0.46875 0.71875 0
0 520 0 1
520
0.46875 0.75 0
0 521 0 1
521
0.46875 0.78125 0
0 522 0 1
522
0.46875 0.8125 0
0 523 0 1
523
0.46875 0.84375 0
0 524 0 1
524
0.46875 0.875 0
0 525 0 1
525
0.46875 0.90625 0
0 526 0 1
526
0.46875 0.9375 0
0 527 0 1
527
0.46875 0.96875 0
0 528 0 1
528
0.46875 1 0
0 529 0 1
529
0.5 0 0
0 530 0 1
530
0.5 0.03125 0
0 531 0 1
531
0.5 0.0625 0
0 532 0 1
532
0.5 0.09375 0
0 533 0 1
533
0.5 0.125 0
0 534 0 1
534
0.5 0.15625 0
0 535 0 1
535
0.5 0.1875 0
0 536 0 1
536
0.5 0.21875 0
0 537 0 1
537
0.5 0.25 0
0 538 0 1
538
0.5 0.28125 0
0 539 0 1
539
0.5 0.3125 0
0 540 0 1
540
0.5 0.34375 0
0 541 0 1
541
0.5 0.375 0
0 542 0 1
542
0.5 0.40625 0
0 543 0 1
543
0.5 0.4375 0
0 544 0 1
544
0.5 0.46875 0
0 545 0 1
545
0.5 0.5 0
0 546 0 1
546
0.5 0.53125 0
0 547 0 1
547
0.5 0.5625 0
0 548 0 1
548
0.5 0.59375 0
0 549 0 1
549
0.5 0.625 0
0 550 0 1
550
0.5 0.65625 0
0 551 0 1
551
0.5 0.6875 0
0 552 0 1
552
0.5 0.71875 0
0 553 0 1
553
0.5 0.75 0
0 554 0 1
554
0.5 0.78125 0
0 555 0 1
555
0.5 0.8125 0
0 556 0 1
556
0.5 0.84375 0
0 557 0 1
557
0.5 0.875 0
0 558 0 1
558
0.5 0.90625 0
0 559 0 1
559
0.5 0.9375 0
0 560 0 1
560
0.5 0.96875 0
0 561 0 1
561
0.5 1 0
0 562 0 1
562
0.53125 0 0
0 563 0 1
563
0.53125 0.03125 0
0 564 0 1
564
0.53125 0.0625 0
0 565 0 1
565
0.53125 0.09375 0
0 566 0 1
566
0.53125 0.125 0
0 567 0 1
567
0.53125 0.15625 0
0 568 0 1
568
0.53125 0.1875 0
0 569 0 1
569
0.53125 0.21875 0
0 570 0 1
570
0.53125 0.25 0
0 571 0 1
571
0.53125 0.28125 0
0 572 0 1
572
0.53125 0.3125 0
0 573 0 1
573
0.53125 0.34375 0
0 574 0 1
574
0.53125 0.375 0
0 575 0 1
575
0.53125 0.40625 0
0 576 0 1
576
0.53125 0.4375 0
0 577 0 1
577
0.53125 0.46875 0
0 578 0 1
578
0.53125 0.5 0
0 579 0 1
579
0.53125 0.53125 0
0 580 0 1
580
0.53125 0.5625 0
0 581 0 1
581
0.53125 0.59375 0
0 582 0 1
582
0.53125 0.625 0
0 583 0 1
583
0.53125 0.65625 0
0 584 0 1
584
0.53125 0.6875 0
0 585 0 1
585
0.53125 0.71875 0
0 586 0 1
586
0.53125 0.75 0
0 587 0 1
587
0.53125 0.78125 0
0 588 0 1
588
0.53125 0.8125 0
0 589 0 1
589
0.53125 0.84375 0
0 590 0 1
590
0.53125 0.875 0
0 591 0 1
591
0.53125 0.90625 0
0 592 0 1
592
0.53125 0.9375 0
0 593 0 1
593
0.53125 0.96875 0
0 594 0 1
594
0.53125 1 0
0 595 0 1
595
0.5625 0 0
0 596 0 1
596
0.5625 0.03125 0
0 597 0 1
597
0.5625 0.0625 0
0 598 0 1
598
0.5625 0.09375 0
0 599 0 1
599
0.5625 0.125 0
0 600 0 1
600
0.5625 0.15625 0
0 601 0 1
601
0.5625 0.1875 0
0 602 0 1
602
0.5625 0.21875 0
0 603 0 1
603
0.5625 0.25 0
0 604 0 1
604
0.5625 0.28125 0
0 605 0 1
605
0.5625 0.3125 0
0 606 0 1
606
0.5625 0.34375 0
0 607 0 1
607
0.5625 0.375 0
0 608 0 1
608
0.5625 0.40625 0
0 609 0 1
609
0.5625 0.4375 0
0 610 0 1
610
0.5625 0.46875 0
0 611 0 1
611
0.5625 0.5 0
0 612 0 1
612
0.5625 0.53125 0
0 613 0 1
613
0.5625 0.5625 0
0 614 0 1
614
0.5625 0.59375 0
0 615 0 1
615
0.5625 0.625 0
0 616 0 1
616
0.5625 0.65625 0
0 617 0 1
617
0.5625 0.6875 0
0 618 0 1
618
0.5625 0.71875 0
0 619 0 1
619
0.5625 0.75 0
0 620 0 1
620
0.5625 0.78125 0
0 621 0 1
621
0.5625 0.8125 0
0 622 0 1
622
0.5625 0.84375 0
0 623 0 1
623
0.5625 0.875 0
0 624 0 1
624
0.5625 0.90625 0
0 625 0 1
625
0.5625 0.9375 0
0 626 0 1
626
0.5625 0.96875 0
0 627 0 1
627
0.5625 1 0
0 628 0 1
628
0.59375 0 0
0 629 0 1
629
0.59375 0.03125 0
0 630 0 1
630
0.59375 0.0625 0
0 631 0 1
631
0.59375 0.09375 0
0 632 0 1
632
0.59375 0.125 0
0 633 0 1
633
0.59375 0.15625 0
0 634 0 1
634
0.59375 0.1875 0
0 635 0 1
635
0.59375 0.21875 0
0 636 0 1
636
0.59375 0.25 0
0 637 0 1
637
0.59375 0.28125 0
0 638 0 1
638
0.59375 0.3125 0
0 639 0 1
639
0.59375 0.34375 0
0 640 0 1
640
0.59375 0.375 0
0 641 0 1
641
0.59375 0.40625 0
0 642 0 1
642
0.59375 0.4375 0
0 643 0 1
643
0.59375 0.46875 0
0 644 0 1
644
0.59375 0.5 0
0 645 0 1
645
0.59375 0.53125 0
0 646 0 1
646
0.59375 0.5625 0
0 647 0 1
647
0.59375 0.59375 0
0 648 0 1
648
0.59375 0.625 0
0 649 0 1
649
0.59375 0.65625 0
0 650 0 1
650
0.59375 0.6875 0
0 651 0 1
651
0.59375 0.71875 0
0 652 0 1
652
0.59375 0.75 0
0 653 0 1
653
0.59375 0.78125 0
0 654 0 1
654
0.59375 0.8125 0
0 655 0 1
655
0.59375 0.84375 0
0 656 0 1
656
0.59375 0.875 0
0 657 0 1
657
0.59375 0.90625 0
0 658 0 1
658
0.59375 0.9375 0
0 659 0 1
659
0.59375 0.96875 0
0 660 0 1
660
0.59375 1 0
0 661 0 1
661
0.625 0 0
0 662 0 1
662
0.625 0.03125 0
0 663 0 1
663
0.625 0.0625 0
0 664 0 1
664
0.625 0.09375 0
0 665 0 1
665
0.625 0.125 0
0 666 0 1
666
0.625 0.15625 0
0 667 0 1
667
0.625 0.1875 0
0 668 0 1
668
0.625 0.21875 0
0 669 0 1
669
0.625 0.25 0
0 670 0 1
670
0.625 0.28125 0
0 671 0 1
671
0.625 0.3125 0
0 672 0 1
672
0.625 0.34375 0
0 673 0 1
673
0.625 0.375 0
0 674 0 1
674
0.625 0.40625 0
0 675 0 1
675
0.625 0.4375 0
0 676 0 1
676
0.625 0.46875 0
0 677 0 1
677
0.625 0.5 0
0 678 0 1
678
0.625 0.53125 0
0 679 0 1
679
0.625 0.5625 0
0 680 0 1
680
0.625 0.59375 0
0 681 0 1
681
0.625 0.625 0
0 682 0 1
682
0.625 0.65625 0
0 683 0 1
683
0.625 0.6875 0
0 684 0 1
684
0.625 0.71875 0
0 685 0 1
685
0.625 0.75 0
0 686 0 1
686
0.625 0.78125 0
0 687 0 1
687
0.625 0.8125 0
0 688 0 1
688
0.625 0.84375 0
0 689 0 1
689
0.625 0.875 0
0 690 0 1
690
0.625 0.90625 0
0 691 0 1
691
0.625 0.9375 0
0 692 0 1
692
0.625 0.96875 0
0 693 0 1
693
0.625 1 0
0 694 0 1
694
0.65625 0 0
0 695 0 1
695
0.65625 0.03125 0
0 696 0 1
696
0.65625 0.0625 0
0 697 0 1
697
0.65625 0.09375 0
0 698 0 1
698
0.65625 0.125 0
0 699 0 1
699
0.65625 0.15625 0
0 700 0 1
700
0.65625 0.1875 0
0 701 0 1
701
0.65625 0.21875 0
0 702 0 1
702
0.65625 0.25 0
0 703 0 1
703
0.65625 0.28125 0
0 704 0 1
704
0.65625 0.3125 0
0 705 0 1
705
0.65625 0.34375 0
0 706 0 1
706
0.65625 0.375 0
0 707 0 1
707
0.65625 0.40625 0
0 708 0 1
708
0.65625 0.4375 0
0 709 0 1
709
0.65625 0.46875 0
0 710 0 1
710
0.65625 0.5 0
0 711 0 1
711
0.65625 0.53125 0
0 712 0 1
712
0.65625 0.5625 0
0 713 0 1
713
0.65625 0.59375 0
0 714 0 1
714
0.65625 0.625 0
0 715 0 1
715
0.65625 0.65625 0
0 716 0 1
716
0.65625 0.6875 0
0 717 0 1
717
0.65625 0.71875 0
0 718 0 1
718
0.65625 0.75 0
0 719 0 1
719
0.65625 0.78125 0
0 720 0 1
720
0.65625 0.8125 0
0 721 0 1
721
0.65625 0.84375 0
0 722 0 1
722
0.65625 0.875 0
0 723 0 1
723
0.65625 0.90625 0
0 724 0 1
724
0.65625 0.9375 0
0 725 0 1
725
0.65625 0.96875 0
0 726 0 1
726
0.65625 1 0
0 727 0 1
727
0.6875 0 0
0 728 0 1
728
0.6875 0.03125 0
0 729 0 1
729
0.6875 0.0625 0
0 730 0 1
730
0.6875 0.09375 0
0 731 0 1
731
0.6875 0.125 0
0 732 0 1
732
0.6875 0.15625 0
0 733 0 1
733
0.6875 0.1875 0
0 734 0 1
734
0.6875 0.21875 0
0 735 0 1
735
0.6875 0.25 0
0 736 0 1
736
0.6875 0.28125 0
0 737 0 1
737
0.6875 0.3125 0
0 738 0 1
738
0.6875 0.34375 0
0 739 0 1
739
0.6875 0.375 0
0 740 0 1
740
0.6875 0.40625 0
0 741 0 1
741
0.6875 0.4375 0
0 742 0 1
742
0.6875 0.46875 0
0 743 0 1
743
0.6875 0.5 0
0 744 0 1
744
0.6875 0.53125 0
0 745 0 1
745
0.6875 0.5625 0
0 746 0 1
746
0.6875 0.59375 0
0 747 0 1
747
0.6875 0.625 0
0 748 0 1
748
0.6875 0.65625 0
0 749 0 1
749
0.6875 0.6875 0
0 750 0 1
750
0.6875 0.71875 0
0 751 0 1
751
0.6875 0.75 0
0 752 0 1
752
0.6875 0.78125 0
0 753 0 1
753
0.6875 0.8125 0
0 754 0 1
754
0.6875 0.84375 0
0 755 0 1
755
0.6875 0.875 0
0 756 0 1
756
0.6875 0.90625 0
0 757 0 1
757
0.6875 0.9375 0
0 758 0 1
758
0.6875 0.96875 0
0 759 0 1
759
0.6875 1 0
0 760 0 1
760
0.71875 0 0
0 761 0 1
761
0.71875 0.03125 0
0 762 0 1
762
0.71875 0.0625 0
0 763 0 1
763
0.71875 0.09375 0
0 764 0 1
764
0.71875 0.125 0
0 765 0 1
765
0.71875 0.15625 0
0 766 0 1
766
0.71875 0.1875 0
0 767 0 1
767
0.71875 0.21875 0
0 768 0 1
768
0.71875 0.25 0
0 769 0 1
769
0.71875 0.28125 0
0 770 0 1
770
0.71875 0.3125 0
0 771 0 1
771
0.71875 0.34375 0
0 772 0 1
772
0.71875 0.375 0
0 773 0 1
773
0.71875 0.40625 0
0 774 0 1
774
0.71875 0.4375 0
0 775 0 1
775
0.71875 0.46875 0
0 776 0 1
776
0.71875 0.5 0
0 777 0 1
777
0.71875 0.53125 0
0 778 0 1
778
0.71875 0.5625 0
0 779 0 1
779
0.71875 0.59375 0
0 780 0 1
780
0.71875 0.625 0
0 781 0 1
781
0.71875 0.65625 0
0 782 0 1
782
0.71875 0.6875 0
0 783 0 1
783
0.71875 0.71875 0
0 784 0 1
784
0.71875 0.75 0
0 785 0 1
785
0.71875 0.78125 0
0 786 0 1
786
0.71875 0.8125 0
0 787 0 1
787
0.71875 0.84375 0
0 788 0 1
788
0.71875 0.875 0
0 789 0 1
789
0.71875 0.90625 0
0 790 0 1
790
0.71875 0.9375 0
0 791 0 1
791
0.71875 0.96875 0
0 792 0 1
792
0.71875 1 0
0 793 0 1
793
0.75 0 0
0 794 0 1
794
0.75 0.03125 0
0 795 0 1
795
0.75 0.0625 0
0 796 0 1
796
0.75 0.09375 0
0 797 0 1
797
0.75 0.125 0
0 798 0 1
798
0.75 0.15625 0
0 799 0 1
799
0.75 0.1875 0
0 800 0 1
800
0.75 0.21875 0
0 801 0 1
801
0.75 0.25 0
0 802 0 1
802
0.75 0.28125 0
0 803 0 1
803
0.75 0.3125 0
0 804 0 1
804
0.75 0.34375 0
0 805 0 1
805
0.75 0.375 0
0 806 0 1
806
0.75 0.40625 0
0 807 0 1
807
0.75 0.4375 0
0 808 0 1
808
0.75 0.46875 0
0 809 0 1
809
0.75 0.5 0
0 810 0 1
810
0.75 0.53125 0
0 811 0 1
811
0.75 0.5625 0
0 812 0 1
812
0.75 0.59375 0
0 813 0 1
813
0.75 0.625 0
0 814 0 1
814
0.75 0.65625 0
0 815 0 1
815
0.75 0.6875 0
0 816 0 1
816
0.75 0.71875 0
0 817 0 1
817
0.75 0.75 0
0 818 0 1
818
0.75 0.78125 0
0 819 0 1
819
0.75 0.8125 0
0 820 0 1
820
0.75 0.84375 0
0 821 0 1
821
0.75 0.875 0
0 822 0 1
822
0.75 0.90625 0
0 823 0 1
823
0.75 0.9375 0
0 824 0 1
824
0.75 0.96875 0
0 825 0 1
825
0.75 1 0
0 826 0 1
826
0.78125 0 0
0 827 0 1
827
0.78125 0.03125 0
0 828 0 1
828
0.78125 0.0625 0
0 829 0 1
829
0.78125 0.09375 0
0 830 0 1
830
0.78125 0.125 0
0 831 0 1
831
0.78125 0.15625 0
0 832 0 1
832
0.78125 0.1875 0
0 833 0 1
833
0.78125 0.21875 0
0 834 0 1
834
0.78125 0.25 0
0 835 0 1
835
0.78125 0.28125 0
0 836 0 1
836
0.78125 0.3125 0
0 837 0 1
837
0.78125 0.34375 0
0 838 0 1
838
0.78125 0.375 0
0 839 0 1
839
0.78125 0.40625 0
0 840 0 1
840
0.78125 0.4375 0
0 841 0 1
841
0.78125 0.46875 0
0 842 0 1
842
0.78125 0.5 0
0 843 0 1
843
0.78125 0.53125 0
0 844 0 1
844
0.78125 0.5625 0
0 845 0 1
845
0.78125 0.59375 0
0 846 0 1
846
0.78125 0.625 0
0 847 0 1
847
0.78125 0.65625 0
0 848 0 1
848
0.78125 0.6875 0
0 849 0 1
849
0.78125 0.71875 0
0 850 0 1
850
0.78125 0.75 0
0 851 0 1
851
0.78125 0.78125 0
0 852 0 1
852
0.78125 0.8125 0
0 853 0 1
853
0.78125 0.84375 0
0 854 0 1
854
0.78125 0.875 0
0 855 0 1
855
0.78125 0.90625 0
0 856 0 1
856
0.78125 0.9375 0
0 857 0 1
857
0.78125 0.96875 0
0 858 0 1
858
0.78125 1 0
0 859 0 1
859
0.8125 0 0
0 860 0 1
860
0.8125 0.03125 0
0 861 0 1
861
0.8125 0.0625 0
0 862 0 1
862
0.8125 0.09375 0
0 863 0 1
863
0.8125 0.125 0
0 864 0 1
864
0.8125 0.15625 0
0 865 0 1
865
0.8125 0.1875 0
0 866 0 1
866
0.8125 0.21875 0
0 867 0 1
867
0.8125 0.25 0
0 868 0 1
868
0.8125 0.28125 0
0 869 0 1
869
0.8125 0.3125 0
0 870 0 1
870
0.8125 0.34375 0
0 871 0 1
871
0.8125 0.375 0
0 872 0 1
872
0.8125 0.40625 0
0 873 0 1
873
0.8125 0.4375 0
0 874 0 1
874
0.8125 0.46875 0
0 875 0 1
875
0.8125 0.5 0
0 876 0 1
876
0.8125 0.53125 0
0 877 0 1
877
0.8125 0.5625 0
0 878 0 1
878
0.8125 0.59375 0
0 879 0 1
879
0.8125 0.625 0
0 880 0 1
880
0.8125 0.65625 0
0 881 0 1
881
0.8125 0.6875 0
0 882 0 1
882
0.8125 0.71875 0
0 883 0 1
883
0.8125 0.75 0
0 884 0 1
884
0.8125 0.78125 0
0 885 0 1
885
0.8125 0.8125 0
0 886 0 1
886
0.8125 0.84375 0
0 887 0 1
887
0.8125 0.875 0
0 888 0 1
888
0.8125 0.90625 0
0 889 0 1
889
0.8125 0.9375 0
0 890 0 1
890
0.8125 0.96875 0
0 891 0 1
891
0.8125 1 0
0 892 0 1
892
0.84375 0 0
0 893 0 1
893
0.84375 0.03125 0
0 894 0 1
894
0.84375 0.0625 0
0 895 0 1
895
0.84375 0.09375 0
0 896 0 1
896
0.84375 0.125 0
0 897 0 1
897
0.84375 0.15625 0
0 898 0 1
898
0.84375 0.1875 0
0 899 0 1
899
0.84375 0.21875 0
0 900 0 1
900
0.84375 0.25 0
0 901 0 1
901
0.84375 0.28125 0
0 902 0 1
902
0.84375 0.3125 0
0 903 0 1
903
0.84375 0.34375 0
0 904 0 1
904
0.84375 0.375 0
0 905 0 1
905
0.84375 0.40625 0
0 906 0 1
906
0.84375 0.4375 0
0 907 0 1
907
0.84375 0.46875 0
0 908 0 1
908
0.84375 0.5 0
0 909 0 1
909
0.84375 0.53125 0
0 910 0 1
910
0.84375 0.5625 0
0 911 0 1
911
0.84375 0.59375 0
0 912 0 1
912
0.84375 0.625 0
0 913 0 1
913
0.84375 0.65625 0
0 914 0 1
914
0.84375 0.6875 0
0 915 0 1
915
0.84375 0.71875 0
0 916 0 1
916
0.84375 0.75 0
0 917 0 1
917
0.84375 0.78125 0
0 918 0 1
918
0.84375 0.8125 0
0 919 0 1
919
0.84375 0.84375 0
0 920 0 1
920
0.84375 0.875 0
0 921 0 1
921
0.84375 0.90625 0
0 922 0 1
922
0.84375 0.9375 0
0 923 0 1
923
0.84375 0.96875 0
0 924 0 1
924
0.84375 1 0
0 925 0 1
925
0.875 0 0
0 926 0 1
926
0.875 0.03125 0
0 927 0 1
927
0.875 0.0625 0
0 928 0 1
928
0.875 0.09375 0
0 929 0 1
929
0.875 0.125 0
0 930 0 1
930
0.875 0.15625 0
0 931 0 1
931
0.875 0.1875 0
0 932 0 1
932
0.875 0.21875 0
0 933 0 1
933
0.875 0.25 0
0 934 0 1
934
0.875 0.28125 0
0 935 0 1
935
0.875 0.3125 0
0 936 0 1
936
0.875 0.34375 0
0 937 0 1
937
0.875 0.375 0
0 938 0 1
938
0.875 0.40625 0
0 939 0 1
939
0.875 0.4375 0
0 940 0 1
940
0.875 0.46875 0
0 941 0 1
941
0.875 0.5 0
0 942 0 1
942
0.875 0.53125 0
0 943 0 1
943
0.875 0.5625 0
0 944 0 1
944
0.875 0.59375 0
0 945 0 1
945
0.875 0.625 0
0 946 0 1
946
0.875 0.65625 0
0 947 0 1
947
0.875 0.6875 0
0 948 0 1
948
0.875 0.71875 0
0 949 0 1
949
0.875 0.75 0
0 950 0 1
950
0.875 0.78125 0
0 951 0 1
951
0.875 0.8125 0
0 952 0 1
952
0.875 0.84375 0
0 953 0 1
953
0.875 0.875 0
0 954 0 1
954
0.875 0.90625 0
0 955 0 1
955
0.875 0.9375 0
0 956 0 1
956
0.875 0.96875 0
0 957 0 1
957
0.875 1 0
0 958 0 1
958
0.90625 0 0
0 959 0 1
959
0.90625 0.03125 0
0 960 0 1
960
0.90625 0.0625 0
0 961 0 1
961
0.90625 0.09375 0
0 962 0 1
962
0.90625 0.125 0
0 963 0 1
963
0.90625 0.15625 0
0 964 0 1
964
0.90625 0.1875 0
0 965 0 1
965
0.90625 0.21875 0
0 966 0 1
966
0.90625 0.25 0
0 967 0 1
967
0.90625 0.28125 0
0 968 0 1
968
0.90625 0.3125 0
0 969 0 1
969
0.90625 0.34375 0
0 970 0 1
970
0.90625 0.375 0
0 971 0 1
971
0.90625 0.40625 0
0 972 0 1
972
0.90625 0.4375 0
0 973 0 1
973
0.90625 0.46875 0
0 974 0 1
974
0.90625 0.5 0
0 975 0 1
975
0.90625 0.53125 0
0 976 0 1
976
0.90625 0.5625 0
0 977 0 1
977
0.90625 0.59375 0
0 978 0 1
978
0.90625 0.625 0
0 979 0 1
979
0.90625 0.65625 0
0 980 0 1
980
0.90625 0.6875 0
0 981 0 1
981
0.90625 0.71875 0
0 982 0 1
982
0.90625 0.75 0
0 983 0 1
983
0.90625 0.78125 0
0 984 0 1
984
0.90625 0.8125 0
0 985 0 1
985
0.90625 0.84375 0
0 986 0 1
986
0.90625 0.875 0
0 987 0 1
987
0.90625 0.90625 0
0 988 0 1
988
0.90625 0.9375 0
0 989 0 1
989
0.90625 0.96875 0
0 990 0 1
990
0.90625 1 0
0 991 0 1
991
0.9375 0 0
0 992 0 1
992
0.9375 0.03125 0
0 993 0 1
993
0.9375 0.0625 0
0 994 0 1
994
0.9375 0.09375 0
0 995 0 1
995
0.9375 0.125 0
0 996 0 1
996
0.9375 0.15625 0
0 997 0 1
997
0.9375 0.1875 0
0 998 0 1
998
0.9375 0.21875 0
0 999 0 1
999
0.9375 0.25 0
0 1000 0 1
1000
0.9375 0.28125 0
0 1001 0 1
1001
0.9375 0.3125 0
0 1002 0 1
1002
0.9375 0.34375 0
0 1003 0 1
1003
0.9375 0.375 0
0 1004 0 1
1004
0.9375 0.40625 0
0 1005 0 1
1005
0.9375 0.4375 0
0 1006 0 1
1006
0.9375 0.46875 0
0 1007 0 1
1007
0.9375 0.5 0
0 1008 0 1
1008
0.9375 0.53125 0
0 1009 0 1
1009
0.9375 0.5625 0
0 1010 0 1
1010
0.9375 0.59375 0
0 1011 0 1
1011
0.9375 0.625 0
0 1012 0 1
1012
0.9375 0.65625 0
0 1013 0 1
1013
0.9375 0.6875 0
0 1014 0 1
1014
0.9375 0.71875 0
0 1015 0 1
1015
0.9375 0.75 0
0 1016 0 1
1016
0.9375 0.78125 0
0 1017 0 1
1017
0.9375 0.8125 0
0 1018 0 1
1018
0.9375 0.84375 0
0 1019 0 1
1019
0.9375 0.875 0
0 1020 0 1
1020
0.9375 0.90625 0
0 1021 0 1
1021
0.9375 0.9375 0
0 1022 0 1
1022
0.9375 0.96875 0
0 1023 0 1
1023
0.9375 1 0
0 1024 0 1
1024
0.96875 0 0
0 1025 0 1
1025
0.96875 0.03125 0
0 1026 0 1
1026
0.96875 0.0625 0
0 1027 0 1
1027
0.96875 0.09375 0
0 1028 0 1
1028
0.96875 0.125 0
0 1029 0 1
1029
0.96875 0.15625 0
0 1030 0 1
1030
0.96875 0.1875 0
0 1031 0 1
1031
0.96875 0.21875 0
0 1032 0 1
1032
0.96875 0.25 0
0 1033 0 1
1033
0.96875 0.28125 0
0 1034 0 1
1034
0.96875 0.3125 0
0 1035 0 1
1035
0.96875 0.34375 0
0 1036 0 1
1036
0.96875 0.375 0
0 1037 0 1
1037
0.96875 0.40625 0
0 1038 0 1
1038
0.96875 0.4375 0
0 1039 0 1
1039
0.96875 0.46875 0
0 1040 0 1
1040
0.96875 0.5 0
0 1041 0 1
1041
0.96875 0.53125 0
0 1042 0 1
1042
0.96875 0.5625 0
0 1043 0 1
1043
0.96875 0.59375 0
0 1044 0 1
1044
0.96875 0.625 0
0 1045 0 1
1045
0.96875 0.65625 0
0 1046 0 1
1046
0.96875 0.6875 0
0 1047 0 1
1047
0.96875 0.71875 0
0 1048 0 1
1048
0.96875 0.75 0
0 1049 0 1
1049
0.96875 0.78125 0
0 1050 0 1
1050
0.96875 0.8125 0
0 1051 0 1
1051
0.96875 0.84375 0
0 1052 0 1
1052
0.96875 0.875 0
0 1053 0 1
1053
0.96875 0.90625 0
0 1054 0 1
1054
0.96875 0.9375 0
0 1055 0 1
1055
0.96875 0.96875 0
0 1056 0 1
1056
0.96875 1 0
0 1057 0 1
1057
1 0 0
0 1058 0 1
1058
1 0.03125 0
0 1059 0 1
1059
1 0.0625 0
0 1060 0 1
1060
1 0.09375 0
0 1061 0 1
1061
1 0.125 0
0 1062 0 1
1062
1 0.15625 0
0 1063 0 1
1063
1 0.1875 0
0 1064 0 1
1064
1 0.21875 0
0 1065 0 1
1065
1 0.25 0
0 1066 0 1
1066
1 0.28125 0
0 1067 0 1
1067
1 0.3125 0
0 1068 0 1
1068
1 0.34375 0
0 1069 0 1
1069
1 0.375 0
0 1070 0 1
1070
1 0.40625 0
0 1071 0 1
1071
1 0.4375 0
0 1072 0 1
1072
1 0.46875 0
0 1073 0 1
1073
1 0.5 0
0 1074 0 1
1074
1 0.53125 0
0 1075 0 1
1075
1 0.5625 0
0 1076 0 1
1076
1 0.59375 0
0 1077 0 1
1077
1 0.625 0
0 1078 0 1
1078
1 0.65625 0
0 1079 0 1
1079
1 0.6875 0
0 1080 0 1
1080
1 0.71875 0
0 1081 0 1
1081
1 0.75 0
0 1082 0 1
1082
1 0.78125 0
0 1083 0 1
1083
1 0.8125 0
0 1084 0 1
1084
1 0.84375 0
0 1085 0 1
1085
1 0.875 0
0 1086 0 1
1086
1 0.90625 0
0 1087 0 1
1087
1 0.9375 0
0 1088 0 1
1088
1 0.96875 0
0 1089 0 1
1089
1 1 0
1 1 0 1
1090
0.0156249999999592 0 0
1 2 0 1
1091
0.04687499999999999 0 0
1 3 0 1
1092
0.07812499999999999 0 0
1 4 0 1
1093
0.109375 0 0
1 5 0 1
1094
0.140625 0 0
1 6 0 1
1095
0.171875 0 0
1 7 0 1
1096
0.203125 0 0
1 8 0 1
1097
0.234375 0 0
1 9 0 1
1098
0.265625 0 0
1 10 0 1
1099
0.296875 0 0
1 11 0 1
1100
0.328125 0 0
1 12 0 1
1101
0.359375 0 0
1 13 0 1
1102
0.390625 0 0
1 14 0 1
1103
0.421875 0 0
1 15 0 1
1104
0.453125 0 0
1 16 0 1
1105
0.484375 0 0
1 17 0 1
1106
0.515625 0 0
1 18 0 1
1107
0.546875 0 0
1 19 0 1
1108
0.578125 0 0
1 20 0 1
1109
0.609375 0 0
1 21 0 1
1110
0.640625 0 0
1 22 0 1
1111
0.671875 0 0
1 23 0 1
1112
0.703125 0 0
1 24 0 1
1113
0.734375 0 0
1 25 0 1
1114
0.765625 0 0
1 26 0 1
1115
0.796875 0 0
1 27 0 1
1116
0.828125 0 0
1 28 0 1
1117
0.859375 0 0
1 29 0 1
1118
0.890625 0 0
1 30 0 1
1119
0.921875 0 0
1 31 0 1
1120
0.953125 0 0
1 32 0 1
1121
0.984375 0 0
1 33 0 1
1122
0.0156249999999592 0.03125 0
1 34 0 1
1123
0.04687499999999999 0.03125 0
1 35 0 1
1124
0.07812499999999999 0.03125 0
1 36 0 1
1125
0.109375 0.03125 0
1 37 0 1
1126
0.140625 0.03125 0
1 38 0 1
1127
0.171875 0.03125 0
1 39 0 1
1128
0.203125 0.03125 0
1 40 0 1
1129
0.234375 0.03125 0
1 41 0 1
1130
0.265625 0.03125 0
1 42 0 1
1131
0.296875 0.03125 0
1 43 0 1
1132
0.328125 0.03125 0
1 44 0 1
1133
0.359375 0.03125 0
1 45 0 1
1134
0.390625 0.03125 0
1 46 0 1
1135
0.421875 0.03125 0
1 47 0 1
1136
0.453125 0.03125 0
1 48 0 1
1137
0.484375 0.03125 0
1 49 0 1
1138
0.515625 0.03125 0
1 50 0 1
1139
0.546875 0.03125 0
1 51 0 1
1140
0.578125 0.03125 0
1 52 0 1
1141
0.609375 0.03125 0
1 53 0 1
1142
0.640625 0.03125 0
1 54 0 1
1143
0.671875 0.03125 0
1 55 0 1
1144
0.703125 0.03125 0
1 56 0 1
1145
0.734375 0.03125 0
1 57 0 1
1146
0.765625 0.03125 0
1 58 0 1
1147
0.796875 0.03125 0
1 59 0 1
1148
0.828125 0.03125 0
1 60 0 1
1149
0.859375 0.03125 0
1 61 0 1
1150
0.890625 0.03125 0
1 62 0 1
1151
0.921875 0.03125 0
1 63 0 1
1152
0.953125 0.03125 0
1 64 0 1
1153
0.984375 0.03125 0
1 65 0 1
1154
0.0156249999999592 0.0625 0
1 66 0 1
1155
0.04687499999999999 0.0625 0
1 67 0 1
1156
0.07812499999999999 0.0625 0
1 68 0 1
1157
0.109375 0.0625 0
1 69 0 1
1158
0.140625 0.0625 0
1 70 0 1
1159
0.171875 0.0625 0
1 71 0 1
1160
0.203125 0.0625 0
1 72 0 1
1161
0.234375 0.0625 0
1 73 0 1
1162
0.265625 0.0625 0
1 74 0 1
1163
0.296875 0.0625 0
1 75 0 1
1164
0.328125 0.0625 0
1 76 0 1
1165
0.359375 0.0625 0
1 77 0 1
1166
0.390625 0.0625 0
1 78 0 1
1167
0.421875 0.0625 0
1 79 0 1
1168
0.453125 0.0625 0
1 80 0 1
1169
0.484375 0.0625 0
1 81 0 1
1170
0.515625 0.0625 0
1 82 0 1
1171
0.546875 0.0625 0
1 83 0 1
1172
0.578125 0.0625 0
1 84 0 1
1173
0.609375 0.0625 0
1 85 0 1
1174
0.640625 0.0625 0
1 86 0 1
1175
0.671875 0.0625 0
1 87 0 1
1176
0.703125 0.0625 0
1 88 0 1
1177
0.734375 0.0625 0
1 89 0 1
1178
0.765625 0.0625 0
1 90 0 1
1179
0.796875 0.0625 0
1 91 0 1
1180
0.828125 0.0625 0
1 92 0 1
1181
0.859375 0.0625 0
1 93 0 1
1182
0.890625 0.0625 0
1 94 0 1
1183
0.921875 0.0625 0
1 95 0 1
1184
0.953125 0.0625 0
1 96 0 1
1185
0.984375 0.0625 0
1 97 0 1
1186
0.0156249999999592 0.09375 0
1 98 0 1
1187
0.04687499999999999 0.09375 0
1 99 0 1
1188
0.07812499999999999 0.09375 0
1 100 0 1
1189
0.109375 0.09375 0
1 101 0 1
1190
0.140625 0.09375 0
1 102 0 1
1191
0.171875 0.09375 0
1 103 0 1
1192
0.203125 0.09375 0
1 104 0 1
1193
0.234375 0.09375 0
1 105 0 1
1194
0.265625 0.09375 0
1 106 0 1
1195
0.296875 0.09375 0
1 107 0 1
1196
0.328125 0.09375 0
1 108 0 1
1197
0.359375 0.09375 0
1 109 0 1
1198
0.390625 0.09375 0
1 110 0 1
1199
0.421875 0.09375 0
1 111 0 1
1200
0.453125 0.09375 0
1 112 0 1
1201
0.484375 0.09375 0
1 113 0 1
1202
0.515625 0.09375 0
1 114 0 1
1203
0.546875 0.09375 0
1 115 0 1
1204
0.578125 0.09375 0
1 116 0 1
1205
0.609375 0.09375 0
1 117 0 1
1206
0.640625 0.09375 0
1 118 0 1
1207
0.671875 0.09375 0
1 119 0 1
1208
0.703125 0.09375 0
1 120 0 1
1209
0.734375 0.09375 0
1 121 0 1
1210
0.765625 0.09375 0
1 122 0 1
1211
0.796875 0.09375 0
1 123 0 1
1212
0.828125 0.09375 0
1 124 0 1
1213
0.859375 0.09375 0
1 125 0 1
1214
0.890625 0.09375 0
1 126 0 1
1215
0.921875 0.09375 0
1 127 0 1
1216
0.953125 0.09375 0
1 128 0 1
1217
0.984375 0.09375 0
1 129 0 1
1218
0.0156249999999592 0.125 0
1 130 0 1
1219
0.04687499999999999 0.125 0
1 131 0 1
1220
0.07812499999999999 0.125 0
1 132 0 1
1221
0.109375 0.125 0
1 133 0 1
1222
0.140625 0.125 0
1 134 0 1
1223
0.171875 0.125 0
1 135 0 1
1224
0.203125 0.125 0
1 136 0 1
1225
0.234375 0.125 0
1 137 0 1
1226
0.265625 0.125 0
1 138 0 1
1227
0.296875 0.125 0
1 139 0 1
1228
0.328125 0.125 0
1 140 0 1
1229
0.359375 0.125 0
1 141 0 1
1230
0.390625 0.125 0
1 142 0 1
1231
0.421875 0.125 0
1 143 0 1
1232
0.453125 0.125 0
1 144 0 1
1233
0.484375 0.125 0
1 145 0 1
1234
0.515625 0.125 0
1 146 0 1
1235
0.546875 0.125 0
1 147 0 1
1236
0.578125 0.125 0
1 148 0 1
1237
0.609375 0.125 0
1 149 0 1
1238
0.640625 0.125 0
1 150 0 1
1239
0.671875 0.125 0
1 151 0 1
1240
0.703125 0.125 0
1 152 0 1
1241
0.734375 0.125 0
1 153 0 1
1242
0.765625 0.125 0
1 154 0 1
1243
0.796875 0.125 0
1 155 0 1
1244
0.828125 0.125 0
1 156 0 1
1245
0.859375 0.125 0
1 157 0 1
1246
0.890625 0.125 0
1 158 0 1
1247
0.921875 0.125 0
1 159 0 1
1248
0.953125 0.125 0
1 160 0 1
1249
0.984375 0.125 0
1 161 0 1
1250
0.0156249999999592 0.15625 0
1 162 0 1
1251
0.04687499999999999 0.15625 0
1 163 0 1
1252
0.07812499999999999 0.15625 0
1 164 0 1
1253
0.109375 0.15625 0
1 165 0 1
1254
0.140625 0.15625 0
1 166 0 1
1255
0.171875 0.15625 0
1 167 0 1
1256
0.203125 0.15625 0
1 168 0 1
1257
0.234375 0.15625 0
1 169 0 1
1258
0.265625 0.15625 0
1 170 0 1
1259
0.296875 0.15625 0
1 171 0 1
1260
0.328125 0.15625 0
1 172 0 1
1261
0.359375 0.15625 0
1 173 0 1
1262
0.390625 0.15625 0
1 174 0 1
1263
0.421875 0.15625 0
1 175 0 1
1264
0.453125 0.15625 0
1 176 0 1
1265
0.484375 0.15625 0
1 177 0 1
1266
0.515625 0.15625 0
1 178 0 1
1267
0.546875 0.15625 0
1 179 0 1
1268
0.578125 0.15625 0
1 180 0 1
1269
0.609375 0.15625 0
1 181 0 1
1270
0.640625 0.15625 0
1 182 0 1
1271
0.671875 0.15625 0
1 183 0 1
1272
0.703125 0.15625 0
1 184 0 1
1273
0.734375 0.15625 0
1 185 0 1
1274
0.765625 0.15625 0
1 186 0 1
1275
0.796875 0.15625 0
1 187 0 1
1276
0.828125 0.15625 0
1 188 0 1
1277
0.859375 0.15625 0
1 189 0 1
1278
0.890625 0.15625 0
1 190 0 1
1279
0.921875 0.15625 0
1 191 0 1
1280
0.953125 0.15625 0
1 192 0 1
1281
0.984375 0.15625 0
1 193 0 1
1282
0.0156249999999592 0.1875 0
1 194 0 1
1283
0.04687499999999999 0.1875 0
1 195 0 1
1284
0.07812499999999999 0.1875 0
1 196 0 1
1285
0.109375 0.1875 0
1 197 0 1
1286
0.140625 0.1875 0
1 198 0 1
1287
0.171875 0.1875 0
1 199 0 1
1288
0.203125 0.1875 0
1 200 0 1
1289
0.234375 0.1875 0
1 201 0 1
1290
0.265625 0.1875 0
1 202 0 1
1291
0.296875 0.1875 0
1 203 0 1
1292
0.328125 0.1875 0
1 204 0 1
1293
0.359375 0.1875 0
1 205 0 1
1294
0.390625 0.1875 0
1 206 0 1
1295
0.421875 0.1875 0
1 207 0 1
1296
0.453125 0.1875 0
1 208 0 1
1297
0.484375 0.1875 0
1 209 0 1
1298
0.515625 0.1875 0
1 210 0 1
1299
0.546875 0.1875 0
1 211 0 1
1300
0.578125 0.1875 0
1 212 0 1
1301
0.609375 0.1875 0
1 213 0 1
1302
0.640625 0.1875 0
1 214 0 1
1303
0.671875 0.1875 0
1 215 0 1
1304
0.703125 0.1875 0
1 216 0 1
1305
0.734375 0.1875 0
1 217 0 1
1306
0.765625 0.1875 0
1 218 0 1
1307
0.796875 0.1875 0
1 219 0 1
1308
0.828125 0.1875 0
1 220 0 1
1309
0.859375 0.1875 0
1 221 0 1
1310
0.890625 0.1875 0
1 222 0 1
1311
0.921875 0.1875 0
1 223 0 1
1312
0.953125 0.1875 0
1 224 0 1
1313
0.984375 0.1875 0
1 225 0 1
1314
0.0156249999999592 0.21875 0
1 226 0 1
1315
0.04687499999999999 0.21875 0
1 227 0 1
1316
0.07812499999999999 0.21875 0
1 228 0 1
1317
0.109375 0.21875 0
1 229 0 1
1318
0.140625 0.21875 0
1 230 0 1
1319
0.171875 0.21875 0
1 231 0 1
1320
0.203125 0.21875 0
1 232 0 1
1321
0.234375 0.21875 0
1 233 0 1
1322
0.265625 0.21875 0
1 234 0 1
1323
0.296875 0.21875 0
1 235 0 1
1324
0.328125 0.21875 0
1 236 0 1
1325
0.359375 0.21875 0
1 237 0 1
1326
0.390625 0.21875 0
1 238 0 1
1327
0.421875 0.21875 0
1 239 0 1
1328
0.453125 0.21875 0
1 240 0 1
1329
0.484375 0.21875 0
1 241 0 1
1330
0.515625 0.21875 0
1 242 0 1
1331
0.546875 0.21875 0
1 243 0 1
1332
0.578125 0.21875 0
1 244 0 1
1333
0.609375 0.21875 0
1 245 0 1
1334
0.640625 0.21875 0
1 246 0 1
1335
0.671875 0.21875 0
1 247 0 1
1336
0.703125 0.21875 0
1 248 0 1
1337
0.734375 0.21875 0
1 249 0 1
1338
0.765625 0.21875 0
1 250 0 1
1339
0.796875 0.21875 0
1 251 0 1
1340
0.828125 0.21875 0
1 252 0 1
1341
0.859375 0.21875 0
1 253 0 1
1342
0.890625 0.21875 0
1 254 0 1
1343
0.921875 0.21875 0
1 255 0 1
1344
0.953125 0.21875 0
1 256 0 1
1345
0.984375 0.21875 0
1 257 0 1
1346
0.0156249999999592 0.25 0
1 258 0 1
1347
0.04687499999999999 0.25 0
1 259 0 1
1348
0.07812499999999999 0.25 0
1 260 0 1
1349
0.109375 0.25 0
1 261 0 1
1350
0.140625 0.25 0
1 262 0 1
1351
0.171875 0.25 0
1 263 0 1
1352
0.203125 0.25 0
1 264 0 1
1353
0.234375 0.25 0
1 265 0 1
1354
0.265625 0.25 0
1 266 0 1
1355
0.296875 0.25 0
1 267 0 1
1356
0.328125 0.25 0
1 268 0 1
1357
0.359375 0.25 0
1 269 0 1
1358
0.390625 0.25 0
1 270 0 1
1359
0.421875 0.25 0
1 271 0 1
1360
0.453125 0.25 0
1 272 0 1
1361
0.484375 0.25 0
1 273 0 1
1362
0.515625 0.25 0
1 274 0 1
1363
0.546875 0.25 0
1 275 0 1
1364
0.578125 0.25 0
1 276 0 1
1365
0.609375 0.25 0
1 277 0 1
1366
0.640625 0.25 0
1 278 0 1
1367
0.671875 0.25 0
1 279 0 1
1368
0.703125 0.25 0
1 280 0 1
1369
0.734375 0.25 0
1 281 0 1
1370
0.765625 0.25 0
1 282 0 1
1371
0.796875 0.25 0
1 283 0 1
1372
0.828125 0.25 0
1 284 0 1
1373
0.859375 0.25 0
1 285 0 1
1374
0.890625 0.25 0
1 286 0 1
1375
0.921875 0.25 0
1 287 0 1
1376
0.953125 0.25 0
1 288 0 1
1377
0.984375 0.25 0
1 289 0 1
1378
0.0156249999999592 0.28125 0
1 290 0 1
1379
0.04687499999999999 0.28125 0
1 291 0 1
1380
0.07812499999999999 0.28125 0
1 292 0 1
1381
0.109375 0.28125 0
1 293 0 1
1382
0.140625 0.28125 0
1 294 0 1
1383
0.171875 0.28125 0
1 295 0 1
1384
0.203125 0.28125 0
1 296 0 1
1385
0.234375 0.28125 0
1 297 0 1
1386
0.265625 0.28125 0
1 298 0 1
1387
0.296875 0.28125 0
1 299 0 1
1388
0.328125 0.28125 0
1 300 0 1
1389
0.359375 0.28125 0
1 301 0 1
1390
0.390625 0.28125 0
1 302 0 1
1391
0.421875 0.28125 0
1 303 0 1
1392
0.453125 0.28125 0
1 304 0 1
1393
0.484375 0.28125 0
1 305 0 1
1394
0.515625 0.28125 0
1 306 0 1
1395
0.546875 0.28125 0
1 307 0 1
1396
0.578125 0.28125 0
1 308 0 1
1397
0.609375 0.28125 0
1 309 0 1
1398
0.640625 0.28125 0
1 310 0 1
1399
0.671875 0.28125 0
1 311 0 1
1400
0.703125 0.28125 0
1 312 0 1
1401
0.734375 0.28125 0
1 313 0 1
1402
0.765625 0.28125 0
1 314 0 1
1403
0.796875 0.28125 0
1 315 0 1
1404
0.828125 0.28125 0
1 316 0 1
1405
0.859375 0.28125 0
1 317 0 1
1406
0.890625 0.28125 0
1 318 0 1
1407
0.921875 0.28125 0
1 319 0 1
1408
0.953125 0.28125 0
1 320 0 1
1409
0.984375 0.28125 0
1 321 0 1
1410
0.0156249999999592 0.3125 0
1 322 0 1
1411
0.04687499999999999 0.3125 0
1 323 0 1
1412
0.07812499999999999 0.3125 0
1 324 0 1
1413
0.109375 0.3125 0
1 325 0 1
1414
0.140625 0.3125 0
1 326 0 1
1415
0.171875 0.3125 0
1 327 0 1
1416
0.203125 0.3125 0
1 328 0 1
1417
0.234375 0.3125 0
1 329 0 1
1418
0.265625 0.3125 0
1 330 0 1
1419
0.296875 0.3125 0
1 331 0 1
1420
0.328125 0.3125 0
1 332 0 1
1421
0.359375 0.3125 0
1 333 0 1
1422
0.390625 0.3125 0
1 334 0 1
1423
0.421875 0.3125 0
1 335 0 1
1424
0.453125 0.3125 0
1 336 0 1
1425
0.484375 0.3125 0
1 337 0 1
1426
0.515625 0.3125 0
1 338 0 1
1427
0.546875 0.3125 0
1 339 0 1
1428
0.578125 0.3125 0
1 340 0 1
1429
0.609375 0.3125 0
1 341 0 1
1430
0.640625 0.3125 0
1 342 0 1
1431
0.671875 0.3125 0
1 343 0 1
1432
0.703125 0.3125 0
1 344 0 1
1433
0.734375 0.3125 0
1 345 0 1
1434
0.765625 0.3125 0
1 346 0 1
1435
0.796875 0.3125 0
1 347 0 1
1436
0.828125 0.3125 0
1 348 0 1
1437
0.859375 0.3125 0
1 349 0 1
1438
0.890625 0.3125 0
1 350 0 1
1439
0.921875 0.3125 0
1 351 0 1
1440
0.953125 0.3125 0
1 352 0 1
1441
0.984375 0.3125 0
1 353 0 1
1442
0.0156249999999592 0.34375 0
1 354 0 1
1443
0.04687499999999999 0.34375 0
1 355 0 1
1444
0.07812499999999999 0.34375 0
1 356 0 1
1445
0.109375 0.34375 0
1 357 0 1
1446
0.140625 0.34375 0
1 358 0 1
1447
0.171875 0.34375 0
1 359 0 1
1448
0.203125 0.34375 0
1 360 0 1
1449
0.234375 0.34375 0
1 361 0 1
1450
0.265625 0.34375 0
1 362 0 1
1451
0.296875 0.34375 0
1 363 0 1
1452
0.328125 0.34375 0
1 364 0 1
1453
0.359375 0.34375 0
1 365 0 1
1454
0.390625 0.34375 0
1 366 0 1
1455
0.421875 0.34375 0
1 367 0 1
1456
0.453125 0.34375 0
1 368 0 1
1457
0.484375 0.34375 0
1 369 0 1
1458
0.515625 0.34375 0
1 370 0 1
1459
0.546875 0.34375 0
1 371 0 1
1460
0.578125 0.34375 0
1 372 0 1
1461
0.609375 0.34375 0
1 373 0 1
1462
0.640625 0.34375 0
1 374 0 1
1463
0.671875 0.34375 0
1 375 0 1
1464
0.703125 0.34375 0
1 376 0 1
1465
0.734375 0.34375 0
1 377 0 1
1466
0.765625 0.34375 0
1 378 0 1
1467
0.796875 0.34375 0
1 379 0 1
1468
0.828125 0.34375 0
1 380 0 1
1469
0.859375 0.34375 0
1 381 0 1
1470
0.890625 0.34375 0
1 382 0 1
1471
0.921875 0.34375 0
1 383 0 1
1472
0.953125 0.34375 0
1 384 0 1
1473
0.984375 0.34375 0
1 385 0 1
1474
0.0156249999999592 0.375 0
1 386 0 1
1475
0.04687499999999999 0.375 0
1 387 0 1
1476
0.07812499999999999 0.375 0
1 388 0 1
1477
0.109375 0.375 0
1 389 0 1
1478
0.140625 0.375 0
1 390 0 1
1479
0.171875 0.375 0
1 391 0 1
1480
0.203125 0.375 0
1 392 0 1
1481
0.234375 0.375 0
1 393 0 1
1482
0.265625 0.375 0
1 394 0 1
1483
0.296875 0.375 0
1 395 0 1
1484
0.328125 0.375 0
1 396 0 1
1485
0.359375 0.375 0
1 397 0 1
1486
0.390625 0.375 0
1 398 0 1
1487
0.421875 0.375 0
1 399 0 1
1488
0.453125 0.375 0
1 400 0 1
1489
0.484375 0.375 0
1 401 0 1
1490
0.515625 0.375 0
1 402 0 1
1491
0.546875 0.375 0
1 403 0 1
1492
0.578125 0.375 0
1 404 0 1
1493
0.609375 0.375 0
1 405 0 1
1494
0.640625 0.375 0
1 406 0 1
1495
0.671875 0.375 0
1 407 0 1
1496
0.703125 0.375 0
1 408 0 1
1497
0.734375 0.375 0
1 409 0 1
1498
0.765625 0.375 0
1 410 0 1
1499
0.796875 0.375 0
1 411 0 1
1500
0.828125 0.375 0
1 412 0 1
1501
0.859375 0.375 0
1 413 0 1
1502
0.890625 0.375 0
1 414 0 1
1503
0.921875 0.375 0
1 415 0 1
1504
0.953125 0.375 0
1 416 0 1
1505
0.984375 0.375 0
1 417 0 1
1506
0.0156249999999592 0.40625 0
1 418 0 1
1507
0.04687499999999999 0.40625 0
1 419 0 1
1508
0.07812499999999999 0.40625 0
1 420 0 1
1509
0.109375 0.40625 0
1 421 0 1
1510
0.140625 0.40625 0
1 422 0 1
1511
0.171875 0.40625 0
1 423 0 1
1512
0.203125 0.40625 0
1 424 0 1
1513
0.234375 0.40625 0
1 425 0 1
1514
0.265625 0.40625 0
1 426 0 1
1515
0.296875 0.40625 0
1 427 0 1
1516
0.328125 0.40625 0
1 428 0 1
1517
0.359375 0.40625 0
1 429 0 1
1518
0.390625 0.40625 0
1 430 0 1
1519
0.421875 0.40625 0
1 431 0 1
1520
0.453125 0.40625 0
1 432 0 1
1521
0.484375 0.40625 0
1 433 0 1
1522
0.515625 0.40625 0
1 434 0 1
1523
0.546875 0.40625 0
1 435 0 1
1524
0.578125 0.40625 0
1 436 0 1
1525
0.609375 0.40625 0
1 437 0 1
1526
0.640625 0.40625 0
1 438 0 1
1527
0.671875 0.40625 0
1 439 0 1
1528
0.703125 0.40625 0
1 440 0 1
1529
0.734375 0.40625 0
1 441 0 1
1530
0.765625 0.40625 0
1 442 0 1
1531
0.796875 0.40625 0
1 443 0 1
1532
0.828125 0.40625 0
1 444 0 1
1533
0.859375 0.40625 0
1 445 0 1
1534
0.890625 0.40625 0
1 446 0 1
1535
0.921875 0.40625 0
1 447 0 1
1536
0.953125 0.40625 0
1 448 0 1
1537
0.984375 0.40625 0
1 449 0 1
1538
0.0156249999999592 0.4375 0
1 450 0 1
1539
0.04687499999999999 0.4375 0
1 451 0 1
1540
0.07812499999999999 0.4375 0
1 452 0 1
1541
0.109375 0.4375 0
1 453 0 1
1542
0.140625 0.4375 0
1 454 0 1
1543
0.171875 0.4375 0
1 455 0 1
1544
0.203125 0.4375 0
1 456 0 1
1545
0.234375 0.4375 0
1 457 0 1
1546
0.265625 0.4375 0
1 458 0 1
1547
0.296875 0.4375 0
1 459 0 1
1548
0.328125 0.4375 0
1 460 0 1
1549
0.359375 0.4375 0
1 461 0 1
1550
0.390625 0.4375 0
1 462 0 1
1551
0.421875 0.4375 0
1 463 0 1
1552
0.453125 0.4375 0
1 464 0 1
1553
0.484375 0.4375 0
1 465 0 1
1554
0.515625 0.4375 0
1 466 0 1
1555
0.546875 0.4375 0
1 467 0 1
1556
0.578125 0.4375 0
1 468 0 1
1557
0.609375 0.4375 0
1 469 0 1
1558
0.640625 0.4375 0
1 470 0 1
1559
0.671875 0.4375 0
1 471 0 1
1560
0.703125 0.4375 0
1 472 0 1
1561
0.734375 0.4375 0
1 473 0 1
1562
0.765625 0.4375 0
1 474 0 1
1563
0.796875 0.4375 0
1 475 0 1
1564
0.828125 0.4375 0
1 476 0 1
1565
0.859375 0.4375 0
1 477 0 1
1566
0.890625 0.4375 0
1 478 0 1
1567
0.921875 0.4375 0
1 479 0 1
1568
0.953125 0.4375 0
1 480 0 1
1569
0.984375 0.4375 0
1 481 0 1
1570
0.0156249999999592 0.46875 0
1 482 0 1
1571
0.04687499999999999 0.46875 0
1 483 0 1
1572
0.07812499999999999 0.46875 0
1 484 0 1
1573
0.109375 0.46875 0
1 485 0 1
1574
0.140625 0.46875 0
1 486 0 1
1575
0.171875 0.46875 0
1 487 0 1
1576
0.203125 0.46875 0
1 488 0 1
1577
0.234375 0.46875 0
1 489 0 1
1578
0.265625 0.46875 0
1 490 0 1
1579
0.296875 0.46875 0
1 491 0 1
1580
0.328125 0.46875 0
1 492 0 1
1581
0.359375 0.46875 0
1 493 0 1
1582
0.390625 0.46875 0
1 494 0 1
1583
0.421875 0.46875 0
1 495 0 1
1584
0.453125 0.46875 0
1 496 0 1
1585
0.484375 0.46875 0
1 497 0 1
1586
0.515625 0.46875 0
1 498 0 1
1587
0.546875 0.46875 0
1 499 0 1
1588
0.578125 0.46875 0
1 500 0 1
1589
0.609375 0.46875 0
1 501 0 1
1590
0.640625 0.46875 0
1 502 0 1
1591
0.671875 0.46875 0
1 503 0 1
1592
0.703125 0.46875 0
1 504 0 1
1593
0.734375 0.46875 0
1 505 0 1
1594
0.765625 0.46875 0
1 506 0 1
1595
0.796875 0.46875 0
1 507 0 1
1596
0.828125 0.46875 0
1 508 0 1
1597
0.859375 0.46875 0
1 509 0 1
1598
0.890625 0.46875 0
1 510 0 1
1599
0.921875 0.46875 0
1 511 0 1
1600
0.953125 0.46875 0
1 512 0 1
1601
0.984375 0.46875 0
1 513 0 1
1602
0.0156249999999592 0.5 0
1 514 0 1
1603
0.04687499999999999 0.5 0
1 515 0 1
1604
0.07812499999999999 0.5 0
1 516 0 1
1605
0.109375 0.5 0
1 517 0 1
1606
0.140625 0.5 0
1 518 0 1
1607
0.171875 0.5 0
1 519 0 1
1608
0.203125 0.5 0
1 520 0 1
1609
0.234375 0.5 0
1 521 0 1
1610
0.265625 0.5 0
1 522 0 1
1611
0.296875 0.5 0
1 523 0 1
1612
0.328125 0.5 0
1 524 0 1
1613
0.359375 0.5 0
1 525 0 1
1614
0.390625 0.5 0
1 526 0 1
1615
0.421875 0.5 0
1 527 0 1
1616
0.453125 0.5 0
1 528 0 1
1617
0.484375 0.5 0
1 529 0 1
1618
0.515625 0.5 0
1 530 0 1
1619
0.546875 0.5 0
1 531 0 1
1620
0.578125 0.5 0
1 532 0 1
1621
0.609375 0.5 0
1 533 0 1
1622
0.640625 0.5 0
1 534 0 1
1623
0.671875 0.5 0
1 535 0 1
1624
0.703125 0.5 0
1 536 0 1
1625
0.734375 0.5 0
1 537 0 1
1626
0.765625 0.5 0
1 538 0 1
1627
0.796875 0.5 0
1 539 0 1
1628
0.828125 0.5 0
1 540 0 1
1629
0.859375 0.5 0
1 541 0 1
1630
0.890625 0.5 0
1 542 0 1
1631
0.921875 0.5 0
1 543 0 1
1632
0.953125 0.5 0
1 544 0 1
1633
0.984375 0.5 0
1 545 0 1
1634
0.0156249999999592 0.53125 0
1 546 0 1
1635
0.04687499999999999 0.53125 0
1 547 0 1
1636
0.07812499999999999 0.53125 0
1 548 0 1
1637
0.109375 0.53125 0
1 549 0 1
1638
0.140625 0.53125 0
1 550 0 1
1639
0.171875 0.53125 0
1 551 0 1
1640
0.203125 0.53125 0
1 552 0 1
1641
0.234375 0.53125 0
1 553 0 1
1642
0.265625 0.53125 0
1 554 0 1
1643
0.296875 0.53125 0
1 555 0 1
1644
0.328125 0.53125 0
1 556 0 1
1645
0.359375 0.53125 0
1 557 0 1
1646
0.390625 0.53125 0
1 558 0 1
1647
0.421875 0.53125 0
1 559 0 1
1648
0.453125 0.53125 0
1 560 0 1
1649
0.484375 0.53125 0
1 561 0 1
1650
0.515625 0.53125 0
1 562 0 1
1651
0.546875 0.53125 0
1 563 0 1
1652
0.578125 0.53125 0
1 564 0 1
1653
0.609375 0.53125 0
1 565 0 1
1654
0.640625 0.53125 0
1 566 0 1
1655
0.671875 0.53125 0
1 567 0 1
1656
0.703125 0.53125 0
1 568 0 1
1657
0.734375 0.53125 0
1 569 0 1
1658
0.765625 0.53125 0
1 570 0 1
1659
0.796875 0.53125 0
1 571 0 1
1660
0.828125 0.53125 0
1 572 0 1
1661
0.859375 0.53125 0
1 573 0 1
1662
0.890625 0.53125 0
1 574 0 1
1663
0.921875 0.53125 0
1 575 0 1
1664
0.953125 0.53125 0
1 576 0 1
1665
0.984375 0.53125 0
1 577 0 1
1666
0.0156249999999592 0.5625 0
1 578 0 1
1667
0.04687499999999999 0.5625 0
1 579 0 1
1668
0.07812499999999999 0.5625 0
1 580 0 1
1669
0.109375 0.5625 0
1 581 0 1
1670
0.140625 0.5625 0
1 582 0 1
1671
0.171875 0.5625 0
1 583 0 1
1672
0.203125 0.5625 0
1 584 0 1
1673
0.234375 0.5625 0
1 585 0 1
1674
0.265625 0.5625 0
1 586 0 1
1675
0.296875 0.5625 0
1 587 0 1
1676
0.328125 0.5625 0
1 588 0 1
1677
0.359375 0.5625 0
1 589 0 1
1678
0.390625 0.5625 0
1 590 0 1
1679
0.421875 0.5625 0
1 591 0 1
1680
0.453125 0.5625 0
1 592 0 1
1681
0.484375 0.5625 0
1 593 0 1
1682
0.515625 0.5625 0
1 594 0 1
1683
0.546875 0.5625 0
1 595 0 1
1684
0.578125 0.5625 0
1 596 0 1
1685
0.609375 0.5625 0
1 597 0 1
1686
0.640625 0.5625 0
1 598 0 1
1687
0.671875 0.5625 0
1 599 0 1
1688
0.703125 0.5625 0
1 600 0 1
1689
0.734375 0.5625 0
1 601 0 1
1690
0.765625 0.5625 0
1 602 0 1
1691
0.796875 0.5625 0
1 603 0 1
1692
0.828125 0.5625 0
1 604 0 1
1693
0.859375 0.5625 0
1 605 0 1
1694
0.890625 0.5625 0
1 606 0 1
1695
0.921875 0.5625 0
1 607 0 1
1696
0.953125 0.5625 0
1 608 0 1
1697
0.984375 0.5625 0
1 609 0 1
1698
0.0156249999999592 0.59375 0
1 610 0 1
1699
0.04687499999999999 0.59375 0
1 611 0 1
1700
0.07812499999999999 0.59375 0
1 612 0 1
1701
0.109375 0.59375 0
1 613 0 1
1702
0.140625 0.59375 0
1 614 0 1
1703
0.171875 0.59375 0
1 615 0 1
1704
0.203125 0.59375 0
1 616 0 1
1705
0.234375 0.59375 0
1 617 0 1
1706
0.265625 0.59375 0
1 618 0 1
1707
0.296875 0.59375 0
1 619 0 1
1708
0.328125 0.59375 0
1 620 0 1
1709
0.359375 0.59375 0
1 621 0 1
1710
0.390625 0.59375 0
1 622 0 1
1711
0.421875 0.59375 0
1 623 0 1
1712
0.453125 0.59375 0
1 624 0 1
1713
0.484375 0.59375 0
1 625 0 1
1714
0.515625 0.59375 0
1 626 0 1
1715
0.546875 0.59375 0
1 627 0 1
1716
0.578125 0.59375 0
1 628 0 1
1717
0.609375 0.59375 0
1 629 0 1
1718
0.640625 0.59375 0
1 630 0 1
1719
0.671875 0.59375 0
1 631 0 1
1720
0.703125 0.59375 0
1 632 0 1
1721
0.734375 0.59375 0
1 633 0 1
1722
0.765625 0.59375 0
1 634 0 1
1723
0.796875 0.59375 0
1 635 0 1
1724
0.828125 0.59375 0
1 636 0 1
1725
0.859375 0.59375 0
1 637 0 1
1726
0.890625 0.59375 0
1 638 0 1
1727
0.921875 0.59375 0
1 639 0 1
1728
0.953125 0.59375 0
1 640 0 1
1729
0.984375 0.59375 0
1 641 0 1
1730
0.0156249999999592 0.625 0
1 642 0 1
1731
0.04687499999999999 0.625 0
1 643 0 1
1732
0.07812499999999999 0.625 0
1 644 0 1
1733
0.109375 0.625 0
1 645 0 1
1734
0.140625 0.625 0
1 646 0 1
1735
0.171875 0.625 0
1 647 0 1
1736
0.203125 0.625 0
1 648 0 1
1737
0.234375 0.625 0
1 649 0 1
1738
0.265625 0.625 0
1 650 0 1
1739
0.296875 0.625 0
1 651 0 1
1740
0.328125 0.625 0
1 652 0 1
1741
0.359375 0.625 0
1 653 0 1
1742
0.390625 0.625 0
1 654 0 1
1743
0.421875 0.625 0
1 655 0 1
1744
0.453125 0.625 0
1 656 0 1
1745
0.484375 0.625 0
1 657 0 1
1746
0.515625 0.625 0
1 658 0 1
1747
0.546875 0.625 0
1 659 0 1
1748
0.578125 0.625 0
1 660 0 1
1749
0.609375 0.625 0
1 661 0 1
1750
0.640625 0.625 0
1 662 0 1
1751
0.671875 0.625 0
1 663 0 1
1752
0.703125 0.625 0
1 664 0 1
1753
0.734375 0.625 0
1 665 0 1
1754
0.765625 0.625 0
1 666 0 1
1755
0.796875 0.625 0
1 667 0 1
1756
0.828125 0.625 0
1 668 0 1
1757
0.859375 0.625 0
1 669 0 1
1758
0.890625 0.625 0
1 670 0 1
1759
0.921875 0.625 0
1 671 0 1
1760
0.953125 0.625 0
1 672 0 1
1761
0.984375 0.625 0
1 673 0 1
1762
0.0156249999999592 0.65625 0
1 674 0 1
1763
0.04687499999999999 0.65625 0
1 675 0 1
1764
0.07812499999999999 0.65625 0
1 676 0 1
1765
0.109375 0.65625 0
1 677 0 1
1766
0.140625 0.65625 0
1 678 0 1
1767
0.171875 0.65625 0
1 679 0 1
1768
0.203125 0.65625 0
1 680 0 1
1769
0.234375 0.65625 0
1 681 0 1
1770
0.265625 0.65625 0
1 682 0 1
1771
0.296875 0.65625 0
1 683 0 1
1772
0.328125 0.65625 0
1 684 0 1
1773
0.359375 0.65625 0
1 685 0 1
1774
0.390625 0.65625 0
1 686 0 1
1775
0.421875 0.65625 0
1 687 0 1
1776
0.453125 0.65625 0
1 688 0 1
1777
0.484375 0.65625 0
1 689 0 1
1778
0.515625 0.65625 0
1 690 0 1
1779
0.546875 0.65625 0
1 691 0 1
1780
0.578125 0.65625 0
1 692 0 1
1781
0.609375 0.65625 0
1 693 0 1
1782
0.640625 0.65625 0
1 694 0 1
1783
0.671875 0.65625 0
1 695 0 1
1784
0.703125 0.65625 0
1 696 0 1
1785
0.734375 0.65625 0
1 697 0 1
1786
0.765625 0.65625 0
1 698 0 1
1787
0.796875 0.65625 0
1 699 0 1
1788
0.828125 0.65625 0
1 700 0 1
1789
0.859375 0.65625 0
1 701 0 1
1790
0.890625 0.65625 0
1 702 0 1
1791
0.921875 0.65625 0
1 703 0 1
1792
0.953125 0.65625 0
1 704 0 1
1793
0.984375 0.65625 0
1 705 0 1
1794
0.0156249999999592 0.6875 0
1 706 0 1
1795
0.04687499999999999 0.6875 0
1 707 0 1
1796
0.07812499999999999 0.6875 0
1 708 0 1
1797
0.109375 0.6875 0
1 709 0 1
1798
0.140625 0.6875 0
1 710 0 1
1799
0.171875 0.6875 0
1 711 0 1
1800
0.203125 0.6875 0
1 712 0 1
1801
0.234375 0.6875 0
1 713 0 1
1802
0.265625 0.6875 0
1 714 0 1
1803
0.296875 0.6875 0
1 715 0 1
1804
0.328125 0.6875 0
1 716 0 1
1805
0.359375 0.6875 0
1 717 0 1
1806
0.390625 0.6875 0
1 718 0 1
1807
0.421875 0.6875 0
1 719 0 1
1808
0.453125 0.6875 0
1 720 0 1
1809
0.484375 0.6875 0
1 721 0 1
1810
0.515625 0.6875 0
1 722 0 1
1811
0.546875 0.6875 0
1 723 0 1
1812
0.578125 0.6875 0
1 724 0 1
1813
0.609375 0.6875 0
1 725 0 1
1814
0.640625 0.6875 0
1 726 0 1
1815
0.671875 0.6875 0
1 727 0 1
1816
0.703125 0.6875 0
1 728 0 1
1817
0.734375 0.6875 0
1 729 0 1
1818
0.765625 0.6875 0
1 730 0 1
1819
0.796875 0.6875 0
1 731 0 1
1820
0.828125 0.6875 0
1 732 0 1
1821
0.859375 0.6875 0
1 733 0 1
1822
0.890625 0.6875 0
1 734 0 1
1823
0.921875 0.6875 0
1 735 0 1
1824
0.953125 0.6875 0
1 736 0 1
1825
0.984375 0.6875 0
1 737 0 1
1826
0.0156249999999592 0.71875 0
1 738 0 1
1827
0.04687499999999999 0.71875 0
1 739 0 1
1828
0.07812499999999999 0.71875 0
1 740 0 1
1829
0.109375 0.71875 0
1 741 0 1
1830
0.140625 0.71875 0
1 742 0 1
1831
0.171875 0.71875 0
1 743 0 1
1832
0.203125 0.71875 0
1 744 0 1
1833
0.234375 0.71875 0
1 745 0 1
1834
0.265625 0.71875 0
1 746 0 1
1835
0.296875 0.71875 0
1 747 0 1
1836
0.328125 0.71875 0
1 748 0 1
1837
0.359375 0.71875 0
1 749 0 1
1838
0.390625 0.71875 0
1 750 0 1
1839
0.421875 0.71875 0
1 751 0 1
1840
0.453125 0.71875 0
1 752 0 1
1841
0.484375 0.71875 0
1 753 0 1
1842
0.515625 0.71875 0
1 754 0 1
1843
0.546875 0.71875 0
1 755 0 1
1844
0.578125 0.71875 0
1 756 0 1
1845
0.609375 0.71875 0
1 757 0 1
1846
0.640625 0.71875 0
1 758 0 1
1847
0.671875 0.71875 0
1 759 0 1
1848
0.703125 0.71875 0
1 760 0 1
1849
0.734375 0.71875 0
1 761 0 1
1850
0.765625 0.71875 0
1 762 0 1
1851
0.796875 0.71875 0
1 763 0 1
1852
0.828125 0.71875 0
1 764 0 1
1853
0.859375 0.71875 0
1 765 0 1
1854
0.890625 0.71875 0
1 766 0 1
1855
0.921875 0.71875 0
1 767 0 1
1856
0.953125 0.71875 0
1 768 0 1
1857
0.984375 0.71875 0
1 769 0 1
1858
0.0156249999999592 0.75 0
1 770 0 1
1859
0.04687499999999999 0.75 0
1 771 0 1
1860
0.07812499999999999 0.75 0
1 772 0 1
1861
0.109375 0.75 0
1 773 0 1
1862
0.140625 0.75 0
1 774 0 1
1863
0.171875 0.75 0
1 775 0 1
1864
0.203125 0.75 0
1 776 0 1
1865
0.234375 0.75 0
1 777 0 1
1866
0.265625 0.75 0
1 778 0 1
1867
0.296875 0.75 0
1 779 0 1
1868
0.328125 0.75 0
1 780 0 1
1869
0.359375 0.75 0
1 781 0 1
1870
0.390625 0.75 0
1 782 0 1
1871
0.421875 0.75 0
1 783 0 1
1872
0.453125 0.75 0
1 784 0 1
1873
0.484375 0.75 0
1 785 0 1
1874
0.515625 0.75 0
1 786 0 1
1875
0.546875 0.75 0
1 787 0 1
1876
0.578125 0.75 0
1 788 0 1
1877
0.609375 0.75 0
1 789 0 1
1878
0.640625 0.75 0
1 790 0 1
1879
0.671875 0.75 0
1 791 0 1
1880
0.703125 0.75 0
1 792 0 1
1881
0.734375 0.75 0
1 793 0 1
1882
0.765625 0.75 0
1 794 0 1
1883
0.796875 0.75 0
1 795 0 1
1884
0.828125 0.75 0
1 796 0 1
1885
0.859375 0.75 0
1 797 0 1
1886
0.890625 0.75 0
1 798 0 1
1887
0.921875 0.75 0
1 799 0 1
1888
0.953125 0.75 0
1 800 0 1
1889
0.984375 0.75 0
1 801 0 1
1890
0.0156249999999592 0.78125 0
1 802 0 1
1891
0.04687499999999999 0.78125 0
1 803 0 1
1892
0.07812499999999999 0.78125 0
1 804 0 1
1893
0.109375 0.78125 0
1 805 0 1
1894
0.140625 0.78125 0
1 806 0 1
1895
0.171875 0.78125 0
1 807 0 1
1896
0.203125 0.78125 0
1 808 0 1
1897
0.234375 0.78125 0
1 809 0 1
1898
0.265625 0.78125 0
1 810 0 1
1899
0.296875 0.78125 0
1 811 0 1
1900
0.328125 0.78125 0
1 812 0 1
1901
0.359375 0.78125 0
1 813 0 1
1902
0.390625 0.78125 0
1 814 0 1
1903
0.421875 0.78125 0
1 815 0 1
1904
0.453125 0.78125 0
1 816 0 1
1905
0.484375 0.78125 0
1 817 0 1
1906
0.515625 0.78125 0
1 818 0 1
1907
0.546875 0.78125 0
1 819 0 1
1908
0.578125 0.78125 0
1 820 0 1
1909
0.609375 0.78125 0
1 821 0 1
1910
0.640625 0.78125 0
1 822 0 1
1911
0.671875 0.78125 0
1 823 0 1
1912
0.703125 0.78125 0
1 824 0 1
1913
0.734375 0.78125 0
1 825 0 1
1914
0.765625 0.78125 0
1 826 0 1
1915
0.796875 0.78125 0
1 827 0 1
1916
0.828125 0.78125 0
1 828 0 1
1917
0.859375 0.78125 0
1 829 0 1
1918
0.890625 0.78125 0
1 830 0 1
1919
0.921875 0.78125 0
1 831 0 1
1920
0.953125 0.78125 0
1 832 0 1
1921
0.984375 0.78125 0
1 833 0 1
1922
0.0156249999999592 0.8125 0
1 834 0 1
1923
0.04687499999999999 0.8125 0
1 835 0 1
1924
0.07812499999999999 0.8125 0
1 836 0 1
1925
0.109375 0.8125 0
1 837 0 1
1926
0.140625 0.8125 0
1 838 0 1
1927
0.171875 0.8125 0
1 839 0 1
1928
0.203125 0.8125 0
1 840 0 1
1929
0.234375 0.8125 0
1 841 0 1
1930
0.265625 0.8125 0
1 842 0 1
1931
0.296875 0.8125 0
1 843 0 1
1932
0.328125 0.8125 0
1 844 0 1
1933
0.359375 0.8125 0
1 845 0 1
1934
0.390625 0.8125 0
1 846 0 1
1935
0.421875 0.8125 0
1 847 0 1
1936
0.453125 0.8125 0
1 848 0 1
1937
0.484375 0.8125 0
1 849 0 1
1938
0.515625 0.8125 0
1 850 0 1
1939
0.546875 0.8125 0
1 851 0 1
1940
0.578125 0.8125 0
1 852 0 1
1941
0.609375 0.8125 0
1 853 0 1
1942
0.640625 0.8125 0
1 854 0 1
1943
0.671875 0.8125 0
1 855 0 1
1944
0.703125 0.8125 0
1 856 0 1
1945
0.734375 0.8125 0
1 857 0 1
1946
0.765625 0.8125 0
1 858 0 1
1947
0.796875 0.8125 0
1 859 0 1
1948
0.828125 0.8125 0
1 860 0 1
1949
0.859375 0.8125 0
1 861 0 1
1950
0.890625 0.8125 0
1 862 0 1
1951
0.921875 0.8125 0
1 863 0 1
1952
0.953125 0.8125 0
1 864 0 1
1953
0.984375 0.8125 0
1 865 0 1
1954
0.0156249999999592 0.84375 0
1 866 0 1
1955
0.04687499999999999 0.84375 0
1 867 0 1
1956
0.07812499999999999 0.84375 0
1 868 0 1
1957
0.109375 0.84375 0
1 869 0 1
1958
0.140625 0.84375 0
1 870 0 1
1959
0.171875 0.84375 0
1 871 0 1
1960
0.203125 0.84375 0
1 872 0 1
1961
0.234375 0.84375 0
1 873 0 1
1962
0.265625 0.84375 0
1 874 0 1
1963
0.296875 0.84375 0
1 875 0 1
1964
0.328125 0.84375 0
1 876 0 1
1965
0.359375 0.84375 0
1 877 0 1
1966
0.390625 0.84375 0
1 878 0 1
1967
0.421875 0.84375 0
1 879 0 1
1968
0.453125 0.84375 0
1 880 0 1
1969
0.484375 0.84375 0
1 881 0 1
1970
0.515625 0.84375 0
1 882 0 1
1971
0.546875 0.84375 0
1 883 0 1
1972
0.578125 0.84375 0
1 884 0 1
1973
0.609375 0.84375 0
1 885 0 1
1974
0.640625 0.84375 0
1 886 0 1
1975
0.671875 0.84375 0
1 887 0 1
1976
0.703125 0.84375 0
1 888 0 1
1977
0.734375 0.84375 0
1 889 0 1
1978
0.765625 0.84375 0
1 890 0 1
1979
0.796875 0.84375 0
1 891 0 1
1980
0.828125 0.84375 0
1 892 0 1
1981
0.859375 0.84375 0
1 893 0 1
1982
0.890625 0.84375 0
1 894 0 1
1983
0.921875 0.84375 0
1 895 0 1
1984
0.953125 0.84375 0
1 896 0 1
1985
0.984375 0.84375 0
1 897 0 1
1986
0.0156249999999592 0.875 0
1 898 0 1
1987
0.04687499999999999 0.875 0
1 899 0 1
1988
0.07812499999999999 0.875 0
1 900 0 1
1989
0.109375 0.875 0
1 901 0 1
1990
0.140625 0.875 0
1 902 0 1
1991
0.171875 0.875 0
1 903 0 1
1992
0.203125 0.875 0
1 904 0 1
1993
0.234375 0.875 0
1 905 0 1
1994
0.265625 0.875 0
1 906 0 1
1995
0.296875 0.875 0
1 907 0 1
1996
0.328125 0.875 0
1 908 0 1
1997
0.359375 0.875 0
1 909 0 1
1998
0.390625 0.875 0
1 910 0 1
1999
0.421875 0.875 0
1 911 0 1
2000
0.453125 0.875 0
1 912 0 1
2001
0.484375 0.875 0
1 913 0 1
2002
0.515625 0.875 0
1 914 0 1
2003
0.546875 0.875 0
1 915 0 1
2004
0.578125 0.875 0
1 916 0 1
2005
0.609375 0.875 0
1 917 0 1
2006
0.640625 0.875 0
1 918 0 1
2007
0.671875 0.875 0
1 919 0 1
2008
0.703125 0.875 0
1 920 0 1
2009
0.734375 0.875 0
1 921 0 1
2010
0.765625 0.875 0
1 922 0 1
2011
0.796875 0.875 0
1 923 0 1
2012
0.828125 0.875 0
1 924 0 1
2013
0.859375 0.875 0
1 925 0 1
2014
0.890625 0.875 0
1 926 0 1
2015
0.921875 0.875 0
1 927 0 1
2016
0.953125 0.875 0
1 928 0 1
2017
0.984375 0.875 0
1 929 0 1
2018
0.0156249999999592 0.90625 0
1 930 0 1
2019
0.04687499999999999 0.90625 0
1 931 0 1
2020
0.07812499999999999 0.90625 0
1 932 0 1
2021
0.109375 0.90625 0
1 933 0 1
2022
0.140625 0.90625 0
1 934 0 1
2023
0.171875 0.90625 0
1 935 0 1
2024
0.203125 0.90625 0
1 936 0 1
2025
0.234375 0.90625 0
1 937 0 1
2026
0.265625 0.90625 0
1 938 0 1
2027
0.296875 0.90625 0
1 939 0 1
2028
0.328125 0.90625 0
1 940 0 1
2029
0.359375 0.90625 0
1 941 0 1
2030
0.390625 0.90625 0
1 942 0 1
2031
0.421875 0.90625 0
1 943 0 1
2032
0.453125 0.90625 0
1 944 0 1
2033
0.484375 0.90625 0
1 945 0 1
2034
0.515625 0.90625 0
1 946 0 1
2035
0.546875 0.90625 0
1 947 0 1
2036
0.578125 0.90625 0
1 948 0 1
2037
0.609375 0.90625 0
1 949 0 1
2038
0.640625 0.90625 0
1 950 0 1
2039
0.671875 0.90625 0
1 951 0 1
2040
0.703125 0.90625 0
1 952 0 1
2041
0.734375 0.90625 0
1 953 0 1
2042
0.765625 0.90625 0
1 954 0 1
2043
0.796875 0.90625 0
1 955 0 1
2044
0.828125 0.90625 0
1 956 0 1
2045
0.859375 0.90625 0
1 957 0 1
2046
0.890625 0.90625 0
1 958 0 1
2047
0.921875 0.90625 0
1 959 0 1
2048
0.953125 0.90625 0
1 960 0 1
2049
0.984375 0.90625 0
1 961 0 1
2050
0.0156249999999592 0.9375 0
1 962 0 1
2051
0.04687499999999999 0.9375 0
1 963 0 1
2052
0.07812499999999999 0.9375 0
1 964 0 1
2053
0.109375 0.9375 0
1 965 0 1
2054
0.140625 0.9375 0
1 966 0 1
2055
0.171875 0.9375 0
1 967 0 1
2056
0.203125 0.9375 0
1 968 0 1
2057
0.234375 0.9375 0
1 969 0 1
2058
0.265625 0.9375 0
1 970 0 1
2059
0.296875 0.9375 0
1 971 0 1
2060
0.328125 0.9375 0
1 972 0 1
2061
0.359375 0.9375 0
1 973 0 1
2062
0.390625 0.9375 0
1 974 0 1
2063
0.421875 0.9375 0
1 975 0 1
2064
0.453125 0.9375 0
1 976 0 1
2065
0.484375 0.9375 0
1 977 0 1
2066
0.515625 0.9375 0
1 978 0 1
2067
0.546875 0.9375 0
1 979 0 1
2068
0.578125 0.9375 0
1 980 0 1
2069
0.609375 0.9375 0
1 981 0 1
2070
0.640625 0.9375 0
1 982 0 1
2071
0.671875 0.9375 0
1 983 0 1
2072
0.703125 0.9375 0
1 984 0 1
2073
0.734375 0.9375 0
1 985 0 1
2074
0.765625 0.9375 0
1 986 0 1
2075
0.796875 0.9375 0
1 987 0 1
2076
0.828125 0.9375 0
1 988 0 1
2077
0.859375 0.9375 0
1 989 0 1
2078
0.890625 0.9375 0
1 990 0 1
2079
0.921875 0.9375 0
1 991 0 1
2080
0.953125 0.9375 0
1 992 0 1
2081
0.984375 0.9375 0
1 993 0 1
2082
0.0156249999999592 0.96875 0
1 994 0 1
2083
0.04687499999999999 0.96875 0
1 995 0 1
2084
0.07812499999999999 0.96875 0
1 996 0 1
2085
0.109375 0.96875 0
1 997 0 1
2086
0.140625 0.96875 0
1 998 0 1
2087
0.171875 0.96875 0
1 999 0 1
2088
0.203125 0.96875 0
1 1000 0 1
2089
0.234375 0.96875 0
1 1001 0 1
2090
0.265625 0.96875 0
1 1002 0 1
2091
0.296875 0.96875 0
1 1003 0 1
2092
0.328125 0.96875 0
1 1004 0 1
2093
0.359375 0.96875 0
1 1005 0 1
2094
0.390625 0.96875 0
1 1006 0 1
2095
0.421875 0.96875 0
1 1007 0 1
2096
0.453125 0.96875 0
1 1008 0 1
2097
0.484375 0.96875 0
1 1009 0 1
2098
0.515625 0.96875 0
1 1010 0 1
2099
0.546875 0.96875 0
1 1011 0 1
2100
0.578125 0.96875 0
1 1012 0 1
2101
0.609375 0.96875 0
1 1013 0 1
2102
0.640625 0.96875 0
1 1014 0 1
2103
0.671875 0.96875 0
1 1015 0 1
2104
0.703125 0.96875 0
1 1016 0 1
2105
0.734375 0.96875 0
1 1017 0 1
2106
0.765625 0.96875 0
1 1018 0 1
2107
0.796875 0.96875 0
1 1019 0 1
2108
0.828125 0.96875 0
1 1020 0 1
2109
0.859375 0.96875 0
1 1021 0 1
2110
0.890625 0.96875 0
1 1022 0 1
2111
0.921875 0.96875 0
1 1023 0 1
2112
0.953125 0.96875 0
1 1024 0 1
2113
0.984375 0.96875 0
1 1025 0 1
2114
0.0156249999999592 1 0
1 1026 0 1
2115
0.04687499999999999 1 0
1 1027 0 1
2116
0.07812499999999999 1 0
1 1028 0 1
2117
0.109375 1 0
1 1029 0 1
2118
0.140625 1 0
1 1030 0 1
2119
0.171875 1 0
1 1031 0 1
2120
0.203125 1 0
1 1032 0 1
2121
0.234375 1 0
1 1033 0 1
2122
0.265625 1 0
1 1034 0 1
2123
0.296875 1 0
1 1035 0 1
2124
0.328125 1 0
1 1036 0 1
2125
0.359375 1 0
1 1037 0 1
2126
0.390625 1 0
1 1038 0 1
2127
0.421875 1 0
1 1039 0 1
2128
0.453125 1 0
1 1040 0 1
2129
0.484375 1 0
1 1041 0 1
2130
0.515625 1 0
1 1042 0 1
2131
0.546875 1 0
1 1043 0 1
2132
0.578125 1 0
1 1044 0 1
2133
0.609375 1 0
1 1045 0 1
2134
0.640625 1 0
1 1046 0 1
2135
0.671875 1 0
1 1047 0 1
2136
0.703125 1 0
1 1048 0 1
2137
0.734375 1 0
1 1049 0 1
2138
0.765625 1 0
1 1050 0 1
2139
0.796875 1 0
1 1051 0 1
2140
0.828125 1 0
1 1052 0 1
2141
0.859375 1 0
1 1053 0 1
2142
0.890625 1 0
1 1054 0 1
2143
0.921875 1 0
1 1055 0 1
2144
0.953125 1 0
1 1056 0 1
2145
0.984375 1 0
1 1057 0 1
2146
0 0.0156249999999592 0
1 1058 0 1
2147
0 0.04687499999999999 0
1 1059 0 1
2148
0 0.07812499999999999 0
1 1060 0 1
2149
0 0.109375 0
1 1061 0 1
2150
0 0.140625 0
1 1062 0 1
2151
0 0.171875 0
1 1063 0 1
2152
0 0.203125 0
1 1064 0 1
2153
0 0.234375 0
1 1065 0 1
2154
0 0.265625 0
1 1066 0 1
2155
0 0.296875 0
1 1067 0 1
2156
0 0.328125 0
1 1068 0 1
2157
0 0.359375 0
1 1069 0 1
2158
0 0.390625 0
1 1070 0 1
2159
0 0.421875 0
1 1071 0 1
2160
0 0.453125 0
1 1072 0 1
2161
0 0.484375 0
1 1073 0 1
2162
0 0.515625 0
1 1074 0 1
2163
0 0.546875 0
1 1075 0 1
2164
0 0.578125 0
1 1076 0 1
2165
0 0.609375 0
1 1077 0 1
2166
0 0.640625 0
1 1078 0 1
2167
0 0.671875 0
1 1079 0 1
2168
0 0.703125 0
1 1080 0 1
2169
0 0.734375 0
1 1081 0 1
2170
0 0.765625 0
1 1082 0 1
2171
0 0.796875 0
1 1083 0 1
2172
0 0.828125 0
1 1084 0 1
2173
0 0.859375 0
1 1085 0 1
2174
0 0.890625 0
1 1086 0 1
2175
0 0.921875 0
1 1087 0 1
2176
0 0.953125 0
1 1088 0 1
2177
0 0.984375 0
1 1089 0 1
2178
0.03125 0.0156249999999592 0
1 1090 0 1
2179
0.03125 0.04687499999999999 0
1 1091 0 1
2180
0.03125 0.07812499999999999 0
1 1092 0 1
2181
0.03125 0.109375 0
1 1093 0 1
2182
0.03125 0.140625 0
1 1094 0 1
2183
0.03125 0.171875 0
1 1095 0 1
2184
0.03125 0.203125 0
1 1096 0 1
2185
0.03125 0.234375 0
1 1097 0 1
2186
0.03125 0.265625 0
1 1098 0 1
2187
0.03125 0.296875 0
1 1099 0 1
2188
0.03125 0.328125 0
1 1100 0 1
2189
0.03125 0.359375 0
1 1101 0 1
2190
0.03125 0.390625 0
1 1102 0 1
2191
0.03125 0.421875 0
1 1103 0 1
2192
0.03125 0.453125 0
1 1104 0 1
2193
0.03125 0.484375 0
1 1105 0 1
2194
0.03125 0.515625 0
1 1106 0 1
2195
0.03125 0.546875 0
1 1107 0 1
2196
0.03125 0.578125 0
1 1108 0 1
2197
0.03125 0.609375 0
1 1109 0 1
2198
0.03125 0.640625 0
1 1110 0 1
2199
0.03125 0.671875 0
1 1111 0 1
2200
0.03125 0.703125 0
1 1112 0 1
2201
0.03125 0.734375 0
1 1113 0 1
2202
0.03125 0.765625 0
1 1114 0 1
2203
0.03125 0.796875 0
1 1115 0 1
2204
0.03125 0.828125 0
1 1116 0 1
2205
0.03125 0.859375 0
1 1117 0 1
2206
0.03125 0.890625 0
1 1118 0 1
2207
0.03125 0.921875 0
1 1119 0 1
2208
0.03125 0.953125 0
1 1120 0 1
2209
0.03125 0.984375 0
1 1121 0 1
2210
0.0625 0.0156249999999592 0
1 1122 0 1
2211
0.0625 0.04687499999999999 0
1 1123 0 1
2212
0.0625 0.07812499999999999 0
1 1124 0 1
2213
0.0625 0.109375 0
1 1125 0 1
2214
0.0625 0.140625 0
1 1126 0 1
2215
0.0625 0.171875 0
1 1127 0 1
2216
0.0625 0.203125 0
1 1128 0 1
2217
0.0625 0.234375 0
1 1129 0 1
2218
0.0625 0.265625 0
1 1130 0 1
2219
0.0625 0.296875 0
1 1131 0 1
2220
0.0625 0.328125 0
1 1132 0 1
2221
0.0625 0.359375 0
1 1133 0 1
2222
0.0625 0.390625 0
1 1134 0 1
2223
0.0625 0.421875 0
1 1135 0 1
2224
0.0625 0.453125 0
1 1136 0 1
2225
0.0625 0.484375 0
1 1137 0 1
2226
0.0625 0.515625 0
1 1138 0 1
2227
0.0625 0.546875 0
1 1139 0 1
2228
0.0625 0.578125 0
1 1140 0 1
2229
0.0625 0.609375 0
1 1141 0 1
2230
0.0625 0.640625 0
1 1142 0 1
2231
0.0625 0.671875 0
1 1143 0 1
2232
0.0625 0.703125 0
1 1144 0 1
2233
0.0625 0.734375 0
1 1145 0 1
2234
0.0625 0.765625 0
1 1146 0 1
2235
0.0625 0.796875 0
1 1147 0 1
2236
0.0625 0.828125 0
1 1148 0 1
2237
0.0625 0.859375 0
1 1149 0 1
2238
0.0625 0.890625 0
1 1150 0 1
2239
0.0625 0.921875 0
1 1151 0 1
2240
0.0625 0.953125 0
1 1152 0 1
2241
0.0625 0.984375 0
1 1153 0 1
2242
0.09375 0.0156249999999592 0
1 1154 0 1
2243
0.09375 0.04687499999999999 0
1 1155 0 1
2244
0.09375 0.07812499999999999 0
1 1156 0 1
2245
0.09375 0.109375 0
1 1157 0 1
2246
0.09375 0.140625 0
1 1158 0 1
2247
0.09375 0.171875 0
1 1159 0 1
2248
0.09375 0.203125 0
1 1160 0 1
2249
0.09375 0.234375 0
1 1161 0 1
2250
0.09375 0.265625 0
1 1162 0 1
2251
0.09375 0.296875 0
1 1163 0 1
2252
0.09375 0.328125 0
1 1164 0 1
2253
0.09375 0.359375 0
1 1165 0 1
2254
0.09375 0.390625 0
1 1166 0 1
2255
0.09375 0.421875 0
1 1167 0 1
2256
0.09375 0.453125 0
1 1168 0 1
2257
0.09375 0.484375 0
1 1169 0 1
2258
0.09375 0.515625 0
1 1170 0 1
2259
0.09375 0.546875 0
1 1171 0 1
2260
0.09375 0.578125 0
1 1172 0 1
2261
0.09375 0.609375 0
1 1173 0 1
2262
0.09375 0.640625 0
1 1174 0 1
2263
0.09375 0.671875 0
1 1175 0 1
2264
0.09375 0.703125 0
1 1176 0 1
2265
0.09375 0.734375 0
1 1177 0 1
2266
0.09375 0.765625 0
1 1178 0 1
2267
0.09375 0.796875 0
1 1179 0 1
2268
0.09375 0.828125 0
1 1180 0 1
2269
0.09375 0.859375 0
1 1181 0 1
2270
0.09375 0.890625 0
1 1182 0 1
2271
0.09375 0.921875 0
1 1183 0 1
2272
0.09375 0.953125 0
1 1184 0 1
2273
0.09375 0.984375 0
1 1185 0 1
2274
0.125 0.0156249999999592 0
1 1186 0 1
2275
0.125 0.04687499999999999 0
1 1187 0 1
2276
0.125 0.07812499999999999 0
1 1188 0 1
2277
0.125 0.109375 0
1 1189 0 1
2278
0.125 0.140625 0
1 1190 0 1
2279
0.125 0.171875 0
1 1191 0 1
2280
0.125 0.203125 0
1 1192 0 1
2281
0.125 0.234375 0
1 1193 0 1
2282
0.125 0.265625 0
1 1194 0 1
2283
0.125 0.296875 0
1 1195 0 1
2284
0.125 0.328125 0
1 1196 0 1
2285
0.125 0.359375 0
1 1197 0 1
2286
0.125 0.390625 0
1 1198 0 1
2287
0.125 0.421875 0
1 1199 0 1
2288
0.125 0.453125 0
1 1200 0 1
2289
0.125 0.484375 0
1 1201 0 1
2290
0.125 0.515625 0
1 1202 0 1
2291
0.125 0.546875 0
1 1203 0 1
2292
0.125 0.578125 0
1 1204 0 1
2293
0.125 0.609375 0
1 1205 0 1
2294
0.125 0.640625 0
1 1206 0 1
2295
0.125 0.671875 0
1 1207 0 1
2296
0.125 0.703125 0
1 1208 0 1
2297
0.125 0.734375 0
1 1209 0 1
2298
0.125 0.765625 0
1 1210 0 1
2299
0.125 0.796875 0
1 1211 0 1
2300
0.125 0.828125 0
1 1212 0 1
2301
0.125 0.859375 0
1 1213 0 1
2302
0.125 0.890625 0
1 1214 0 1
2303
0.125 0.921875 0
1 1215 0 1
2304
0.125 0.953125 0
1 1216 0 1
2305
0.125 0.984375 0
1 1217 0 1
2306
0.15625 0.0156249999999592 0
1 1218 0 1
2307
0.15625 0.04687499999999999 0
1 1219 0 1
2308
0.15625 0.07812499999999999 0
1 1220 0 1
2309
0.15625 0.109375 0
1 1221 0 1
2310
0.15625 0.140625 0
1 1222 0 1
2311
0.15625 0.171875 0
1 1223 0 1
2312
0.15625 0.203125 0
1 1224 0 1
2313
0.15625 0.234375 0
1 1225 0 1
2314
0.15625 0.265625 0
1 1226 0 1
2315
0.15625 0.296875 0
1 1227 0 1
2316
0.15625 0.328125 0
1 1228 0 1
2317
0.15625 0.359375 0
1 1229 0 1
2318
0.15625 0.390625 0
1 1230 0 1
2319
0.15625 0.421875 0
1 1231 0 1
2320
0.15625 0.453125 0
1 1232 0 1
2321
0.15625 0.484375 0
1 1233 0 1
2322
0.15625 0.515625 0
1 1234 0 1
2323
0.15625 0.546875 0
1 1235 0 1
2324
0.15625 0.578125 0
1 1236 0 1
2325
0.15625 0.609375 0
1 1237 0 1
2326
0.15625 0.640625 0
1 1238 0 1
2327
0.15625 0.671875 0
1 1239 0 1
2328
0.15625 0.703125 0
1 1240 0 1
2329
0.15625 0.734375 0
1 1241 0 1
2330
0.15625 0.765625 0
1 1242 0 1
2331
0.15625 0.796875 0
1 1243 0 1
2332
0.15625 0.828125 0
1 1244 0 1
2333
0.15625 0.859375 0
1 1245 0 1
2334
0.15625 0.890625 0
1 1246 0 1
2335
0.15625 0.921875 0
1 1247 0 1
2336
0.15625 0.953125 0
1 1248 0 1
2337
0.15625 0.984375 0
1 1249 0 1
2338
0.1875 0.0156249999999592 0
1 1250 0 1
2339
0.1875 0.04687499999999999 0
1 1251 0 1
2340
0.1875 0.07812499999999999 0
1 1252 0 1
2341
0.1875 0.109375 0
1 1253 0 1
2342
0.1875 0.140625 0
1 1254 0 1
2343
0.1875 0.171875 0
1 1255 0 1
2344
0.1875 0.203125 0
1 1256 0 1
2345
0.1875 0.234375 0
1 1257 0 1
2346
0.1875 0.265625 0
1 1258 0 1
2347
0.1875 0.296875 0
1 1259 0 1
2348
0.1875 0.328125 0
1 1260 0 1
2349
0.1875 0.359375 0
1 1261 0 1
2350
0.1875 0.390625 0
1 1262 0 1
2351
0.1875 0.421875 0
1 1263 0 1
2352
0.1875 0.453125 0
1 1264 0 1
2353
0.1875 0.484375 0
1 1265 0 1
2354
0.1875 0.515625 0
1 1266 0 1
2355
0.1875 0.546875 0
1 1267 0 1
2356
0.1875 0.578125 0
1 1268 0 1
2357
0.1875 0.609375 0
1 1269 0 1
2358
0.1875 0.640625 0
1 1270 0 1
2359
0.1875 0.671875 0
1 1271 0 1
2360
0.1875 0.703125 0
1 1272 0 1
2361
0.1875 0.734375 0
1 1273 0 1
2362
0.1875 0.765625 0
1 1274 0 1
2363
0.1875 0.796875 0
1 1275 0 1
2364
0.1875 0.828125 0
1 1276 0 1
2365
0.1875 0.859375 0
1 1277 0 1
2366
0.1875 0.890625 0
1 1278 0 1
2367
0.1875 0.921875 0
1 1279 0 1
2368
0.1875 0.953125 0
1 1280 0 1
2369
0.1875 0.984375 0
1 1281 0 1
2370
0.21875 0.0156249999999592 0
1 1282 0 1
2371
0.21875 0.04687499999999999 0
1 1283 0 1
2372
0.21875 0.07812499999999999 0
1 1284 0 1
2373
0.21875 0.109375 0
1 1285 0 1
2374
0.21875 0.140625 0
1 1286 0 1
2375
0.21875 0.171875 0
1 1287 0 1
2376
0.21875 0.203125 0
1 1288 0 1
2377
0.21875 0.234375 0
1 1289 0 1
2378
0.21875 0.265625 0
1 1290 0 1
2379
0.21875 0.296875 0
1 1291 0 1
2380
0.21875 0.328125 0
1 1292 0 1
2381
0.21875 0.359375 0
1 1293 0 1
2382
0.21875 0.390625 0
1 1294 0 1
2383
0.21875 0.421875 0
1 1295 0 1
2384
0.21875 0.453125 0
1 1296 0 1
2385
0.21875 0.484375 0
1 1297 0 1
2386
0.21875 0.515625 0
1 1298 0 1
2387
0.21875 0.546875 0
1 1299 0 1
2388
0.21875 0.578125 0
1 1300 0 1
2389
0.21875 0.609375 0
1 1301 0 1
2390
0.21875 0.640625 0
1 1302 0 1
2391
0.21875 0.671875 0
1 1303 0 1
2392
0.21875 0.703125 0
1 1304 0 1
2393
0.21875 0.734375 0
1 1305 0 1
2394
0.21875 0.765625 0
1 1306 0 1
2395
0.21875 0.796875 0
1 1307 0 1
2396
0.21875 0.828125 0
1 1308 0 1
2397
0.21875 0.859375 0
1 1309 0 1
2398
0.21875 0.890625 0
1 1310 0 1
2399
0.21875 0.921875 0
1 1311 0 1
2400
0.21875 0.953125 0
1 1312 0 1
2401
0.21875 0.984375 0
1 1313 0 1
2402
0.25 0.0156249999999592 0
1 1314 0 1
2403
0.25 0.04687499999999999 0
1 1315 0 1
2404
0.25 0.07812499999999999 0
1 1316 0 1
2405
0.25 0.109375 0
1 1317 0 1
2406
0.25 0.140625 0
1 1318 0 1
2407
0.25 0.171875 0
1 1319 0 1
2408
0.25 0.203125 0
1 1320 0 1
2409
0.25 0.234375 0
1 1321 0 1
2410
0.25 0.265625 0
1 1322 0 1
2411
0.25 0.296875 0
1 1323 0 1
2412
0.25 0.328125 0
1 1324 0 1
2413
0.25 0.359375 0
1 1325 0 1
2414
0.25 0.390625 0
1 1326 0 1
2415
0.25 0.421875 0
1 1327 0 1
2416
0.25 0.453125 0
1 1328 0 1
2417
0.25 0.484375 0
1 1329 0 1
2418
0.25 0.515625 0
1 1330 0 1
2419
0.25 0.546875 0
1 1331 0 1
2420
0.25 0.578125 0
1 1332 0 1
2421
0.25 0.609375 0
1 1333 0 1
2422
0.25 0.640625 0
1 1334 0 1
2423
0.25 0.671875 0
1 1335 0 1
2424
0.25 0.703125 0
1 1336 0 1
2425
0.25 0.734375 0
1 1337 0 1
2426
0.25 0.765625 0
1 1338 0 1
2427
0.25 0.796875 0
1 1339 0 1
2428
0.25 0.828125 0
1 1340 0 1
2429
0.25 0.859375 0
1 1341 0 1
2430
0.25 0.890625 0
1 1342 0 1
2431
0.25 0.921875 0
1 1343 0 1
2432
0.25 0.953125 0
1 1344 0 1
2433
0.25 0.984375 0
1 1345 0 1
2434
0.28125 0.0156249999999592 0
1 1346 0 1
2435
0.28125 0.04687499999999999 0
1 1347 0 1
2436
0.28125 0.07812499999999999 0
1 1348 0 1
2437
0.28125 0.109375 0
1 1349 0 1
2438
0.28125 0.140625 0
1 1350 0 1
2439
0.28125 0.171875 0
1 1351 0 1
2440
0.28125 0.203125 0
1 1352 0 1
2441
0.28125 0.234375 0
1 1353 0 1
2442
0.28125 0.265625 0
1 1354 0 1
2443
0.28125 0.296875 0
1 1355 0 1
2444
0.28125 0.328125 0
1 1356 0 1
2445
0.28125 0.359375 0
1 1357 0 1
2446
0.28125 0.390625 0
1 1358 0 1
2447
0.28125 0.421875 0
1 1359 0 1
2448
0.28125 0.453125 0
1 1360 0 1
2449
0.28125 0.484375 0
1 1361 0 1
2450
0.28125 0.515625 0
1 1362 0 1
2451
0.28125 0.546875 0
1 1363 0 1
2452
0.28125 0.578125 0
1 1364 0 1
2453
0.28125 0.609375 0
1 1365 0 1
2454
0.28125 0.640625 0
1 1366 0 1
2455
0.28125 0.671875 0
1 1367 0 1
2456
0.28125 0.703125 0
1 1368 0 1
2457
0.28125 0.734375 0
1 1369 0 1
2458
0.28125 0.765625 0
1 1370 0 1
2459
0.28125 0.796875 0
1 1371 0 1
2460
0.28125 0.828125 0
1 1372 0 1
2461
0.28125 0.859375 0
1 1373 0 1
2462
0.28125 0.890625 0
1 1374 0 1
2463
0.28125 0.921875 0
1 1375 0 1
2464
0.28125 0.953125 0
1 1376 0 1
2465
0.28125 0.984375 0
1 1377 0 1
2466
0.3125 0.0156249999999592 0
1 1378 0 1
2467
0.3125 0.04687499999999999 0
1 1379 0 1
2468
0.3125 0.07812499999999999 0
1 1380 0 1
2469
0.3125 0.109375 0
1 1381 0 1
2470
0.3125 0.140625 0
1 1382 0 1
2471
0.3125 0.171875 0
1 1383 0 1
2472
0.3125 0.203125 0
1 1384 0 1
2473
0.3125 0.234375 0
1 1385 0 1
2474
0.3125 0.265625 0
1 1386 0 1
2475
0.3125 0.296875 0
1 1387 0 1
2476
0.3125 0.328125 0
1 1388 0 1
2477
0.3125 0.359375 0
1 1389 0 1
2478
0.3125 0.390625 0
1 1390 0 1
2479
0.3125 0.421875 0
1 1391 0 1
2480
0.3125 0.453125 0
1 1392 0 1
2481
0.3125 0.484375 0
1 1393 0 1
2482
0.3125 0.515625 0
1 1394 0 1
2483
0.3125 0.546875 0
1 1395 0 1
2484
0.3125 0.578125 0
1 1396 0 1
2485
0.3125 0.609375 0
1 1397 0 1
2486
0.3125 0.640625 0
1 1398 0 1
2487
0.3125 0.671875 0
1 1399 0 1
2488
0.3125 0.703125 0
1 1400 0 1
2489
0.3125 0.734375 0
1 1401 0 1
2490
0.3125 0.765625 0
1 1402 0 1
2491
0.3125 0.796875 0
1 1403 0 1
2492
0.3125 0.828125 0
1 1404 0 1
2493
0.3125 0.859375 0
1 1405 0 1
2494
0.3125 0.890625 0
1 1406 0 1
2495
0.3125 0.921875 0
1 1407 0 1
2496
0.3125 0.953125 0
1 1408 0 1
2497
0.3125 0.984375 0
1 1409 0 1
2498
0.34375 0.0156249999999592 0
1 1410 0 1
2499
0.34375 0.04687499999999999 0
1 1411 0 1
2500
0.34375 0.07812499999999999 0
1 1412 0 1
2501
0.34375 0.109375 0
1 1413 0 1
2502
0.34375 0.140625 0
1 1414 0 1
2503
0.34375 0.171875 0
1 1415 0 1
2504
0.34375 0.203125 0
1 1416 0 1
2505
0.34375 0.234375 0
1 1417 0 1
2506
0.34375 0.265625 0
1 1418 0 1
2507
0.34375 0.296875 0
1 1419 0 1
2508
0.34375 0.328125 0
1 1420 0 1
2509
0.34375 0.359375 0
1 1421 0 1
2510
0.34375 0.390625 0
1 1422 0 1
2511
0.34375 0.421875 0
1 1423 0 1
2512
0.34375 0.453125 0
1 1424 0 1
2513
0.34375 0.484375 0
1 1425 0 1
2514
0.34375 0.515625 0
1 1426 0 1
2515
0.34375 0.546875 0
1 1427 0 1
2516
0.34375 0.578125 0
1 1428 0 1
2517
0.34375 0.609375 0
1 1429 0 1
2518
0.34375 0.640625 0
1 1430 0 1
2519
0.34375 0.671875 0
1 1431 0 1
2520
0.34375 0.703125 0
1 1432 0 1
2521
0.34375 0.734375 0
1 1433 0 1
2522
0.34375 0.765625 0
1 1434 0 1
2523
0.34375 0.796875 0
1 1435 0 1
2524
0.34375 0.828125 0
1 1436 0 1
2525
0.34375 0.859375 0
1 1437 0 1
2526
0.34375 0.890625 0
1 1438 0 1
2527
0.34375 0.921875 0
1 1439 0 1
2528
0.34375 0.953125 0
1 1440 0 1
2529
0.34375 0.984375 0
1 1441 0 1
2530
0.375 0.0156249999999592 0
1 1442 0 1
2531
0.375 0.04687499999999999 0
1 1443 0 1
2532
0.375 0.07812499999999999 0
1 1444 0 1
2533
0.375 0.109375 0
1 1445 0 1
2534
0.375 0.140625 0
1 1446 0 1
2535
0.375 0.171875 0
1 1447 0 1
2536
0.375 0.203125 0
1 1448 0 1
2537
0.375 0.234375 0
1 1449 0 1
2538
0.375 0.265625 0
1 1450 0 1
2539
0.375 0.296875 0
1 1451 0 1
2540
0.375 0.328125 0
1 1452 0 1
2541
0.375 0.359375 0
1 1453 0 1
2542
0.375 0.390625 0
1 1454 0 1
2543
0.375 0.421875 0
1 1455 0 1
2544
0.375 0.453125 0
1 1456 0 1
2545
0.375 0.484375 0
1 1457 0 1
2546
0.375 0.515625 0
1 1458 0 1
2547
0.375 0.546875 0
1 1459 0 1
2548
0.375 0.578125 0
1 1460 0 1
2549
0.375 0.609375 0
1 1461 0 1
2550
0.375 0.640625 0
1 1462 0 1
2551
0.375 0.671875 0
1 1463 0 1
2552
0.375 0.703125 0
1 1464 0 1
2553
0.375 0.734375 0
1 1465 0 1
2554
0.375 0.765625 0
1 1466 0 1
2555
0.375 0.796875 0
1 1467 0 1
2556
0.375 0.828125 0
1 1468 0 1
2557
0.375 0.859375 0
1 1469 0 1
2558
0.375 0.890625 0
1 1470 0 1
2559
0.375 0.921875 0
1 1471 0 1
2560
0.375 0.953125 0
1 1472 0 1
2561
0.375 0.984375 0
1 1473 0 1
2562
0.40625 0.0156249999999592 0
1 1474 0 1
2563
0.40625 0.04687499999999999 0
1 1475 0 1
2564
0.40625 0.07812499999999999 0
1 1476 0 1
2565
0.40625 0.109375 0
1 1477 0 1
2566
0.40625 0.140625 0
1 1478 0 1
2567
0.40625 0.171875 0
1 1479 0 1
2568
0.40625 0.203125 0
1 1480 0 1
2569
0.40625 0.234375 0
1 1481 0 1
2570
0.40625 0.265625 0
1 1482 0 1
2571
0.40625 0.296875 0
1 1483 0 1
2572
0.40625 0.328125 0
1 1484 0 1
2573
0.40625 0.359375 0
1 1485 0 1
2574
0.40625 0.390625 0
1 1486 0 1
2575
0.40625 0.421875 0
1 1487 0 1
2576
0.40625 0.453125 0
1 1488 0 1
2577
0.40625 0.484375 0
1 1489 0 1
2578
0.40625 0.515625 0
1 1490 0 1
2579
0.40625 0.546875 0
1 1491 0 1
2580
0.40625 0.578125 0
1 1492 0 1
2581
0.40625 0.609375 0
1 1493 0 1
2582
0.40625 0.640625 0
1 1494 0 1
2583
0.40625 0.671875 0
1 1495 0 1
2584
0.40625 0.703125 0
1 1496 0 1
2585
0.40625 0.734375 0
1 1497 0 1
2586
0.40625 0.765625 0
1 1498 0 1
2587
0.40625 0.796875 0
1 1499 0 1
2588
0.40625 0.828125 0
1 1500 0 1
2589
0.40625 0.859375 0
1 1501 0 1
2590
0.40625 0.890625 0
1 1502 0 1
2591
0.40625 0.921875 0
1 1503 0 1
2592
0.40625 0.953125 0
1 1504 0 1
2593
0.40625 0.984375 0
1 1505 0 1
2594
0.4375 0.0156249999999592 0
1 1506 0 1
2595
0.4375 0.04687499999999999 0
1 1507 0 1
2596
0.4375 0.07812499999999999 0
1 1508 0 1
2597
0.4375 0.109375 0
1 1509 0 1
2598
0.4375 0.140625 0
1 1510 0 1
2599
0.4375 0.171875 0
1 1511 0 1
2600
0.4375 0.203125 0
1 1512 0 1
2601
0.4375 0.234375 0
1 1513 0 1
2602
0.4375 0.265625 0
1 1514 0 1
2603
0.4375 0.296875 0
1 1515 0 1
2604
0.4375 0.328125 0
1 1516 0 1
2605
0.4375 0.359375 0
1 1517 0 1
2606
0.4375 0.390625 0
1 1518 0 1
2607
0.4375 0.421875 0
1 1519 0 1
2608
0.4375 0.453125 0
1 1520 0 1
2609
0.4375 0.484375 0
1 1521 0 1
2610
0.4375 0.515625 0
1 1522 0 1
2611
0.4375 0.546875 0
1 1523 0 1
2612
0.4375 0.578125 0
1 1524 0 1
2613
0.4375 0.609375 0
1 1525 0 1
2614
0.4375 0.640625 0
1 1526 0 1
2615
0.4375 0.671875 0
1 1527 0 1
2616
0.4375 0.703125 0
1 1528 0 1
2617
0.4375 0.734375 0
1 1529 0 1
2618
0.4375 0.765625 0
1 1530 0 1
2619
0.4375 0.796875 0
1 1531 0 1
2620
0.4375 0.828125 0
1 1532 0 1
2621
0.4375 0.859375 0
1 1533 0 1
2622
0.4375 0.890625 0
1 1534 0 1
2623
0.4375 0.921875 0
1 1535 0 1
2624
0.4375 0.953125 0
1 1536 0 1
2625
0.4375 0.984375 0
1 1537 0 1
2626
0.46875 0.0156249999999592 0
1 1538 0 1
2627
0.46875 0.04687499999999999 0
1 1539 0 1
2628
0.46875 0.07812499999999999 0
1 1540 0 1
2629
0.46875 0.109375 0
1 1541 0 1
2630
0.46875 0.140625 0
1 1542 0 1
2631
0.46875 0.171875 0
1 1543 0 1
2632
0.46875 0.203125 0
1 1544 0 1
2633
0.46875 0.234375 0
1 1545 0 1
2634
0.46875 0.265625 0
1 1546 0 1
2635
0.46875 0.296875 0
1 1547 0 1
2636
0.46875 0.328125 0
1 1548 0 1
2637
0.46875 0.359375 0
1 1549 0 1
2638
0.46875 0.390625 0
1 1550 0 1
2639
0.46875 0.421875 0
1 1551 0 1
2640
0.46875 0.453125 0
1 1552 0 1
2641
0.46875 0.484375 0
1 1553 0 1
2642
0.46875 0.515625 0
1 1554 0 1
2643
0.46875 0.546875 0
1 1555 0 1
2644
0.46875 0.578125 0
1 1556 0 1
2645
0.46875 0.609375 0
1 1557 0 1
2646
0.46875 0.640625 0
1 1558 0 1
2647
0.46875 0.671875 0
1 1559 0 1
2648
0.46875 0.703125 0
1 1560 0 1
2649
0.46875 0.734375 0
1 1561 0 1
2650
0.46875 0.765625 0
1 1562 0 1
2651
0.46875 0.796875 0
1 1563 0 1
2652
0.46875 0.828125 0
1 1564 0 1
2653
0.46875 0.859375 0
1 1565 0 1
2654
0.46875 0.890625 0
1 1566 0 1
2655
0.46875 0.921875 0
1 1567 0 1
2656
0.46875 0.953125 0
1 1568 0 1
2657
0.46875 0.984375 0
1 1569 0 1
2658
0.5 0.0156249999999592 0
1 1570 0 1
2659
0.5 0.04687499999999999 0
1 1571 0 1
2660
0.5 0.07812499999999999 0
1 1572 0 1
2661
0.5 0.109375 0
1 1573 0 1
2662
0.5 0.140625 0
1 1574 0 1
2663
0.5 0.171875 0
1 1575 0 1
2664
0.5 0.203125 0
1 1576 0 1
2665
0.5 0.234375 0
1 1577 0 1
2666
0.5 0.265625 0
1 1578 0 1
2667
0.5 0.296875 0
1 1579 0 1
2668
0.5 0.328125 0
1 1580 0 1
2669
0.5 0.359375 0
1 1581 0 1
2670
0.5 0.390625 0
1 1582 0 1
2671
0.5 0.421875 0
1 1583 0 1
2672
0.5 0.453125 0
1 1584 0 1
2673
0.5 0.484375 0
1 1585 0 1
2674
0.5 0.515625 0
1 1586 0 1
2675
0.5 0.546875 0
1 1587 0 1
2676
0.5 0.578125 0
1 1588 0 1
2677
0.5 0.609375 0
1 1589 0 1
2678
0.5 0.640625 0
1 1590 0 1
2679
0.5 0.671875 0
1 1591 0 1
2680
0.5 0.703125 0
1 1592 0 1
2681
0.5 0.734375 0
1 1593 0 1
2682
0.5 0.765625 0
1 1594 0 1
2683
0.5 0.796875 0
1 1595 0 1
2684
0.5 0.828125 0
1 1596 0 1
2685
0.5 0.859375 0
1 1597 0 1
2686
0.5 0.890625 0
1 1598 0 1
2687
0.5 0.921875 0
1 1599 0 1
2688
0.5 0.953125 0
1 1600 0 1
2689
0.5 0.984375 0
1 1601 0 1
2690
0.53125 0.0156249999999592 0
1 1602 0 1
2691
0.53125 0.04687499999999999 0
1 1603 0 1
2692
0.53125 0.07812499999999999 0
1 1604 0 1
2693
0.53125 0.109375 0
1 1605 0 1
2694
0.53125 0.140625 0
1 1606 0 1
2695
0.53125 0.171875 0
1 1607 0 1
2696
0.53125 0.203125 0
1 1608 0 1
2697
0.53125 0.234375 0
1 1609 0 1
2698
0.53125 0.265625 0
1 1610 0 1
2699
0.53125 0.296875 0
1 1611 0 1
2700
0.53125 0.328125 0
1 1612 0 1
2701
0.53125 0.359375 0
1 1613 0 1
2702
0.53125 0.390625 0
1 1614 0 1
2703
0.53125 0.421875 0
1 1615 0 1
2704
0.53125 0.453125 0
1 1616 0 1
2705
0.53125 0.484375 0
1 1617 0 1
2706
0.53125 0.515625 0
1 1618 0 1
2707
0.53125 0.546875 0
1 1619 0 1
2708
0.53125 0.578125 0
1 1620 0 1
2709
0.53125 0.609375 0
1 1621 0 1
2710
0.53125 0.640625 0
1 1622 0 1
2711
0.53125 0.671875 0
1 1623 0 1
2712
0.53125 0.703125 0
1 1624 0 1
2713
0.53125 0.734375 0
1 1625 0 1
2714
0.53125 0.765625 0
1 1626 0 1
2715
0.53125 0.796875 0
1 1627 0 1
2716
0.53125 0.828125 0
1 1628 0 1
2717
0.53125 0.859375 0
1 1629 0 1
2718
0.53125 0.890625 0
1 1630 0 1
2719
0.53125 0.921875 0
1 1631 0 1
2720
0.53125 0.953125 0
1 1632 0 1
2721
0.53125 0.984375 0
1 1633 0 1
2722
0.5625 0.0156249999999592 0
1 1634 0 1
2723
0.5625 0.04687499999999999 0
1 1635 0 1
2724
0.5625 0.07812499999999999 0
1 1636 0 1
2725
0.5625 0.109375 0
1 1637 0 1
2726
0.5625 0.140625 0
1 1638 0 1
2727
0.5625 0.171875 0
1 1639 0 1
2728
0.5625 0.203125 0
1 1640 0 1
2729
0.5625 0.234375 0
1 1641 0 1
2730
0.5625 0.265625 0
1 1642 0 1
2731
0.5625 0.296875 0
1 1643 0 1
2732
0.5625 0.328125 0
1 1644 0 1
2733
0.5625 0.359375 0
1 1645 0 1
2734
0.5625 0.390625 0
1 1646 0 1
2735
0.5625 0.421875 0
1 1647 0 1
2736
0.5625 0.453125 0
1 1648 0 1
2737
0.5625 0.484375 0
1 1649 0 1
2738
0.5625 0.515625 0
1 1650 0 1
2739
0.5625 0.546875 0
1 1651 0 1
2740
0.5625 0.578125 0
1 1652 0 1
2741
0.5625 0.609375 0
1 1653 0 1
2742
0.5625 0.640625 0
1 1654 0 1
2743
0.5625 0.671875 0
1 1655 0 1
2744
0.5625 0.703125 0
1 1656 0 1
2745
0.5625 0.734375 0
1 1657 0 1
2746
0.5625 0.765625 0
1 1658 0 1
2747
0.5625 0.796875 0
1 1659 0 1
2748
0.5625 0.828125 0
1 1660 0 1
2749
0.5625 0.859375 0
1 1661 0 1
2750
0.5625 0.890625 0
1 1662 0 1
2751
0.5625 0.921875 0
1 1663 0 1
2752
0.5625 0.953125 0
1 1664 0 1
2753
0.5625 0.984375 0
1 1665 0 1
2754
0.59375 0.0156249999999592 0
1 1666 0 1
2755
0.59375 0.04687499999999999 0
1 1667 0 1
2756
0.59375 0.07812499999999999 0
1 1668 0 1
2757
0.59375 0.109375 0
1 1669 0 1
2758
0.59375 0.140625 0
1 1670 0 1
2759
0.59375 0.171875 0
1 1671 0 1
2760
0.59375 0.203125 0
1 1672 0 1
2761
0.59375 0.234375 0
1 1673 0 1
2762
0.59375 0.265625 0
1 1674 0 1
2763
0.59375 0.296875 0
1 1675 0 1
2764
0.59375 0.328125 0
1 1676 0 1
2765
0.59375 0.359375 0
1 1677 0 1
2766
0.59375 0.390625 0
1 1678 0 1
2767
0.59375 0.421875 0
1 1679 0 1
2768
0.59375 0.453125 0
1 1680 0 1
2769
0.59375 0.484375 0
1 1681 0 1
2770
0.59375 0.515625 0
1 1682 0 1
2771
0.59375 0.546875 0
1 1683 0 1
2772
0.59375 0.578125 0
1 1684 0 1
2773
0.59375 0.609375 0
1 1685 0 1
2774
0.59375 0.640625 0
1 1686 0 1
2775
0.59375 0.671875 0
1 1687 0 1
2776
0.59375 0.703125 0
1 1688 0 1
2777
0.59375 0.734375 0
1 1689 0 1
2778
0.59375 0.765625 0
1 1690 0 1
2779
0.59375 0.796875 0
1 1691 0 1
2780
0.59375 0.828125 0
1 1692 0 1
2781
0.59375 0.859375 0
1 1693 0 1
2782
0.59375 0.890625 0
1 1694 0 1
2783
0.59375 0.921875 0
1 1695 0 1
2784
0.59375 0.953125 0
1 1696 0 1
2785
0.59375 0.984375 0
1 1697 0 1
2786
0.625 0.0156249999999592 0
1 1698 0 1
2787
0.625 0.04687499999999999 0
1 1699 0 1
2788
0.625 0.07812499999999999 0
1 1700 0 1
2789
0.625 0.109375 0
1 1701 0 1
2790
0.625 0.140625 0
1 1702 0 1
2791
0.625 0.171875 0
1 1703 0 1
2792
0.625 0.203125 0
1 1704 0 1
2793
0.625 0.234375 0
1 1705 0 1
2794
0.625 0.265625 0
1 1706 0 1
2795
0.625 0.296875 0
1 1707 0 1
2796
0.625 0.328125 0
1 1708 0 1
2797
0.625 0.359375 0
1 1709 0 1
2798
0.625 0.390625 0
1 1710 0 1
2799
0.625 0.421875 0
1 1711 0 1
2800
0.625 0.453125 0
1 1712 0 1
2801
0.625 0.484375 0
1 1713 0 1
2802
0.625 0.515625 0
1 1714 0 1
2803
0.625 0.546875 0
1 1715 0 1
2804
0.625 0.578125 0
1 1716 0 1
2805
0.625 0.609375 0
1 1717 0 1
2806
0.625 0.640625 0
1 1718 0 1
2807
0.625 0.671875 0
1 1719 0 1
2808
0.625 0.703125 0
1 1720 0 1
2809
0.625 0.734375 0
1 1721 0 1
2810
0.625 0.765625 0
1 1722 0 1
2811
0.625 0.796875 0
1 1723 0 1
2812
0.625 0.828125 0
1 1724 0 1
2813
0.625 0.859375 0
1 1725 0 1
2814
0.625 0.890625 0
1 1726 0 1
2815
0.625 0.921875 0
1 1727 0 1
2816
0.625 0.953125 0
1 1728 0 1
2817
0.625 0.984375 0
1 1729 0 1
2818
0.65625 0.0156249999999592 0
1 1730 0 1
2819
0.65625 0.04687499999999999 0
1 1731 0 1
2820
0.65625 0.07812499999999999 0
1 1732 0 1
2821
0.65625 0.109375 0
1 1733 0 1
2822
0.65625 0.140625 0
1 1734 0 1
2823
0.65625 0.171875 0
1 1735 0 1
2824
0.65625 0.203125 0
1 1736 0 1
2825
0.65625 0.234375 0
1 1737 0 1
2826
0.65625 0.265625 0
1 1738 0 1
2827
0.65625 0.296875 0
1 1739 0 1
2828
0.65625 0.328125 0
1 1740 0 1
2829
0.65625 0.359375 0
1 1741 0 1
2830
0.65625 0.390625 0
1 1742 0 1
2831
0.65625 0.421875 0
1 1743 0 1
2832
0.65625 0.453125 0
1 1744 0 1
2833
0.65625 0.484375 0
1 1745 0 1
2834
0.65625 0.515625 0
1 1746 0 1
2835
0.65625 0.546875 0
1 1747 0 1
2836
0.65625 0.578125 0
1 1748 0 1
2837
0.65625 0.609375 0
1 1749 0 1
2838
0.65625 0.640625 0
1 1750 0 1
2839
0.65625 0.671875 0
1 1751 0 1
2840
0.65625 0.703125 0
1 1752 0 1
2841
0.65625 0.734375 0
1 1753 0 1
2842
0.65625 0.765625 0
1 1754 0 1
2843
0.65625 0.796875 0
1 1755 0 1
2844
0.65625 0.828125 0
1 1756 0 1
2845
0.65625 0.859375 0
1 1757 0 1
2846
0.65625 0.890625 0
1 1758 0 1
2847
0.65625 0.921875 0
1 1759 0 1
2848
0.65625 0.953125 0
1 1760 0 1
2849
0.65625 0.984375 0
1 1761 0 1
2850
0.6875 0.0156249999999592 0
1 1762 0 1
2851
0.6875 0.04687499999999999 0
1 1763 0 1
2852
0.6875 0.07812499999999999 0
1 1764 0 1
2853
0.6875 0.109375 0
1 1765 0 1
2854
0.6875 0.140625 0
1 1766 0 1
2855
0.6875 0.171875 0
1 1767 0 1
2856
0.6875 0.203125 0
1 1768 0 1
2857
0.6875 0.234375 0
1 1769 0 1
2858
0.6875 0.265625 0
1 1770 0 1
2859
0.6875 0.296875 0
1 1771 0 1
2860
0.6875 0.328125 0
1 1772 0 1
2861
0.6875 0.359375 0
1 1773 0 1
2862
0.6875 0.390625 0
1 1774 0 1
2863
0.6875 0.421875 0
1 1775 0 1
2864
0.6875 0.453125 0
1 1776 0 1
2865
0.6875 0.484375 0
1 1777 0 1
2866
0.6875 0.515625 0
1 1778 0 1
2867
0.6875 0.546875 0
1 1779 0 1
2868
0.6875 0.578125 0
1 1780 0 1
2869
0.6875 0.609375 0
1 1781 0 1
2870
0.6875 0.640625 0
1 1782 0 1
2871
0.6875 0.671875 0
1 1783 0 1
2872
0.6875 0.703125 0
1 1784 0 1
2873
0.6875 0.734375 0
1 1785 0 1
2874
0.6875 0.765625 0
1 1786 0 1
2875
0.6875 0.796875 0
1 1787 0 1
2876
0.6875 0.828125 0
1 1788 0 1
2877
0.6875 0.859375 0
1 1789 0 1
2878
0.6875 0.890625 0
1 1790 0 1
2879
0.6875 0.921875 0
1 1791 0 1
2880
0.6875 0.953125 0
1 1792 0 1
2881
0.6875 0.984375 0
1 1793 0 1
2882
0.71875 0.0156249999999592 0
1 1794 0 1
2883
0.71875 0.04687499999999999 0
1 1795 0 1
2884
0.71875 0.07812499999999999 0
1 1796 0 1
2885
0.71875 0.109375 0
1 1797 0 1
2886
0.71875 0.140625 0
1 1798 0 1
2887
0.71875 0.171875 0
1 1799 0 1
2888
0.71875 0.203125 0
1 1800 0 1
2889
0.71875 0.234375 0
1 1801 0 1
2890
0.71875 0.265625 0
1 1802 0 1
2891
0.71875 0.296875 0
1 1803 0 1
2892
0.71875 0.328125 0
1 1804 0 1
2893
0.71875 0.359375 0
1 1805 0 1
2894
0.71875 0.390625 0
1 1806 0 1
2895
0.71875 0.421875 0
1 1807 0 1
2896
0.71875 0.453125 0
1 1808 0 1
2897
0.71875 0.484375 0
1 1809 0 1
2898
0.71875 0.515625 0
1 1810 0 1
2899
0.71875 0.546875 0
1 1811 0 1
2900
0.71875 0.578125 0
1 1812 0 1
2901
0.71875 0.609375 0
1 1813 0 1
2902
0.71875 0.640625 0
1 1814 0 1
2903
0.71875 0.671875 0
1 1815 0 1
2904
0.71875 0.703125 0
1 1816 0 1
2905
0.71875 0.734375 0
1 1817 0 1
2906
0.71875 0.765625 0
1 1818 0 1
2907
0.71875 0.796875 0
1 1819 0 1
2908
0.71875 0.828125 0
1 1820 0 1
2909
0.71875 0.859375 0
1 1821 0 1
2910
0.71875 0.890625 0
1 1822 0 1
2911
0.71875 0.921875 0
1 1823 0 1
2912
0.71875 0.953125 0
1 1824 0 1
2913
0.71875 0.984375 0
1 1825 0 1
2914
0.75 0.0156249999999592 0
1 1826 0 1
2915
0.75 0.04687499999999999 0
1 1827 0 1
2916
0.75 0.07812499999999999 0
1 1828 0 1
2917
0.75 0.109375 0
1 1829 0 1
2918
0.75 0.140625 0
1 1830 0 1
2919
0.75 0.171875 0
1 1831 0 1
2920
0.75 0.203125 0
1 1832 0 1
2921
0.75 0.234375 0
1 1833 0 1
2922
0.75 0.265625 0
1 1834 0 1
2923
0.75 0.296875 0
1 1835 0 1
2924
0.75 0.328125 0
1 1836 0 1
2925
0.75 0.359375 0
1 1837 0 1
2926
0.75 0.390625 0
1 1838 0 1
2927
0.75 0.421875 0
1 1839 0 1
2928
0.75 0.453125 0
1 1840 0 1
2929
0.75 0.484375 0
1 1841 0 1
2930
0.75 0.515625 0
1 1842 0 1
2931
0.75 0.546875 0
1 1843 0 1
2932
0.75 0.578125 0
1 1844 0 1
2933
0.75 0.609375 0
1 1845 0 1
2934
0.75 0.640625 0
1 1846 0 1
2935
0.75 0.671875 0
1 1847 0 1
2936
0.75 0.703125 0
1 1848 0 1
2937
0.75 0.734375 0
1 1849 0 1
2938
0.75 0.765625 0
1 1850 0 1
2939
0.75 0.796875 0
1 1851 0 1
2940
0.75 0.828125 0
1 1852 0 1
2941
0.75 0.859375 0
1 1853 0 1
2942
0.75 0.890625 0
1 1854 0 1
2943
0.75 0.921875 0
1 1855 0 1
2944
0.75 0.953125 0
1 1856 0 1
2945
0.75 0.984375 0
1 1857 0 1
2946
0.78125 0.0156249999999592 0
1 1858 0 1
2947
0.78125 0.04687499999999999 0
1 1859 0 1
2948
0.78125 0.07812499999999999 0
1 1860 0 1
2949
0.78125 0.109375 0
1 1861 0 1
2950
0.78125 0.140625 0
1 1862 0 1
2951
0.78125 0.171875 0
1 1863 0 1
2952
0.78125 0.203125 0
1 1864 0 1
2953
0.78125 0.234375 0
1 1865 0 1
2954
0.78125 0.265625 0
1 1866 0 1
2955
0.78125 0.296875 0
1 1867 0 1
2956
0.78125 0.328125 0
1 1868 0 1
2957
0.78125 0.359375 0
1 1869 0 1
2958
0.78125 0.390625 0
1 1870 0 1
2959
0.78125 0.421875 0
1 1871 0 1
2960
0.78125 0.453125 0
1 1872 0 1
2961
0.78125 0.484375 0
1 1873 0 1
2962
0.78125 0.515625 0
1 1874 0 1
2963
0.78125 0.546875 0
1 1875 0 1
2964
0.78125 0.578125 0
1 1876 0 1
2965
0.78125 0.609375 0
1 1877 0 1
2966
0.78125 0.640625 0
1 1878 0 1
2967
0.78125 0.671875 0
1 1879 0 1
2968
0.78125 0.703125 0
1 1880 0 1
2969
0.78125 0.734375 0
1 1881 0 1
2970
0.78125 0.765625 0
1 1882 0 1
2971
0.78125 0.796875 0
1 1883 0 1
2972
0.78125 0.828125 0
1 1884 0 1
2973
0.78125 0.859375 0
1 1885 0 1
2974
0.78125 0.890625 0
1 1886 0 1
2975
0.78125 0.921875 0
1 1887 0 1
2976
0.78125 0.953125 0
1 1888 0 1
2977
0.78125 0.984375 0
1 1889 0 1
2978
0.8125 0.0156249999999592 0
1 1890 0 1
2979
0.8125 0.04687499999999999 0
1 1891 0 1
2980
0.8125 0.07812499999999999 0
1 1892 0 1
2981
0.8125 0.109375 0
1 1893 0 1
2982
0.8125 0.140625 0
1 1894 0 1
2983
0.8125 0.171875 0
1 1895 0 1
2984
0.8125 0.203125 0
1 1896 0 1
2985
0.8125 0.234375 0
1 1897 0 1
2986
0.8125 0.265625 0
1 1898 0 1
2987
0.8125 0.296875 0
1 1899 0 1
2988
0.8125 0.328125 0
1 1900 0 1
2989
0.8125 0.359375 0
1 1901 0 1
2990
0.8125 0.390625 0
1 1902 0 1
2991
0.8125 0.421875 0
1 1903 0 1
2992
0.8125 0.453125 0
1 1904 0 1
2993
0.8125 0.484375 0
1 1905 0 1
2994
0.8125 0.515625 0
1 1906 0 1
2995
0.8125 0.546875 0
1 1907 0 1
2996
0.8125 0.578125 0
1 1908 0 1
2997
0.8125 0.609375 0
1 1909 0 1
2998
0.8125 0.640625 0
1 1910 0 1
2999
0.8125 0.671875 0
1 1911 0 1
3000
0.8125 0.703125 0
1 1912 0 1
3001
0.8125 0.734375 0
1 1913 0 1
3002
0.8125 0.765625 0
1 1914 0 1
3003
0.8125 0.796875 0
1 1915 0 1
3004
0.8125 0.828125 0
1 1916 0 1
3005
0.8125 0.859375 0
1 1917 0 1
3006
0.8125 0.890625 0
1 1918 0 1
3007
0.8125 0.921875 0
1 1919 0 1
3008
0.8125 0.953125 0
1 1920 0 1
3009
0.8125 0.984375 0
1 1921 0 1
3010
0.84375 0.0156249999999592 0
1 1922 0 1
3011
0.84375 0.04687499999999999 0
1 1923 0 1
3012
0.84375 0.07812499999999999 0
1 1924 0 1
3013
0.84375 0.109375 0
1 1925 0 1
3014
0.84375 0.140625 0
1 1926 0 1
3015
0.84375 0.171875 0
1 1927 0 1
3016
0.84375 0.203125 0
1 1928 0 1
3017
0.84375 0.234375 0
1 1929 0 1
3018
0.84375 0.265625 0
1 1930 0 1
3019
0.84375 0.296875 0
1 1931 0 1
3020
0.84375 0.328125 0
1 1932 0 1
3021
0.84375 0.359375 0
1 1933 0 1
3022
0.84375 0.390625 0
1 1934 0 1
3023
0.84375 0.421875 0
1 1935 0 1
3024
0.84375 0.453125 0
1 1936 0 1
3025
0.84375 0.484375 0
1 1937 0 1
3026
0.84375 0.515625 0
1 1938 0 1
3027
0.84375 0.546875 0
1 1939 0 1
3028
0.84375 0.578125 0
1 1940 0 1
3029
0.84375 0.609375 0
1 1941 0 1
3030
0.84375 0.640625 0
1 1942 0 1
3031
0.84375 0.671875 0
1 1943 0 1
3032
0.84375 0.703125 0
1 1944 0 1
3033
0.84375 0.734375 0
1 1945 0 1
3034
0.84375 0.765625 0
1 1946 0 1
3035
0.84375 0.796875 0
1 1947 0 1
3036
0.84375 0.828125 0
1 1948 0 1
3037
0.84375 0.859375 0
1 1949 0 1
3038
0.84375 0.890625 0
1 1950 0 1
3039
0.84375 0.921875 0
1 1951 0 1
3040
0.84375 0.953125 0
1 1952 0 1
3041
0.84375 0.984375 0
1 1953 0 1
3042
0.875 0.0156249999999592 0
1 1954 0 1
3043
0.875 0.04687499999999999 0
1 1955 0 1
3044
0.875 0.07812499999999999 0
1 1956 0 1
3045
0.875 0.109375 0
1 1957 0 1
3046
0.875 0.140625 0
1 1958 0 1
3047
0.875 0.171875 0
1 1959 0 1
3048
0.875 0.203125 0
1 1960 0 1
3049
0.875 0.234375 0
1 1961 0 1
3050
0.875 0.265625 0
1 1962 0 1
3051
0.875 0.296875 0
1 1963 0 1
3052
0.875 0.328125 0
1 1964 0 1
3053
0.875 0.359375 0
1 1965 0 1
3054
0.875 0.390625 0
1 1966 0 1
3055
0.875 0.421875 0
1 1967 0 1
3056
0.875 0.453125 0
1 1968 0 1
3057
0.875 0.484375 0
1 1969 0 1
3058
0.875 0.515625 0
1 1970 0 1
3059
0.875 0.546875 0
1 1971 0 1
3060
0.875 0.578125 0
1 1972 0 1
3061
0.875 0.609375 0
1 1973 0 1
3062
0.875 0.640625 0
1 1974 0 1
3063
0.875 0.671875 0
1 1975 0 1
3064
0.875 0.703125 0
1 1976 0 1
3065
0.875 0.734375 0
1 1977 0 1
3066
0.875 0.765625 0
1 1978 0 1
3067
0.875 0.796875 0
1 1979 0 1
3068
0.875 0.828125 0
1 1980 0 1
3069
0.875 0.859375 0
1 1981 0 1
3070
0.875 0.890625 0
1 1982 0 1
3071
0.875 0.921875 0
1 1983 0 1
3072
0.875 0.953125 0
1 1984 0 1
3073
0.875 0.984375 0
1 1985 0 1
3074
0.90625 0.0156249999999592 0
1 1986 0 1
3075
0.90625 0.04687499999999999 0
1 1987 0 1
3076
0.90625 0.07812499999999999 0
1 1988 0 1
3077
0.90625 0.109375 0
1 1989 0 1
3078
0.90625 0.140625 0
1 1990 0 1
3079
0.90625 0.171875 0
1 1991 0 1
3080
0.90625 0.203125 0
1 1992 0 1
3081
0.90625 0.234375 0
1 1993 0 1
3082
0.90625 0.265625 0
1 1994 0 1
3083
0.90625 0.296875 0
1 1995 0 1
3084
0.90625 0.328125 0
1 1996 0 1
3085
0.90625 0.359375 0
1 1997 0 1
3086
0.90625 0.390625 0
1 1998 0 1
3087
0.90625 0.421875 0
1 1999 0 1
3088
0.90625 0.453125 0
1 2000 0 1
3089
0.90625 0.484375 0
1 2001 0 1
3090
0.90625 0.515625 0
1 2002 0 1
3091
0.90625 0.546875 0
1 2003 0 1
3092
0.90625 0.578125 0
1 2004 0 1
3093
0.90625 0.609375 0
1 2005 0 1
3094
0.90625 0.640625 0
1 2006 0 1
3095
0.90625 0.671875 0
1 2007 0 1
3096
0.90625 0.703125 0
1 2008 0 1
3097
0.90625 0.734375 0
1 2009 0 1
3098
0.90625 0.765625 0
1 2010 0 1
3099
0.90625 0.796875 0
1 2011 0 1
3100
0.90625 0.828125 0
1 2012 0 1
3101
0.90625 0.859375 0
1 2013 0 1
3102
0.90625 0.890625 0
1 2014 0 1
3103
0.90625 0.921875 0
1 2015 0 1
3104
0.90625 0.953125 0
1 2016 0 1
3105
0.90625 0.984375 0
1 2017 0 1
3106
0.9375 0.0156249999999592 0
1 2018 0 1
3107
0.9375 0.04687499999999999 0
1 2019 0 1
3108
0.9375 0.07812499999999999 0
1 2020 0 1
3109
0.9375 0.109375 0
1 2021 0 1
3110
0.9375 0.140625 0
1 2022 0 1
3111
0.9375 0.171875 0
1 2023 0 1
3112
0.9375 0.203125 0
1 2024 0 1
3113
0.9375 0.234375 0
1 2025 0 1
3114
0.9375 0.265625 0
1 2026 0 1
3115
0.9375 0.296875 0
1 2027 0 1
3116
0.9375 0.328125 0
1 2028 0 1
3117
0.9375 0.359375 0
1 2029 0 1
3118
0.9375 0.390625 0
1 2030 0 1
3119
0.9375 0.421875 0
1 2031 0 1
3120
0.9375 0.453125 0
1 2032 0 1
3121
0.9375 0.484375 0
1 2033 0 1
3122
0.9375 0.515625 0
1 2034 0 1
3123
0.9375 0.546875 0
1 2035 0 1
3124
0.9375 0.578125 0
1 2036 0 1
3125
0.9375 0.609375 0
1 2037 0 1
3126
0.9375 0.640625 0
1 2038 0 1
3127
0.9375 0.671875 0
1 2039 0 1
3128
0.9375 0.703125 0
1 2040 0 1
3129
0.9375 0.734375 0
1 2041 0 1
3130
0.9375 0.765625 0
1 2042 0 1
3131
0.9375 0.796875 0
1 2043 0 1
3132
0.9375 0.828125 0
1 2044 0 1
3133
0.9375 0.859375 0
1 2045 0 1
3134
0.9375 0.890625 0
1 2046 0 1
3135
0.9375 0.921875 0
1 2047 0 1
3136
0.9375 0.953125 0
1 2048 0 1
3137
0.9375 0.984375 0
1 2049 0 1
3138
0.96875 0.0156249999999592 0
1 2050 0 1
3139
0.96875 0.04687499999999999 0
1 2051 0 1
3140
0.96875 0.07812499999999999 0
1 2052 0 1
3141
0.96875 0.109375 0
1 2053 0 1
3142
0.96875 0.140625 0
1 2054 0 1
3143
0.96875 0.171875 0
1 2055 0 1
3144
0.96875 0.203125 0
1 2056 0 1
3145
0.96875 0.234375 0
1 2057 0 1
3146
0.96875 0.265625 0
1 2058 0 1
3147
0.96875 0.296875 0
1 2059 0 1
3148
0.96875 0.328125 0
1 2060 0 1
3149
0.96875 0.359375 0
1 2061 0 1
3150
0.96875 0.390625 0
1 2062 0 1
3151
0.96875 0.421875 0
1 2063 0 1
3152
0.96875 0.453125 0
1 2064 0 1
3153
0.96875 0.484375 0
1 2065 0 1
3154
0.96875 0.515625 0
1 2066 0 1
3155
0.96875 0.546875 0
1 2067 0 1
3156
0.96875 0.578125 0
1 2068 0 1
3157
0.96875 0.609375 0
1 2069 0 1
3158
0.96875 0.640625 0
1 2070 0 1
3159
0.96875 0.671875 0
1 2071 0 1
3160
0.96875 0.703125 0
1 2072 0 1
3161
0.96875 0.734375 0
1 2073 0 1
3162
0.96875 0.765625 0
1 2074 0 1
3163
0.96875 0.796875 0
1 2075 0 1
3164
0.96875 0.828125 0
1 2076 0 1
3165
0.96875 0.859375 0
1 2077 0 1
3166
0.96875 0.890625 0
1 2078 0 1
3167
0.96875 0.921875 0
1 2079 0 1
3168
0.96875 0.953125 0
1 2080 0 1
3169
0.96875 0.984375 0
1 2081 0 1
3170
1 0.0156249999999592 0
1 2082 0 1
3171
1 0.04687499999999999 0
1 2083 0 1
3172
1 0.07812499999999999 0
1 2084 0 1
3173
1 0.109375 0
1 2085 0 1
3174
1 0.140625 0
1 2086 0 1
3175
1 0.171875 0
1 2087 0 1
3176
1 0.203125 0
1 2088 0 1
3177
1 0.234375 0
1 2089 0 1
3178
1 0.265625 0
1 2090 0 1
3179
1 0.296875 0
1 2091 0 1
3180
1 0.328125 0
1 2092 0 1
3181
1 0.359375 0
1 2093 0 1
3182
1 0.390625 0
1 2094 0 1
3183
1 0.421875 0
1 2095 0 1
3184
1 0.453125 0
1 2096 0 1
3185
1 0.484375 0
1 2097 0 1
3186
1 0.515625 0
1 2098 0 1
3187
1 0.546875 0
1 2099 0 1
3188
1 0.578125 0
1 2100 0 1
3189
1 0.609375 0
1 2101 0 1
3190
1 0.640625 0
1 2102 0 1
3191
1 0.671875 0
1 2103 0 1
3192
1 0.703125 0
1 2104 0 1
3193
1 0.734375 0
1 2105 0 1
3194
1 0.765625 0
1 2106 0 1
3195
1 0.796875 0
1 2107 0 1
3196
1 0.828125 0
1 2108 0 1
3197
1 0.859375 0
1 2109 0 1
3198
1 0.890625 0
1 2110 0 1
3199
1 0.921875 0
1 2111 0 1
3200
1 0.953125 0
1 2112 0 1
3201
1 0.984375 0
2 1 0 1
3202
0.0156249999999796 0.0156249999999796 0
2 2 0 1
3203
0.0156249999999796 0.046875 0
2 3 0 1
3204
0.0156249999999796 0.078125 0
2 4 0 1
3205
0.0156249999999796 0.109375 0
2 5 0 1
3206
0.0156249999999796 0.140625 0
2 6 0 1
3207
0.0156249999999796 0.171875 0
2 7 0 1
3208
0.0156249999999796 0.203125 0
2 8 0 1
3209
0.0156249999999796 0.234375 0
2 9 0 1
3210
0.0156249999999796 0.265625 0
2 10 0 1
3211
0.0156249999999796 0.296875 0
2 11 0 1
3212
0.0156249999999796 0.328125 0
2 12 0 1
3213
0.0156249999999796 0.359375 0
2 13 0 1
3214
0.0156249999999796 0.390625 0
2 14 0 1
3215
0.0156249999999796 0.421875 0
2 15 0 1
3216
0.0156249999999796 0.453125 0
2 16 0 1
3217
0.0156249999999796 0.484375 0
2 17 0 1
3218
0.0156249999999796 0.515625 0
2 18 0 1
3219
0.0156249999999796 0.546875 0
2 19 0 1
3220
0.0156249999999796 0.578125 0
2 20 0 1
3221
0.0156249999999796 0.609375 0
2 21 0 1
3222
0.0156249999999796 0.640625 0
2 22 0 1
3223
0.0156249999999796 0.671875 0
2 23 0 1
3224
0.0156249999999796 0.703125 0
2 24 0 1
3225
0.0156249999999796 0.734375 0
2 25 0 1
3226
0.0156249999999796 0.765625 0
2 26 0 1
3227
0.0156249999999796 0.796875 0
2 27 0 1
3228
0.0156249999999796 0.828125 0
2 28 0 1
3229
0.0156249999999796 0.859375 0
2 29 0 1
3230
0.0156249999999796 0.890625 0
2 30 0 1
3231
0.0156249999999796 0.921875 0
2 31 0 1
3232
0.0156249999999796 0.953125 0
2 32 0 1
3233
0.0156249999999796 0.984375 0
2 33 0 1
3234
0.046875 0.0156249999999796 0
2 34 0 1
3235
0.046875 0.046875 0
2 35 0 1
3236
0.046875 0.078125 0
2 36 0 1
3237
0.046875 0.109375 0
2 37 0 1
3238
0.046875 0.140625 0
2 38 0 1
3239
0.046875 0.171875 0
2 39 0 1
3240
0.046875 0.203125 0
2 40 0 1
3241
0.046875 0.234375 0
2 41 0 1
3242
0.046875 0.265625 0
2 42 0 1
3243
0.046875 0.296875 0
2 43 0 1
3244
0.046875 0.328125 0
2 44 0 1
3245
0.046875 0.359375 0
2 45 0 1
3246
0.046875 0.390625 0
2 46 0 1
3247
0.046875 0.421875 0
2 47 0 1
3248
0.046875 0.453125 0
2 48 0 1
3249
0.046875 0.484375 0
2 49 0 1
3250
0.046875 0.515625 0
2 50 0 1
3251
0.046875 0.546875 0
2 51 0 1
3252
0.046875 0.578125 0
2 52 0 1
3253
0.046875 0.609375 0
2 53 0 1
3254
0.046875 0.640625 0
2 54 0 1
3255
0.046875 0.671875 0
2 55 0 1
3256
0.046875 0.703125 0
2 56 0 1
3257
0.046875 0.734375 0
2 57 0 1
3258
0.046875 0.765625 0
2 58 0 1
3259
0.046875 0.796875 0
2 59 0 1
3260
0.046875 0.828125 0
2 60 0 1
3261
0.046875 0.859375 0
2 61 0 1
3262
0.046875 0.890625 0
2 62 0 1
3263
0.046875 0.921875 0
2 63 0 1
3264
0.046875 0.953125 0
2 64 0 1
3265
0.046875 0.984375 0
2 65 0 1
3266
0.078125 0.0156249999999796 0
2 66 0 1
3267
0.078125 0.046875 0
2 67 0 1
3268
0.078125 0.078125 0
2 68 0 1
3269
0.078125 0.109375 0
2 69 0 1
3270
0.078125 0.140625 0
2 70 0 1
3271
0.078125 0.171875 0
2 71 0 1
3272
0.078125 0.203125 0
2 72 0 1
3273
0.078125 0.234375 0
2 73 0 1
3274
0.078125 0.265625 0
2 74 0 1
3275
0.078125 0.296875 0
2 75 0 1
3276
0.078125 0.328125 0
2 76 0 1
3277
0.078125 0.359375 0
2 77 0 1
3278
0.078125 0.390625 0
2 78 0 1
3279
0.078125 0.421875 0
2 79 0 1
3280
0.078125 0.453125 0
2 80 0 1
3281
0.078125 0.484375 0
2 81 0 1
3282
0.078125 0.515625 0
2 82 0 1
3283
0.078125 0.546875 0
2 83 0 1
3284
0.078125 0.578125 0
2 84 0 1
3285
0.078125 0.609375 0
2 85 0 1
3286
0.078125 0.640625 0
2 86 0 1
3287
0.078125 0.671875 0
2 87 0 1
3288
0.078125 0.703125 0
2 88 0 1
3289
0.078125 0.734375 0
2 89 0 1
3290
0.078125 0.765625 0
2 90 0 1
3291
0.078125 0.796875 0
2 91 0 1
3292
0.078125 0.828125 0
2 92 0 1
3293
0.078125 0.859375 0
2 93 0 1
3294
0.078125 0.890625 0
2 94 0 1
3295
0.078125 0.921875 0
2 95 0 1
3296
0.078125 0.953125 0
2 96 0 1
3297
0.078125 0.984375 0
2 97 0 1
3298
0.109375 0.0156249999999796 0
2 98 0 1
3299
0.109375 0.046875 0
2 99 0 1
3300
0.109375 0.078125 0
2 100 0 1
3301
0.109375 0.109375 0
2 101 0 1
3302
0.109375 0.140625 0
2 102 0 1
3303
0.109375 0.171875 0
2 103 0 1
3304
0.109375 0.203125 0
2 104 0 1
3305
0.109375 0.234375 0
2 105 0 1
3306
0.109375 0.265625 0
2 106 0 1
3307
0.109375 0.296875 0
2 107 0 1
3308
0.109375 0.328125 0
2 108 0 1
3309
0.109375 0.359375 0
2 109 0 1
3310
0.109375 0.390625 0
2 110 0 1
3311
0.109375 0.421875 0
2 111 0 1
3312
0.109375 0.453125 0
2 112 0 1
3313
0.109375 0.484375 0
2 113 0 1
3314
0.109375 0.515625 0
2 114 0 1
3315
0.109375 0.546875 0
2 115 0 1
3316
0.109375 0.578125 0
2 116 0 1
3317
0.109375 0.609375 0
2 117 0 1
3318
0.109375 0.640625 0
2 118 0 1
3319
0.109375 0.671875 0
2 119 0 1
3320
0.109375 0.703125 0
2 120 0 1
3321
0.109375 0.734375 0
2 121 0 1
3322
0.109375 0.765625 0
2 122 0 1
3323
0.109375 0.796875 0
2 123 0 1
3324
0.109375 0.828125 0
2 124 0 1
3325
0.109375 0.859375 0
2 125 0 1
3326
0.109375 0.890625 0
2 126 0 1
3327
0.109375 0.921875 0
2 127 0 1
3328
0.109375 0.953125 0
2 128 0 1
3329
0.109375 0.984375 0
2 129 0 1
3330
0.140625 0.0156249999999796 0
2 130 0 1
3331
0.140625 0.046875 0
2 131 0 1
3332
0.140625 0.078125 0
2 132 0 1
3333
0.140625 0.109375 0
2 133 0 1
3334
0.140625 0.140625 0
2 134 0 1
3335
0.140625 0.171875 0
2 135 0 1
3336
0.140625 0.203125 0
2 136 0 1
3337
0.140625 0.234375 0
2 137 0 1
3338
0.140625 0.265625 0
2 138 0 1
3339
0.140625 0.296875 0
2 139 0 1
3340
0.140625 0.328125 0
2 140 0 1
3341
0.140625 0.359375 0
2 141 0 1
3342
0.140625 0.390625 0
2 142 0 1
3343
0.140625 0.421875 0
2 143 0 1
3344
0.140625 0.453125 0
2 144 0 1
3345
0.140625 0.484375 0
2 145 0 1
3346
0.140625 0.515625 0
2 146 0 1
3347
0.140625 0.546875 0
2 147 0 1
3348
0.140625 0.578125 0
2 148 0 1
3349
0.140625 0.609375 0
2 149 0 1
3350
0.140625 0.640625 0
2 150 0 1
3351
0.140625 0.671875 0
2 151 0 1
3352
0.140625 0.703125 0
2 152 0 1
3353
0.140625 0.734375 0
2 153 0 1
3354
0.140625 0.765625 0
2 154 0 1
3355
0.140625 0.796875 0
2 155 0 1
3356
0.140625 0.828125 0
2 156 0 1
3357
0.140625 0.859375 0
2 157 0 1
3358
0.140625 0.890625 0
2 158 0 1
3359
0.140625 0.921875 0
2 159 0 1
3360
0.140625 0.953125 0
2 160 0 1
3361
0.140625 0.984375 0
2 161 0 1
3362
0.171875 0.0156249999999796 0
2 162 0 1
3363
0.171875 0.046875 0
2 163 0 1
3364
0.171875 0.078125 0
2 164 0 1
3365
0.171875 0.109375 0
2 165 0 1
3366
0.171875 0.140625 0
2 166 0 1
3367
0.171875 0.171875 0
2 167 0 1
3368
0.171875 0.203125 0
2 168 0 1
3369
0.171875 0.234375 0
2 169 0 1
3370
0.171875 0.265625 0
2 170 0 1
3371
0.171875 0.296875 0
2 171 0 1
3372
0.171875 0.328125 0
2 172 0 1
3373
0.171875 0.359375 0
2 173 0 1
3374
0.171875 0.390625 0
2 174 0 1
3375
0.171875 0.421875 0
2 175 0 1
3376
0.171875 0.453125 0
2 176 0 1
3377
0.171875 0.484375 0
2 177 0 1
3378
0.171875 0.515625 0
2 178 0 1
3379
0.171875 0.546875 0
2 179 0 1
3380
0.171875 0.578125 0
2 180 0 1
3381
0.171875 0.609375 0
2 181 0 1
3382
0.171875 0.640625 0
2 182 0 1
3383
0.171875 0.671875 0
2 183 0 1
3384
0.171875 0.703125 0
2 184 0 1
3385
0.171875 0.734375 0
2 185 0 1
3386
0.171875 0.765625 0
2 186 0 1
3387
0.171875 0.796875 0
2 187 0 1
3388
0.171875 0.828125 0
2 188 0 1
3389
0.171875 0.859375 0
2 189 0 1
3390
0.171875 0.890625 0
2 190 0 1
3391
0.171875 0.921875 0
2 191 0 1
3392
0.171875 0.953125 0
2 192 0 1
3393
0.171875 0.984375 0
2 193 0 1
3394
0.203125 0.0156249999999796 0
2 194 0 1
3395
0.203125 0.046875 0
2 195 0 1
3396
0.203125 0.078125 0
2 196 0 1
3397
0.203125 0.109375 0
2 197 0 1
3398
0.203125 0.140625 0
2 198 0 1
3399
0.203125 0.171875 0
2 199 0 1
3400
0.203125 0.203125 0
2 200 0 1
3401
0.203125 0.234375 0
2 201 0 1
3402
0.203125 0.265625 0
2 202 0 1
3403
0.203125 0.296875 0
2 203 0 1
3404
0.203125 0.328125 0
2 204 0 1
3405
0.203125 0.359375 0
2 205 0 1
3406
0.203125 0.390625 0
2 206 0 1
3407
0.203125 0.421875 0
2 207 0 1
3408
0.203125 0.453125 0
2 208 0 1
3409
0.203125 0.484375 0
2 209 0 1
3410
0.203125 0.515625 0
2 210 0 1
3411
0.203125 0.546875 0
2 211 0 1
3412
0.203125 0.578125 0
2 212 0 1
3413
0.203125 0.609375 0
2 213 0 1
3414
0.203125 0.640625 0
2 214 0 1
3415
0.203125 0.671875 0
2 215 0 1
3416
0.203125 0.703125 0
2 216 0 1
3417
0.203125 0.734375 0
2 217 0 1
3418
0.203125 0.765625 0
2 218 0 1
3419
0.203125 0.796875 0
2 219 0 1
3420
0.203125 0.828125 0
2 220 0 1
3421
0.203125 0.859375 0
2 221 0 1
3422
0.203125 0.890625 0
2 222 0 1
3423
0.203125 0.921875 0
2 223 0 1
3424
0.203125 0.953125 0
2 224 0 1
3425
0.203125 0.984375 0
2 225 0 1
3426
0.234375 0.0156249999999796 0
2 226 0 1
3427
0.234375 0.046875 0
2 227 0 1
3428
0.234375 0.078125 0
2 228 0 1
3429
0.234375 0.109375 0
2 229 0 1
3430
0.234375 0.140625 0
2 230 0 1
3431
0.234375 0.171875 0
2 231 0 1
3432
0.234375 0.203125 0
2 232 0 1
3433
0.234375 0.234375 0
2 233 0 1
3434
0.234375 0.265625 0
2 234 0 1
3435
0.234375 0.296875 0
2 235 0 1
3436
0.234375 0.328125 0
2 236 0 1
3437
0.234375 0.359375 0
2 237 0 1
3438
0.234375 0.390625 0
2 238 0 1
3439
0.234375 0.421875 0
2 239 0 1
3440
0.234375 0.453125 0
2 240 0 1
3441
0.234375 0.484375 0
2 241 0 1
3442
0.234375 0.515625 0
2 242 0 1
3443
0.234375 0.546875 0
2 243 0 1
3444
0.234375 0.578125 0
2 244 0 1
3445
0.234375 0.609375 0
2 245 0 1
3446
0.234375 0.640625 0
2 246 0 1
3447
0.234375 0.671875 0
2 247 0 1
3448
0.234375 0.703125 0
2 248 0 1
3449
0.234375 0.734375 0
2 249 0 1
3450
0.234375 0.765625 0
2 250 0 1
3451
0.234375 0.796875 0
2 251 0 1
3452
0.234375 0.828125 0
2 252 0 1
3453
0.234375 0.859375 0
2 253 0 1
3454
0.234375 0.890625 0
2 254 0 1
3455
0.234375 0.921875 0
2 255 0 1
3456
0.234375 0.953125 0
2 256 0 1
3457
0.234375 0.984375 0
2 257 0 1
3458
0.265625 0.0156249999999796 0
2 258 0 1
3459
0.265625 0.046875 0
2 259 0 1
3460
0.265625 0.078125 0
2 260 0 1
3461
0.265625 0.109375 0
2 261 0 1
3462
0.265625 0.140625 0
2 262 0 1
3463
0.265625 0.171875 0
2 263 0 1
3464
0.265625 0.203125 0
2 264 0 1
3465
0.265625 0.234375 0
2 265 0 1
3466
0.265625 0.265625 0
2 266 0 1
3467
0.265625 0.296875 0
2 267 0 1
3468
0.265625 0.328125 0
2 268 0 1
3469
0.265625 0.359375 0
2 269 0 1
3470
0.265625 0.390625 0
2 270 0 1
3471
0.265625 0.421875 0
2 271 0 1
3472
0.265625 0.453125 0
2 272 0 1
3473
0.265625 0.484375 0
2 273 0 1
3474
0.265625 0.515625 0
2 274 0 1
3475
0.265625 0.546875 0
2 275 0 1
3476
0.265625 0.578125 0
2 276 0 1
3477
0.265625 0.609375 0
2 277 0 1
3478
0.265625 0.640625 0
2 278 0 1
3479
0.265625 0.671875 0
2 279 0 1
3480
0.265625 0.703125 0
2 280 0 1
3481
0.265625 0.734375 0
2 281 0 1
3482
0.265625 0.765625 0
2 282 0 1
3483
0.265625 0.796875 0
2 283 0 1
3484
0.265625 0.828125 0
2 284 0 1
3485
0.265625 0.859375 0
2 285 0 1
3486
0.265625 0.890625 0
2 286 0 1
3487
0.265625 0.921875 0
2 287 0 1
3488
0.265625 0.953125 0
2 288 0 1
3489
0.265625 0.984375 0
2 289 0 1
3490
0.296875 0.0156249999999796 0
2 290 0 1
3491
0.296875 0.046875 0
2 291 0 1
3492
0.296875 0.078125 0
2 292 0 1
3493
0.296875 0.109375 0
2 293 0 1
3494
0.296875 0.140625 0
2 294 0 1
3495
0.296875 0.171875 0
2 295 0 1
3496
0.296875 0.203125 0
2 296 0 1
3497
0.296875 0.234375 0
2 297 0 1
3498
0.296875 0.265625 0
2 298 0 1
3499
0.296875 0.296875 0
2 299 0 1
3500
0.296875 0.328125 0
2 300 0 1
3501
0.296875 0.359375 0
2 301 0 1
3502
0.296875 0.390625 0
2 302 0 1
3503
0.296875 0.421875 0
2 303 0 1
3504
0.296875 0.453125 0
2 304 0 1
3505
0.296875 0.484375 0
2 305 0 1
3506
0.296875 0.515625 0
2 306 0 1
3507
0.296875 0.546875 0
2 307 0 1
3508
0.296875 0.578125 0
2 308 0 1
3509
0.296875 0.609375 0
2 309 0 1
3510
0.296875 0.640625 0
2 310 0 1
3511
0.296875 0.671875 0
2 311 0 1
3512
0.296875 0.703125 0
2 312 0 1
3513
0.296875 0.734375 0
2 313 0 1
3514
0.296875 0.765625 0
2 314 0 1
3515
0.296875 0.796875 0
2 315 0 1
3516
0.296875 0.828125 0
2 316 0 1
3517
0.296875 0.859375 0
2 317 0 1
3518
0.296875 0.890625 0
2 318 0 1
3519
0.296875 0.921875 0
2 319 0 1
3520
0.296875 0.953125 0
2 320 0 1
3521
0.296875 0.984375 0
2 321 0 1
3522
0.328125 0.0156249999999796 0
2 322 0 1
3523
0.328125 0.046875 0
2 323 0 1
3524
0.328125 0.078125 0
2 324 0 1
3525
0.328125 0.109375 0
2 325 0 1
3526
0.328125 0.140625 0
2 326 0 1
3527
0.328125 0.171875 0
2 327 0 1
3528
0.328125 0.203125 0
2 328 0 1
3529
0.328125 0.234375 0
2 329 0 1
3530
0.328125 0.265625 0
2 330 0 1
3531
0.328125 0.296875 0
2 331 0 1
3532
0.328125 0.328125 0
2 332 0 1
3533
0.328125 0.359375 0
2 333 0 1
3534
0.328125 0.390625 0
2 334 0 1
3535
0.328125 0.421875 0
2 335 0 1
3536
0.328125 0.453125 0
2 336 0 1
3537
0.328125 0.484375 0
2 337 0 1
3538
0.328125 0.515625 0
2 338 0 1
3539
0.328125 0.546875 0
2 339 0 1
3540
0.328125 0.578125 0
2 340 0 1
3541
0.328125 0.609375 0
2 341 0 1
3542
0.328125 0.640625 0
2 342 0 1
3543
0.328125 0.671875 0
2 343 0 1
3544
0.328125 0.703125 0
2 344 0 1
3545
0.328125 0.734375 0
2 345 0 1
3546
0.328125 0.765625 0
2 346 0 1
3547
0.328125 0.796875 0
2 347 0 1
3548
0.328125 0.828125 0
2 348 0 1
3549
0.328125 0.859375 0
2 349 0 1
3550
0.328125 0.890625 0
2 350 0 1
3551
0.328125 0.921875 0
2 351 0 1
3552
0.328125 0.953125 0
2 352 0 1
3553
0.328125 0.984375 0
2 353 0 1
3554
0.359375 0.0156249999999796 0
2 354 0 1
3555
0.359375 0.046875 0
2 355 0 1
3556
0.359375 0.078125 0
2 356 0 1
3557
0.359375 0.109375 0
2 357 0 1
3558
0.359375 0.140625 0
2 358 0 1
3559
0.359375 0.171875 0
2 359 0 1
3560
0.359375 0.203125 0
2 360 0 1
3561
0.359375 0.234375 0
2 361 0 1
3562
0.359375 0.265625 0
2 362 0 1
3563
0.359375 0.296875 0
2 363 0 1
3564
0.359375 0.328125 0
2 364 0 1
3565
0.359375 0.359375 0
2 365 0 1
3566
0.359375 0.390625 0
2 366 0 1
3567
0.359375 0.421875 0
2 367 0 1
3568
0.359375 0.453125 0
2 368 0 1
3569
0.359375 0.484375 0
2 369 0 1
3570
0.359375 0.515625 0
2 370 0 1
3571
0.359375 0.546875 0
2 371 0 1
3572
0.359375 0.578125 0
2 372 0 1
3573
0.359375 0.609375 0
2 373 0 1
3574
0.359375 0.640625 0
2 374 0 1
3575
0.359375 0.671875 0
2 375 0 1
3576
0.359375 0.703125 0
2 376 0 1
3577
0.359375 0.734375 0
2 377 0 1
3578
0.359375 0.765625 0
2 378 0 1
3579
0.359375 0.796875 0
2 379 0 1
3580
0.359375 0.828125 0
2 380 0 1
3581
0.359375 0.859375 0
2 381 0 1
3582
0.359375 0.890625 0
2 382 0 1
3583
0.359375 0.921875 0
2 383 0 1
3584
0.359375 0.953125 0
2 384 0 1
3585
0.359375 0.984375 0
2 385 0 1
3586
0.390625 0.0156249999999796 0
2 386 0 1
3587
0.390625 0.046875 0
2 387 0 1
3588
0.390625 0.078125 0
2 388 0 1
3589
0.390625 0.109375 0
2 389 0 1
3590
0.390625 0.140625 0
2 390 0 1
3591
0.390625 0.171875 0
2 391 0 1
3592
0.390625 0.203125 0
2 392 0 1
3593
0.390625 0.234375 0
2 393 0 1
3594
0.390625 0.265625 0
2 394 0 1
3595
0.390625 0.296875 0
2 395 0 1
3596
0.390625 0.328125 0
2 396 0 1
3597
0.390625 0.359375 0
2 397 0 1
3598
0.390625 0.390625 0
2 398 0 1
3599
0.390625 0.421875 0
2 399 0 1
3600
0.390625 0.453125 0
2 400 0 1
3601
0.390625 0.484375 0
2 401 0 1
3602
0.390625 0.515625 0
2 402 0 1
3603
0.390625 0.546875 0
2 403 0 1
3604
0.390625 0.578125 0
2 404 0 1
3605
0.390625 0.609375 0
2 405 0 1
3606
0.390625 0.640625 0
2 406 0 1
3607
0.390625 0.671875 0
2 407 0 1
3608
0.390625 0.703125 0
2 408 0 1
3609
0.390625 0.734375 0
2 409 0 1
3610
0.390625 0.765625 0
2 410 0 1
3611
0.390625 0.796875 0
2 411 0 1
3612
0.390625 0.828125 0
2 412 0 1
3613
0.390625 0.859375 0
2 413 0 1
3614
0.390625 0.890625 0
2 414 0 1
3615
0.390625 0.921875 0
2 415 0 1
3616
0.390625 0.953125 0
2 416 0 1
3617
0.390625 0.984375 0
2 417 0 1
3618
0.421875 0.0156249999999796 0
2 418 0 1
3619
0.421875 0.046875 0
2 419 0 1
3620
0.421875 0.078125 0
2 420 0 1
3621
0.421875 0.109375 0
2 421 0 1
3622
0.421875 0.140625 0
2 422 0 1
3623
0.421875 0.171875 0
2 423 0 1
3624
0.421875 0.203125 0
2 424 0 1
3625
0.421875 0.234375 0
2 425 0 1
3626
0.421875 0.265625 0
2 426 0 1
3627
0.421875 0.296875 0
2 427 0 1
3628
0.421875 0.328125 0
2 428 0 1
3629
0.421875 0.359375 0
2 429 0 1
3630
0.421875 0.390625 0
2 430 0 1
3631
0.421875 0.421875 0
2 431 0 1
3632
0.421875 0.453125 0
2 432 0 1
3633
0.421875 0.484375 0
2 433 0 1
3634
0.421875 0.515625 0
2 434 0 1
3635
0.421875 0.546875 0
2 435 0 1
3636
0.421875 0.578125 0
2 436 0 1
3637
0.421875 0.609375 0
2 437 0 1
3638
0.421875 0.640625 0
2 438 0 1
3639
0.421875 0.671875 0
2 439 0 1
3640
0.421875 0.703125 0
2 440 0 1
3641
0.421875 0.734375 0
2 441 0 1
3642
0.421875 0.765625 0
2 442 0 1
3643
0.421875 0.796875 0
2 443 0 1
3644
0.421875 0.828125 0
2 444 0 1
3645
0.421875 0.859375 0
2 445 0 1
3646
0.421875 0.890625 0
2 446 0 1
3647
0.421875 0.921875 0
2 447 0 1
3648
0.421875 0.953125 0
2 448 0 1
3649
0.421875 0.984375 0
2 449 0 1
3650
0.453125 0.0156249999999796 0
2 450 0 1
3651
0.453125 0.046875 0
2 451 0 1
3652
0.453125 0.078125 0
2 452 0 1
3653
0.453125 0.109375 0
2 453 0 1
3654
0.453125 0.140625 0
2 454 0 1
3655
0.453125 0.171875 0
2 455 0 1
3656
0.453125 0.203125 0
2 456 0 1
3657
0.453125 0.234375 0
2 457 0 1
3658
0.453125 0.265625 0
2 458 0 1
3659
0.453125 0.296875 0
2 459 0 1
3660
0.453125 0.328125 0
2 460 0 1
3661
0.453125 0.359375 0
2 461 0 1
3662
0.453125 0.390625 0
2 462 0 1
3663
0.453125 0.421875 0
2 463 0 1
3664
0.453125 0.453125 0
2 464 0 1
3665
0.453125 0.484375 0
2 465 0 1
3666
0.453125 0.515625 0
2 466 0 1
3667
0.453125 0.546875 0
2 467 0 1
3668
0.453125 0.578125 0
2 468 0 1
3669
0.453125 0.609375 0
2 469 0 1
3670
0.453125 0.640625 0
2 470 0 1
3671
0.453125 0.671875 0
2 471 0 1
3672
0.453125 0.703125 0
2 472 0 1
3673
0.453125 0.734375 0
2 473 0 1
3674
0.453125 0.765625 0
2 474 0 1
3675
0.453125 0.796875 0
2 475 0 1
3676
0.453125 0.828125 0
2 476 0 1
3677
0.453125 0.859375 0
2 477 0 1
3678
0.453125 0.890625 0
2 478 0 1
3679
0.453125 0.921875 0
2 479 0 1
3680
0.453125 0.953125 0
2 480 0 1
3681
0.453125 0.984375 0
2 481 0 1
3682
0.484375 0.0156249999999796 0
2 482 0 1
3683
0.484375 0.046875 0
2 483 0 1
3684
0.484375 0.078125 0
2 484 0 1
3685
0.484375 0.109375 0
2 485 0 1
3686
0.484375 0.140625 0
2 486 0 1
3687
0.484375 0.171875 0
2 487 0 1
3688
0.484375 0.203125 0
2 488 0 1
3689
0.484375 0.234375 0
2 489 0 1
3690
0.484375 0.265625 0
2 490 0 1
3691
0.484375 0.296875 0
2 491 0 1
3692
0.484375 0.328125 0
2 492 0 1
3693
0.484375 0.359375 0
2 493 0 1
3694
0.484375 0.390625 0
2 494 0 1
3695
0.484375 0.421875 0
2 495 0 1
3696
0.484375 0.453125 0
2 496 0 1
3697
0.484375 0.484375 0
2 497 0 1
3698
0.484375 0.515625 0
2 498 0 1
3699
0.484375 0.546875 0
2 499 0 1
3700
0.484375 0.578125 0
2 500 0 1
3701
0.484375 0.609375 0
2 501 0 1
3702
0.484375 0.640625 0
2 502 0 1
3703
0.484375 0.671875 0
2 503 0 1
3704
0.484375 0.703125 0
2 504 0 1
3705
0.484375 0.734375 0
2 505 0 1
3706
0.484375 0.765625 0
2 506 0 1
3707
0.484375 0.796875 0
2 507 0 1
3708
0.484375 0.828125 0
2 508 0 1
3709
0.484375 0.859375 0
2 509 0 1
3710
0.484375 0.890625 0
2 510 0 1
3711
0.484375 0.921875 0
2 511 0 1
3712
0.484375 0.953125 0
2 512 0 1
3713
0.484375 0.984375 0
2 513 0 1
3714
0.515625 0.0156249999999796 0
2 514 0 1
3715
0.515625 0.046875 0
2 515 0 1
3716
0.515625 0.078125 0
2 516 0 1
3717
0.515625 0.109375 0
2 517 0 1
3718
0.515625 0.140625 0
2 518 0 1
3719
0.515625 0.171875 0
2 519 0 1
3720
0.515625 0.203125 0
2 520 0 1
3721
0.515625 0.234375 0
2 521 0 1
3722
0.515625 0.265625 0
2 522 0 1
3723
0.515625 0.296875 0
2 523 0 1
3724
0.515625 0.328125 0
2 524 0 1
3725
0.515625 0.359375 0
2 525 0 1
3726
0.515625 0.390625 0
2 526 0 1
3727
0.515625 0.421875 0
2 527 0 1
3728
0.515625 0.453125 0
2 528 0 1
3729
0.515625 0.484375 0
2 529 0 1
3730
0.515625 0.515625 0
2 530 0 1
3731
0.515625 0.546875 0
2 531 0 1
3732
0.515625 0.578125 0
2 532 0 1
3733
0.515625 0.609375 0
2 533 0 1
3734
0.515625 0.640625 0
2 534 0 1
3735
0.515625 0.671875 0
2 535 0 1
3736
0.515625 0.703125 0
2 536 0 1
3737
0.515625 0.734375 0
2 537 0 1
3738
0.515625 0.765625 0
2 538 0 1
3739
0.515625 0.796875 0
2 539 0 1
3740
0.515625 0.828125 0
2 540 0 1
3741
0.515625 0.859375 0
2 541 0 1
3742
0.515625 0.890625 0
2 542 0 1
3743
0.515625 0.921875 0
2 543 0 1
3744
0.515625 0.953125 0
2 544 0 1
3745
0.515625 0.984375 0
2 545 0 1
3746
0.546875 0.0156249999999796 0
2 546 0 1
3747
0.546875 0.046875 0
2 547 0 1
3748
0.546875 0.078125 0
2 548 0 1
3749
0.546875 0.109375 0
2 549 0 1
3750
0.546875 0.140625 0
2 550 0 1
3751
0.546875 0.171875 0
2 551 0 1
3752
0.546875 0.203125 0
2 552 0 1
3753
0.546875 0.234375 0
2 553 0 1
3754
0.546875 0.265625 0
2 554 0 1
3755
0.546875 0.296875 0
2 555 0 1
3756
0.546875 0.328125 0
2 556 0 1
3757
0.546875 0.359375 0
2 557 0 1
3758
0.546875 0.390625 0
2 558 0 1
3759
0.546875 0.421875 0
2 559 0 1
3760
0.546875 0.453125 0
2 560 0 1
3761
0.546875 0.484375 0
2 561 0 1
3762
0.546875 0.515625 0
2 562 0 1
3763
0.546875 0.546875 0
2 563 0 1
3764
0.546875 0.578125 0
2 564 0 1
3765
0.546875 0.609375 0
2 565 0 1
3766
0.546875 0.640625 0
2 566 0 1
3767
0.546875 0.671875 0
2 567 0 1
3768
0.546875 0.703125 0
2 568 0 1
3769
0.546875 0.734375 0
2 569 0 1
3770
0.546875 0.765625 0
2 570 0 1
3771
0.546875 0.796875 0
2 571 0 1
3772
0.546875 0.828125 0
2 572 0 1
3773
0.546875 0.859375 0
2 573 0 1
3774
0.546875 0.890625 0
2 574 0 1
3775
0.546875 0.921875 0
2 575 0 1
3776
0.546875 0.953125 0
2 576 0 1
3777
0.546875 0.984375 0
2 577 0 1
3778
0.578125 0.0156249999999796 0
2 578 0 1
3779
0.578125 0.046875 0
2 579 0 1
3780
0.578125 0.078125 0
2 580 0 1
3781
0.578125 0.109375 0
2 581 0 1
3782
0.578125 0.140625 0
2 582 0 1
3783
0.578125 0.171875 0
2 583 0 1
3784
0.578125 0.203125 0
2 584 0 1
3785
0.578125 0.234375 0
2 585 0 1
3786
0.578125 0.265625 0
2 586 0 1
3787
0.578125 0.296875 0
2 587 0 1
3788
0.578125 0.328125 0
2 588 0 1
3789
0.578125 0.359375 0
2 589 0 1
3790
0.578125 0.390625 0
2 590 0 1
3791
0.578125 0.421875 0
2 591 0 1
3792
0.578125 0.453125 0
2 592 0 1
3793
0.578125 0.484375 0
2 593 0 1
3794
0.578125 0.515625 0
2 594 0 1
3795
0.578125 0.546875 0
2 595 0 1
3796
0.578125 0.578125 0
2 596 0 1
3797
0.578125 0.609375 0
2 597 0 1
3798
0.578125 0.640625 0
2 598 0 1
3799
0.578125 0.671875 0
2 599 0 1
3800
0.578125 0.703125 0
2 600 0 1
3801
0.578125 0.734375 0
2 601 0 1
3802
0.578125 0.765625 0
2 602 0 1
3803
0.578125 0.796875 0
2 603 0 1
3804
0.578125 0.828125 0
2 604 0 1
3805
0.578125 0.859375 0
2 605 0 1
3806
0.578125 0.890625 0
2 606 0 1
3807
0.578125 0.921875 0
2 607 0 1
3808
0.578125 0.953125 0
2 608 0 1
3809
0.578125 0.984375 0
2 609 0 1
3810
0.609375 0.0156249999999796 0
2 610 0 1
3811
0.609375 0.046875 0
2 611 0 1
3812
0.609375 0.078125 0
2 612 0 1
3813
0.609375 0.109375 0
2 613 0 1
3814
0.609375 0.140625 0
2 614 0 1
3815
0.609375 0.171875 0
2 615 0 1
3816
0.609375 0.203125 0
2 616 0 1
3817
0.609375 0.234375 0
2 617 0 1
3818
0.609375 0.265625 0
2 618 0 1
3819
0.609375 0.296875 0
2 619 0 1
3820
0.609375 0.328125 0
2 620 0 1
3821
0.609375 0.359375 0
2 621 0 1
3822
0.609375 0.390625 0
2 622 0 1
3823
0.609375 0.421875 0
2 623 0 1
3824
0.609375 0.453125 0
2 624 0 1
3825
0.609375 0.484375 0
2 625 0 1
3826
0.609375 0.515625 0
2 626 0 1
3827
0.609375 0.546875 0
2 627 0 1
3828
0.609375 0.578125 0
2 628 0 1
3829
0.609375 0.609375 0
2 629 0 1
3830
0.609375 0.640625 0
2 630 0 1
3831
0.609375 0.671875 0
2 631 0 1
3832
0.609375 0.703125 0
2 632 0 1
3833
0.609375 0.734375 0
2 633 0 1
3834
0.609375 0.765625 0
2 634 0 1
3835
0.609375 0.796875 0
2 635 0 1
3836
0.609375 0.828125 0
2 636 0 1
3837
0.609375 0.859375 0
2 637 0 1
3838
0.609375 0.890625 0
2 638 0 1
3839
0.609375 0.921875 0
2 639 0 1
3840
0.609375 0.953125 0
2 640 0 1
3841
0.609375 0.984375 0
2 641 0 1
3842
0.640625 0.0156249999999796 0
2 642 0 1
3843
0.640625 0.046875 0
2 643 0 1
3844
0.640625 0.078125 0
2 644 0 1
3845
0.640625 0.109375 0
2 645 0 1
3846
0.640625 0.140625 0
2 646 0 1
3847
0.640625 0.171875 0
2 647 0 1
3848
0.640625 0.203125 0
2 648 0 1
3849
0.640625 0.234375 0
2 649 0 1
3850
0.640625 0.265625 0
2 650 0 1
3851
0.640625 0.296875 0
2 651 0 1
3852
0.640625 0.328125 0
2 652 0 1
3853
0.640625 0.359375 0
2 653 0 1
3854
0.640625 0.390625 0
2 654 0 1
3855
0.640625 0.421875 0
2 655 0 1
3856
0.640625 0.453125 0
2 656 0 1
3857
0.640625 0.484375 0
2 657 0 1
3858
0.640625 0.515625 0
2 658 0 1
3859
0.640625 0.546875 0
2 659 0 1
3860
0.640625 0.578125 0
2 660 0 1
3861
0.640625 0.609375 0
2 661 0 1
3862
0.640625 0.640625 0
2 662 0 1
3863
0.640625 0.671875 0
2 663 0 1
3864
0.640625 0.703125 0
2 664 0 1
3865
0.640625 0.734375 0
2 665 0 1
3866
0.640625 0.765625 0
2 666 0 1
3867
0.640625 0.796875 0
2 667 0 1
3868
0.640625 0.828125 0
2 668 0 1
3869
0.640625 0.859375 0
2 669 0 1
3870
0.640625 0.890625 0
2 670 0 1
3871
0.640625 0.921875 0
2 671 0 1
3872
0.640625 0.953125 0
2 672 0 1
3873
0.640625 0.984375 0
2 673 0 1
3874
0.671875 0.0156249999999796 0
2 674 0 1
3875
0.671875 0.046875 0
2 675 0 1
3876
0.671875 0.078125 0
2 676 0 1
3877
0.671875 0.109375 0
2 677 0 1
3878
0.671875 0.140625 0
2 678 0 1
3879
0.671875 0.171875 0
2 679 0 1
3880
0.671875 0.203125 0
2 680 0 1
3881
0.671875 0.234375 0
2 681 0 1
3882
0.671875 0.265625 0
2 682 0 1
3883
0.671875 0.296875 0
2 683 0 1
3884
0.671875 0.328125 0
2 684 0 1
3885
0.671875 0.359375 0
2 685 0 1
3886
0.671875 0.390625 0
2 686 0 1
3887
0.671875 0.421875 0
2 687 0 1
3888
0.671875 0.453125 0
2 688 0 1
3889
0.671875 0.484375 0
2 689 0 1
3890
0.671875 0.515625 0
2 690 0 1
3891
0.671875 0.546875 0
2 691 0 1
3892
0.671875 0.578125 0
2 692 0 1
3893
0.671875 0.609375 0
2 693 0 1
3894
0.671875 0.640625 0
2 694 0 1
3895
0.671875 0.671875 0
2 695 0 1
3896
0.671875 0.703125 0
2 696 0 1
3897
0.671875 0.734375 0
2 697 0 1
3898
0.671875 0.765625 0
2 698 0 1
3899
0.671875 0.796875 0
2 699 0 1
3900
0.671875 0.828125 0
2 700 0 1
3901
0.671875 0.859375 0
2 701 0 1
3902
0.671875 0.890625 0
2 702 0 1
3903
0.671875 0.921875 0
2 703 0 1
3904
0.671875 0.953125 0
2 704 0 1
3905
0.671875 0.984375 0
2 705 0 1
3906
0.703125 0.0156249999999796 0
2 706 0 1
3907
0.703125 0.046875 0
2 707 0 1
3908
0.703125 0.078125 0
2 708 0 1
3909
0.703125 0.109375 0
2 709 0 1
3910
0.703125 0.140625 0
2 710 0 1
3911
0.703125 0.171875 0
2 711 0 1
3912
0.703125 0.203125 0
2 712 0 1
3913
0.703125 0.234375 0
2 713 0 1
3914
0.703125 0.265625 0
2 714 0 1
3915
0.703125 0.296875 0
2 715 0 1
3916
0.703125 0.328125 0
2 716 0 1
3917
0.703125 0.359375 0
2 717 0 1
3918
0.703125 0.390625 0
2 718 0 1
3919
0.703125 0.421875 0
2 719 0 1
3920
0.703125 0.453125 0
2 720 0 1
3921
0.703125 0.484375 0
2 721 0 1
3922
0.703125 0.515625 0
2 722 0 1
3923
0.703125 0.546875 0
2 723 0 1
3924
0.703125 0.578125 0
2 724 0 1
3925
0.703125 0.609375 0
2 725 0 1
3926
0.703125 0.640625 0
2 726 0 1
3927
0.703125 0.671875 0
2 727 0 1
3928
0.703125 0.703125 0
2 728 0 1
3929
0.703125 0.734375 0
2 729 0 1
3930
0.703125 0.765625 0
2 730 0 1
3931
0.703125 0.796875 0
2 731 0 1
3932
0.703125 0.828125 0
2 732 0 1
3933
0.703125 0.859375 0
2 733 0 1
3934
0.703125 0.890625 0
2 734 0 1
3935
0.703125 0.921875 0
2 735 0 1
3936
0.703125 0.953125 0
2 736 0 1
3937
0.703125 0.984375 0
2 737 0 1
3938
0.734375 0.0156249999999796 0
2 738 0 1
3939
0.734375 0.046875 0
2 739 0 1
3940
0.734375 0.078125 0
2 740 0 1
3941
0.734375 0.109375 0
2 741 0 1
3942
0.734375 0.140625 0
2 742 0 1
3943
0.734375 0.171875 0
2 743 0 1
3944
0.734375 0.203125 0
2 744 0 1
3945
0.734375 0.234375 0
2 745 0 1
3946
0.734375 0.265625 0
2 746 0 1
3947
0.734375 0.296875 0
2 747 0 1
3948
0.734375 0.328125 0
2 748 0 1
3949
0.734375 0.359375 0
2 749 0 1
3950
0.734375 0.390625 0
2 750 0 1
3951
0.734375 0.421875 0
2 751 0 1
3952
0.734375 0.453125 0
2 752 0 1
3953
0.734375 0.484375 0
2 753 0 1
3954
0.734375 0.515625 0
2 754 0 1
3955
0.734375 0.546875 0
2 755 0 1
3956
0.734375 0.578125 0
2 756 0 1
3957
0.734375 0.609375 0
2 757 0 1
3958
0.734375 0.640625 0
2 758 0 1
3959
0.734375 0.671875 0
2 759 0 1
3960
0.734375 0.703125 0
2 760 0 1
3961
0.734375 0.734375 0
2 761 0 1
3962
0.734375 0.765625 0
2 762 0 1
3963
0.734375 0.796875 0
2 763 0 1
3964
0.734375 0.828125 0
2 764 0 1
3965
0.734375 0.859375 0
2 765 0 1
3966
0.734375 0.890625 0
2 766 0 1
3967
0.734375 0.921875 0
2 767 0 1
3968
0.734375 0.953125 0
2 768 0 1
3969
0.734375 0.984375 0
2 769 0 1
3970
0.765625 0.0156249999999796 0
2 770 0 1
3971
0.765625 0.046875 0
2 771 0 1
3972
0.765625 0.078125 0
2 772 0 1
3973
0.765625 0.109375 0
2 773 0 1
3974
0.765625 0.140625 0
2 774 0 1
3975
0.765625 0.171875 0
2 775 0 1
3976
0.765625 0.203125 0
2 776 0 1
3977
0.765625 0.234375 0
2 777 0 1
3978
0.765625 0.265625 0
2 778 0 1
3979
0.765625 0.296875 0
2 779 0 1
3980
0.765625 0.328125 0
2 780 0 1
3981
0.765625 0.359375 0
2 781 0 1
3982
0.765625 0.390625 0
2 782 0 1
3983
0.765625 0.421875 0
2 783 0 1
3984
0.765625 0.453125 0
2 784 0 1
3985
0.765625 0.484375 0
2 785 0 1
3986
0.765625 0.515625 0
2 786 0 1
3987
0.765625 0.546875 0
2 787 0 1
3988
0.765625 0.578125 0
2 788 0 1
3989
0.765625 0.609375 0
2 789 0 1
3990
0.765625 0.640625 0
2 790 0 1
3991
0.765625 0.671875 0
2 791 0 1
3992
0.765625 0.703125 0
2 792 0 1
3993
0.765625 0.734375 0
2 793 0 1
3994
0.765625 0.765625 0
2 794 0 1
3995
0.765625 0.796875 0
2 795 0 1
3996
0.765625 0.828125 0
2 796 0 1
3997
0.765625 0.859375 0
2 797 0 1
3998
0.765625 0.890625 0
2 798 0 1
3999
0.765625 0.921875 0
2 799 0 1
4000
0.765625 0.953125 0
2 800 0 1
4001
0.765625 0.984375 0
2 801 0 1
4002
0.796875 0.0156249999999796 0
2 802 0 1
4003
0.796875 0.046875 0
2 803 0 1
4004
0.796875 0.078125 0
2 804 0 1
4005
0.796875 0.109375 0
2 805 0 1
4006
0.796875 0.140625 0
2 806 0 1
4007
0.796875 0.171875 0
2 807 0 1
4008
0.796875 0.203125 0
2 808 0 1
4009
0.796875 0.234375 0
2 809 0 1
4010
0.796875 0.265625 0
2 810 0 1
4011
0.796875 0.296875 0
2 811 0 1
4012
0.796875 0.328125 0
2 812 0 1
4013
0.796875 0.359375 0
2 813 0 1
4014
0.796875 0.390625 0
2 814 0 1
4015
0.796875 0.421875 0
2 815 0 1
4016
0.796875 0.453125 0
2 816 0 1
4017
0.796875 0.484375 0
2 817 0 1
4018
0.796875 0.515625 0
2 818 0 1
4019
0.796875 0.546875 0
2 819 0 1
4020
0.796875 0.578125 0
2 820 0 1
4021
0.796875 0.609375 0
2 821 0 1
4022
0.796875 0.640625 0
2 822 0 1
4023
0.796875 0.671875 0
2 823 0 1
4024
0.796875 0.703125 0
2 824 0 1
4025
0.796875 0.734375 0
2 825 0 1
4026
0.796875 0.765625 0
2 826 0 1
4027
0.796875 0.796875 0
2 827 0 1
4028
0.796875 0.828125 0
2 828 0 1
4029
0.796875 0.859375 0
2 829 0 1
4030
0.796875 0.890625 0
2 830 0 1
4031
0.796875 0.921875 0
2 831 0 1
4032
0.796875 0.953125 0
2 832 0 1
4033
0.796875 0.984375 0
2 833 0 1
4034
0.828125 0.0156249999999796 0
2 834 0 1
4035
0.828125 0.046875 0
2 835 0 1
4036
0.828125 0.078125 0
2 836 0 1
4037
0.828125 0.109375 0
2 837 0 1
4038
0.828125 0.140625 0
2 838 0 1
4039
0.828125 0.171875 0
2 839 0 1
4040
0.828125 0.203125 0
2 840 0 1
4041
0.828125 0.234375 0
2 841 0 1
4042
0.828125 0.265625 0
2 842 0 1
4043
0.828125 0.296875 0
2 843 0 1
4044
0.828125 0.328125 0
2 844 0 1
4045
0.828125 0.359375 0
2 845 0 1
4046
0.828125 0.390625 0
2 846 0 1
4047
0.828125 0.421875 0
2 847 0 1
4048
0.828125 0.453125 0
2 848 0 1
4049
0.828125 0.484375 0
2 849 0 1
4050
0.828125 0.515625 0
2 850 0 1
4051
0.828125 0.546875 0
2 851 0 1
4052
0.828125 0.578125 0
2 852 0 1
4053
0.828125 0.609375 0
2 853 0 1
4054
0.828125 0.640625 0
2 854 0 1
4055
0.828125 0.671875 0
2 855 0 1
4056
0.828125 0.703125 0
2 856 0 1
4057
0.828125 0.734375 0
2 857 0 1
4058
0.828125 0.765625 0
2 858 0 1
4059
0.828125 0.796875 0
2 859 0 1
4060
0.828125 0.828125 0
2 860 0 1
4061
0.828125 0.859375 0
2 861 0 1
4062
0.828125 0.890625 0
2 862 0 1
4063
0.828125 0.921875 0
2 863 0 1
4064
0.828125 0.953125 0
2 864 0 1
4065
0.828125 0.984375 0
2 865 0 1
4066
0.859375 0.0156249999999796 0
2 866 0 1
4067
0.859375 0.046875 0
2 867 0 1
4068
0.859375 0.078125 0
2 868 0 1
4069
0.859375 0.109375 0
2 869 0 1
4070
0.859375 0.140625 0
2 870 0 1
4071
0.859375 0.171875 0
2 871 0 1
4072
0.859375 0.203125 0
2 872 0 1
4073
0.859375 0.234375 0
2 873 0 1
4074
0.859375 0.265625 0
2 874 0 1
4075
0.859375 0.296875 0
2 875 0 1
4076
0.859375 0.328125 0
2 876 0 1
4077
0.859375 0.359375 0
2 877 0 1
4078
0.859375 0.390625 0
2 878 0 1
4079
0.859375 0.421875 0
2 879 0 1
4080
0.859375 0.453125 0
2 880 0 1
4081
0.859375 0.484375 0
2 881 0 1
4082
0.859375 0.515625 0
2 882 0 1
4083
0.859375 0.546875 0
2 883 0 1
4084
0.859375 0.578125 0
2 884 0 1
4085
0.859375 0.609375 0
2 885 0 1
4086
0.859375 0.640625 0
2 886 0 1
4087
0.859375 0.671875 0
2 887 0 1
4088
0.859375 0.703125 0
2 888 0 1
4089
0.859375 0.734375 0
2 889 0 1
4090
0.859375 0.765625 0
2 890 0 1
4091
0.859375 0.796875 0
2 891 0 1
4092
0.859375 0.828125 0
2 892 0 1
4093
0.859375 0.859375 0
2 893 0 1
4094
0.859375 0.890625 0
2 894 0 1
4095
0.859375 0.921875 0
2 895 0 1
4096
0.859375 0.953125 0
2 896 0 1
4097
0.859375 0.984375 0
2 897 0 1
4098
0.890625 0.0156249999999796 0
2 898 0 1
4099
0.890625 0.046875 0
2 899 0 1
4100
0.890625 0.078125 0
2 900 0 1
4101
0.890625 0.109375 0
2 901 0 1
4102
0.890625 0.140625 0
2 902 0 1
4103
0.890625 0.171875 0
2 903 0 1
4104
0.890625 0.203125 0
2 904 0 1
4105
0.890625 0.234375 0
2 905 0 1
4106
0.890625 0.265625 0
2 906 0 1
4107
0.890625 0.296875 0
2 907 0 1
4108
0.890625 0.328125 0
2 908 0 1
4109
0.890625 0.359375 0
2 909 0 1
4110
0.890625 0.390625 0
2 910 0 1
4111
0.890625 0.421875 0
2 911 0 1
4112
0.890625 0.453125 0
2 912 0 1
4113
0.890625 0.484375 0
2 913 0 1
4114
0.890625 0.515625 0
2 914 0 1
4115
0.890625 0.546875 0
2 915 0 1
4116
0.890625 0.578125 0
2 916 0 1
4117
0.890625 0.609375 0
2 917 0 1
4118
0.890625 0.640625 0
2 918 0 1
4119
0.890625 0.671875 0
2 919 0 1
4120
0.890625 0.703125 0
2 920 0 1
4121
0.890625 0.734375 0
2 921 0 1
4122
0.890625 0.765625 0
2 922 0 1
4123
0.890625 0.796875 0
2 923 0 1
4124
0.890625 0.828125 0
2 924 0 1
4125
0.890625 0.859375 0
2 925 0 1
4126
0.890625 0.890625 0
2 926 0 1
4127
0.890625 0.921875 0
2 927 0 1
4128
0.890625 0.953125 0
2 928 0 1
4129
0.890625 0.984375 0
2 929 0 1
4130
0.921875 0.0156249999999796 0
2 930 0 1
4131
0.921875 0.046875 0
2 931 0 1
4132
0.921875 0.078125 0
2 932 0 1
4133
0.921875 0.109375 0
2 933 0 1
4134
0.921875 0.140625 0
2 934 0 1
4135
0.921875 0.171875 0
2 935 0 1
4136
0.921875 0.203125 0
2 936 0 1
4137
0.921875 0.234375 0
2 937 0 1
4138
0.921875 0.265625 0
2 938 0 1
4139
0.921875 0.296875 0
2 939 0 1
4140
0.921875 0.328125 0
2 940 0 1
4141
0.921875 0.359375 0
2 941 0 1
4142
0.921875 0.390625 0
2 942 0 1
4143
0.921875 0.421875 0
2 943 0 1
4144
0.921875 0.453125 0
2 944 0 1
4145
0.921875 0.484375 0
2 945 0 1
4146
0.921875 0.515625 0
2 946 0 1
4147
0.921875 0.546875 0
2 947 0 1
4148
0.921875 0.578125 0
2 948 0 1
4149
0.921875 0.609375 0
2 949 0 1
4150
0.921875 0.640625 0
2 950 0 1
4151
0.921875 0.671875 0
2 951 0 1
4152
0.921875 0.703125 0
2 952 0 1
4153
0.921875 0.734375 0
2 953 0 1
4154
0.921875 0.765625 0
2 954 0 1
4155
0.921875 0.796875 0
2 955 0 1
4156
0.921875 0.828125 0
2 956 0 1
4157
0.921875 0.859375 0
2 957 0 1
4158
0.921875 0.890625 0
2 958 0 1
4159
0.921875 0.921875 0
2 959 0 1
4160
0.921875 0.953125 0
2 960 0 1
4161
0.921875 0.984375 0
2 961 0 1
4162
0.953125 0.0156249999999796 0
2 962 0 1
4163
0.953125 0.046875 0
2 963 0 1
4164
0.953125 0.078125 0
2 964 0 1
4165
0.953125 0.109375 0
2 965 0 1
4166
0.953125 0.140625 0
2 966 0 1
4167
0.953125 0.171875 0
2 967 0 1
4168
0.953125 0.203125 0
2 968 0 1
4169
0.953125 0.234375 0
2 969 0 1
4170
0.953125 0.265625 0
2 970 0 1
4171
0.953125 0.296875 0
2 971 0 1
4172
0.953125 0.328125 0
2 972 0 1
4173
0.953125 0.359375 0
2 973 0 1
4174
0.953125 0.390625 0
2 974 0 1
4175
0.953125 0.421875 0
2 975 0 1
4176
0.953125 0.453125 0
2 976 0 1
4177
0.953125 0.484375 0
2 977 0 1
4178
0.953125 0.515625 0
2 978 0 1
4179
0.953125 0.546875 0
2 979 0 1
4180
0.953125 0.578125 0
2 980 0 1
4181
0.953125 0.609375 0
2 981 0 1
4182
0.953125 0.640625 0
2 982 0 1
4183
0.953125 0.671875 0
2 983 0 1
4184
0.953125 0.703125 0
2 984 0 1
4185
0.953125 0.734375 0
2 985 0 1
4186
0.953125 0.765625 0
2 986 0 1
4187
0.953125 0.796875 0
2 987 0 1
4188
0.953125 0.828125 0
2 988 0 1
4189
0.953125 0.859375 0
2 989 0 1
4190
0.953125 0.890625 0
2 990 0 1
4191
0.953125 0.921875 0
2 991 0 1
4192
0.953125 0.953125 0
2 992 0 1
4193
0.953125 0.984375 0
2 993 0 1
4194
0.984375 0.0156249999999796 0
2 994 0 1
4195
0.984375 0.046875 0
2 995 0 1
4196
0.984375 0.078125 0
2 996 0 1
4197
0.984375 0.109375 0
2 997 0 1
4198
0.984375 0.140625 0
2 998 0 1
4199
0.984375 0.171875 0
2 999 0 1
4200
0.984375 0.203125 0
2 1000 0 1
4201
0.984375 0.234375 0
2 1001 0 1
4202
0.984375 0.265625 0
2 1002 0 1
4203
0.984375 0.296875 0
2 1003 0 1
4204
0.984375 0.328125 0
2 1004 0 1
4205
0.984375 0.359375 0
2 1005 0 1
4206
0.984375 0.390625 0
2 1006 0 1
4207
0.984375 0.421875 0
2 1007 0 1
4208
0.984375 0.453125 0
2 1008 0 1
4209
0.984375 0.484375 0
2 1009 0 1
4210
0.984375 0.515625 0
2 1010 0 1
4211
0.984375 0.546875 0
2 1011 0 1
4212
0.984375 0.578125 0
2 1012 0 1
4213
0.984375 0.609375 0
2 1013 0 1
4214
0.984375 0.640625 0
2 1014 0 1
4215
0.984375 0.671875 0
2 1015 0 1
4216
0.984375 0.703125 0
2 1016 0 1
4217
0.984375 0.734375 0
2 1017 0 1
4218
0.984375 0.765625 0
2 1018 0 1
4219
0.984375 0.796875 0
2 1019 0 1
4220
0.984375 0.828125 0
2 1020 0 1
4221
0.984375 0.859375 0
2 1021 0 1
4222
0.984375 0.890625 0
2 1022 0 1
4223
0.984375 0.921875 0
2 1023 0 1
4224
0.984375 0.953125 0
2 1024 0 1
4225
0.984375 0.984375 0
$EndNodes
$Elements
4225 9409 1 9409
0 1 15 1
1 1 
0 2 15 1
2 2 
0 3 15 1
3 3 
0 4 15 1
4 4 
0 5 15 1
5 5 
0 6 15 1
6 6 
0 7 15 1
7 7 
0 8 15 1
8 8 
0 9 15 1
9 9 
0 10 15 1
10 10 
0 11 15 1
11 11 
0 12 15 1
12 12 
0 13 15 1
13 13 
0 14 15 1
14 14 
0 15 15 1
15 15 
0 16 15 1
16 16 
0 17 15 1
17 17 
0 18 15 1
18 18 
0 19 15 1
19 19 
0 20 15 1
20 20 
0 21 15 1
21 21 
0 22 15 1
22 22 
0 23 15 1
23 23 
0 24 15 1
24 24 
0 25 15 1
25 25 
0 26 15 1
26 26 
0 27 15 1
27 27 
0 28 15 1
28 28 
0 29 15 1
29 29 
0 30 15 1
30 30 
0 31 15 1
31 31 
0 32 15 1
32 32 
0 33 15 1
33 33 
0 34 15 1
34 34 
0 35 15 1
35 35 
0 36 15 1
36 36 
0 37 15 1
37 37 
0 38 15 1
38 38 
0 39 15 1
39 39 
0 40 15 1
40 40 
0 41 15 1
41 41 
0 42 15 1
42 42 
0 43 15 1
43 43 
0 44 15 1
44 44 
0 45 15 1
45 45 
0 46 15 1
46 46 
0 47 15 1
47 47 
0 48 15 1
48 48 
0 49 15 1
49 49 
0 50 15 1
50 50 
0 51 15 1
51 51 
0 52 15 1
52 52 
0 53 15 1
53 53 
0 54 15 1
54 54 
0 55 15 1
55 55 
0 56 15 1
56 56 
0 57 15 1
57 57 
0 58 15 1
58 58 
0 59 15 1
59 59 
0 60 15 1
60 60 
0 61 15 1
61 61 
0 62 15 1
62 62 
0 63 15 1
63 63 
0 64 15 1
64 64 
0 65 15 1
65 65 
0 66 15 1
66 66 
0 67 15 1
67 67 
0 68 15 1
68 68 
0 69 15 1
69 69 
0 70 15 1
70 70 
0 71 15 1
71 71 
0 72 15 1
72 72 
0 73 15 1
73 73 
0 74 15 1
74 74 
0 75 15 1
75 75 
0 76 15 1
76 76 
0 77 15 1
77 77 
0 78 15 1
78 78 
0 79 15 1
79 79 
0 80 15 1
80 80 
0 81 15 1
81 81 
0 82 15 1
82 82 
0 83 15 1
83 83 
0 84 15 1
84 84 
0 85 15 1
85 85 
0 86 15 1
86 86 
0 87 15 1
87 87 
0 88 15 1
88 88 
0 89 15 1
89 89 
0 90 15 1
90 90 
0 91 15 1
91 91 
0 92 15 1
92 92 
0 93 15 1
93 93 
0 94 15 1
94 94 
0 95 15 1
95 95 
0 96 15 1
96 96 
0 97 15 1
97 97 
0 98 15 1
98 98 
0 99 15 1
99 99 
0 100 15 1
100 100 
0 101 15 1
101 101 
0 102 15 1
102 102 
0 103 15 1
103 103 
0 104 15 1
104 104 
0 105 15 1
105 105 
0 106 15 1
106 106 
0 107 15 1
107 107 
0 108 15 1
108 108 
0 109 15 1
109 109 
0 110 15 1
110 110 
0 111 15 1
111 111 
0 112 15 1
112 112 
0 113 15 1
113 113 
0 114 15 1
114 114 
0 115 15 1
115 115 
0 116 15 1
116 116 
0 117 15 1
117 117 
0 118 15 1
118 118 
0 119 15 1
119 119 
0 120 15 1
120 120 
0 121 15 1
121 121 
0 122 15 1
122 122 
0 123 15 1
123 123 
0 124 15 1
124 124 
0 125 15 1
125 125 
0 126 15 1
126 126 
0 127 15 1
127 127 
0 128 15 1
128 128 
0 129 15 1
129 129 
0 130 15 1
130 130 
0 131 15 1
131 131 
0 132 15 1
132 132 
0 133 15 1
133 133 
0 134 15 1
134 134 
0 135 15 1
135 135 
0 136 15 1
136 136 
0 137 15 1
137 137 
0 138 15 1
138 138 
0 139 15 1
139 139 
0 140 15 1
140 140 
0 141 15 1
141 141 
0 142 15 1
142 142 
0 143 15 1
143 143 
0 144 15 1
144 144 
0 145 15 1
145 145 
0 146 15 1
146 146 
0 147 15 1
147 147 
0 148 15 1
148 148 
0 149 15 1
149 149 
0 150 15 1
150 150 
0 151 15 1
151 151 
0 152 15 1
152 152 
0 153 15 1
153 153 
0 154 15 1
154 154 
0 155 15 1
155 155 
0 156 15 1
156 156 
0 157 15 1
157 157 
0 158 15 1
158 158 
0 159 15 1
159 159 
0 160 15 1
160 160 
0 161 15 1
161 161 
0 162 15 1
162 162 
0 163 15 1
163 163 
0 164 15 1
164 164 
0 165 15 1
165 165 
0 166 15 1
166 166 
0 167 15 1
167 167 
0 168 15 1
168 168 
0 169 15 1
169 169 
0 170 15 1
170 170 
0 171 15 1
171 171 
0 172 15 1
172 172 
0 173 15 1
173 173 
0 174 15 1
174 174 
0 175 15 1
175 175 
0 176 15 1
176 176 
0 177 15 1
177 177 
0 178 15 1
178 178 
0 179 15 1
179 179 
0 180 15 1
180 180 
0 181 15 1
181 181 
0 182 15 1
182 182 
0 183 15 1
183 183 
0 184 15 1
184 184 
0 185 15 1
185 185 
0 186 15 1
186 186 
0 187 15 1
187 187 
0 188 15 1
188 188 
0 189 15 1
189 189 
0 190 15 1
190 190 
0 191 15 1
191 191 
0 192 15 1
192 192 
0 193 15 1
193 193 
0 194 15 1
194 194 
0 195 15 1
195 195 
0 196 15 1
196 196 
0 197 15 1
197 197 
0 198 15 1
198 198 
0 199 15 1
199 199 
0 200 15 1
200 200 
0 201 15 1
201 201 
0 202 15 1
202 202 
0 203 15 1
203 203 
0 204 15 1
204 204 
0 205 15 1
205 205 
0 206 15 1
206 206 
0 207 15 1
207 207 
0 208 15 1
208 208 
0 209 15 1
209 209 
0 210 15 1
210 210 
0 211 15 1
211 211 
0 212 15 1
212 212 
0 213 15 1
213 213 
0 214 15 1
214 214 
0 215 15 1
215 215 
0 216 15 1
216 216 
0 217 15 1
217 217 
0 218 15 1
218 218 
0 219 15 1
219 219 
0 220 15 1
220 220 
0 221 15 1
221 221 
0 222 15 1
222 222 
0 223 15 1
223 223 
0 224 15 1
224 224 
0 225 15 1
225 225 
0 226 15 1
226 226 
0 227 15 1
227 227 
0 228 15 1
228 228 
0 229 15 1
229 229 
0 230 15 1
230 230 
0 231 15 1
231 231 
0 232 15 1
232 232 
0 233 15 1
233 233 
0 234 15 1
234 234 
0 235 15 1
235 235 
0 236 15 1
236 236 
0 237 15 1
237 237 
0 238 15 1
238 238 
0 239 15 1
239 239 
0 240 15 1
240 240 
0 241 15 1
241 241 
0 242 15 1
242 242 
0 243 15 1
243 243 
0 244 15 1
244 244 
0 245 15 1
245 245 
0 246 15 1
246 246 
0 247 15 1
247 247 
0 248 15 1
248 248 
0 249 15 1
249 249 
0 250 15 1
250 250 
0 251 15 1
251 251 
0 252 15 1
252 252 
0 253 15 1
253 253 
0 254 15 1
254 254 
0 255 15 1
255 255 
0 256 15 1
256 256 
0 257 15 1
257 257 
0 258 15 1
258 258 
0 259 15 1
259 259 
0 260 15 1
260 260 
0 261 15 1
261 261 
0 262 15 1
262 262 
0 263 15 1
263 263 
0 264 15 1
264 264 
0 265 15 1
265 265 
0 266 15 1
266 266 
0 267 15 1
267 267 
0 268 15 1
268 268 
0 269 15 1
269 269 
0 270 15 1
270 270 
0 271 15 1
271 271 
0 272 15 1
272 272 
0 273 15 1
273 273 
0 274 15 1
274 274 
0 275 15 1
275 275 
0 276 15 1
276 276 
0 277 15 1
277 277 
0 278 15 1
278 278 
0 279 15 1
279 279 
0 280 15 1
280 280 
0 281 15 1
281 281 
0 282 15 1
282 282 
0 283 15 1
283 283 
0 284 15 1
284 284 
0 285 15 1
285 285 
0 286 15 1
286 286 
0 287 15 1
287 287 
0 288 15 1
288 288 
0 289 15 1
289 289 
0 290 15 1
290 290 
0 291 15 1
291 291 
0 292 15 1
292 292 
0 293 15 1
293 293 
0 294 15 1
294 294 
0 295 15 1
295 295 
0 296 15 1
296 296 
0 297 15 1
297 297 
0 298 15 1
298 298 
0 299 15 1
299 299 
0 300 15 1
300 300 
0 301 15 1
301 301 
0 302 15 1
302 302 
0 303 15 1
303 303 
0 304 15 1
304 304 
0 305 15 1
305 305 
0 306 15 1
306 306 
0 307 15 1
307 307 
0 308 15 1
308 308 
0 309 15 1
309 309 
0 310 15 1
310 310 
0 311 15 1
311 311 
0 312 15 1
312 312 
0 313 15 1
313 313 
0 314 15 1
314 314 
0 315 15 1
315 315 
0 316 15 1
316 316 
0 317 15 1
317 317 
0 318 15 1
318 318 
0 319 15 1
319 319 
0 320 15 1
320 320 
0 321 15 1
321 321 
0 322 15 1
322 322 
0 323 15 1
323 323 
0 324 15 1
324 324 
0 325 15 1
325 325 
0 326 15 1
326 326 
0 327 15 1
327 327 
0 328 15 1
328 328 
0 329 15 1
329 329 
0 330 15 1
330 330 
0 331 15 1
331 331 
0 332 15 1
332 332 
0 333 15 1
333 333 
0 334 15 1
334 334 
0 335 15 1
335 335 
0 336 15 1
336 336 
0 337 15 1
337 337 
0 338 15 1
338 338 
0 339 15 1
339 339 
0 340 15 1
340 340 
0 341 15 1
341 341 
0 342 15 1
342 342 
0 343 15 1
343 343 
0 344 15 1
344 344 
0 345 15 1
345 345 
0 346 15 1
346 346 
0 347 15 1
347 347 
0 348 15 1
348 348 
0 349 15 1
349 349 
0 350 15 1
350 350 
0 351 15 1
351 351 
0 352 15 1
352 352 
0 353 15 1
353 353 
0 354 15 1
354 354 
0 355 15 1
355 355 
0 356 15 1
356 356 
0 357 15 1
357 357 
0 358 15 1
358 358 
0 359 15 1
359 359 
0 360 15 1
360 360 
0 361 15 1
361 361 
0 362 15 1
362 362 
0 363 15 1
363 363 
0 364 15 1
364 364 
0 365 15 1
365 365 
0 366 15 1
366 366 
0 367 15 1
367 367 
0 368 15 1
368 368 
0 369 15 1
369 369 
0 370 15 1
370 370 
0 371 15 1
371 371 
0 372 15 1
372 372 
0 373 15 1
373 373 
0 374 15 1
374 374 
0 375 15 1
375 375 
0 376 15 1
376 376 
0 377 15 1
377 377 
0 378 15 1
378 378 
0 379 15 1
379 379 
0 380 15 1
380 380 
0 381 15 1
381 381 
0 382 15 1
382 382 
0 383 15 1
383 383 
0 384 15 1
384 384 
0 385 15 1
385 385 
0 386 15 1
386 386 
0 387 15 1
387 387 
0 388 15 1
388 388 
0 389 15 1
389 389 
0 390 15 1
390 390 
0 391 15 1
391 391 
0 392 15 1
392 392 
0 393 15 1
393 393 
0 394 15 1
394 394 
0 395 15 1
395 395 
0 396 15 1
396 396 
0 397 15 1
397 397 
0 398 15 1
398 398 
0 399 15 1
399 399 
0 400 15 1
400 400 
0 401 15 1
401 401 
0 402 15 1
402 402 
0 403 15 1
403 403 
0 404 15 1
404 404 
0 405 15 1
405 405 
0 406 15 1
406 406 
0 407 15 1
407 407 
0 408 15 1
408 408 
0 409 15 1
409 409 
0 410 15 1
410 410 
0 411 15 1
411 411 
0 412 15 1
412 412 
0 413 15 1
413 413 
0 414 15 1
414 414 
0 415 15 1
415 415 
0 416 15 1
416 416 
0 417 15 1
417 417 
0 418 15 1
418 418 
0 419 15 1
419 419 
0 420 15 1
420 420 
0 421 15 1
421 421 
0 422 15 1
422 422 
0 423 15 1
423 423 
0 424 15 1
424 424 
0 425 15 1
425 425 
0 426 15 1
426 426 
0 427 15 1
427 427 
0 428 15 1
428 428 
0 429 15 1
429 429 
0 430 15 1
430 430 
0 431 15 1
431 431 
0 432 15 1
432 432 
0 433 15 1
433 433 
0 434 15 1
434 434 
0 435 15 1
435 435 
0 436 15 1
436 436 
0 437 15 1
437 437 
0 438 15 1
438 438 
0 439 15 1
439 439 
0 440 15 1
440 440 
0 441 15 1
441 441 
0 442 15 1
442 442 
0 443 15 1
443 443 
0 444 15 1
444 444 
0 445 15 1
445 445 
0 446 15 1
446 446 
0 447 15 1
447 447 
0 448 15 1
448 448 
0 449 15 1
449 449 
0 450 15 1
450 450 
0 451 15 1
451 451 
0 452 15 1
452 452 
0 453 15 1
453 453 
0 454 15 1
454 454 
0 455 15 1
455 455 
0 456 15 1
456 456 
0 457 15 1
457 457 
0 458 15 1
458 458 
0 459 15 1
459 459 
0 460 15 1
460 460 
0 461 15 1
461 461 
0 462 15 1
462 462 
0 463 15 1
463 463 
0 464 15 1
464 464 
0 465 15 1
465 465 
0 466 15 1
466 466 
0 467 15 1
467 467 
0 468 15 1
468 468 
0 469 15 1
469 469 
0 470 15 1
470 470 
0 471 15 1
471 471 
0 472 15 1
472 472 
0 473 15 1
473 473 
0 474 15 1
474 474 
0 475 15 1
475 475 
0 476 15 1
476 476 
0 477 15 1
477 477 
0 478 15 1
478 478 
0 479 15 1
479 479 
0 480 15 1
480 480 
0 481 15 1
481 481 
0 482 15 1
482 482 
0 483 15 1
483 483 
0 484 15 1
484 484 
0 485 15 1
485 485 
0 486 15 1
486 486 
0 487 15 1
487 487 
0 488 15 1
488 488 
0 489 15 1
489 489 
0 490 15 1
490 490 
0 491 15 1
491 491 
0 492 15 1
492 492 
0 493 15 1
493 493 
0 494 15 1
494 494 
0 495 15 1
495 495 
0 496 15 1
496 496 
0 497 15 1
497 497 
0 498 15 1
498 498 
0 499 15 1
499 499 
0 500 15 1
500 500 
0 501 15 1
501 501 
0 502 15 1
502 502 
0 503 15 1
503 503 
0 504 15 1
504 504 
0 505 15 1
505 505 
0 506 15 1
506 506 
0 507 15 1
507 507 
0 508 15 1
508 508 
0 509 15 1
509 509 
0 510 15 1
510 510 
0 511 15 1
511 511 
0 512 15 1
512 512 
0 513 15 1
513 513 
0 514 15 1
514 514 
0 515 15 1
515 515 
0 516 15 1
516 516 
0 517 15 1
517 517 
0 518 15 1
518 518 
0 519 15 1
519 519 
0 520 15 1
520 520 
0 521 15 1
521 521 
0 522 15 1
522 522 
0 523 15 1
523 523 
0 524 15 1
524 524 
0 525 15 1
525 525 
0 526 15 1
526 526 
0 527 15 1
527 527 
0 528 15 1
528 528 
0 529 15 1
529 529 
0 530 15 1
530 530 
0 531 15 1
531 531 
0 532 15 1
532 532 
0 533 15 1
533 533 
0 534 15 1
534 534 
0 535 15 1
535 535 
0 536 15 1
536 536 
0 537 15 1
537 537 
0 538 15 1
538 538 
0 539 15 1
539 539 
0 540 15 1
540 540 
0 541 15 1
541 541 
0 542 15 1
542 542 
0 543 15 1
543 543 
0 544 15 1
544 544 
0 545 15 1
545 545 
0 546 15 1
546 546 
0 547 15 1
547 547 
0 548 15 1
548 548 
0 549 15 1
549 549 
0 550 15 1
550 550 
0 551 15 1
551 551 
0 552 15 1
552 552 
0 553 15 1
553 553 
0 554 15 1
554 554 
0 555 15 1
555 555 
0 556 15 1
556 556 
0 557 15 1
557 557 
0 558 15 1
558 558 
0 559 15 1
559 559 
0 560 15 1
560 560 
0 561 15 1
561 561 
0 562 15 1
562 562 
0 563 15 1
563 563 
0 564 15 1
564 564 
0 565 15 1
565 565 
0 566 15 1
566 566 
0 567 15 1
567 567 
0 568 15 1
568 568 
0 569 15 1
569 569 
0 570 15 1
570 570 
0 571 15 1
571 571 
0 572 15 1
572 572 
0 573 15 1
573 573 
0 574 15 1
574 574 
0 575 15 1
575 575 
0 576 15 1
576 576 
0 577 15 1
577 577 
0 578 15 1
578 578 
0 579 15 1
579 579 
0 580 15 1
580 580 
0 581 15 1
581 581 
0 582 15 1
582 582 
0 583 15 1
583 583 
0 584 15 1
584 584 
0 585 15 1
585 585 
0 586 15 1
586 586 
0 587 15 1
587 587 
0 588 15 1
588 588 
0 589 15 1
589 589 
0 590 15 1
590 590 
0 591 15 1
591 591 
0 592 15 1
592 592 
0 593 15 1
593 593 
0 594 15 1
594 594 
0 595 15 1
595 595 
0 596 15 1
596 596 
0 597 15 1
597 597 
0 598 15 1
598 598 
0 599 15 1
599 599 
0 600 15 1
600 600 
0 601 15 1
601 601 
0 602 15 1
602 602 
0 603 15 1
603 603 
0 604 15 1
604 604 
0 605 15 1
605 605 
0 606 15 1
606 606 
0 607 15 1
607 607 
0 608 15 1
608 608 
0 609 15 1
609 609 
0 610 15 1
610 610 
0 611 15 1
611 611 
0 612 15 1
612 612 
0 613 15 1
613 613 
0 614 15 1
614 614 
0 615 15 1
615 615 
0 616 15 1
616 616 
0 617 15 1
617 617 
0 618 15 1
618 618 
0 619 15 1
619 619 
0 620 15 1
620 620 
0 621 15 1
621 621 
0 622 15 1
622 622 
0 623 15 1
623 623 
0 624 15 1
624 624 
0 625 15 1
625 625 
0 626 15 1
626 626 
0 627 15 1
627 627 
0 628 15 1
628 628 
0 629 15 1
629 629 
0 630 15 1
630 630 
0 631 15 1
631 631 
0 632 15 1
632 632 
0 633 15 1
633 633 
0 634 15 1
634 634 
0 635 15 1
635 635 
0 636 15 1
636 636 
0 637 15 1
637 637 
0 638 15 1
638 638 
0 639 15 1
639 639 
0 640 15 1
640 640 
0 641 15 1
641 641 
0 642 15 1
642 642 
0 643 15 1
643 643 
0 644 15 1
644 644 
0 645 15 1
645 645 
0 646 15 1
646 646 
0 647 15 1
647 647 
0 648 15 1
648 648 
0 649 15 1
649 649 
0 650 15 1
650 650 
0 651 15 1
651 651 
0 652 15 1
652 652 
0 653 15 1
653 653 
0 654 15 1
654 654 
0 655 15 1
655 655 
0 656 15 1
656 656 
0 657 15 1
657 657 
0 658 15 1
658 658 
0 659 15 1
659 659 
0 660 15 1
660 660 
0 661 15 1
661 661 
0 662 15 1
662 662 
0 663 15 1
663 663 
0 664 15 1
664 664 
0 665 15 1
665 665 
0 666 15 1
666 666 
0 667 15 1
667 667 
0 668 15 1
668 668 
0 669 15 1
669 669 
0 670 15 1
670 670 
0 671 15 1
671 671 
0 672 15 1
672 672 
0 673 15 1
673 673 
0 674 15 1
674 674 
0 675 15 1
675 675 
0 676 15 1
676 676 
0 677 15 1
677 677 
0 678 15 1
678 678 
0 679 15 1
679 679 
0 680 15 1
680 680 
0 681 15 1
681 681 
0 682 15 1
682 682 
0 683 15 1
683 683 
0 684 15 1
684 684 
0 685 15 1
685 685 
0 686 15 1
686 686 
0 687 15 1
687 687 
0 688 15 1
688 688 
0 689 15 1
689 689 
0 690 15 1
690 690 
0 691 15 1
691 691 
0 692 15 1
692 692 
0 693 15 1
693 693 
0 694 15 1
694 694 
0 695 15 1
695 695 
0 696 15 1
696 696 
0 697 15 1
697 697 
0 698 15 1
698 698 
0 699 15 1
699 699 
0 700 15 1
700 700 
0 701 15 1
701 701 
0 702 15 1
702 702 
0 703 15 1
703 703 
0 704 15 1
704 704 
0 705 15 1
705 705 
0 706 15 1
706 706 
0 707 15 1
707 707 
0 708 15 1
708 708 
0 709 15 1
709 709 
0 710 15 1
710 710 
0 711 15 1
711 711 
0 712 15 1
712 712 
0 713 15 1
713 713 
0 714 15 1
714 714 
0 715 15 1
715 715 
0 716 15 1
716 716 
0 717 15 1
717 717 
0 718 15 1
718 718 
0 719 15 1
719 719 
0 720 15 1
720 720 
0 721 15 1
721 721 
0 722 15 1
722 722 
0 723 15 1
723 723 
0 724 15 1
724 724 
0 725 15 1
725 725 
0 726 15 1
726 726 
0 727 15 1
727 727 
0 728 15 1
728 728 
0 729 15 1
729 729 
0 730 15 1
730 730 
0 731 15 1
731 731 
0 732 15 1
732 732 
0 733 15 1
733 733 
0 734 15 1
734 734 
0 735 15 1
735 735 
0 736 15 1
736 736 
0 737 15 1
737 737 
0 738 15 1
738 738 
0 739 15 1
739 739 
0 740 15 1
740 740 
0 741 15 1
741 741 
0 742 15 1
742 742 
0 743 15 1
743 743 
0 744 15 1
744 744 
0 745 15 1
745 745 
0 746 15 1
746 746 
0 747 15 1
747 747 
0 748 15 1
748 748 
0 749 15 1
749 749 
0 750 15 1
750 750 
0 751 15 1
751 751 
0 752 15 1
752 752 
0 753 15 1
753 753 
0 754 15 1
754 754 
0 755 15 1
755 755 
0 756 15 1
756 756 
0 757 15 1
757 757 
0 758 15 1
758 758 
0 759 15 1
759 759 
0 760 15 1
760 760 
0 761 15 1
761 761 
0 762 15 1
762 762 
0 763 15 1
763 763 
0 764 15 1
764 764 
0 765 15 1
765 765 
0 766 15 1
766 766 
0 767 15 1
767 767 
0 768 15 1
768 768 
0 769 15 1
769 769 
0 770 15 1
770 770 
0 771 15 1
771 771 
0 772 15 1
772 772 
0 773 15 1
773 773 
0 774 15 1
774 774 
0 775 15 1
775 775 
0 776 15 1
776 776 
0 777 15 1
777 777 
0 778 15 1
778 778 
0 779 15 1
779 779 
0 780 15 1
780 780 
0 781 15 1
781 781 
0 782 15 1
782 782 
0 783 15 1
783 783 
0 784 15 1
784 784 
0 785 15 1
785 785 
0 786 15 1
786 786 
0 787 15 1
787 787 
0 788 15 1
788 788 
0 789 15 1
789 789 
0 790 15 1
790 790 
0 791 15 1
791 791 
0 792 15 1
792 792 
0 793 15 1
793 793 
0 794 15 1
794 794 
0 795 15 1
795 795 
0 796 15 1
796 796 
0 797 15 1
797 797 
0 798 15 1
798 798 
0 799 15 1
799 799 
0 800 15 1
800 800 
0 801 15 1
801 801 
0 802 15 1
802 802 
0 803 15 1
803 803 
0 804 15 1
804 804 
0 805 15 1
805 805 
0 806 15 1
806 806 
0 807 15 1
807 807 
0 808 15 1
808 808 
0 809 15 1
809 809 
0 810 15 1
810 810 
0 811 15 1
811 811 
0 812 15 1
812 812 
0 813 15 1
813 813 
0 814 15 1
814 814 
0 815 15 1
815 815 
0 816 15 1
816 816 
0 817 15 1
817 817 
0 818 15 1
818 818 
0 819 15 1
819 819 
0 820 15 1
820 820 
0 821 15 1
821 821 
0 822 15 1
822 822 
0 823 15 1
823 823 
0 824 15 1
824 824 
0 825 15 1
825 825 
0 826 15 1
826 826 
0 827 15 1
827 827 
0 828 15 1
828 828 
0 829 15 1
829 829 
0 830 15 1
830 830 
0 831 15 1
831 831 
0 832 15 1
832 832 
0 833 15 1
833 833 
0 834 15 1
834 834 
0 835 15 1
835 835 
0 836 15 1
836 836 
0 837 15 1
837 837 
0 838 15 1
838 838 
0 839 15 1
839 839 
0 840 15 1
840 840 
0 841 15 1
841 841 
0 842 15 1
842 842 
0 843 15 1
843 843 
0 844 15 1
844 844 
0 845 15 1
845 845 
0 846 15 1
846 846 
0 847 15 1
847 847 
0 848 15 1
848 848 
0 849 15 1
849 849 
0 850 15 1
850 850 
0 851 15 1
851 851 
0 852 15 1
852 852 
0 853 15 1
853 853 
0 854 15 1
854 854 
0 855 15 1
855 855 
0 856 15 1
856 856 
0 857 15 1
857 857 
0 858 15 1
858 858 
0 859 15 1
859 859 
0 860 15 1
860 860 
0 861 15 1
861 861 
0 862 15 1
862 862 
0 863 15 1
863 863 
0 864 15 1
864 864 
0 865 15 1
865 865 
0 866 15 1
866 866 
0 867 15 1
867 867 
0 868 15 1
868 868 
0 869 15 1
869 869 
0 870 15 1
870 870 
0 871 15 1
871 871 
0 872 15 1
872 872 
0 873 15 1
873 873 
0 874 15 1
874 874 
0 875 15 1
875 875 
0 876 15 1
876 876 
0 877 15 1
877 877 
0 878 15 1
878 878 
0 879 15 1
879 879 
0 880 15 1
880 880 
0 881 15 1
881 881 
0 882 15 1
882 882 
0 883 15 1
883 883 
0 884 15 1
884 884 
0 885 15 1
885 885 
0 886 15 1
886 886 
0 887 15 1
887 887 
0 888 15 1
888 888 
0 889 15 1
889 889 
0 890 15 1
890 890 
0 891 15 1
891 891 
0 892 15 1
892 892 
0 893 15 1
893 893 
0 894 15 1
894 894 
0 895 15 1
895 895 
0 896 15 1
896 896 
0 897 15 1
897 897 
0 898 15 1
898 898 
0 899 15 1
899 899 
0 900 15 1
900 900 
0 901 15 1
901 901 
0 902 15 1
902 902 
0 903 15 1
903 903 
0 904 15 1
904 904 
0 905 15 1
905 905 
0 906 15 1
906 906 
0 907 15 1
907 907 
0 908 15 1
908 908 
0 909 15 1
909 909 
0 910 15 1
910 910 
0 911 15 1
911 911 
0 912 15 1
912 912 
0 913 15 1
913 913 
0 914 15 1
914 914 
0 915 15 1
915 915 
0 916 15 1
916 916 
0 917 15 1
917 917 
0 918 15 1
918 918 
0 919 15 1
919 919 
0 920 15 1
920 920 
0 921 15 1
921 921 
0 922 15 1
922 922 
0 923 15 1
923 923 
0 924 15 1
924 924 
0 925 15 1
925 925 
0 926 15 1
926 926 
0 927 15 1
927 927 
0 928 15 1
928 928 
0 929 15 1
929 929 
0 930 15 1
930 930 
0 931 15 1
931 931 
0 932 15 1
932 932 
0 933 15 1
933 933 
0 934 15 1
934 934 
0 935 15 1
935 935 
0 936 15 1
936 936 
0 937 15 1
937 937 
0 938 15 1
938 938 
0 939 15 1
939 939 
0 940 15 1
940 940 
0 941 15 1
941 941 
0 942 15 1
942 942 
0 943 15 1
943 943 
0 944 15 1
944 944 
0 945 15 1
945 945 
0 946 15 1
946 946 
0 947 15 1
947 947 
0 948 15 1
948 948 
0 949 15 1
949 949 
0 950 15 1
950 950 
0 951 15 1
951 951 
0 952 15 1
952 952 
0 953 15 1
953 953 
0 954 15 1
954 954 
0 955 15 1
955 955 
0 956 15 1
956 956 
0 957 15 1
957 957 
0 958 15 1
958 958 
0 959 15 1
959 959 
0 960 15 1
960 960 
0 961 15 1
961 961 
0 962 15 1
962 962 
0 963 15 1
963 963 
0 964 15 1
964 964 
0 965 15 1
965 965 
0 966 15 1
966 966 
0 967 15 1
967 967 
0 968 15 1
968 968 
0 969 15 1
969 969 
0 970 15 1
970 970 
0 971 15 1
971 971 
0 972 15 1
972 972 
0 973 15 1
973 973 
0 974 15 1
974 974 
0 975 15 1
975 975 
0 976 15 1
976 976 
0 977 15 1
977 977 
0 978 15 1
978 978 
0 979 15 1
979 979 
0 980 15 1
980 980 
0 981 15 1
981 981 
0 982 15 1
982 982 
0 983 15 1
983 983 
0 984 15 1
984 984 
0 985 15 1
985 985 
0 986 15 1
986 986 
0 987 15 1
987 987 
0 988 15 1
988 988 
0 989 15 1
989 989 
0 990 15 1
990 990 
0 991 15 1
991 991 
0 992 15 1
992 992 
0 993 15 1
993 993 
0 994 15 1
994 994 
0 995 15 1
995 995 
0 996 15 1
996 996 
0 997 15 1
997 997 
0 998 15 1
998 998 
0 999 15 1
999 999 
0 1000 15 1
1000 1000 
0 1001 15 1
1001 1001 
0 1002 15 1
1002 1002 
0 1003 15 1
1003 1003 
0 1004 15 1
1004 1004 
0 1005 15 1
1005 1005 
0 1006 15 1
1006 1006 
0 1007 15 1
1007 1007 
0 1008 15 1
1008 1008 
0 1009 15 1
1009 1009 
0 1010 15 1
1010 1010 
0 1011 15 1
1011 1011 
0 1012 15 1
1012 1012 
0 1013 15 1
1013 1013 
0 1014 15 1
1014 1014 
0 1015 15 1
1015 1015 
0 1016 15 1
1016 1016 
0 1017 15 1
1017 1017 
0 1018 15 1
1018 1018 
0 1019 15 1
1019 1019 
0 1020 15 1
1020 1020 
0 1021 15 1
1021 1021 
0 1022 15 1
1022 1022 
0 1023 15 1
1023 1023 
0 1024 15 1
1024 1024 
0 1025 15 1
1025 1025 
0 1026 15 1
1026 1026 
0 1027 15 1
1027 1027 
0 1028 15 1
1028 1028 
0 1029 15 1
1029 1029 
0 1030 15 1
1030 1030 
0 1031 15 1
1031 1031 
0 1032 15 1
1032 1032 
0 1033 15 1
1033 1033 
0 1034 15 1
1034 1034 
0 1035 15 1
1035 1035 
0 1036 15 1
1036 1036 
0 1037 15 1
1037 1037 
0 1038 15 1
1038 1038 
0 1039 15 1
1039 1039 
0 1040 15 1
1040 1040 
0 1041 15 1
1041 1041 
0 1042 15 1
1042 1042 
0 1043 15 1
1043 1043 
0 1044 15 1
1044 1044 
0 1045 15 1
1045 1045 
0 1046 15 1
1046 1046 
0 1047 15 1
1047 1047 
0 1048 15 1
1048 1048 
0 1049 15 1
1049 1049 
0 1050 15 1
1050 1050 
0 1051 15 1
1051 1051 
0 1052 15 1
1052 1052 
0 1053 15 1
1053 1053 
0 1054 15 1
1054 1054 
0 1055 15 1
1055 1055 
0 1056 15 1
1056 1056 
0 1057 15 1
1057 1057 
0 1058 15 1
1058 1058 
0 1059 15 1
1059 1059 
0 1060 15 1
1060 1060 
0 1061 15 1
1061 1061 
0 1062 15 1
1062 1062 
0 1063 15 1
1063 1063 
0 1064 15 1
1064 1064 
0 1065 15 1
1065 1065 
0 1066 15 1
1066 1066 
0 1067 15 1
1067 1067 
0 1068 15 1
1068 1068 
0 1069 15 1
1069 1069 
0 1070 15 1
1070 1070 
0 1071 15 1
1071 1071 
0 1072 15 1
1072 1072 
0 1073 15 1
1073 1073 
0 1074 15 1
1074 1074 
0 1075 15 1
1075 1075 
0 1076 15 1
1076 1076 
0 1077 15 1
1077 1077 
0 1078 15 1
1078 1078 
0 1079 15 1
1079 1079 
0 1080 15 1
1080 1080 
0 1081 15 1
1081 1081 
0 1082 15 1
1082 1082 
0 1083 15 1
1083 1083 
0 1084 15 1
1084 1084 
0 1085 15 1
1085 1085 
0 1086 15 1
1086 1086 
0 1087 15 1
1087 1087 
0 1088 15 1
1088 1088 
0 1089 15 1
1089 1089 
1 1 1 2
1090 1 1090 
1091 1090 34 
1 2 1 2
1092 34 1091 
1093 1091 67 
1 3 1 2
1094 67 1092 
1095 1092 100 
1 4 1 2
1096 100 1093 
1097 1093 133 
1 5 1 2
1098 133 1094 
1099 1094 166 
1 6 1 2
1100 166 1095 
1101 1095 199 
1 7 1 2
1102 199 1096 
1103 1096 232 
1 8 1 2
1104 232 1097 
1105 1097 265 
1 9 1 2
1106 265 1098 
1107 1098 298 
1 10 1 2
1108 298 1099 
1109 1099 331 
1 11 1 2
1110 331 1100 
1111 1100 364 
1 12 1 2
1112 364 1101 
1113 1101 397 
1 13 1 2
1114 397 1102 
1115 1102 430 
1 14 1 2
1116 430 1103 
1117 1103 463 
1 15 1 2
1118 463 1104 
1119 1104 496 
1 16 1 2
1120 496 1105 
1121 1105 529 
1 17 1 2
1122 529 1106 
1123 1106 562 
1 18 1 2
1124 562 1107 
1125 1107 595 
1 19 1 2
1126 595 1108 
1127 1108 628 
1 20 1 2
1128 628 1109 
1129 1109 661 
1 21 1 2
1130 661 1110 
1131 1110 694 
1 22 1 2
1132 694 1111 
1133 1111 727 
1 23 1 2
1134 727 1112 
1135 1112 760 
1 24 1 2
1136 760 1113 
1137 1113 793 
1 25 1 2
1138 793 1114 
1139 1114 826 
1 26 1 2
1140 826 1115 
1141 1115 859 
1 27 1 2
1142 859 1116 
1143 1116 892 
1 28 1 2
1144 892 1117 
1145 1117 925 
1 29 1 2
1146 925 1118 
1147 1118 958 
1 30 1 2
1148 958 1119 
1149 1119 991 
1 31 1 2
1150 991 1120 
1151 1120 1024 
1 32 1 2
1152 1024 1121 
1153 1121 1057 
1 33 1 2
1154 2 1122 
1155 1122 35 
1 34 1 2
1156 35 1123 
1157 1123 68 
1 35 1 2
1158 68 1124 
1159 1124 101 
1 36 1 2
1160 101 1125 
1161 1125 134 
1 37 1 2
1162 134 1126 
1163 1126 167 
1 38 1 2
1164 167 1127 
1165 1127 200 
1 39 1 2
1166 200 1128 
1167 1128 233 
1 40 1 2
1168 233 1129 
1169 1129 266 
1 41 1 2
1170 266 1130 
1171 1130 299 
1 42 1 2
1172 299 1131 
1173 1131 332 
1 43 1 2
1174 332 1132 
1175 1132 365 
1 44 1 2
1176 365 1133 
1177 1133 398 
1 45 1 2
1178 398 1134 
1179 1134 431 
1 46 1 2
1180 431 1135 
1181 1135 464 
1 47 1 2
1182 464 1136 
1183 1136 497 
1 48 1 2
1184 497 1137 
1185 1137 530 
1 49 1 2
1186 530 1138 
1187 1138 563 
1 50 1 2
1188 563 1139 
1189 1139 596 
1 51 1 2
1190 596 1140 
1191 1140 629 
1 52 1 2
1192 629 1141 
1193 1141 662 
1 53 1 2
1194 662 1142 
1195 1142 695 
1 54 1 2
1196 695 1143 
1197 1143 728 
1 55 1 2
1198 728 1144 
1199 1144 761 
1 56 1 2
1200 761 1145 
1201 1145 794 
1 57 1 2
1202 794 1146 
1203 1146 827 
1 58 1 2
1204 827 1147 
1205 1147 860 
1 59 1 2
1206 860 1148 
1207 1148 893 
1 60 1 2
1208 893 1149 
1209 1149 926 
1 61 1 2
1210 926 1150 
1211 1150 959 
1 62 1 2
1212 959 1151 
1213 1151 992 
1 63 1 2
1214 992 1152 
1215 1152 1025 
1 64 1 2
1216 1025 1153 
1217 1153 1058 
1 65 1 2
1218 3 1154 
1219 1154 36 
1 66 1 2
1220 36 1155 
1221 1155 69 
1 67 1 2
1222 69 1156 
1223 1156 102 
1 68 1 2
1224 102 1157 
1225 1157 135 
1 69 1 2
1226 135 1158 
1227 1158 168 
1 70 1 2
1228 168 1159 
1229 1159 201 
1 71 1 2
1230 201 1160 
1231 1160 234 
1 72 1 2
1232 234 1161 
1233 1161 267 
1 73 1 2
1234 267 1162 
1235 1162 300 
1 74 1 2
1236 300 1163 
1237 1163 333 
1 75 1 2
1238 333 1164 
1239 1164 366 
1 76 1 2
1240 366 1165 
1241 1165 399 
1 77 1 2
1242 399 1166 
1243 1166 432 
1 78 1 2
1244 432 1167 
1245 1167 465 
1 79 1 2
1246 465 1168 
1247 1168 498 
1 80 1 2
1248 498 1169 
1249 1169 531 
1 81 1 2
1250 531 1170 
1251 1170 564 
1 82 1 2
1252 564 1171 
1253 1171 597 
1 83 1 2
1254 597 1172 
1255 1172 630 
1 84 1 2
1256 630 1173 
1257 1173 663 
1 85 1 2
1258 663 1174 
1259 1174 696 
1 86 1 2
1260 696 1175 
1261 1175 729 
1 87 1 2
1262 729 1176 
1263 1176 762 
1 88 1 2
1264 762 1177 
1265 1177 795 
1 89 1 2
1266 795 1178 
1267 1178 828 
1 90 1 2
1268 828 1179 
1269 1179 861 
1 91 1 2
1270 861 1180 
1271 1180 894 
1 92 1 2
1272 894 1181 
1273 1181 927 
1 93 1 2
1274 927 1182 
1275 1182 960 
1 94 1 2
1276 960 1183 
1277 1183 993 
1 95 1 2
1278 993 1184 
1279 1184 1026 
1 96 1 2
1280 1026 1185 
1281 1185 1059 
1 97 1 2
1282 4 1186 
1283 1186 37 
1 98 1 2
1284 37 1187 
1285 1187 70 
1 99 1 2
1286 70 1188 
1287 1188 103 
1 100 1 2
1288 103 1189 
1289 1189 136 
1 101 1 2
1290 136 1190 
1291 1190 169 
1 102 1 2
1292 169 1191 
1293 1191 202 
1 103 1 2
1294 202 1192 
1295 1192 235 
1 104 1 2
1296 235 1193 
1297 1193 268 
1 105 1 2
1298 268 1194 
1299 1194 301 
1 106 1 2
1300 301 1195 
1301 1195 334 
1 107 1 2
1302 334 1196 
1303 1196 367 
1 108 1 2
1304 367 1197 
1305 1197 400 
1 109 1 2
1306 400 1198 
1307 1198 433 
1 110 1 2
1308 433 1199 
1309 1199 466 
1 111 1 2
1310 466 1200 
1311 1200 499 
1 112 1 2
1312 499 1201 
1313 1201 532 
1 113 1 2
1314 532 1202 
1315 1202 565 
1 114 1 2
1316 565 1203 
1317 1203 598 
1 115 1 2
1318 598 1204 
1319 1204 631 
1 116 1 2
1320 631 1205 
1321 1205 664 
1 117 1 2
1322 664 1206 
1323 1206 697 
1 118 1 2
1324 697 1207 
1325 1207 730 
1 119 1 2
1326 730 1208 
1327 1208 763 
1 120 1 2
1328 763 1209 
1329 1209 796 
1 121 1 2
1330 796 1210 
1331 1210 829 
1 122 1 2
1332 829 1211 
1333 1211 862 
1 123 1 2
1334 862 1212 
1335 1212 895 
1 124 1 2
1336 895 1213 
1337 1213 928 
1 125 1 2
1338 928 1214 
1339 1214 961 
1 126 1 2
1340 961 1215 
1341 1215 994 
1 127 1 2
1342 994 1216 
1343 1216 1027 
1 128 1 2
1344 1027 1217 
1345 1217 1060 
1 129 1 2
1346 5 1218 
1347 1218 38 
1 130 1 2
1348 38 1219 
1349 1219 71 
1 131 1 2
1350 71 1220 
1351 1220 104 
1 132 1 2
1352 104 1221 
1353 1221 137 
1 133 1 2
1354 137 1222 
1355 1222 170 
1 134 1 2
1356 170 1223 
1357 1223 203 
1 135 1 2
1358 203 1224 
1359 1224 236 
1 136 1 2
1360 236 1225 
1361 1225 269 
1 137 1 2
1362 269 1226 
1363 1226 302 
1 138 1 2
1364 302 1227 
1365 1227 335 
1 139 1 2
1366 335 1228 
1367 1228 368 
1 140 1 2
1368 368 1229 
1369 1229 401 
1 141 1 2
1370 401 1230 
1371 1230 434 
1 142 1 2
1372 434 1231 
1373 1231 467 
1 143 1 2
1374 467 1232 
1375 1232 500 
1 144 1 2
1376 500 1233 
1377 1233 533 
1 145 1 2
1378 533 1234 
1379 1234 566 
1 146 1 2
1380 566 1235 
1381 1235 599 
1 147 1 2
1382 599 1236 
1383 1236 632 
1 148 1 2
1384 632 1237 
1385 1237 665 
1 149 1 2
1386 665 1238 
1387 1238 698 
1 150 1 2
1388 698 1239 
1389 1239 731 
1 151 1 2
1390 731 1240 
1391 1240 764 
1 152 1 2
1392 764 1241 
1393 1241 797 
1 153 1 2
1394 797 1242 
1395 1242 830 
1 154 1 2
1396 830 1243 
1397 1243 863 
1 155 1 2
1398 863 1244 
1399 1244 896 
1 156 1 2
1400 896 1245 
1401 1245 929 
1 157 1 2
1402 929 1246 
1403 1246 962 
1 158 1 2
1404 962 1247 
1405 1247 995 
1 159 1 2
1406 995 1248 
1407 1248 1028 
1 160 1 2
1408 1028 1249 
1409 1249 1061 
1 161 1 2
1410 6 1250 
1411 1250 39 
1 162 1 2
1412 39 1251 
1413 1251 72 
1 163 1 2
1414 72 1252 
1415 1252 105 
1 164 1 2
1416 105 1253 
1417 1253 138 
1 165 1 2
1418 138 1254 
1419 1254 171 
1 166 1 2
1420 171 1255 
1421 1255 204 
1 167 1 2
1422 204 1256 
1423 1256 237 
1 168 1 2
1424 237 1257 
1425 1257 270 
1 169 1 2
1426 270 1258 
1427 1258 303 
1 170 1 2
1428 303 1259 
1429 1259 336 
1 171 1 2
1430 336 1260 
1431 1260 369 
1 172 1 2
1432 369 1261 
1433 1261 402 
1 173 1 2
1434 402 1262 
1435 1262 435 
1 174 1 2
1436 435 1263 
1437 1263 468 
1 175 1 2
1438 468 1264 
1439 1264 501 
1 176 1 2
1440 501 1265 
1441 1265 534 
1 177 1 2
1442 534 1266 
1443 1266 567 
1 178 1 2
1444 567 1267 
1445 1267 600 
1 179 1 2
1446 600 1268 
1447 1268 633 
1 180 1 2
1448 633 1269 
1449 1269 666 
1 181 1 2
1450 666 1270 
1451 1270 699 
1 182 1 2
1452 699 1271 
1453 1271 732 
1 183 1 2
1454 732 1272 
1455 1272 765 
1 184 1 2
1456 765 1273 
1457 1273 798 
1 185 1 2
1458 798 1274 
1459 1274 831 
1 186 1 2
1460 831 1275 
1461 1275 864 
1 187 1 2
1462 864 1276 
1463 1276 897 
1 188 1 2
1464 897 1277 
1465 1277 930 
1 189 1 2
1466 930 1278 
1467 1278 963 
1 190 1 2
1468 963 1279 
1469 1279 996 
1 191 1 2
1470 996 1280 
1471 1280 1029 
1 192 1 2
1472 1029 1281 
1473 1281 1062 
1 193 1 2
1474 7 1282 
1475 1282 40 
1 194 1 2
1476 40 1283 
1477 1283 73 
1 195 1 2
1478 73 1284 
1479 1284 106 
1 196 1 2
1480 106 1285 
1481 1285 139 
1 197 1 2
1482 139 1286 
1483 1286 172 
1 198 1 2
1484 172 1287 
1485 1287 205 
1 199 1 2
1486 205 1288 
1487 1288 238 
1 200 1 2
1488 238 1289 
1489 1289 271 
1 201 1 2
1490 271 1290 
1491 1290 304 
1 202 1 2
1492 304 1291 
1493 1291 337 
1 203 1 2
1494 337 1292 
1495 1292 370 
1 204 1 2
1496 370 1293 
1497 1293 403 
1 205 1 2
1498 403 1294 
1499 1294 436 
1 206 1 2
1500 436 1295 
1501 1295 469 
1 207 1 2
1502 469 1296 
1503 1296 502 
1 208 1 2
1504 502 1297 
1505 1297 535 
1 209 1 2
1506 535 1298 
1507 1298 568 
1 210 1 2
1508 568 1299 
1509 1299 601 
1 211 1 2
1510 601 1300 
1511 1300 634 
1 212 1 2
1512 634 1301 
1513 1301 667 
1 213 1 2
1514 667 1302 
1515 1302 700 
1 214 1 2
1516 700 1303 
1517 1303 733 
1 215 1 2
1518 733 1304 
1519 1304 766 
1 216 1 2
1520 766 1305 
1521 1305 799 
1 217 1 2
1522 799 1306 
1523 1306 832 
1 218 1 2
1524 832 1307 
1525 1307 865 
1 219 1 2
1526 865 1308 
1527 1308 898 
1 220 1 2
1528 898 1309 
1529 1309 931 
1 221 1 2
1530 931 1310 
1531 1310 964 
1 222 1 2
1532 964 1311 
1533 1311 997 
1 223 1 2
1534 997 1312 
1535 1312 1030 
1 224 1 2
1536 1030 1313 
1537 1313 1063 
1 225 1 2
1538 8 1314 
1539 1314 41 
1 226 1 2
1540 41 1315 
1541 1315 74 
1 227 1 2
1542 74 1316 
1543 1316 107 
1 228 1 2
1544 107 1317 
1545 1317 140 
1 229 1 2
1546 140 1318 
1547 1318 173 
1 230 1 2
1548 173 1319 
1549 1319 206 
1 231 1 2
1550 206 1320 
1551 1320 239 
1 232 1 2
1552 239 1321 
1553 1321 272 
1 233 1 2
1554 272 1322 
1555 1322 305 
1 234 1 2
1556 305 1323 
1557 1323 338 
1 235 1 2
1558 338 1324 
1559 1324 371 
1 236 1 2
1560 371 1325 
1561 1325 404 
1 237 1 2
1562 404 1326 
1563 1326 437 
1 238 1 2
1564 437 1327 
1565 1327 470 
1 239 1 2
1566 470 1328 
1567 1328 503 
1 240 1 2
1568 503 1329 
1569 1329 536 
1 241 1 2
1570 536 1330 
1571 1330 569 
1 242 1 2
1572 569 1331 
1573 1331 602 
1 243 1 2
1574 602 1332 
1575 1332 635 
1 244 1 2
1576 635 1333 
1577 1333 668 
1 245 1 2
1578 668 1334 
1579 1334 701 
1 246 1 2
1580 701 1335 
1581 1335 734 
1 247 1 2
1582 734 1336 
1583 1336 767 
1 248 1 2
1584 767 1337 
1585 1337 800 
1 249 1 2
1586 800 1338 
1587 1338 833 
1 250 1 2
1588 833 1339 
1589 1339 866 
1 251 1 2
1590 866 1340 
1591 1340 899 
1 252 1 2
1592 899 1341 
1593 1341 932 
1 253 1 2
1594 932 1342 
1595 1342 965 
1 254 1 2
1596 965 1343 
1597 1343 998 
1 255 1 2
1598 998 1344 
1599 1344 1031 
1 256 1 2
1600 1031 1345 
1601 1345 1064 
1 257 1 2
1602 9 1346 
1603 1346 42 
1 258 1 2
1604 42 1347 
1605 1347 75 
1 259 1 2
1606 75 1348 
1607 1348 108 
1 260 1 2
1608 108 1349 
1609 1349 141 
1 261 1 2
1610 141 1350 
1611 1350 174 
1 262 1 2
1612 174 1351 
1613 1351 207 
1 263 1 2
1614 207 1352 
1615 1352 240 
1 264 1 2
1616 240 1353 
1617 1353 273 
1 265 1 2
1618 273 1354 
1619 1354 306 
1 266 1 2
1620 306 1355 
1621 1355 339 
1 267 1 2
1622 339 1356 
1623 1356 372 
1 268 1 2
1624 372 1357 
1625 1357 405 
1 269 1 2
1626 405 1358 
1627 1358 438 
1 270 1 2
1628 438 1359 
1629 1359 471 
1 271 1 2
1630 471 1360 
1631 1360 504 
1 272 1 2
1632 504 1361 
1633 1361 537 
1 273 1 2
1634 537 1362 
1635 1362 570 
1 274 1 2
1636 570 1363 
1637 1363 603 
1 275 1 2
1638 603 1364 
1639 1364 636 
1 276 1 2
1640 636 1365 
1641 1365 669 
1 277 1 2
1642 669 1366 
1643 1366 702 
1 278 1 2
1644 702 1367 
1645 1367 735 
1 279 1 2
1646 735 1368 
1647 1368 768 
1 280 1 2
1648 768 1369 
1649 1369 801 
1 281 1 2
1650 801 1370 
1651 1370 834 
1 282 1 2
1652 834 1371 
1653 1371 867 
1 283 1 2
1654 867 1372 
1655 1372 900 
1 284 1 2
1656 900 1373 
1657 1373 933 
1 285 1 2
1658 933 1374 
1659 1374 966 
1 286 1 2
1660 966 1375 
1661 1375 999 
1 287 1 2
1662 999 1376 
1663 1376 1032 
1 288 1 2
1664 1032 1377 
1665 1377 1065 
1 289 1 2
1666 10 1378 
1667 1378 43 
1 290 1 2
1668 43 1379 
1669 1379 76 
1 291 1 2
1670 76 1380 
1671 1380 109 
1 292 1 2
1672 109 1381 
1673 1381 142 
1 293 1 2
1674 142 1382 
1675 1382 175 
1 294 1 2
1676 175 1383 
1677 1383 208 
1 295 1 2
1678 208 1384 
1679 1384 241 
1 296 1 2
1680 241 1385 
1681 1385 274 
1 297 1 2
1682 274 1386 
1683 1386 307 
1 298 1 2
1684 307 1387 
1685 1387 340 
1 299 1 2
1686 340 1388 
1687 1388 373 
1 300 1 2
1688 373 1389 
1689 1389 406 
1 301 1 2
1690 406 1390 
1691 1390 439 
1 302 1 2
1692 439 1391 
1693 1391 472 
1 303 1 2
1694 472 1392 
1695 1392 505 
1 304 1 2
1696 505 1393 
1697 1393 538 
1 305 1 2
1698 538 1394 
1699 1394 571 
1 306 1 2
1700 571 1395 
1701 1395 604 
1 307 1 2
1702 604 1396 
1703 1396 637 
1 308 1 2
1704 637 1397 
1705 1397 670 
1 309 1 2
1706 670 1398 
1707 1398 703 
1 310 1 2
1708 703 1399 
1709 1399 736 
1 311 1 2
1710 736 1400 
1711 1400 769 
1 312 1 2
1712 769 1401 
1713 1401 802 
1 313 1 2
1714 802 1402 
1715 1402 835 
1 314 1 2
1716 835 1403 
1717 1403 868 
1 315 1 2
1718 868 1404 
1719 1404 901 
1 316 1 2
1720 901 1405 
1721 1405 934 
1 317 1 2
1722 934 1406 
1723 1406 967 
1 318 1 2
1724 967 1407 
1725 1407 1000 
1 319 1 2
1726 1000 1408 
1727 1408 1033 
1 320 1 2
1728 1033 1409 
1729 1409 1066 
1 321 1 2
1730 11 1410 
1731 1410 44 
1 322 1 2
1732 44 1411 
1733 1411 77 
1 323 1 2
1734 77 1412 
1735 1412 110 
1 324 1 2
1736 110 1413 
1737 1413 143 
1 325 1 2
1738 143 1414 
1739 1414 176 
1 326 1 2
1740 176 1415 
1741 1415 209 
1 327 1 2
1742 209 1416 
1743 1416 242 
1 328 1 2
1744 242 1417 
1745 1417 275 
1 329 1 2
1746 275 1418 
1747 1418 308 
1 330 1 2
1748 308 1419 
1749 1419 341 
1 331 1 2
1750 341 1420 
1751 1420 374 
1 332 1 2
1752 374 1421 
1753 1421 407 
1 333 1 2
1754 407 1422 
1755 1422 440 
1 334 1 2
1756 440 1423 
1757 1423 473 
1 335 1 2
1758 473 1424 
1759 1424 506 
1 336 1 2
1760 506 1425 
1761 1425 539 
1 337 1 2
1762 539 1426 
1763 1426 572 
1 338 1 2
1764 572 1427 
1765 1427 605 
1 339 1 2
1766 605 1428 
1767 1428 638 
1 340 1 2
1768 638 1429 
1769 1429 671 
1 341 1 2
1770 671 1430 
1771 1430 704 
1 342 1 2
1772 704 1431 
1773 1431 737 
1 343 1 2
1774 737 1432 
1775 1432 770 
1 344 1 2
1776 770 1433 
1777 1433 803 
1 345 1 2
1778 803 1434 
1779 1434 836 
1 346 1 2
1780 836 1435 
1781 1435 869 
1 347 1 2
1782 869 1436 
1783 1436 902 
1 348 1 2
1784 902 1437 
1785 1437 935 
1 349 1 2
1786 935 1438 
1787 1438 968 
1 350 1 2
1788 968 1439 
1789 1439 1001 
1 351 1 2
1790 1001 1440 
1791 1440 1034 
1 352 1 2
1792 1034 1441 
1793 1441 1067 
1 353 1 2
1794 12 1442 
1795 1442 45 
1 354 1 2
1796 45 1443 
1797 1443 78 
1 355 1 2
1798 78 1444 
1799 1444 111 
1 356 1 2
1800 111 1445 
1801 1445 144 
1 357 1 2
1802 144 1446 
1803 1446 177 
1 358 1 2
1804 177 1447 
1805 1447 210 
1 359 1 2
1806 210 1448 
1807 1448 243 
1 360 1 2
1808 243 1449 
1809 1449 276 
1 361 1 2
1810 276 1450 
1811 1450 309 
1 362 1 2
1812 309 1451 
1813 1451 342 
1 363 1 2
1814 342 1452 
1815 1452 375 
1 364 1 2
1816 375 1453 
1817 1453 408 
1 365 1 2
1818 408 1454 
1819 1454 441 
1 366 1 2
1820 441 1455 
1821 1455 474 
1 367 1 2
1822 474 1456 
1823 1456 507 
1 368 1 2
1824 507 1457 
1825 1457 540 
1 369 1 2
1826 540 1458 
1827 1458 573 
1 370 1 2
1828 573 1459 
1829 1459 606 
1 371 1 2
1830 606 1460 
1831 1460 639 
1 372 1 2
1832 639 1461 
1833 1461 672 
1 373 1 2
1834 672 1462 
1835 1462 705 
1 374 1 2
1836 705 1463 
1837 1463 738 
1 375 1 2
1838 738 1464 
1839 1464 771 
1 376 1 2
1840 771 1465 
1841 1465 804 
1 377 1 2
1842 804 1466 
1843 1466 837 
1 378 1 2
1844 837 1467 
1845 1467 870 
1 379 1 2
1846 870 1468 
1847 1468 903 
1 380 1 2
1848 903 1469 
1849 1469 936 
1 381 1 2
1850 936 1470 
1851 1470 969 
1 382 1 2
1852 969 1471 
1853 1471 1002 
1 383 1 2
1854 1002 1472 
1855 1472 1035 
1 384 1 2
1856 1035 1473 
1857 1473 1068 
1 385 1 2
1858 13 1474 
1859 1474 46 
1 386 1 2
1860 46 1475 
1861 1475 79 
1 387 1 2
1862 79 1476 
1863 1476 112 
1 388 1 2
1864 112 1477 
1865 1477 145 
1 389 1 2
1866 145 1478 
1867 1478 178 
1 390 1 2
1868 178 1479 
1869 1479 211 
1 391 1 2
1870 211 1480 
1871 1480 244 
1 392 1 2
1872 244 1481 
1873 1481 277 
1 393 1 2
1874 277 1482 
1875 1482 310 
1 394 1 2
1876 310 1483 
1877 1483 343 
1 395 1 2
1878 343 1484 
1879 1484 376 
1 396 1 2
1880 376 1485 
1881 1485 409 
1 397 1 2
1882 409 1486 
1883 1486 442 
1 398 1 2
1884 442 1487 
1885 1487 475 
1 399 1 2
1886 475 1488 
1887 1488 508 
1 400 1 2
1888 508 1489 
1889 1489 541 
1 401 1 2
1890 541 1490 
1891 1490 574 
1 402 1 2
1892 574 1491 
1893 1491 607 
1 403 1 2
1894 607 1492 
1895 1492 640 
1 404 1 2
1896 640 1493 
1897 1493 673 
1 405 1 2
1898 673 1494 
1899 1494 706 
1 406 1 2
1900 706 1495 
1901 1495 739 
1 407 1 2
1902 739 1496 
1903 1496 772 
1 408 1 2
1904 772 1497 
1905 1497 805 
1 409 1 2
1906 805 1498 
1907 1498 838 
1 410 1 2
1908 838 1499 
1909 1499 871 
1 411 1 2
1910 871 1500 
1911 1500 904 
1 412 1 2
1912 904 1501 
1913 1501 937 
1 413 1 2
1914 937 1502 
1915 1502 970 
1 414 1 2
1916 970 1503 
1917 1503 1003 
1 415 1 2
1918 1003 1504 
1919 1504 1036 
1 416 1 2
1920 1036 1505 
1921 1505 1069 
1 417 1 2
1922 14 1506 
1923 1506 47 
1 418 1 2
1924 47 1507 
1925 1507 80 
1 419 1 2
1926 80 1508 
1927 1508 113 
1 420 1 2
1928 113 1509 
1929 1509 146 
1 421 1 2
1930 146 1510 
1931 1510 179 
1 422 1 2
1932 179 1511 
1933 1511 212 
1 423 1 2
1934 212 1512 
1935 1512 245 
1 424 1 2
1936 245 1513 
1937 1513 278 
1 425 1 2
1938 278 1514 
1939 1514 311 
1 426 1 2
1940 311 1515 
1941 1515 344 
1 427 1 2
1942 344 1516 
1943 1516 377 
1 428 1 2
1944 377 1517 
1945 1517 410 
1 429 1 2
1946 410 1518 
1947 1518 443 
1 430 1 2
1948 443 1519 
1949 1519 476 
1 431 1 2
1950 476 1520 
1951 1520 509 
1 432 1 2
1952 509 1521 
1953 1521 542 
1 433 1 2
1954 542 1522 
1955 1522 575 
1 434 1 2
1956 575 1523 
1957 1523 608 
1 435 1 2
1958 608 1524 
1959 1524 641 
1 436 1 2
1960 641 1525 
1961 1525 674 
1 437 1 2
1962 674 1526 
1963 1526 707 
1 438 1 2
1964 707 1527 
1965 1527 740 
1 439 1 2
1966 740 1528 
1967 1528 773 
1 440 1 2
1968 773 1529 
1969 1529 806 
1 441 1 2
1970 806 1530 
1971 1530 839 
1 442 1 2
1972 839 1531 
1973 1531 872 
1 443 1 2
1974 872 1532 
1975 1532 905 
1 444 1 2
1976 905 1533 
1977 1533 938 
1 445 1 2
1978 938 1534 
1979 1534 971 
1 446 1 2
1980 971 1535 
1981 1535 1004 
1 447 1 2
1982 1004 1536 
1983 1536 1037 
1 448 1 2
1984 1037 1537 
1985 1537 1070 
1 449 1 2
1986 15 1538 
1987 1538 48 
1 450 1 2
1988 48 1539 
1989 1539 81 
1 451 1 2
1990 81 1540 
1991 1540 114 
1 452 1 2
1992 114 1541 
1993 1541 147 
1 453 1 2
1994 147 1542 
1995 1542 180 
1 454 1 2
1996 180 1543 
1997 1543 213 
1 455 1 2
1998 213 1544 
1999 1544 246 
1 456 1 2
2000 246 1545 
2001 1545 279 
1 457 1 2
2002 279 1546 
2003 1546 312 
1 458 1 2
2004 312 1547 
2005 1547 345 
1 459 1 2
2006 345 1548 
2007 1548 378 
1 460 1 2
2008 378 1549 
2009 1549 411 
1 461 1 2
2010 411 1550 
2011 1550 444 
1 462 1 2
2012 444 1551 
2013 1551 477 
1 463 1 2
2014 477 1552 
2015 1552 510 
1 464 1 2
2016 510 1553 
2017 1553 543 
1 465 1 2
2018 543 1554 
2019 1554 576 
1 466 1 2
2020 576 1555 
2021 1555 609 
1 467 1 2
2022 609 1556 
2023 1556 642 
1 468 1 2
2024 642 1557 
2025 1557 675 
1 469 1 2
2026 675 1558 
2027 1558 708 
1 470 1 2
2028 708 1559 
2029 1559 741 
1 471 1 2
2030 741 1560 
2031 1560 774 
1 472 1 2
2032 774 1561 
2033 1561 807 
1 473 1 2
2034 807 1562 
2035 1562 840 
1 474 1 2
2036 840 1563 
2037 1563 873 
1 475 1 2
2038 873 1564 
2039 1564 906 
1 476 1 2
2040 906 1565 
2041 1565 939 
1 477 1 2
2042 939 1566 
2043 1566 972 
1 478 1 2
2044 972 1567 
2045 1567 1005 
1 479 1 2
2046 1005 1568 
2047 1568 1038 
1 480 1 2
2048 1038 1569 
2049 1569 1071 
1 481 1 2
2050 16 1570 
2051 1570 49 
1 482 1 2
2052 49 1571 
2053 1571 82 
1 483 1 2
2054 82 1572 
2055 1572 115 
1 484 1 2
2056 115 1573 
2057 1573 148 
1 485 1 2
2058 148 1574 
2059 1574 181 
1 486 1 2
2060 181 1575 
2061 1575 214 
1 487 1 2
2062 214 1576 
2063 1576 247 
1 488 1 2
2064 247 1577 
2065 1577 280 
1 489 1 2
2066 280 1578 
2067 1578 313 
1 490 1 2
2068 313 1579 
2069 1579 346 
1 491 1 2
2070 346 1580 
2071 1580 379 
1 492 1 2
2072 379 1581 
2073 1581 412 
1 493 1 2
2074 412 1582 
2075 1582 445 
1 494 1 2
2076 445 1583 
2077 1583 478 
1 495 1 2
2078 478 1584 
2079 1584 511 
1 496 1 2
2080 511 1585 
2081 1585 544 
1 497 1 2
2082 544 1586 
2083 1586 577 
1 498 1 2
2084 577 1587 
2085 1587 610 
1 499 1 2
2086 610 1588 
2087 1588 643 
1 500 1 2
2088 643 1589 
2089 1589 676 
1 501 1 2
2090 676 1590 
2091 1590 709 
1 502 1 2
2092 709 1591 
2093 1591 742 
1 503 1 2
2094 742 1592 
2095 1592 775 
1 504 1 2
2096 775 1593 
2097 1593 808 
1 505 1 2
2098 808 1594 
2099 1594 841 
1 506 1 2
2100 841 1595 
2101 1595 874 
1 507 1 2
2102 874 1596 
2103 1596 907 
1 508 1 2
2104 907 1597 
2105 1597 940 
1 509 1 2
2106 940 1598 
2107 1598 973 
1 510 1 2
2108 973 1599 
2109 1599 1006 
1 511 1 2
2110 1006 1600 
2111 1600 1039 
1 512 1 2
2112 1039 1601 
2113 1601 1072 
1 513 1 2
2114 17 1602 
2115 1602 50 
1 514 1 2
2116 50 1603 
2117 1603 83 
1 515 1 2
2118 83 1604 
2119 1604 116 
1 516 1 2
2120 116 1605 
2121 1605 149 
1 517 1 2
2122 149 1606 
2123 1606 182 
1 518 1 2
2124 182 1607 
2125 1607 215 
1 519 1 2
2126 215 1608 
2127 1608 248 
1 520 1 2
2128 248 1609 
2129 1609 281 
1 521 1 2
2130 281 1610 
2131 1610 314 
1 522 1 2
2132 314 1611 
2133 1611 347 
1 523 1 2
2134 347 1612 
2135 1612 380 
1 524 1 2
2136 380 1613 
2137 1613 413 
1 525 1 2
2138 413 1614 
2139 1614 446 
1 526 1 2
2140 446 1615 
2141 1615 479 
1 527 1 2
2142 479 1616 
2143 1616 512 
1 528 1 2
2144 512 1617 
2145 1617 545 
1 529 1 2
2146 545 1618 
2147 1618 578 
1 530 1 2
2148 578 1619 
2149 1619 611 
1 531 1 2
2150 611 1620 
2151 1620 644 
1 532 1 2
2152 644 1621 
2153 1621 677 
1 533 1 2
2154 677 1622 
2155 1622 710 
1 534 1 2
2156 710 1623 
2157 1623 743 
1 535 1 2
2158 743 1624 
2159 1624 776 
1 536 1 2
2160 776 1625 
2161 1625 809 
1 537 1 2
2162 809 1626 
2163 1626 842 
1 538 1 2
2164 842 1627 
2165 1627 875 
1 539 1 2
2166 875 1628 
2167 1628 908 
1 540 1 2
2168 908 1629 
2169 1629 941 
1 541 1 2
2170 941 1630 
2171 1630 974 
1 542 1 2
2172 974 1631 
2173 1631 1007 
1 543 1 2
2174 1007 1632 
2175 1632 1040 
1 544 1 2
2176 1040 1633 
2177 1633 1073 
1 545 1 2
2178 18 1634 
2179 1634 51 
1 546 1 2
2180 51 1635 
2181 1635 84 
1 547 1 2
2182 84 1636 
2183 1636 117 
1 548 1 2
2184 117 1637 
2185 1637 150 
1 549 1 2
2186 150 1638 
2187 1638 183 
1 550 1 2
2188 183 1639 
2189 1639 216 
1 551 1 2
2190 216 1640 
2191 1640 249 
1 552 1 2
2192 249 1641 
2193 1641 282 
1 553 1 2
2194 282 1642 
2195 1642 315 
1 554 1 2
2196 315 1643 
2197 1643 348 
1 555 1 2
2198 348 1644 
2199 1644 381 
1 556 1 2
2200 381 1645 
2201 1645 414 
1 557 1 2
2202 414 1646 
2203 1646 447 
1 558 1 2
2204 447 1647 
2205 1647 480 
1 559 1 2
2206 480 1648 
2207 1648 513 
1 560 1 2
2208 513 1649 
2209 1649 546 
1 561 1 2
2210 546 1650 
2211 1650 579 
1 562 1 2
2212 579 1651 
2213 1651 612 
1 563 1 2
2214 612 1652 
2215 1652 645 
1 564 1 2
2216 645 1653 
2217 1653 678 
1 565 1 2
2218 678 1654 
2219 1654 711 
1 566 1 2
2220 711 1655 
2221 1655 744 
1 567 1 2
2222 744 1656 
2223 1656 777 
1 568 1 2
2224 777 1657 
2225 1657 810 
1 569 1 2
2226 810 1658 
2227 1658 843 
1 570 1 2
2228 843 1659 
2229 1659 876 
1 571 1 2
2230 876 1660 
2231 1660 909 
1 572 1 2
2232 909 1661 
2233 1661 942 
1 573 1 2
2234 942 1662 
2235 1662 975 
1 574 1 2
2236 975 1663 
2237 1663 1008 
1 575 1 2
2238 1008 1664 
2239 1664 1041 
1 576 1 2
2240 1041 1665 
2241 1665 1074 
1 577 1 2
2242 19 1666 
2243 1666 52 
1 578 1 2
2244 52 1667 
2245 1667 85 
1 579 1 2
2246 85 1668 
2247 1668 118 
1 580 1 2
2248 118 1669 
2249 1669 151 
1 581 1 2
2250 151 1670 
2251 1670 184 
1 582 1 2
2252 184 1671 
2253 1671 217 
1 583 1 2
2254 217 1672 
2255 1672 250 
1 584 1 2
2256 250 1673 
2257 1673 283 
1 585 1 2
2258 283 1674 
2259 1674 316 
1 586 1 2
2260 316 1675 
2261 1675 349 
1 587 1 2
2262 349 1676 
2263 1676 382 
1 588 1 2
2264 382 1677 
2265 1677 415 
1 589 1 2
2266 415 1678 
2267 1678 448 
1 590 1 2
2268 448 1679 
2269 1679 481 
1 591 1 2
2270 481 1680 
2271 1680 514 
1 592 1 2
2272 514 1681 
2273 1681 547 
1 593 1 2
2274 547 1682 
2275 1682 580 
1 594 1 2
2276 580 1683 
2277 1683 613 
1 595 1 2
2278 613 1684 
2279 1684 646 
1 596 1 2
2280 646 1685 
2281 1685 679 
1 597 1 2
2282 679 1686 
2283 1686 712 
1 598 1 2
2284 712 1687 
2285 1687 745 
1 599 1 2
2286 745 1688 
2287 1688 778 
1 600 1 2
2288 778 1689 
2289 1689 811 
1 601 1 2
2290 811 1690 
2291 1690 844 
1 602 1 2
2292 844 1691 
2293 1691 877 
1 603 1 2
2294 877 1692 
2295 1692 910 
1 604 1 2
2296 910 1693 
2297 1693 943 
1 605 1 2
2298 943 1694 
2299 1694 976 
1 606 1 2
2300 976 1695 
2301 1695 1009 
1 607 1 2
2302 1009 1696 
2303 1696 1042 
1 608 1 2
2304 1042 1697 
2305 1697 1075 
1 609 1 2
2306 20 1698 
2307 1698 53 
1 610 1 2
2308 53 1699 
2309 1699 86 
1 611 1 2
2310 86 1700 
2311 1700 119 
1 612 1 2
2312 119 1701 
2313 1701 152 
1 613 1 2
2314 152 1702 
2315 1702 185 
1 614 1 2
2316 185 1703 
2317 1703 218 
1 615 1 2
2318 218 1704 
2319 1704 251 
1 616 1 2
2320 251 1705 
2321 1705 284 
1 617 1 2
2322 284 1706 
2323 1706 317 
1 618 1 2
2324 317 1707 
2325 1707 350 
1 619 1 2
2326 350 1708 
2327 1708 383 
1 620 1 2
2328 383 1709 
2329 1709 416 
1 621 1 2
2330 416 1710 
2331 1710 449 
1 622 1 2
2332 449 1711 
2333 1711 482 
1 623 1 2
2334 482 1712 
2335 1712 515 
1 624 1 2
2336 515 1713 
2337 1713 548 
1 625 1 2
2338 548 1714 
2339 1714 581 
1 626 1 2
2340 581 1715 
2341 1715 614 
1 627 1 2
2342 614 1716 
2343 1716 647 
1 628 1 2
2344 647 1717 
2345 1717 680 
1 629 1 2
2346 680 1718 
2347 1718 713 
1 630 1 2
2348 713 1719 
2349 1719 746 
1 631 1 2
2350 746 1720 
2351 1720 779 
1 632 1 2
2352 779 1721 
2353 1721 812 
1 633 1 2
2354 812 1722 
2355 1722 845 
1 634 1 2
2356 845 1723 
2357 1723 878 
1 635 1 2
2358 878 1724 
2359 1724 911 
1 636 1 2
2360 911 1725 
2361 1725 944 
1 637 1 2
2362 944 1726 
2363 1726 977 
1 638 1 2
2364 977 1727 
2365 1727 1010 
1 639 1 2
2366 1010 1728 
2367 1728 1043 
1 640 1 2
2368 1043 1729 
2369 1729 1076 
1 641 1 2
2370 21 1730 
2371 1730 54 
1 642 1 2
2372 54 1731 
2373 1731 87 
1 643 1 2
2374 87 1732 
2375 1732 120 
1 644 1 2
2376 120 1733 
2377 1733 153 
1 645 1 2
2378 153 1734 
2379 1734 186 
1 646 1 2
2380 186 1735 
2381 1735 219 
1 647 1 2
2382 219 1736 
2383 1736 252 
1 648 1 2
2384 252 1737 
2385 1737 285 
1 649 1 2
2386 285 1738 
2387 1738 318 
1 650 1 2
2388 318 1739 
2389 1739 351 
1 651 1 2
2390 351 1740 
2391 1740 384 
1 652 1 2
2392 384 1741 
2393 1741 417 
1 653 1 2
2394 417 1742 
2395 1742 450 
1 654 1 2
2396 450 1743 
2397 1743 483 
1 655 1 2
2398 483 1744 
2399 1744 516 
1 656 1 2
2400 516 1745 
2401 1745 549 
1 657 1 2
2402 549 1746 
2403 1746 582 
1 658 1 2
2404 582 1747 
2405 1747 615 
1 659 1 2
2406 615 1748 
2407 1748 648 
1 660 1 2
2408 648 1749 
2409 1749 681 
1 661 1 2
2410 681 1750 
2411 1750 714 
1 662 1 2
2412 714 1751 
2413 1751 747 
1 663 1 2
2414 747 1752 
2415 1752 780 
1 664 1 2
2416 780 1753 
2417 1753 813 
1 665 1 2
2418 813 1754 
2419 1754 846 
1 666 1 2
2420 846 1755 
2421 1755 879 
1 667 1 2
2422 879 1756 
2423 1756 912 
1 668 1 2
2424 912 1757 
2425 1757 945 
1 669 1 2
2426 945 1758 
2427 1758 978 
1 670 1 2
2428 978 1759 
2429 1759 1011 
1 671 1 2
2430 1011 1760 
2431 1760 1044 
1 672 1 2
2432 1044 1761 
2433 1761 1077 
1 673 1 2
2434 22 1762 
2435 1762 55 
1 674 1 2
2436 55 1763 
2437 1763 88 
1 675 1 2
2438 88 1764 
2439 1764 121 
1 676 1 2
2440 121 1765 
2441 1765 154 
1 677 1 2
2442 154 1766 
2443 1766 187 
1 678 1 2
2444 187 1767 
2445 1767 220 
1 679 1 2
2446 220 1768 
2447 1768 253 
1 680 1 2
2448 253 1769 
2449 1769 286 
1 681 1 2
2450 286 1770 
2451 1770 319 
1 682 1 2
2452 319 1771 
2453 1771 352 
1 683 1 2
2454 352 1772 
2455 1772 385 
1 684 1 2
2456 385 1773 
2457 1773 418 
1 685 1 2
2458 418 1774 
2459 1774 451 
1 686 1 2
2460 451 1775 
2461 1775 484 
1 687 1 2
2462 484 1776 
2463 1776 517 
1 688 1 2
2464 517 1777 
2465 1777 550 
1 689 1 2
2466 550 1778 
2467 1778 583 
1 690 1 2
2468 583 1779 
2469 1779 616 
1 691 1 2
2470 616 1780 
2471 1780 649 
1 692 1 2
2472 649 1781 
2473 1781 682 
1 693 1 2
2474 682 1782 
2475 1782 715 
1 694 1 2
2476 715 1783 
2477 1783 748 
1 695 1 2
2478 748 1784 
2479 1784 781 
1 696 1 2
2480 781 1785 
2481 1785 814 
1 697 1 2
2482 814 1786 
2483 1786 847 
1 698 1 2
2484 847 1787 
2485 1787 880 
1 699 1 2
2486 880 1788 
2487 1788 913 
1 700 1 2
2488 913 1789 
2489 1789 946 
1 701 1 2
2490 946 1790 
2491 1790 979 
1 702 1 2
2492 979 1791 
2493 1791 1012 
1 703 1 2
2494 1012 1792 
2495 1792 1045 
1 704 1 2
2496 1045 1793 
2497 1793 1078 
1 705 1 2
2498 23 1794 
2499 1794 56 
1 706 1 2
2500 56 1795 
2501 1795 89 
1 707 1 2
2502 89 1796 
2503 1796 122 
1 708 1 2
2504 122 1797 
2505 1797 155 
1 709 1 2
2506 155 1798 
2507 1798 188 
1 710 1 2
2508 188 1799 
2509 1799 221 
1 711 1 2
2510 221 1800 
2511 1800 254 
1 712 1 2
2512 254 1801 
2513 1801 287 
1 713 1 2
2514 287 1802 
2515 1802 320 
1 714 1 2
2516 320 1803 
2517 1803 353 
1 715 1 2
2518 353 1804 
2519 1804 386 
1 716 1 2
2520 386 1805 
2521 1805 419 
1 717 1 2
2522 419 1806 
2523 1806 452 
1 718 1 2
2524 452 1807 
2525 1807 485 
1 719 1 2
2526 485 1808 
2527 1808 518 
1 720 1 2
2528 518 1809 
2529 1809 551 
1 721 1 2
2530 551 1810 
2531 1810 584 
1 722 1 2
2532 584 1811 
2533 1811 617 
1 723 1 2
2534 617 1812 
2535 1812 650 
1 724 1 2
2536 650 1813 
2537 1813 683 
1 725 1 2
2538 683 1814 
2539 1814 716 
1 726 1 2
2540 716 1815 
2541 1815 749 
1 727 1 2
2542 749 1816 
2543 1816 782 
1 728 1 2
2544 782 1817 
2545 1817 815 
1 729 1 2
2546 815 1818 
2547 1818 848 
1 730 1 2
2548 848 1819 
2549 1819 881 
1 731 1 2
2550 881 1820 
2551 1820 914 
1 732 1 2
2552 914 1821 
2553 1821 947 
1 733 1 2
2554 947 1822 
2555 1822 980 
1 734 1 2
2556 980 1823 
2557 1823 1013 
1 735 1 2
2558 1013 1824 
2559 1824 1046 
1 736 1 2
2560 1046 1825 
2561 1825 1079 
1 737 1 2
2562 24 1826 
2563 1826 57 
1 738 1 2
2564 57 1827 
2565 1827 90 
1 739 1 2
2566 90 1828 
2567 1828 123 
1 740 1 2
2568 123 1829 
2569 1829 156 
1 741 1 2
2570 156 1830 
2571 1830 189 
1 742 1 2
2572 189 1831 
2573 1831 222 
1 743 1 2
2574 222 1832 
2575 1832 255 
1 744 1 2
2576 255 1833 
2577 1833 288 
1 745 1 2
2578 288 1834 
2579 1834 321 
1 746 1 2
2580 321 1835 
2581 1835 354 
1 747 1 2
2582 354 1836 
2583 1836 387 
1 748 1 2
2584 387 1837 
2585 1837 420 
1 749 1 2
2586 420 1838 
2587 1838 453 
1 750 1 2
2588 453 1839 
2589 1839 486 
1 751 1 2
2590 486 1840 
2591 1840 519 
1 752 1 2
2592 519 1841 
2593 1841 552 
1 753 1 2
2594 552 1842 
2595 1842 585 
1 754 1 2
2596 585 1843 
2597 1843 618 
1 755 1 2
2598 618 1844 
2599 1844 651 
1 756 1 2
2600 651 1845 
2601 1845 684 
1 757 1 2
2602 684 1846 
2603 1846 717 
1 758 1 2
2604 717 1847 
2605 1847 750 
1 759 1 2
2606 750 1848 
2607 1848 783 
1 760 1 2
2608 783 1849 
2609 1849 816 
1 761 1 2
2610 816 1850 
2611 1850 849 
1 762 1 2
2612 849 1851 
2613 1851 882 
1 763 1 2
2614 882 1852 
2615 1852 915 
1 764 1 2
2616 915 1853 
2617 1853 948 
1 765 1 2
2618 948 1854 
2619 1854 981 
1 766 1 2
2620 981 1855 
2621 1855 1014 
1 767 1 2
2622 1014 1856 
2623 1856 1047 
1 768 1 2
2624 1047 1857 
2625 1857 1080 
1 769 1 2
2626 25 1858 
2627 1858 58 
1 770 1 2
2628 58 1859 
2629 1859 91 
1 771 1 2
2630 91 1860 
2631 1860 124 
1 772 1 2
2632 124 1861 
2633 1861 157 
1 773 1 2
2634 157 1862 
2635 1862 190 
1 774 1 2
2636 190 1863 
2637 1863 223 
1 775 1 2
2638 223 1864 
2639 1864 256 
1 776 1 2
2640 256 1865 
2641 1865 289 
1 777 1 2
2642 289 1866 
2643 1866 322 
1 778 1 2
2644 322 1867 
2645 1867 355 
1 779 1 2
2646 355 1868 
2647 1868 388 
1 780 1 2
2648 388 1869 
2649 1869 421 
1 781 1 2
2650 421 1870 
2651 1870 454 
1 782 1 2
2652 454 1871 
2653 1871 487 
1 783 1 2
2654 487 1872 
2655 1872 520 
1 784 1 2
2656 520 1873 
2657 1873 553 
1 785 1 2
2658 553 1874 
2659 1874 586 
1 786 1 2
2660 586 1875 
2661 1875 619 
1 787 1 2
2662 619 1876 
2663 1876 652 
1 788 1 2
2664 652 1877 
2665 1877 685 
1 789 1 2
2666 685 1878 
2667 1878 718 
1 790 1 2
2668 718 1879 
2669 1879 751 
1 791 1 2
2670 751 1880 
2671 1880 784 
1 792 1 2
2672 784 1881 
2673 1881 817 
1 793 1 2
2674 817 1882 
2675 1882 850 
1 794 1 2
2676 850 1883 
2677 1883 883 
1 795 1 2
2678 883 1884 
2679 1884 916 
1 796 1 2
2680 916 1885 
2681 1885 949 
1 797 1 2
2682 949 1886 
2683 1886 982 
1 798 1 2
2684 982 1887 
2685 1887 1015 
1 799 1 2
2686 1015 1888 
2687 1888 1048 
1 800 1 2
2688 1048 1889 
2689 1889 1081 
1 801 1 2
2690 26 1890 
2691 1890 59 
1 802 1 2
2692 59 1891 
2693 1891 92 
1 803 1 2
2694 92 1892 
2695 1892 125 
1 804 1 2
2696 125 1893 
2697 1893 158 
1 805 1 2
2698 158 1894 
2699 1894 191 
1 806 1 2
2700 191 1895 
2701 1895 224 
1 807 1 2
2702 224 1896 
2703 1896 257 
1 808 1 2
2704 257 1897 
2705 1897 290 
1 809 1 2
2706 290 1898 
2707 1898 323 
1 810 1 2
2708 323 1899 
2709 1899 356 
1 811 1 2
2710 356 1900 
2711 1900 389 
1 812 1 2
2712 389 1901 
2713 1901 422 
1 813 1 2
2714 422 1902 
2715 1902 455 
1 814 1 2
2716 455 1903 
2717 1903 488 
1 815 1 2
2718 488 1904 
2719 1904 521 
1 816 1 2
2720 521 1905 
2721 1905 554 
1 817 1 2
2722 554 1906 
2723 1906 587 
1 818 1 2
2724 587 1907 
2725 1907 620 
1 819 1 2
2726 620 1908 
2727 1908 653 
1 820 1 2
2728 653 1909 
2729 1909 686 
1 821 1 2
2730 686 1910 
2731 1910 719 
1 822 1 2
2732 719 1911 
2733 1911 752 
1 823 1 2
2734 752 1912 
2735 1912 785 
1 824 1 2
2736 785 1913 
2737 1913 818 
1 825 1 2
2738 818 1914 
2739 1914 851 
1 826 1 2
2740 851 1915 
2741 1915 884 
1 827 1 2
2742 884 1916 
2743 1916 917 
1 828 1 2
2744 917 1917 
2745 1917 950 
1 829 1 2
2746 950 1918 
2747 1918 983 
1 830 1 2
2748 983 1919 
2749 1919 1016 
1 831 1 2
2750 1016 1920 
2751 1920 1049 
1 832 1 2
2752 1049 1921 
2753 1921 1082 
1 833 1 2
2754 27 1922 
2755 1922 60 
1 834 1 2
2756 60 1923 
2757 1923 93 
1 835 1 2
2758 93 1924 
2759 1924 126 
1 836 1 2
2760 126 1925 
2761 1925 159 
1 837 1 2
2762 159 1926 
2763 1926 192 
1 838 1 2
2764 192 1927 
2765 1927 225 
1 839 1 2
2766 225 1928 
2767 1928 258 
1 840 1 2
2768 258 1929 
2769 1929 291 
1 841 1 2
2770 291 1930 
2771 1930 324 
1 842 1 2
2772 324 1931 
2773 1931 357 
1 843 1 2
2774 357 1932 
2775 1932 390 
1 844 1 2
2776 390 1933 
2777 1933 423 
1 845 1 2
2778 423 1934 
2779 1934 456 
1 846 1 2
2780 456 1935 
2781 1935 489 
1 847 1 2
2782 489 1936 
2783 1936 522 
1 848 1 2
2784 522 1937 
2785 1937 555 
1 849 1 2
2786 555 1938 
2787 1938 588 
1 850 1 2
2788 588 1939 
2789 1939 621 
1 851 1 2
2790 621 1940 
2791 1940 654 
1 852 1 2
2792 654 1941 
2793 1941 687 
1 853 1 2
2794 687 1942 
2795 1942 720 
1 854 1 2
2796 720 1943 
2797 1943 753 
1 855 1 2
2798 753 1944 
2799 1944 786 
1 856 1 2
2800 786 1945 
2801 1945 819 
1 857 1 2
2802 819 1946 
2803 1946 852 
1 858 1 2
2804 852 1947 
2805 1947 885 
1 859 1 2
2806 885 1948 
2807 1948 918 
1 860 1 2
2808 918 1949 
2809 1949 951 
1 861 1 2
2810 951 1950 
2811 1950 984 
1 862 1 2
2812 984 1951 
2813 1951 1017 
1 863 1 2
2814 1017 1952 
2815 1952 1050 
1 864 1 2
2816 1050 1953 
2817 1953 1083 
1 865 1 2
2818 28 1954 
2819 1954 61 
1 866 1 2
2820 61 1955 
2821 1955 94 
1 867 1 2
2822 94 1956 
2823 1956 127 
1 868 1 2
2824 127 1957 
2825 1957 160 
1 869 1 2
2826 160 1958 
2827 1958 193 
1 870 1 2
2828 193 1959 
2829 1959 226 
1 871 1 2
2830 226 1960 
2831 1960 259 
1 872 1 2
2832 259 1961 
2833 1961 292 
1 873 1 2
2834 292 1962 
2835 1962 325 
1 874 1 2
2836 325 1963 
2837 1963 358 
1 875 1 2
2838 358 1964 
2839 1964 391 
1 876 1 2
2840 391 1965 
2841 1965 424 
1 877 1 2
2842 424 1966 
2843 1966 457 
1 878 1 2
2844 457 1967 
2845 1967 490 
1 879 1 2
2846 490 1968 
2847 1968 523 
1 880 1 2
2848 523 1969 
2849 1969 556 
1 881 1 2
2850 556 1970 
2851 1970 589 
1 882 1 2
2852 589 1971 
2853 1971 622 
1 883 1 2
2854 622 1972 
2855 1972 655 
1 884 1 2
2856 655 1973 
2857 1973 688 
1 885 1 2
2858 688 1974 
2859 1974 721 
1 886 1 2
2860 721 1975 
2861 1975 754 
1 887 1 2
2862 754 1976 
2863 1976 787 
1 888 1 2
2864 787 1977 
2865 1977 820 
1 889 1 2
2866 820 1978 
2867 1978 853 
1 890 1 2
2868 853 1979 
2869 1979 886 
1 891 1 2
2870 886 1980 
2871 1980 919 
1 892 1 2
2872 919 1981 
2873 1981 952 
1 893 1 2
2874 952 1982 
2875 1982 985 
1 894 1 2
2876 985 1983 
2877 1983 1018 
1 895 1 2
2878 1018 1984 
2879 1984 1051 
1 896 1 2
2880 1051 1985 
2881 1985 1084 
1 897 1 2
2882 29 1986 
2883 1986 62 
1 898 1 2
2884 62 1987 
2885 1987 95 
1 899 1 2
2886 95 1988 
2887 1988 128 
1 900 1 2
2888 128 1989 
2889 1989 161 
1 901 1 2
2890 161 1990 
2891 1990 194 
1 902 1 2
2892 194 1991 
2893 1991 227 
1 903 1 2
2894 227 1992 
2895 1992 260 
1 904 1 2
2896 260 1993 
2897 1993 293 
1 905 1 2
2898 293 1994 
2899 1994 326 
1 906 1 2
2900 326 1995 
2901 1995 359 
1 907 1 2
2902 359 1996 
2903 1996 392 
1 908 1 2
2904 392 1997 
2905 1997 425 
1 909 1 2
2906 425 1998 
2907 1998 458 
1 910 1 2
2908 458 1999 
2909 1999 491 
1 911 1 2
2910 491 2000 
2911 2000 524 
1 912 1 2
2912 524 2001 
2913 2001 557 
1 913 1 2
2914 557 2002 
2915 2002 590 
1 914 1 2
2916 590 2003 
2917 2003 623 
1 915 1 2
2918 623 2004 
2919 2004 656 
1 916 1 2
2920 656 2005 
2921 2005 689 
1 917 1 2
2922 689 2006 
2923 2006 722 
1 918 1 2
2924 722 2007 
2925 2007 755 
1 919 1 2
2926 755 2008 
2927 2008 788 
1 920 1 2
2928 788 2009 
2929 2009 821 
1 921 1 2
2930 821 2010 
2931 2010 854 
1 922 1 2
2932 854 2011 
2933 2011 887 
1 923 1 2
2934 887 2012 
2935 2012 920 
1 924 1 2
2936 920 2013 
2937 2013 953 
1 925 1 2
2938 953 2014 
2939 2014 986 
1 926 1 2
2940 986 2015 
2941 2015 1019 
1 927 1 2
2942 1019 2016 
2943 2016 1052 
1 928 1 2
2944 1052 2017 
2945 2017 1085 
1 929 1 2
2946 30 2018 
2947 2018 63 
1 930 1 2
2948 63 2019 
2949 2019 96 
1 931 1 2
2950 96 2020 
2951 2020 129 
1 932 1 2
2952 129 2021 
2953 2021 162 
1 933 1 2
2954 162 2022 
2955 2022 195 
1 934 1 2
2956 195 2023 
2957 2023 228 
1 935 1 2
2958 228 2024 
2959 2024 261 
1 936 1 2
2960 261 2025 
2961 2025 294 
1 937 1 2
2962 294 2026 
2963 2026 327 
1 938 1 2
2964 327 2027 
2965 2027 360 
1 939 1 2
2966 360 2028 
2967 2028 393 
1 940 1 2
2968 393 2029 
2969 2029 426 
1 941 1 2
2970 426 2030 
2971 2030 459 
1 942 1 2
2972 459 2031 
2973 2031 492 
1 943 1 2
2974 492 2032 
2975 2032 525 
1 944 1 2
2976 525 2033 
2977 2033 558 
1 945 1 2
2978 558 2034 
2979 2034 591 
1 946 1 2
2980 591 2035 
2981 2035 624 
1 947 1 2
2982 624 2036 
2983 2036 657 
1 948 1 2
2984 657 2037 
2985 2037 690 
1 949 1 2
2986 690 2038 
2987 2038 723 
1 950 1 2
2988 723 2039 
2989 2039 756 
1 951 1 2
2990 756 2040 
2991 2040 789 
1 952 1 2
2992 789 2041 
2993 2041 822 
1 953 1 2
2994 822 2042 
2995 2042 855 
1 954 1 2
2996 855 2043 
2997 2043 888 
1 955 1 2
2998 888 2044 
2999 2044 921 
1 956 1 2
3000 921 2045 
3001 2045 954 
1 957 1 2
3002 954 2046 
3003 2046 987 
1 958 1 2
3004 987 2047 
3005 2047 1020 
1 959 1 2
3006 1020 2048 
3007 2048 1053 
1 960 1 2
3008 1053 2049 
3009 2049 1086 
1 961 1 2
3010 31 2050 
3011 2050 64 
1 962 1 2
3012 64 2051 
3013 2051 97 
1 963 1 2
3014 97 2052 
3015 2052 130 
1 964 1 2
3016 130 2053 
3017 2053 163 
1 965 1 2
3018 163 2054 
3019 2054 196 
1 966 1 2
3020 196 2055 
3021 2055 229 
1 967 1 2
3022 229 2056 
3023 2056 262 
1 968 1 2
3024 262 2057 
3025 2057 295 
1 969 1 2
3026 295 2058 
3027 2058 328 
1 970 1 2
3028 328 2059 
3029 2059 361 
1 971 1 2
3030 361 2060 
3031 2060 394 
1 972 1 2
3032 394 2061 
3033 2061 427 
1 973 1 2
3034 427 2062 
3035 2062 460 
1 974 1 2
3036 460 2063 
3037 2063 493 
1 975 1 2
3038 493 2064 
3039 2064 526 
1 976 1 2
3040 526 2065 
3041 2065 559 
1 977 1 2
3042 559 2066 
3043 2066 592 
1 978 1 2
3044 592 2067 
3045 2067 625 
1 979 1 2
3046 625 2068 
3047 2068 658 
1 980 1 2
3048 658 2069 
3049 2069 691 
1 981 1 2
3050 691 2070 
3051 2070 724 
1 982 1 2
3052 724 2071 
3053 2071 757 
1 983 1 2
3054 757 2072 
3055 2072 790 
1 984 1 2
3056 790 2073 
3057 2073 823 
1 985 1 2
3058 823 2074 
3059 2074 856 
1 986 1 2
3060 856 2075 
3061 2075 889 
1 987 1 2
3062 889 2076 
3063 2076 922 
1 988 1 2
3064 922 2077 
3065 2077 955 
1 989 1 2
3066 955 2078 
3067 2078 988 
1 990 1 2
3068 988 2079 
3069 2079 1021 
1 991 1 2
3070 1021 2080 
3071 2080 1054 
1 992 1 2
3072 1054 2081 
3073 2081 1087 
1 993 1 2
3074 32 2082 
3075 2082 65 
1 994 1 2
3076 65 2083 
3077 2083 98 
1 995 1 2
3078 98 2084 
3079 2084 131 
1 996 1 2
3080 131 2085 
3081 2085 164 
1 997 1 2
3082 164 2086 
3083 2086 197 
1 998 1 2
3084 197 2087 
3085 2087 230 
1 999 1 2
3086 230 2088 
3087 2088 263 
1 1000 1 2
3088 263 2089 
3089 2089 296 
1 1001 1 2
3090 296 2090 
3091 2090 329 
1 1002 1 2
3092 329 2091 
3093 2091 362 
1 1003 1 2
3094 362 2092 
3095 2092 395 
1 1004 1 2
3096 395 2093 
3097 2093 428 
1 1005 1 2
3098 428 2094 
3099 2094 461 
1 1006 1 2
3100 461 2095 
3101 2095 494 
1 1007 1 2
3102 494 2096 
3103 2096 527 
1 1008 1 2
3104 527 2097 
3105 2097 560 
1 1009 1 2
3106 560 2098 
3107 2098 593 
1 1010 1 2
3108 593 2099 
3109 2099 626 
1 1011 1 2
3110 626 2100 
3111 2100 659 
1 1012 1 2
3112 659 2101 
3113 2101 692 
1 1013 1 2
3114 692 2102 
3115 2102 725 
1 1014 1 2
3116 725 2103 
3117 2103 758 
1 1015 1 2
3118 758 2104 
3119 2104 791 
1 1016 1 2
3120 791 2105 
3121 2105 824 
1 1017 1 2
3122 824 2106 
3123 2106 857 
1 1018 1 2
3124 857 2107 
3125 2107 890 
1 1019 1 2
3126 890 2108 
3127 2108 923 
1 1020 1 2
3128 923 2109 
3129 2109 956 
1 1021 1 2
3130 956 2110 
3131 2110 989 
1 1022 1 2
3132 989 2111 
3133 2111 1022 
1 1023 1 2
3134 1022 2112 
3135 2112 1055 
1 1024 1 2
3136 1055 2113 
3137 2113 1088 
1 1025 1 2
3138 33 2114 
3139 2114 66 
1 1026 1 2
3140 66 2115 
3141 2115 99 
1 1027 1 2
3142 99 2116 
3143 2116 132 
1 1028 1 2
3144 132 2117 
3145 2117 165 
1 1029 1 2
3146 165 2118 
3147 2118 198 
1 1030 1 2
3148 198 2119 
3149 2119 231 
1 1031 1 2
3150 231 2120 
3151 2120 264 
1 1032 1 2
3152 264 2121 
3153 2121 297 
1 1033 1 2
3154 297 2122 
3155 2122 330 
1 1034 1 2
3156 330 2123 
3157 2123 363 
1 1035 1 2
3158 363 2124 
3159 2124 396 
1 1036 1 2
3160 396 2125 
3161 2125 429 
1 1037 1 2
3162 429 2126 
3163 2126 462 
1 1038 1 2
3164 462 2127 
3165 2127 495 
1 1039 1 2
3166 495 2128 
3167 2128 528 
1 1040 1 2
3168 528 2129 
3169 2129 561 
1 1041 1 2
3170 561 2130 
3171 2130 594 
1 1042 1 2
3172 594 2131 
3173 2131 627 
1 1043 1 2
3174 627 2132 
3175 2132 660 
1 1044 1 2
3176 660 2133 
3177 2133 693 
1 1045 1 2
3178 693 2134 
3179 2134 726 
1 1046 1 2
3180 726 2135 
3181 2135 759 
1 1047 1 2
3182 759 2136 
3183 2136 792 
1 1048 1 2
3184 792 2137 
3185 2137 825 
1 1049 1 2
3186 825 2138 
3187 2138 858 
1 1050 1 2
3188 858 2139 
3189 2139 891 
1 1051 1 2
3190 891 2140 
3191 2140 924 
1 1052 1 2
3192 924 2141 
3193 2141 957 
1 1053 1 2
3194 957 2142 
3195 2142 990 
1 1054 1 2
3196 990 2143 
3197 2143 1023 
1 1055 1 2
3198 1023 2144 
3199 2144 1056 
1 1056 1 2
3200 1056 2145 
3201 2145 1089 
1 1057 1 2
3202 1 2146 
3203 2146 2 
1 1058 1 2
3204 2 2147 
3205 2147 3 
1 1059 1 2
3206 3 2148 
3207 2148 4 
1 1060 1 2
3208 4 2149 
3209 2149 5 
1 1061 1 2
3210 5 2150 
3211 2150 6 
1 1062 1 2
3212 6 2151 
3213 2151 7 
1 1063 1 2
3214 7 2152 
3215 2152 8 
1 1064 1 2
3216 8 2153 
3217 2153 9 
1 1065 1 2
3218 9 2154 
3219 2154 10 
1 1066 1 2
3220 10 2155 
3221 2155 11 
1 1067 1 2
3222 11 2156 
3223 2156 12 
1 1068 1 2
3224 12 2157 
3225 2157 13 
1 1069 1 2
3226 13 2158 
3227 2158 14 
1 1070 1 2
3228 14 2159 
3229 2159 15 
1 1071 1 2
3230 15 2160 
3231 2160 16 
1 1072 1 2
3232 16 2161 
3233 2161 17 
1 1073 1 2
3234 17 2162 
3235 2162 18 
1 1074 1 2
3236 18 2163 
3237 2163 19 
1 1075 1 2
3238 19 2164 
3239 2164 20 
1 1076 1 2
3240 20 2165 
3241 2165 21 
1 1077 1 2
3242 21 2166 
3243 2166 22 
1 1078 1 2
3244 22 2167 
3245 2167 23 
1 1079 1 2
3246 23 2168 
3247 2168 24 
1 1080 1 2
3248 24 2169 
3249 2169 25 
1 1081 1 2
3250 25 2170 
3251 2170 26 
1 1082 1 2
3252 26 2171 
3253 2171 27 
1 1083 1 2
3254 27 2172 
3255 2172 28 
1 1084 1 2
3256 28 2173 
3257 2173 29 
1 1085 1 2
3258 29 2174 
3259 2174 30 
1 1086 1 2
3260 30 2175 
3261 2175 31 
1 1087 1 2
3262 31 2176 
3263 2176 32 
1 1088 1 2
3264 32 2177 
3265 2177 33 
1 1089 1 2
3266 34 2178 
3267 2178 35 
1 1090 1 2
3268 35 2179 
3269 2179 36 
1 1091 1 2
3270 36 2180 
3271 2180 37 
1 1092 1 2
3272 37 2181 
3273 2181 38 
1 1093 1 2
3274 38 2182 
3275 2182 39 
1 1094 1 2
3276 39 2183 
3277 2183 40 
1 1095 1 2
3278 40 2184 
3279 2184 41 
1 1096 1 2
3280 41 2185 
3281 2185 42 
1 1097 1 2
3282 42 2186 
3283 2186 43 
1 1098 1 2
3284 43 2187 
3285 2187 44 
1 1099 1 2
3286 44 2188 
3287 2188 45 
1 1100 1 2
3288 45 2189 
3289 2189 46 
1 1101 1 2
3290 46 2190 
3291 2190 47 
1 1102 1 2
3292 47 2191 
3293 2191 48 
1 1103 1 2
3294 48 2192 
3295 2192 49 
1 1104 1 2
3296 49 2193 
3297 2193 50 
1 1105 1 2
3298 50 2194 
3299 2194 51 
1 1106 1 2
3300 51 2195 
3301 2195 52 
1 1107 1 2
3302 52 2196 
3303 2196 53 
1 1108 1 2
3304 53 2197 
3305 2197 54 
1 1109 1 2
3306 54 2198 
3307 2198 55 
1 1110 1 2
3308 55 2199 
3309 2199 56 
1 1111 1 2
3310 56 2200 
3311 2200 57 
1 1112 1 2
3312 57 2201 
3313 2201 58 
1 1113 1 2
3314 58 2202 
3315 2202 59 
1 1114 1 2
3316 59 2203 
3317 2203 60 
1 1115 1 2
3318 60 2204 
3319 2204 61 
1 1116 1 2
3320 61 2205 
3321 2205 62 
1 1117 1 2
3322 62 2206 
3323 2206 63 
1 1118 1 2
3324 63 2207 
3325 2207 64 
1 1119 1 2
3326 64 2208 
3327 2208 65 
1 1120 1 2
3328 65 2209 
3329 2209 66 
1 1121 1 2
3330 67 2210 
3331 2210 68 
1 1122 1 2
3332 68 2211 
3333 2211 69 
1 1123 1 2
3334 69 2212 
3335 2212 70 
1 1124 1 2
3336 70 2213 
3337 2213 71 
1 1125 1 2
3338 71 2214 
3339 2214 72 
1 1126 1 2
3340 72 2215 
3341 2215 73 
1 1127 1 2
3342 73 2216 
3343 2216 74 
1 1128 1 2
3344 74 2217 
3345 2217 75 
1 1129 1 2
3346 75 2218 
3347 2218 76 
1 1130 1 2
3348 76 2219 
3349 2219 77 
1 1131 1 2
3350 77 2220 
3351 2220 78 
1 1132 1 2
3352 78 2221 
3353 2221 79 
1 1133 1 2
3354 79 2222 
3355 2222 80 
1 1134 1 2
3356 80 2223 
3357 2223 81 
1 1135 1 2
3358 81 2224 
3359 2224 82 
1 1136 1 2
3360 82 2225 
3361 2225 83 
1 1137 1 2
3362 83 2226 
3363 2226 84 
1 1138 1 2
3364 84 2227 
3365 2227 85 
1 1139 1 2
3366 85 2228 
3367 2228 86 
1 1140 1 2
3368 86 2229 
3369 2229 87 
1 1141 1 2
3370 87 2230 
3371 2230 88 
1 1142 1 2
3372 88 2231 
3373 2231 89 
1 1143 1 2
3374 89 2232 
3375 2232 90 
1 1144 1 2
3376 90 2233 
3377 2233 91 
1 1145 1 2
3378 91 2234 
3379 2234 92 
1 1146 1 2
3380 92 2235 
3381 2235 93 
1 1147 1 2
3382 93 2236 
3383 2236 94 
1 1148 1 2
3384 94 2237 
3385 2237 95 
1 1149 1 2
3386 95 2238 
3387 2238 96 
1 1150 1 2
3388 96 2239 
3389 2239 97 
1 1151 1 2
3390 97 2240 
3391 2240 98 
1 1152 1 2
3392 98 2241 
3393 2241 99 
1 1153 1 2
3394 100 2242 
3395 2242 101 
1 1154 1 2
3396 101 2243 
3397 2243 102 
1 1155 1 2
3398 102 2244 
3399 2244 103 
1 1156 1 2
3400 103 2245 
3401 2245 104 
1 1157 1 2
3402 104 2246 
3403 2246 105 
1 1158 1 2
3404 105 2247 
3405 2247 106 
1 1159 1 2
3406 106 2248 
3407 2248 107 
1 1160 1 2
3408 107 2249 
3409 2249 108 
1 1161 1 2
3410 108 2250 
3411 2250 109 
1 1162 1 2
3412 109 2251 
3413 2251 110 
1 1163 1 2
3414 110 2252 
3415 2252 111 
1 1164 1 2
3416 111 2253 
3417 2253 112 
1 1165 1 2
3418 112 2254 
3419 2254 113 
1 1166 1 2
3420 113 2255 
3421 2255 114 
1 1167 1 2
3422 114 2256 
3423 2256 115 
1 1168 1 2
3424 115 2257 
3425 2257 116 
1 1169 1 2
3426 116 2258 
3427 2258 117 
1 1170 1 2
3428 117 2259 
3429 2259 118 
1 1171 1 2
3430 118 2260 
3431 2260 119 
1 1172 1 2
3432 119 2261 
3433 2261 120 
1 1173 1 2
3434 120 2262 
3435 2262 121 
1 1174 1 2
3436 121 2263 
3437 2263 122 
1 1175 1 2
3438 122 2264 
3439 2264 123 
1 1176 1 2
3440 123 2265 
3441 2265 124 
1 1177 1 2
3442 124 2266 
3443 2266 125 
1 1178 1 2
3444 125 2267 
3445 2267 126 
1 1179 1 2
3446 126 2268 
3447 2268 127 
1 1180 1 2
3448 127 2269 
3449 2269 128 
1 1181 1 2
3450 128 2270 
3451 2270 129 
1 1182 1 2
3452 129 2271 
3453 2271 130 
1 1183 1 2
3454 130 2272 
3455 2272 131 
1 1184 1 2
3456 131 2273 
3457 2273 132 
1 1185 1 2
3458 133 2274 
3459 2274 134 
1 1186 1 2
3460 134 2275 
3461 2275 135 
1 1187 1 2
3462 135 2276 
3463 2276 136 
1 1188 1 2
3464 136 2277 
3465 2277 137 
1 1189 1 2
3466 137 2278 
3467 2278 138 
1 1190 1 2
3468 138 2279 
3469 2279 139 
1 1191 1 2
3470 139 2280 
3471 2280 140 
1 1192 1 2
3472 140 2281 
3473 2281 141 
1 1193 1 2
3474 141 2282 
3475 2282 142 
1 1194 1 2
3476 142 2283 
3477 2283 143 
1 1195 1 2
3478 143 2284 
3479 2284 144 
1 1196 1 2
3480 144 2285 
3481 2285 145 
1 1197 1 2
3482 145 2286 
3483 2286 146 
1 1198 1 2
3484 146 2287 
3485 2287 147 
1 1199 1 2
3486 147 2288 
3487 2288 148 
1 1200 1 2
3488 148 2289 
3489 2289 149 
1 1201 1 2
3490 149 2290 
3491 2290 150 
1 1202 1 2
3492 150 2291 
3493 2291 151 
1 1203 1 2
3494 151 2292 
3495 2292 152 
1 1204 1 2
3496 152 2293 
3497 2293 153 
1 1205 1 2
3498 153 2294 
3499 2294 154 
1 1206 1 2
3500 154 2295 
3501 2295 155 
1 1207 1 2
3502 155 2296 
3503 2296 156 
1 1208 1 2
3504 156 2297 
3505 2297 157 
1 1209 1 2
3506 157 2298 
3507 2298 158 
1 1210 1 2
3508 158 2299 
3509 2299 159 
1 1211 1 2
3510 159 2300 
3511 2300 160 
1 1212 1 2
3512 160 2301 
3513 2301 161 
1 1213 1 2
3514 161 2302 
3515 2302 162 
1 1214 1 2
3516 162 2303 
3517 2303 163 
1 1215 1 2
3518 163 2304 
3519 2304 164 
1 1216 1 2
3520 164 2305 
3521 2305 165 
1 1217 1 2
3522 166 2306 
3523 2306 167 
1 1218 1 2
3524 167 2307 
3525 2307 168 
1 1219 1 2
3526 168 2308 
3527 2308 169 
1 1220 1 2
3528 169 2309 
3529 2309 170 
1 1221 1 2
3530 170 2310 
3531 2310 171 
1 1222 1 2
3532 171 2311 
3533 2311 172 
1 1223 1 2
3534 172 2312 
3535 2312 173 
1 1224 1 2
3536 173 2313 
3537 2313 174 
1 1225 1 2
3538 174 2314 
3539 2314 175 
1 1226 1 2
3540 175 2315 
3541 2315 176 
1 1227 1 2
3542 176 2316 
3543 2316 177 
1 1228 1 2
3544 177 2317 
3545 2317 178 
1 1229 1 2
3546 178 2318 
3547 2318 179 
1 1230 1 2
3548 179 2319 
3549 2319 180 
1 1231 1 2
3550 180 2320 
3551 2320 181 
1 1232 1 2
3552 181 2321 
3553 2321 182 
1 1233 1 2
3554 182 2322 
3555 2322 183 
1 1234 1 2
3556 183 2323 
3557 2323 184 
1 1235 1 2
3558 184 2324 
3559 2324 185 
1 1236 1 2
3560 185 2325 
3561 2325 186 
1 1237 1 2
3562 186 2326 
3563 2326 187 
1 1238 1 2
3564 187 2327 
3565 2327 188 
1 1239 1 2
3566 188 2328 
3567 2328 189 
1 1240 1 2
3568 189 2329 
3569 2329 190 
1 1241 1 2
3570 190 2330 
3571 2330 191 
1 1242 1 2
3572 191 2331 
3573 2331 192 
1 1243 1 2
3574 192 2332 
3575 2332 193 
1 1244 1 2
3576 193 2333 
3577 2333 194 
1 1245 1 2
3578 194 2334 
3579 2334 195 
1 1246 1 2
3580 195 2335 
3581 2335 196 
1 1247 1 2
3582 196 2336 
3583 2336 197 
1 1248 1 2
3584 197 2337 
3585 2337 198 
1 1249 1 2
3586 199 2338 
3587 2338 200 
1 1250 1 2
3588 200 2339 
3589 2339 201 
1 1251 1 2
3590 201 2340 
3591 2340 202 
1 1252 1 2
3592 202 2341 
3593 2341 203 
1 1253 1 2
3594 203 2342 
3595 2342 204 
1 1254 1 2
3596 204 2343 
3597 2343 205 
1 1255 1 2
3598 205 2344 
3599 2344 206 
1 1256 1 2
3600 206 2345 
3601 2345 207 
1 1257 1 2
3602 207 2346 
3603 2346 208 
1 1258 1 2
3604 208 2347 
3605 2347 209 
1 1259 1 2
3606 209 2348 
3607 2348 210 
1 1260 1 2
3608 210 2349 
3609 2349 211 
1 1261 1 2
3610 211 2350 
3611 2350 212 
1 1262 1 2
3612 212 2351 
3613 2351 213 
1 1263 1 2
3614 213 2352 
3615 2352 214 
1 1264 1 2
3616 214 2353 
3617 2353 215 
1 1265 1 2
3618 215 2354 
3619 2354 216 
1 1266 1 2
3620 216 2355 
3621 2355 217 
1 1267 1 2
3622 217 2356 
3623 2356 218 
1 1268 1 2
3624 218 2357 
3625 2357 219 
1 1269 1 2
3626 219 2358 
3627 2358 220 
1 1270 1 2
3628 220 2359 
3629 2359 221 
1 1271 1 2
3630 221 2360 
3631 2360 222 
1 1272 1 2
3632 222 2361 
3633 2361 223 
1 1273 1 2
3634 223 2362 
3635 2362 224 
1 1274 1 2
3636 224 2363 
3637 2363 225 
1 1275 1 2
3638 225 2364 
3639 2364 226 
1 1276 1 2
3640 226 2365 
3641 2365 227 
1 1277 1 2
3642 227 2366 
3643 2366 228 
1 1278 1 2
3644 228 2367 
3645 2367 229 
1 1279 1 2
3646 229 2368 
3647 2368 230 
1 1280 1 2
3648 230 2369 
3649 2369 231 
1 1281 1 2
3650 232 2370 
3651 2370 233 
1 1282 1 2
3652 233 2371 
3653 2371 234 
1 1283 1 2
3654 234 2372 
3655 2372 235 
1 1284 1 2
3656 235 2373 
3657 2373 236 
1 1285 1 2
3658 236 2374 
3659 2374 237 
1 1286 1 2
3660 237 2375 
3661 2375 238 
1 1287 1 2
3662 238 2376 
3663 2376 239 
1 1288 1 2
3664 239 2377 
3665 2377 240 
1 1289 1 2
3666 240 2378 
3667 2378 241 
1 1290 1 2
3668 241 2379 
3669 2379 242 
1 1291 1 2
3670 242 2380 
3671 2380 243 
1 1292 1 2
3672 243 2381 
3673 2381 244 
1 1293 1 2
3674 244 2382 
3675 2382 245 
1 1294 1 2
3676 245 2383 
3677 2383 246 
1 1295 1 2
3678 246 2384 
3679 2384 247 
1 1296 1 2
3680 247 2385 
3681 2385 248 
1 1297 1 2
3682 248 2386 
3683 2386 249 
1 1298 1 2
3684 249 2387 
3685 2387 250 
1 1299 1 2
3686 250 2388 
3687 2388 251 
1 1300 1 2
3688 251 2389 
3689 2389 252 
1 1301 1 2
3690 252 2390 
3691 2390 253 
1 1302 1 2
3692 253 2391 
3693 2391 254 
1 1303 1 2
3694 254 2392 
3695 2392 255 
1 1304 1 2
3696 255 2393 
3697 2393 256 
1 1305 1 2
3698 256 2394 
3699 2394 257 
1 1306 1 2
3700 257 2395 
3701 2395 258 
1 1307 1 2
3702 258 2396 
3703 2396 259 
1 1308 1 2
3704 259 2397 
3705 2397 260 
1 1309 1 2
3706 260 2398 
3707 2398 261 
1 1310 1 2
3708 261 2399 
3709 2399 262 
1 1311 1 2
3710 262 2400 
3711 2400 263 
1 1312 1 2
3712 263 2401 
3713 2401 264 
1 1313 1 2
3714 265 2402 
3715 2402 266 
1 1314 1 2
3716 266 2403 
3717 2403 267 
1 1315 1 2
3718 267 2404 
3719 2404 268 
1 1316 1 2
3720 268 2405 
3721 2405 269 
1 1317 1 2
3722 269 2406 
3723 2406 270 
1 1318 1 2
3724 270 2407 
3725 2407 271 
1 1319 1 2
3726 271 2408 
3727 2408 272 
1 1320 1 2
3728 272 2409 
3729 2409 273 
1 1321 1 2
3730 273 2410 
3731 2410 274 
1 1322 1 2
3732 274 2411 
3733 2411 275 
1 1323 1 2
3734 275 2412 
3735 2412 276 
1 1324 1 2
3736 276 2413 
3737 2413 277 
1 1325 1 2
3738 277 2414 
3739 2414 278 
1 1326 1 2
3740 278 2415 
3741 2415 279 
1 1327 1 2
3742 279 2416 
3743 2416 280 
1 1328 1 2
3744 280 2417 
3745 2417 281 
1 1329 1 2
3746 281 2418 
3747 2418 282 
1 1330 1 2
3748 282 2419 
3749 2419 283 
1 1331 1 2
3750 283 2420 
3751 2420 284 
1 1332 1 2
3752 284 2421 
3753 2421 285 
1 1333 1 2
3754 285 2422 
3755 2422 286 
1 1334 1 2
3756 286 2423 
3757 2423 287 
1 1335 1 2
3758 287 2424 
3759 2424 288 
1 1336 1 2
3760 288 2425 
3761 2425 289 
1 1337 1 2
3762 289 2426 
3763 2426 290 
1 1338 1 2
3764 290 2427 
3765 2427 291 
1 1339 1 2
3766 291 2428 
3767 2428 292 
1 1340 1 2
3768 292 2429 
3769 2429 293 
1 1341 1 2
3770 293 2430 
3771 2430 294 
1 1342 1 2
3772 294 2431 
3773 2431 295 
1 1343 1 2
3774 295 2432 
3775 2432 296 
1 1344 1 2
3776 296 2433 
3777 2433 297 
1 1345 1 2
3778 298 2434 
3779 2434 299 
1 1346 1 2
3780 299 2435 
3781 2435 300 
1 1347 1 2
3782 300 2436 
3783 2436 301 
1 1348 1 2
3784 301 2437 
3785 2437 302 
1 1349 1 2
3786 302 2438 
3787 2438 303 
1 1350 1 2
3788 303 2439 
3789 2439 304 
1 1351 1 2
3790 304 2440 
3791 2440 305 
1 1352 1 2
3792 305 2441 
3793 2441 306 
1 1353 1 2
3794 306 2442 
3795 2442 307 
1 1354 1 2
3796 307 2443 
3797 2443 308 
1 1355 1 2
3798 308 2444 
3799 2444 309 
1 1356 1 2
3800 309 2445 
3801 2445 310 
1 1357 1 2
3802 310 2446 
3803 2446 311 
1 1358 1 2
3804 311 2447 
3805 2447 312 
1 1359 1 2
3806 312 2448 
3807 2448 313 
1 1360 1 2
3808 313 2449 
3809 2449 314 
1 1361 1 2
3810 314 2450 
3811 2450 315 
1 1362 1 2
3812 315 2451 
3813 2451 316 
1 1363 1 2
3814 316 2452 
3815 2452 317 
1 1364 1 2
3816 317 2453 
3817 2453 318 
1 1365 1 2
3818 318 2454 
3819 2454 319 
1 1366 1 2
3820 319 2455 
3821 2455 320 
1 1367 1 2
3822 320 2456 
3823 2456 321 
1 1368 1 2
3824 321 2457 
3825 2457 322 
1 1369 1 2
3826 322 2458 
3827 2458 323 
1 1370 1 2
3828 323 2459 
3829 2459 324 
1 1371 1 2
3830 324 2460 
3831 2460 325 
1 1372 1 2
3832 325 2461 
3833 2461 326 
1 1373 1 2
3834 326 2462 
3835 2462 327 
1 1374 1 2
3836 327 2463 
3837 2463 328 
1 1375 1 2
3838 328 2464 
3839 2464 329 
1 1376 1 2
3840 329 2465 
3841 2465 330 
1 1377 1 2
3842 331 2466 
3843 2466 332 
1 1378 1 2
3844 332 2467 
3845 2467 333 
1 1379 1 2
3846 333 2468 
3847 2468 334 
1 1380 1 2
3848 334 2469 
3849 2469 335 
1 1381 1 2
3850 335 2470 
3851 2470 336 
1 1382 1 2
3852 336 2471 
3853 2471 337 
1 1383 1 2
3854 337 2472 
3855 2472 338 
1 1384 1 2
3856 338 2473 
3857 2473 339 
1 1385 1 2
3858 339 2474 
3859 2474 340 
1 1386 1 2
3860 340 2475 
3861 2475 341 
1 1387 1 2
3862 341 2476 
3863 2476 342 
1 1388 1 2
3864 342 2477 
3865 2477 343 
1 1389 1 2
3866 343 2478 
3867 2478 344 
1 1390 1 2
3868 344 2479 
3869 2479 345 
1 1391 1 2
3870 345 2480 
3871 2480 346 
1 1392 1 2
3872 346 2481 
3873 2481 347 
1 1393 1 2
3874 347 2482 
3875 2482 348 
1 1394 1 2
3876 348 2483 
3877 2483 349 
1 1395 1 2
3878 349 2484 
3879 2484 350 
1 1396 1 2
3880 350 2485 
3881 2485 351 
1 1397 1 2
3882 351 2486 
3883 2486 352 
1 1398 1 2
3884 352 2487 
3885 2487 353 
1 1399 1 2
3886 353 2488 
3887 2488 354 
1 1400 1 2
3888 354 2489 
3889 2489 355 
1 1401 1 2
3890 355 2490 
3891 2490 356 
1 1402 1 2
3892 356 2491 
3893 2491 357 
1 1403 1 2
3894 357 2492 
3895 2492 358 
1 1404 1 2
3896 358 2493 
3897 2493 359 
1 1405 1 2
3898 359 2494 
3899 2494 360 
1 1406 1 2
3900 360 2495 
3901 2495 361 
1 1407 1 2
3902 361 2496 
3903 2496 362 
1 1408 1 2
3904 362 2497 
3905 2497 363 
1 1409 1 2
3906 364 2498 
3907 2498 365 
1 1410 1 2
3908 365 2499 
3909 2499 366 
1 1411 1 2
3910 366 2500 
3911 2500 367 
1 1412 1 2
3912 367 2501 
3913 2501 368 
1 1413 1 2
3914 368 2502 
3915 2502 369 
1 1414 1 2
3916 369 2503 
3917 2503 370 
1 1415 1 2
3918 370 2504 
3919 2504 371 
1 1416 1 2
3920 371 2505 
3921 2505 372 
1 1417 1 2
3922 372 2506 
3923 2506 373 
1 1418 1 2
3924 373 2507 
3925 2507 374 
1 1419 1 2
3926 374 2508 
3927 2508 375 
1 1420 1 2
3928 375 2509 
3929 2509 376 
1 1421 1 2
3930 376 2510 
3931 2510 377 
1 1422 1 2
3932 377 2511 
3933 2511 378 
1 1423 1 2
3934 378 2512 
3935 2512 379 
1 1424 1 2
3936 379 2513 
3937 2513 380 
1 1425 1 2
3938 380 2514 
3939 2514 381 
1 1426 1 2
3940 381 2515 
3941 2515 382 
1 1427 1 2
3942 382 2516 
3943 2516 383 
1 1428 1 2
3944 383 2517 
3945 2517 384 
1 1429 1 2
3946 384 2518 
3947 2518 385 
1 1430 1 2
3948 385 2519 
3949 2519 386 
1 1431 1 2
3950 386 2520 
3951 2520 387 
1 1432 1 2
3952 387 2521 
3953 2521 388 
1 1433 1 2
3954 388 2522 
3955 2522 389 
1 1434 1 2
3956 389 2523 
3957 2523 390 
1 1435 1 2
3958 390 2524 
3959 2524 391 
1 1436 1 2
3960 391 2525 
3961 2525 392 
1 1437 1 2
3962 392 2526 
3963 2526 393 
1 1438 1 2
3964 393 2527 
3965 2527 394 
1 1439 1 2
3966 394 2528 
3967 2528 395 
1 1440 1 2
3968 395 2529 
3969 2529 396 
1 1441 1 2
3970 397 2530 
3971 2530 398 
1 1442 1 2
3972 398 2531 
3973 2531 399 
1 1443 1 2
3974 399 2532 
3975 2532 400 
1 1444 1 2
3976 400 2533 
3977 2533 401 
1 1445 1 2
3978 401 2534 
3979 2534 402 
1 1446 1 2
3980 402 2535 
3981 2535 403 
1 1447 1 2
3982 403 2536 
3983 2536 404 
1 1448 1 2
3984 404 2537 
3985 2537 405 
1 1449 1 2
3986 405 2538 
3987 2538 406 
1 1450 1 2
3988 406 2539 
3989 2539 407 
1 1451 1 2
3990 407 2540 
3991 2540 408 
1 1452 1 2
3992 408 2541 
3993 2541 409 
1 1453 1 2
3994 409 2542 
3995 2542 410 
1 1454 1 2
3996 410 2543 
3997 2543 411 
1 1455 1 2
3998 411 2544 
3999 2544 412 
1 1456 1 2
4000 412 2545 
4001 2545 413 
1 1457 1 2
4002 413 2546 
4003 2546 414 
1 1458 1 2
4004 414 2547 
4005 2547 415 
1 1459 1 2
4006 415 2548 
4007 2548 416 
1 1460 1 2
4008 416 2549 
4009 2549 417 
1 1461 1 2
4010 417 2550 
4011 2550 418 
1 1462 1 2
4012 418 2551 
4013 2551 419 
1 1463 1 2
4014 419 2552 
4015 2552 420 
1 1464 1 2
4016 420 2553 
4017 2553 421 
1 1465 1 2
4018 421 2554 
4019 2554 422 
1 1466 1 2
4020 422 2555 
4021 2555 423 
1 1467 1 2
4022 423 2556 
4023 2556 424 
1 1468 1 2
4024 424 2557 
4025 2557 425 
1 1469 1 2
4026 425 2558 
4027 2558 426 
1 1470 1 2
4028 426 2559 
4029 2559 427 
1 1471 1 2
4030 427 2560 
4031 2560 428 
1 1472 1 2
4032 428 2561 
4033 2561 429 
1 1473 1 2
4034 430 2562 
4035 2562 431 
1 1474 1 2
4036 431 2563 
4037 2563 432 
1 1475 1 2
4038 432 2564 
4039 2564 433 
1 1476 1 2
4040 433 2565 
4041 2565 434 
1 1477 1 2
4042 434 2566 
4043 2566 435 
1 1478 1 2
4044 435 2567 
4045 2567 436 
1 1479 1 2
4046 436 2568 
4047 2568 437 
1 1480 1 2
4048 437 2569 
4049 2569 438 
1 1481 1 2
4050 438 2570 
4051 2570 439 
1 1482 1 2
4052 439 2571 
4053 2571 440 
1 1483 1 2
4054 440 2572 
4055 2572 441 
1 1484 1 2
4056 441 2573 
4057 2573 442 
1 1485 1 2
4058 442 2574 
4059 2574 443 
1 1486 1 2
4060 443 2575 
4061 2575 444 
1 1487 1 2
4062 444 2576 
4063 2576 445 
1 1488 1 2
4064 445 2577 
4065 2577 446 
1 1489 1 2
4066 446 2578 
4067 2578 447 
1 1490 1 2
4068 447 2579 
4069 2579 448 
1 1491 1 2
4070 448 2580 
4071 2580 449 
1 1492 1 2
4072 449 2581 
4073 2581 450 
1 1493 1 2
4074 450 2582 
4075 2582 451 
1 1494 1 2
4076 451 2583 
4077 2583 452 
1 1495 1 2
4078 452 2584 
4079 2584 453 
1 1496 1 2
4080 453 2585 
4081 2585 454 
1 1497 1 2
4082 454 2586 
4083 2586 455 
1 1498 1 2
4084 455 2587 
4085 2587 456 
1 1499 1 2
4086 456 2588 
4087 2588 457 
1 1500 1 2
4088 457 2589 
4089 2589 458 
1 1501 1 2
4090 458 2590 
4091 2590 459 
1 1502 1 2
4092 459 2591 
4093 2591 460 
1 1503 1 2
4094 460 2592 
4095 2592 461 
1 1504 1 2
4096 461 2593 
4097 2593 462 
1 1505 1 2
4098 463 2594 
4099 2594 464 
1 1506 1 2
4100 464 2595 
4101 2595 465 
1 1507 1 2
4102 465 2596 
4103 2596 466 
1 1508 1 2
4104 466 2597 
4105 2597 467 
1 1509 1 2
4106 467 2598 
4107 2598 468 
1 1510 1 2
4108 468 2599 
4109 2599 469 
1 1511 1 2
4110 469 2600 
4111 2600 470 
1 1512 1 2
4112 470 2601 
4113 2601 471 
1 1513 1 2
4114 471 2602 
4115 2602 472 
1 1514 1 2
4116 472 2603 
4117 2603 473 
1 1515 1 2
4118 473 2604 
4119 2604 474 
1 1516 1 2
4120 474 2605 
4121 2605 475 
1 1517 1 2
4122 475 2606 
4123 2606 476 
1 1518 1 2
4124 476 2607 
4125 2607 477 
1 1519 1 2
4126 477 2608 
4127 2608 478 
1 1520 1 2
4128 478 2609 
4129 2609 479 
1 1521 1 2
4130 479 2610 
4131 2610 480 
1 1522 1 2
4132 480 2611 
4133 2611 481 
1 1523 1 2
4134 481 2612 
4135 2612 482 
1 1524 1 2
4136 482 2613 
4137 2613 483 
1 1525 1 2
4138 483 2614 
4139 2614 484 
1 1526 1 2
4140 484 2615 
4141 2615 485 
1 1527 1 2
4142 485 2616 
4143 2616 486 
1 1528 1 2
4144 486 2617 
4145 2617 487 
1 1529 1 2
4146 487 2618 
4147 2618 488 
1 1530 1 2
4148 488 2619 
4149 2619 489 
1 1531 1 2
4150 489 2620 
4151 2620 490 
1 1532 1 2
4152 490 2621 
4153 2621 491 
1 1533 1 2
4154 491 2622 
4155 2622 492 
1 1534 1 2
4156 492 2623 
4157 2623 493 
1 1535 1 2
4158 493 2624 
4159 2624 494 
1 1536 1 2
4160 494 2625 
4161 2625 495 
1 1537 1 2
4162 496 2626 
4163 2626 497 
1 1538 1 2
4164 497 2627 
4165 2627 498 
1 1539 1 2
4166 498 2628 
4167 2628 499 
1 1540 1 2
4168 499 2629 
4169 2629 500 
1 1541 1 2
4170 500 2630 
4171 2630 501 
1 1542 1 2
4172 501 2631 
4173 2631 502 
1 1543 1 2
4174 502 2632 
4175 2632 503 
1 1544 1 2
4176 503 2633 
4177 2633 504 
1 1545 1 2
4178 504 2634 
4179 2634 505 
1 1546 1 2
4180 505 2635 
4181 2635 506 
1 1547 1 2
4182 506 2636 
4183 2636 507 
1 1548 1 2
4184 507 2637 
4185 2637 508 
1 1549 1 2
4186 508 2638 
4187 2638 509 
1 1550 1 2
4188 509 2639 
4189 2639 510 
1 1551 1 2
4190 510 2640 
4191 2640 511 
1 1552 1 2
4192 511 2641 
4193 2641 512 
1 1553 1 2
4194 512 2642 
4195 2642 513 
1 1554 1 2
4196 513 2643 
4197 2643 514 
1 1555 1 2
4198 514 2644 
4199 2644 515 
1 1556 1 2
4200 515 2645 
4201 2645 516 
1 1557 1 2
4202 516 2646 
4203 2646 517 
1 1558 1 2
4204 517 2647 
4205 2647 518 
1 1559 1 2
4206 518 2648 
4207 2648 519 
1 1560 1 2
4208 519 2649 
4209 2649 520 
1 1561 1 2
4210 520 2650 
4211 2650 521 
1 1562 1 2
4212 521 2651 
4213 2651 522 
1 1563 1 2
4214 522 2652 
4215 2652 523 
1 1564 1 2
4216 523 2653 
4217 2653 524 
1 1565 1 2
4218 524 2654 
4219 2654 525 
1 1566 1 2
4220 525 2655 
4221 2655 526 
1 1567 1 2
4222 526 2656 
4223 2656 527 
1 1568 1 2
4224 527 2657 
4225 2657 528 
1 1569 1 2
4226 529 2658 
4227 2658 530 
1 1570 1 2
4228 530 2659 
4229 2659 531 
1 1571 1 2
4230 531 2660 
4231 2660 532 
1 1572 1 2
4232 532 2661 
4233 2661 533 
1 1573 1 2
4234 533 2662 
4235 2662 534 
1 1574 1 2
4236 534 2663 
4237 2663 535 
1 1575 1 2
4238 535 2664 
4239 2664 536 
1 1576 1 2
4240 536 2665 
4241 2665 537 
1 1577 1 2
4242 537 2666 
4243 2666 538 
1 1578 1 2
4244 538 2667 
4245 2667 539 
1 1579 1 2
4246 539 2668 
4247 2668 540 
1 1580 1 2
4248 540 2669 
4249 2669 541 
1 1581 1 2
4250 541 2670 
4251 2670 542 
1 1582 1 2
4252 542 2671 
4253 2671 543 
1 1583 1 2
4254 543 2672 
4255 2672 544 
1 1584 1 2
4256 544 2673 
4257 2673 545 
1 1585 1 2
4258 545 2674 
4259 2674 546 
1 1586 1 2
4260 546 2675 
4261 2675 547 
1 1587 1 2
4262 547 2676 
4263 2676 548 
1 1588 1 2
4264 548 2677 
4265 2677 549 
1 1589 1 2
4266 549 2678 
4267 2678 550 
1 1590 1 2
4268 550 2679 
4269 2679 551 
1 1591 1 2
4270 551 2680 
4271 2680 552 
1 1592 1 2
4272 552 2681 
4273 2681 553 
1 1593 1 2
4274 553 2682 
4275 2682 554 
1 1594 1 2
4276 554 2683 
4277 2683 555 
1 1595 1 2
4278 555 2684 
4279 2684 556 
1 1596 1 2
4280 556 2685 
4281 2685 557 
1 1597 1 2
4282 557 2686 
4283 2686 558 
1 1598 1 2
4284 558 2687 
4285 2687 559 
1 1599 1 2
4286 559 2688 
4287 2688 560 
1 1600 1 2
4288 560 2689 
4289 2689 561 
1 1601 1 2
4290 562 2690 
4291 2690 563 
1 1602 1 2
4292 563 2691 
4293 2691 564 
1 1603 1 2
4294 564 2692 
4295 2692 565 
1 1604 1 2
4296 565 2693 
4297 2693 566 
1 1605 1 2
4298 566 2694 
4299 2694 567 
1 1606 1 2
4300 567 2695 
4301 2695 568 
1 1607 1 2
4302 568 2696 
4303 2696 569 
1 1608 1 2
4304 569 2697 
4305 2697 570 
1 1609 1 2
4306 570 2698 
4307 2698 571 
1 1610 1 2
4308 571 2699 
4309 2699 572 
1 1611 1 2
4310 572 2700 
4311 2700 573 
1 1612 1 2
4312 573 2701 
4313 2701 574 
1 1613 1 2
4314 574 2702 
4315 2702 575 
1 1614 1 2
4316 575 2703 
4317 2703 576 
1 1615 1 2
4318 576 2704 
4319 2704 577 
1 1616 1 2
4320 577 2705 
4321 2705 578 
1 1617 1 2
4322 578 2706 
4323 2706 579 
1 1618 1 2
4324 579 2707 
4325 2707 580 
1 1619 1 2
4326 580 2708 
4327 2708 581 
1 1620 1 2
4328 581 2709 
4329 2709 582 
1 1621 1 2
4330 582 2710 
4331 2710 583 
1 1622 1 2
4332 583 2711 
4333 2711 584 
1 1623 1 2
4334 584 2712 
4335 2712 585 
1 1624 1 2
4336 585 2713 
4337 2713 586 
1 1625 1 2
4338 586 2714 
4339 2714 587 
1 1626 1 2
4340 587 2715 
4341 2715 588 
1 1627 1 2
4342 588 2716 
4343 2716 589 
1 1628 1 2
4344 589 2717 
4345 2717 590 
1 1629 1 2
4346 590 2718 
4347 2718 591 
1 1630 1 2
4348 591 2719 
4349 2719 592 
1 1631 1 2
4350 592 2720 
4351 2720 593 
1 1632 1 2
4352 593 2721 
4353 2721 594 
1 1633 1 2
4354 595 2722 
4355 2722 596 
1 1634 1 2
4356 596 2723 
4357 2723 597 
1 1635 1 2
4358 597 2724 
4359 2724 598 
1 1636 1 2
4360 598 2725 
4361 2725 599 
1 1637 1 2
4362 599 2726 
4363 2726 600 
1 1638 1 2
4364 600 2727 
4365 2727 601 
1 1639 1 2
4366 601 2728 
4367 2728 602 
1 1640 1 2
4368 602 2729 
4369 2729 603 
1 1641 1 2
4370 603 2730 
4371 2730 604 
1 1642 1 2
4372 604 2731 
4373 2731 605 
1 1643 1 2
4374 605 2732 
4375 2732 606 
1 1644 1 2
4376 606 2733 
4377 2733 607 
1 1645 1 2
4378 607 2734 
4379 2734 608 
1 1646 1 2
4380 608 2735 
4381 2735 609 
1 1647 1 2
4382 609 2736 
4383 2736 610 
1 1648 1 2
4384 610 2737 
4385 2737 611 
1 1649 1 2
4386 611 2738 
4387 2738 612 
1 1650 1 2
4388 612 2739 
4389 2739 613 
1 1651 1 2
4390 613 2740 
4391 2740 614 
1 1652 1 2
4392 614 2741 
4393 2741 615 
1 1653 1 2
4394 615 2742 
4395 2742 616 
1 1654 1 2
4396 616 2743 
4397 2743 617 
1 1655 1 2
4398 617 2744 
4399 2744 618 
1 1656 1 2
4400 618 2745 
4401 2745 619 
1 1657 1 2
4402 619 2746 
4403 2746 620 
1 1658 1 2
4404 620 2747 
4405 2747 621 
1 1659 1 2
4406 621 2748 
4407 2748 622 
1 1660 1 2
4408 622 2749 
4409 2749 623 
1 1661 1 2
4410 623 2750 
4411 2750 624 
1 1662 1 2
4412 624 2751 
4413 2751 625 
1 1663 1 2
4414 625 2752 
4415 2752 626 
1 1664 1 2
4416 626 2753 
4417 2753 627 
1 1665 1 2
4418 628 2754 
4419 2754 629 
1 1666 1 2
4420 629 2755 
4421 2755 630 
1 1667 1 2
4422 630 2756 
4423 2756 631 
1 1668 1 2
4424 631 2757 
4425 2757 632 
1 1669 1 2
4426 632 2758 
4427 2758 633 
1 1670 1 2
4428 633 2759 
4429 2759 634 
1 1671 1 2
4430 634 2760 
4431 2760 635 
1 1672 1 2
4432 635 2761 
4433 2761 636 
1 1673 1 2
4434 636 2762 
4435 2762 637 
1 1674 1 2
4436 637 2763 
4437 2763 638 
1 1675 1 2
4438 638 2764 
4439 2764 639 
1 1676 1 2
4440 639 2765 
4441 2765 640 
1 1677 1 2
4442 640 2766 
4443 2766 641 
1 1678 1 2
4444 641 2767 
4445 2767 642 
1 1679 1 2
4446 642 2768 
4447 2768 643 
1 1680 1 2
4448 643 2769 
4449 2769 644 
1 1681 1 2
4450 644 2770 
4451 2770 645 
1 1682 1 2
4452 645 2771 
4453 2771 646 
1 1683 1 2
4454 646 2772 
4455 2772 647 
1 1684 1 2
4456 647 2773 
4457 2773 648 
1 1685 1 2
4458 648 2774 
4459 2774 649 
1 1686 1 2
4460 649 2775 
4461 2775 650 
1 1687 1 2
4462 650 2776 
4463 2776 651 
1 1688 1 2
4464 651 2777 
4465 2777 652 
1 1689 1 2
4466 652 2778 
4467 2778 653 
1 1690 1 2
4468 653 2779 
4469 2779 654 
1 1691 1 2
4470 654 2780 
4471 2780 655 
1 1692 1 2
4472 655 2781 
4473 2781 656 
1 1693 1 2
4474 656 2782 
4475 2782 657 
1 1694 1 2
4476 657 2783 
4477 2783 658 
1 1695 1 2
4478 658 2784 
4479 2784 659 
1 1696 1 2
4480 659 2785 
4481 2785 660 
1 1697 1 2
4482 661 2786 
4483 2786 662 
1 1698 1 2
4484 662 2787 
4485 2787 663 
1 1699 1 2
4486 663 2788 
4487 2788 664 
1 1700 1 2
4488 664 2789 
4489 2789 665 
1 1701 1 2
4490 665 2790 
4491 2790 666 
1 1702 1 2
4492 666 2791 
4493 2791 667 
1 1703 1 2
4494 667 2792 
4495 2792 668 
1 1704 1 2
4496 668 2793 
4497 2793 669 
1 1705 1 2
4498 669 2794 
4499 2794 670 
1 1706 1 2
4500 670 2795 
4501 2795 671 
1 1707 1 2
4502 671 2796 
4503 2796 672 
1 1708 1 2
4504 672 2797 
4505 2797 673 
1 1709 1 2
4506 673 2798 
4507 2798 674 
1 1710 1 2
4508 674 2799 
4509 2799 675 
1 1711 1 2
4510 675 2800 
4511 2800 676 
1 1712 1 2
4512 676 2801 
4513 2801 677 
1 1713 1 2
4514 677 2802 
4515 2802 678 
1 1714 1 2
4516 678 2803 
4517 2803 679 
1 1715 1 2
4518 679 2804 
4519 2804 680 
1 1716 1 2
4520 680 2805 
4521 2805 681 
1 1717 1 2
4522 681 2806 
4523 2806 682 
1 1718 1 2
4524 682 2807 
4525 2807 683 
1 1719 1 2
4526 683 2808 
4527 2808 684 
1 1720 1 2
4528 684 2809 
4529 2809 685 
1 1721 1 2
4530 685 2810 
4531 2810 686 
1 1722 1 2
4532 686 2811 
4533 2811 687 
1 1723 1 2
4534 687 2812 
4535 2812 688 
1 1724 1 2
4536 688 2813 
4537 2813 689 
1 1725 1 2
4538 689 2814 
4539 2814 690 
1 1726 1 2
4540 690 2815 
4541 2815 691 
1 1727 1 2
4542 691 2816 
4543 2816 692 
1 1728 1 2
4544 692 2817 
4545 2817 693 
1 1729 1 2
4546 694 2818 
4547 2818 695 
1 1730 1 2
4548 695 2819 
4549 2819 696 
1 1731 1 2
4550 696 2820 
4551 2820 697 
1 1732 1 2
4552 697 2821 
4553 2821 698 
1 1733 1 2
4554 698 2822 
4555 2822 699 
1 1734 1 2
4556 699 2823 
4557 2823 700 
1 1735 1 2
4558 700 2824 
4559 2824 701 
1 1736 1 2
4560 701 2825 
4561 2825 702 
1 1737 1 2
4562 702 2826 
4563 2826 703 
1 1738 1 2
4564 703 2827 
4565 2827 704 
1 1739 1 2
4566 704 2828 
4567 2828 705 
1 1740 1 2
4568 705 2829 
4569 2829 706 
1 1741 1 2
4570 706 2830 
4571 2830 707 
1 1742 1 2
4572 707 2831 
4573 2831 708 
1 1743 1 2
4574 708 2832 
4575 2832 709 
1 1744 1 2
4576 709 2833 
4577 2833 710 
1 1745 1 2
4578 710 2834 
4579 2834 711 
1 1746 1 2
4580 711 2835 
4581 2835 712 
1 1747 1 2
4582 712 2836 
4583 2836 713 
1 1748 1 2
4584 713 2837 
4585 2837 714 
1 1749 1 2
4586 714 2838 
4587 2838 715 
1 1750 1 2
4588 715 2839 
4589 2839 716 
1 1751 1 2
4590 716 2840 
4591 2840 717 
1 1752 1 2
4592 717 2841 
4593 2841 718 
1 1753 1 2
4594 718 2842 
4595 2842 719 
1 1754 1 2
4596 719 2843 
4597 2843 720 
1 1755 1 2
4598 720 2844 
4599 2844 721 
1 1756 1 2
4600 721 2845 
4601 2845 722 
1 1757 1 2
4602 722 2846 
4603 2846 723 
1 1758 1 2
4604 723 2847 
4605 2847 724 
1 1759 1 2
4606 724 2848 
4607 2848 725 
1 1760 1 2
4608 725 2849 
4609 2849 726 
1 1761 1 2
4610 727 2850 
4611 2850 728 
1 1762 1 2
4612 728 2851 
4613 2851 729 
1 1763 1 2
4614 729 2852 
4615 2852 730 
1 1764 1 2
4616 730 2853 
4617 2853 731 
1 1765 1 2
4618 731 2854 
4619 2854 732 
1 1766 1 2
4620 732 2855 
4621 2855 733 
1 1767 1 2
4622 733 2856 
4623 2856 734 
1 1768 1 2
4624 734 2857 
4625 2857 735 
1 1769 1 2
4626 735 2858 
4627 2858 736 
1 1770 1 2
4628 736 2859 
4629 2859 737 
1 1771 1 2
4630 737 2860 
4631 2860 738 
1 1772 1 2
4632 738 2861 
4633 2861 739 
1 1773 1 2
4634 739 2862 
4635 2862 740 
1 1774 1 2
4636 740 2863 
4637 2863 741 
1 1775 1 2
4638 741 2864 
4639 2864 742 
1 1776 1 2
4640 742 2865 
4641 2865 743 
1 1777 1 2
4642 743 2866 
4643 2866 744 
1 1778 1 2
4644 744 2867 
4645 2867 745 
1 1779 1 2
4646 745 2868 
4647 2868 746 
1 1780 1 2
4648 746 2869 
4649 2869 747 
1 1781 1 2
4650 747 2870 
4651 2870 748 
1 1782 1 2
4652 748 2871 
4653 2871 749 
1 1783 1 2
4654 749 2872 
4655 2872 750 
1 1784 1 2
4656 750 2873 
4657 2873 751 
1 1785 1 2
4658 751 2874 
4659 2874 752 
1 1786 1 2
4660 752 2875 
4661 2875 753 
1 1787 1 2
4662 753 2876 
4663 2876 754 
1 1788 1 2
4664 754 2877 
4665 2877 755 
1 1789 1 2
4666 755 2878 
4667 2878 756 
1 1790 1 2
4668 756 2879 
4669 2879 757 
1 1791 1 2
4670 757 2880 
4671 2880 758 
1 1792 1 2
4672 758 2881 
4673 2881 759 
1 1793 1 2
4674 760 2882 
4675 2882 761 
1 1794 1 2
4676 761 2883 
4677 2883 762 
1 1795 1 2
4678 762 2884 
4679 2884 763 
1 1796 1 2
4680 763 2885 
4681 2885 764 
1 1797 1 2
4682 764 2886 
4683 2886 765 
1 1798 1 2
4684 765 2887 
4685 2887 766 
1 1799 1 2
4686 766 2888 
4687 2888 767 
1 1800 1 2
4688 767 2889 
4689 2889 768 
1 1801 1 2
4690 768 2890 
4691 2890 769 
1 1802 1 2
4692 769 2891 
4693 2891 770 
1 1803 1 2
4694 770 2892 
4695 2892 771 
1 1804 1 2
4696 771 2893 
4697 2893 772 
1 1805 1 2
4698 772 2894 
4699 2894 773 
1 1806 1 2
4700 773 2895 
4701 2895 774 
1 1807 1 2
4702 774 2896 
4703 2896 775 
1 1808 1 2
4704 775 2897 
4705 2897 776 
1 1809 1 2
4706 776 2898 
4707 2898 777 
1 1810 1 2
4708 777 2899 
4709 2899 778 
1 1811 1 2
4710 778 2900 
4711 2900 779 
1 1812 1 2
4712 779 2901 
4713 2901 780 
1 1813 1 2
4714 780 2902 
4715 2902 781 
1 1814 1 2
4716 781 2903 
4717 2903 782 
1 1815 1 2
4718 782 2904 
4719 2904 783 
1 1816 1 2
4720 783 2905 
4721 2905 784 
1 1817 1 2
4722 784 2906 
4723 2906 785 
1 1818 1 2
4724 785 2907 
4725 2907 786 
1 1819 1 2
4726 786 2908 
4727 2908 787 
1 1820 1 2
4728 787 2909 
4729 2909 788 
1 1821 1 2
4730 788 2910 
4731 2910 789 
1 1822 1 2
4732 789 2911 
4733 2911 790 
1 1823 1 2
4734 790 2912 
4735 2912 791 
1 1824 1 2
4736 791 2913 
4737 2913 792 
1 1825 1 2
4738 793 2914 
4739 2914 794 
1 1826 1 2
4740 794 2915 
4741 2915 795 
1 1827 1 2
4742 795 2916 
4743 2916 796 
1 1828 1 2
4744 796 2917 
4745 2917 797 
1 1829 1 2
4746 797 2918 
4747 2918 798 
1 1830 1 2
4748 798 2919 
4749 2919 799 
1 1831 1 2
4750 799 2920 
4751 2920 800 
1 1832 1 2
4752 800 2921 
4753 2921 801 
1 1833 1 2
4754 801 2922 
4755 2922 802 
1 1834 1 2
4756 802 2923 
4757 2923 803 
1 1835 1 2
4758 803 2924 
4759 2924 804 
1 1836 1 2
4760 804 2925 
4761 2925 805 
1 1837 1 2
4762 805 2926 
4763 2926 806 
1 1838 1 2
4764 806 2927 
4765 2927 807 
1 1839 1 2
4766 807 2928 
4767 2928 808 
1 1840 1 2
4768 808 2929 
4769 2929 809 
1 1841 1 2
4770 809 2930 
4771 2930 810 
1 1842 1 2
4772 810 2931 
4773 2931 811 
1 1843 1 2
4774 811 2932 
4775 2932 812 
1 1844 1 2
4776 812 2933 
4777 2933 813 
1 1845 1 2
4778 813 2934 
4779 2934 814 
1 1846 1 2
4780 814 2935 
4781 2935 815 
1 1847 1 2
4782 815 2936 
4783 2936 816 
1 1848 1 2
4784 816 2937 
4785 2937 817 
1 1849 1 2
4786 817 2938 
4787 2938 818 
1 1850 1 2
4788 818 2939 
4789 2939 819 
1 1851 1 2
4790 819 2940 
4791 2940 820 
1 1852 1 2
4792 820 2941 
4793 2941 821 
1 1853 1 2
4794 821 2942 
4795 2942 822 
1 1854 1 2
4796 822 2943 
4797 2943 823 
1 1855 1 2
4798 823 2944 
4799 2944 824 
1 1856 1 2
4800 824 2945 
4801 2945 825 
1 1857 1 2
4802 826 2946 
4803 2946 827 
1 1858 1 2
4804 827 2947 
4805 2947 828 
1 1859 1 2
4806 828 2948 
4807 2948 829 
1 1860 1 2
4808 829 2949 
4809 2949 830 
1 1861 1 2
4810 830 2950 
4811 2950 831 
1 1862 1 2
4812 831 2951 
4813 2951 832 
1 1863 1 2
4814 832 2952 
4815 2952 833 
1 1864 1 2
4816 833 2953 
4817 2953 834 
1 1865 1 2
4818 834 2954 
4819 2954 835 
1 1866 1 2
4820 835 2955 
4821 2955 836 
1 1867 1 2
4822 836 2956 
4823 2956 837 
1 1868 1 2
4824 837 2957 
4825 2957 838 
1 1869 1 2
4826 838 2958 
4827 2958 839 
1 1870 1 2
4828 839 2959 
4829 2959 840 
1 1871 1 2
4830 840 2960 
4831 2960 841 
1 1872 1 2
4832 841 2961 
4833 2961 842 
1 1873 1 2
4834 842 2962 
4835 2962 843 
1 1874 1 2
4836 843 2963 
4837 2963 844 
1 1875 1 2
4838 844 2964 
4839 2964 845 
1 1876 1 2
4840 845 2965 
4841 2965 846 
1 1877 1 2
4842 846 2966 
4843 2966 847 
1 1878 1 2
4844 847 2967 
4845 2967 848 
1 1879 1 2
4846 848 2968 
4847 2968 849 
1 1880 1 2
4848 849 2969 
4849 2969 850 
1 1881 1 2
4850 850 2970 
4851 2970 851 
1 1882 1 2
4852 851 2971 
4853 2971 852 
1 1883 1 2
4854 852 2972 
4855 2972 853 
1 1884 1 2
4856 853 2973 
4857 2973 854 
1 1885 1 2
4858 854 2974 
4859 2974 855 
1 1886 1 2
4860 855 2975 
4861 2975 856 
1 1887 1 2
4862 856 2976 
4863 2976 857 
1 1888 1 2
4864 857 2977 
4865 2977 858 
1 1889 1 2
4866 859 2978 
4867 2978 860 
1 1890 1 2
4868 860 2979 
4869 2979 861 
1 1891 1 2
4870 861 2980 
4871 2980 862 
1 1892 1 2
4872 862 2981 
4873 2981 863 
1 1893 1 2
4874 863 2982 
4875 2982 864 
1 1894 1 2
4876 864 2983 
4877 2983 865 
1 1895 1 2
4878 865 2984 
4879 2984 866 
1 1896 1 2
4880 866 2985 
4881 2985 867 
1 1897 1 2
4882 867 2986 
4883 2986 868 
1 1898 1 2
4884 868 2987 
4885 2987 869 
1 1899 1 2
4886 869 2988 
4887 2988 870 
1 1900 1 2
4888 870 2989 
4889 2989 871 
1 1901 1 2
4890 871 2990 
4891 2990 872 
1 1902 1 2
4892 872 2991 
4893 2991 873 
1 1903 1 2
4894 873 2992 
4895 2992 874 
1 1904 1 2
4896 874 2993 
4897 2993 875 
1 1905 1 2
4898 875 2994 
4899 2994 876 
1 1906 1 2
4900 876 2995 
4901 2995 877 
1 1907 1 2
4902 877 2996 
4903 2996 878 
1 1908 1 2
4904 878 2997 
4905 2997 879 
1 1909 1 2
4906 879 2998 
4907 2998 880 
1 1910 1 2
4908 880 2999 
4909 2999 881 
1 1911 1 2
4910 881 3000 
4911 3000 882 
1 1912 1 2
4912 882 3001 
4913 3001 883 
1 1913 1 2
4914 883 3002 
4915 3002 884 
1 1914 1 2
4916 884 3003 
4917 3003 885 
1 1915 1 2
4918 885 3004 
4919 3004 886 
1 1916 1 2
4920 886 3005 
4921 3005 887 
1 1917 1 2
4922 887 3006 
4923 3006 888 
1 1918 1 2
4924 888 3007 
4925 3007 889 
1 1919 1 2
4926 889 3008 
4927 3008 890 
1 1920 1 2
4928 890 3009 
4929 3009 891 
1 1921 1 2
4930 892 3010 
4931 3010 893 
1 1922 1 2
4932 893 3011 
4933 3011 894 
1 1923 1 2
4934 894 3012 
4935 3012 895 
1 1924 1 2
4936 895 3013 
4937 3013 896 
1 1925 1 2
4938 896 3014 
4939 3014 897 
1 1926 1 2
4940 897 3015 
4941 3015 898 
1 1927 1 2
4942 898 3016 
4943 3016 899 
1 1928 1 2
4944 899 3017 
4945 3017 900 
1 1929 1 2
4946 900 3018 
4947 3018 901 
1 1930 1 2
4948 901 3019 
4949 3019 902 
1 1931 1 2
4950 902 3020 
4951 3020 903 
1 1932 1 2
4952 903 3021 
4953 3021 904 
1 1933 1 2
4954 904 3022 
4955 3022 905 
1 1934 1 2
4956 905 3023 
4957 3023 906 
1 1935 1 2
4958 906 3024 
4959 3024 907 
1 1936 1 2
4960 907 3025 
4961 3025 908 
1 1937 1 2
4962 908 3026 
4963 3026 909 
1 1938 1 2
4964 909 3027 
4965 3027 910 
1 1939 1 2
4966 910 3028 
4967 3028 911 
1 1940 1 2
4968 911 3029 
4969 3029 912 
1 1941 1 2
4970 912 3030 
4971 3030 913 
1 1942 1 2
4972 913 3031 
4973 3031 914 
1 1943 1 2
4974 914 3032 
4975 3032 915 
1 1944 1 2
4976 915 3033 
4977 3033 916 
1 1945 1 2
4978 916 3034 
4979 3034 917 
1 1946 1 2
4980 917 3035 
4981 3035 918 
1 1947 1 2
4982 918 3036 
4983 3036 919 
1 1948 1 2
4984 919 3037 
4985 3037 920 
1 1949 1 2
4986 920 3038 
4987 3038 921 
1 1950 1 2
4988 921 3039 
4989 3039 922 
1 1951 1 2
4990 922 3040 
4991 3040 923 
1 1952 1 2
4992 923 3041 
4993 3041 924 
1 1953 1 2
4994 925 3042 
4995 3042 926 
1 1954 1 2
4996 926 3043 
4997 3043 927 
1 1955 1 2
4998 927 3044 
4999 3044 928 
1 1956 1 2
5000 928 3045 
5001 3045 929 
1 1957 1 2
5002 929 3046 
5003 3046 930 
1 1958 1 2
5004 930 3047 
5005 3047 931 
1 1959 1 2
5006 931 3048 
5007 3048 932 
1 1960 1 2
5008 932 3049 
5009 3049 933 
1 1961 1 2
5010 933 3050 
5011 3050 934 
1 1962 1 2
5012 934 3051 
5013 3051 935 
1 1963 1 2
5014 935 3052 
5015 3052 936 
1 1964 1 2
5016 936 3053 
5017 3053 937 
1 1965 1 2
5018 937 3054 
5019 3054 938 
1 1966 1 2
5020 938 3055 
5021 3055 939 
1 1967 1 2
5022 939 3056 
5023 3056 940 
1 1968 1 2
5024 940 3057 
5025 3057 941 
1 1969 1 2
5026 941 3058 
5027 3058 942 
1 1970 1 2
5028 942 3059 
5029 3059 943 
1 1971 1 2
5030 943 3060 
5031 3060 944 
1 1972 1 2
5032 944 3061 
5033 3061 945 
1 1973 1 2
5034 945 3062 
5035 3062 946 
1 1974 1 2
5036 946 3063 
5037 3063 947 
1 1975 1 2
5038 947 3064 
5039 3064 948 
1 1976 1 2
5040 948 3065 
5041 3065 949 
1 1977 1 2
5042 949 3066 
5043 3066 950 
1 1978 1 2
5044 950 3067 
5045 3067 951 
1 1979 1 2
5046 951 3068 
5047 3068 952 
1 1980 1 2
5048 952 3069 
5049 3069 953 
1 1981 1 2
5050 953 3070 
5051 3070 954 
1 1982 1 2
5052 954 3071 
5053 3071 955 
1 1983 1 2
5054 955 3072 
5055 3072 956 
1 1984 1 2
5056 956 3073 
5057 3073 957 
1 1985 1 2
5058 958 3074 
5059 3074 959 
1 1986 1 2
5060 959 3075 
5061 3075 960 
1 1987 1 2
5062 960 3076 
5063 3076 961 
1 1988 1 2
5064 961 3077 
5065 3077 962 
1 1989 1 2
5066 962 3078 
5067 3078 963 
1 1990 1 2
5068 963 3079 
5069 3079 964 
1 1991 1 2
5070 964 3080 
5071 3080 965 
1 1992 1 2
5072 965 3081 
5073 3081 966 
1 1993 1 2
5074 966 3082 
5075 3082 967 
1 1994 1 2
5076 967 3083 
5077 3083 968 
1 1995 1 2
5078 968 3084 
5079 3084 969 
1 1996 1 2
5080 969 3085 
5081 3085 970 
1 1997 1 2
5082 970 3086 
5083 3086 971 
1 1998 1 2
5084 971 3087 
5085 3087 972 
1 1999 1 2
5086 972 3088 
5087 3088 973 
1 2000 1 2
5088 973 3089 
5089 3089 974 
1 2001 1 2
5090 974 3090 
5091 3090 975 
1 2002 1 2
5092 975 3091 
5093 3091 976 
1 2003 1 2
5094 976 3092 
5095 3092 977 
1 2004 1 2
5096 977 3093 
5097 3093 978 
1 2005 1 2
5098 978 3094 
5099 3094 979 
1 2006 1 2
5100 979 3095 
5101 3095 980 
1 2007 1 2
5102 980 3096 
5103 3096 981 
1 2008 1 2
5104 981 3097 
5105 3097 982 
1 2009 1 2
5106 982 3098 
5107 3098 983 
1 2010 1 2
5108 983 3099 
5109 3099 984 
1 2011 1 2
5110 984 3100 
5111 3100 985 
1 2012 1 2
5112 985 3101 
5113 3101 986 
1 2013 1 2
5114 986 3102 
5115 3102 987 
1 2014 1 2
5116 987 3103 
5117 3103 988 
1 2015 1 2
5118 988 3104 
5119 3104 989 
1 2016 1 2
5120 989 3105 
5121 3105 990 
1 2017 1 2
5122 991 3106 
5123 3106 992 
1 2018 1 2
5124 992 3107 
5125 3107 993 
1 2019 1 2
5126 993 3108 
5127 3108 994 
1 2020 1 2
5128 994 3109 
5129 3109 995 
1 2021 1 2
5130 995 3110 
5131 3110 996 
1 2022 1 2
5132 996 3111 
5133 3111 997 
1 2023 1 2
5134 997 3112 
5135 3112 998 
1 2024 1 2
5136 998 3113 
5137 3113 999 
1 2025 1 2
5138 999 3114 
5139 3114 1000 
1 2026 1 2
5140 1000 3115 
5141 3115 1001 
1 2027 1 2
5142 1001 3116 
5143 3116 1002 
1 2028 1 2
5144 1002 3117 
5145 3117 1003 
1 2029 1 2
5146 1003 3118 
5147 3118 1004 
1 2030 1 2
5148 1004 3119 
5149 3119 1005 
1 2031 1 2
5150 1005 3120 
5151 3120 1006 
1 2032 1 2
5152 1006 3121 
5153 3121 1007 
1 2033 1 2
5154 1007 3122 
5155 3122 1008 
1 2034 1 2
5156 1008 3123 
5157 3123 1009 
1 2035 1 2
5158 1009 3124 
5159 3124 1010 
1 2036 1 2
5160 1010 3125 
5161 3125 1011 
1 2037 1 2
5162 1011 3126 
5163 3126 1012 
1 2038 1 2
5164 1012 3127 
5165 3127 1013 
1 2039 1 2
5166 1013 3128 
5167 3128 1014 
1 2040 1 2
5168 1014 3129 
5169 3129 1015 
1 2041 1 2
5170 1015 3130 
5171 3130 1016 
1 2042 1 2
5172 1016 3131 
5173 3131 1017 
1 2043 1 2
5174 1017 3132 
5175 3132 1018 
1 2044 1 2
5176 1018 3133 
5177 3133 1019 
1 2045 1 2
5178 1019 3134 
5179 3134 1020 
1 2046 1 2
5180 1020 3135 
5181 3135 1021 
1 2047 1 2
5182 1021 3136 
5183 3136 1022 
1 2048 1 2
5184 1022 3137 
5185 3137 1023 
1 2049 1 2
5186 1024 3138 
5187 3138 1025 
1 2050 1 2
5188 1025 3139 
5189 3139 1026 
1 2051 1 2
5190 1026 3140 
5191 3140 1027 
1 2052 1 2
5192 1027 3141 
5193 3141 1028 
1 2053 1 2
5194 1028 3142 
5195 3142 1029 
1 2054 1 2
5196 1029 3143 
5197 3143 1030 
1 2055 1 2
5198 1030 3144 
5199 3144 1031 
1 2056 1 2
5200 1031 3145 
5201 3145 1032 
1 2057 1 2
5202 1032 3146 
5203 3146 1033 
1 2058 1 2
5204 1033 3147 
5205 3147 1034 
1 2059 1 2
5206 1034 3148 
5207 3148 1035 
1 2060 1 2
5208 1035 3149 
5209 3149 1036 
1 2061 1 2
5210 1036 3150 
5211 3150 1037 
1 2062 1 2
5212 1037 3151 
5213 3151 1038 
1 2063 1 2
5214 1038 3152 
5215 3152 1039 
1 2064 1 2
5216 1039 3153 
5217 3153 1040 
1 2065 1 2
5218 1040 3154 
5219 3154 1041 
1 2066 1 2
5220 1041 3155 
5221 3155 1042 
1 2067 1 2
5222 1042 3156 
5223 3156 1043 
1 2068 1 2
5224 1043 3157 
5225 3157 1044 
1 2069 1 2
5226 1044 3158 
5227 3158 1045 
1 2070 1 2
5228 1045 3159 
5229 3159 1046 
1 2071 1 2
5230 1046 3160 
5231 3160 1047 
1 2072 1 2
5232 1047 3161 
5233 3161 1048 
1 2073 1 2
5234 1048 3162 
5235 3162 1049 
1 2074 1 2
5236 1049 3163 
5237 3163 1050 
1 2075 1 2
5238 1050 3164 
5239 3164 1051 
1 2076 1 2
5240 1051 3165 
5241 3165 1052 
1 2077 1 2
5242 1052 3166 
5243 3166 1053 
1 2078 1 2
5244 1053 3167 
5245 3167 1054 
1 2079 1 2
5246 1054 3168 
5247 3168 1055 
1 2080 1 2
5248 1055 3169 
5249 3169 1056 
1 2081 1 2
5250 1057 3170 
5251 3170 1058 
1 2082 1 2
5252 1058 3171 
5253 3171 1059 
1 2083 1 2
5254 1059 3172 
5255 3172 1060 
1 2084 1 2
5256 1060 3173 
5257 3173 1061 
1 2085 1 2
5258 1061 3174 
5259 3174 1062 
1 2086 1 2
5260 1062 3175 
5261 3175 1063 
1 2087 1 2
5262 1063 3176 
5263 3176 1064 
1 2088 1 2
5264 1064 3177 
5265 3177 1065 
1 2089 1 2
5266 1065 3178 
5267 3178 1066 
1 2090 1 2
5268 1066 3179 
5269 3179 1067 
1 2091 1 2
5270 1067 3180 
5271 3180 1068 
1 2092 1 2
5272 1068 3181 
5273 3181 1069 
1 2093 1 2
5274 1069 3182 
5275 3182 1070 
1 2094 1 2
5276 1070 3183 
5277 3183 1071 
1 2095 1 2
5278 1071 3184 
5279 3184 1072 
1 2096 1 2
5280 1072 3185 
5281 3185 1073 
1 2097 1 2
5282 1073 3186 
5283 3186 1074 
1 2098 1 2
5284 1074 3187 
5285 3187 1075 
1 2099 1 2
5286 1075 3188 
5287 3188 1076 
1 2100 1 2
5288 1076 3189 
5289 3189 1077 
1 2101 1 2
5290 1077 3190 
5291 3190 1078 
1 2102 1 2
5292 1078 3191 
5293 3191 1079 
1 2103 1 2
5294 1079 3192 
5295 3192 1080 
1 2104 1 2
5296 1080 3193 
5297 3193 1081 
1 2105 1 2
5298 1081 3194 
5299 3194 1082 
1 2106 1 2
5300 1082 3195 
5301 3195 1083 
1 2107 1 2
5302 1083 3196 
5303 3196 1084 
1 2108 1 2
5304 1084 3197 
5305 3197 1085 
1 2109 1 2
5306 1085 3198 
5307 3198 1086 
1 2110 1 2
5308 1086 3199 
5309 3199 1087 
1 2111 1 2
5310 1087 3200 
5311 3200 1088 
1 2112 1 2
5312 1088 3201 
5313 3201 1089 
2 1 3 4
5314 34 2178 3202 1090 
5315 35 1122 3202 2178 
5316 2 2146 3202 1122 
5317 1 1090 3202 2146 
2 2 3 4
5318 35 2179 3203 1122 
5319 36 1154 3203 2179 
5320 3 2147 3203 1154 
5321 2 1122 3203 2147 
2 3 3 4
5322 36 2180 3204 1154 
5323 37 1186 3204 2180 
5324 4 2148 3204 1186 
5325 3 1154 3204 2148 
2 4 3 4
5326 37 2181 3205 1186 
5327 38 1218 3205 2181 
5328 5 2149 3205 1218 
5329 4 1186 3205 2149 
2 5 3 4
5330 38 2182 3206 1218 
5331 39 1250 3206 2182 
5332 6 2150 3206 1250 
5333 5 1218 3206 2150 
2 6 3 4
5334 39 2183 3207 1250 
5335 40 1282 3207 2183 
5336 7 2151 3207 1282 
5337 6 1250 3207 2151 
2 7 3 4
5338 40 2184 3208 1282 
5339 41 1314 3208 2184 
5340 8 2152 3208 1314 
5341 7 1282 3208 2152 
2 8 3 4
5342 41 2185 3209 1314 
5343 42 1346 3209 2185 
5344 9 2153 3209 1346 
5345 8 1314 3209 2153 
2 9 3 4
5346 42 2186 3210 1346 
5347 43 1378 3210 2186 
5348 10 2154 3210 1378 
5349 9 1346 3210 2154 
2 10 3 4
5350 43 2187 3211 1378 
5351 44 1410 3211 2187 
5352 11 2155 3211 1410 
5353 10 1378 3211 2155 
2 11 3 4
5354 44 2188 3212 1410 
5355 45 1442 3212 2188 
5356 12 2156 3212 1442 
5357 11 1410 3212 2156 
2 12 3 4
5358 45 2189 3213 1442 
5359 46 1474 3213 2189 
5360 13 2157 3213 1474 
5361 12 1442 3213 2157 
2 13 3 4
5362 46 2190 3214 1474 
5363 47 1506 3214 2190 
5364 14 2158 3214 1506 
5365 13 1474 3214 2158 
2 14 3 4
5366 47 2191 3215 1506 
5367 48 1538 3215 2191 
5368 15 2159 3215 1538 
5369 14 1506 3215 2159 
2 15 3 4
5370 48 2192 3216 1538 
5371 49 1570 3216 2192 
5372 16 2160 3216 1570 
5373 15 1538 3216 2160 
2 16 3 4
5374 49 2193 3217 1570 
5375 50 1602 3217 2193 
5376 17 2161 3217 1602 
5377 16 1570 3217 2161 
2 17 3 4
5378 50 2194 3218 1602 
5379 51 1634 3218 2194 
5380 18 2162 3218 1634 
5381 17 1602 3218 2162 
2 18 3 4
5382 51 2195 3219 1634 
5383 52 1666 3219 2195 
5384 19 2163 3219 1666 
5385 18 1634 3219 2163 
2 19 3 4
5386 52 2196 3220 1666 
5387 53 1698 3220 2196 
5388 20 2164 3220 1698 
5389 19 1666 3220 2164 
2 20 3 4
5390 53 2197 3221 1698 
5391 54 1730 3221 2197 
5392 21 2165 3221 1730 
5393 20 1698 3221 2165 
2 21 3 4
5394 54 2198 3222 1730 
5395 55 1762 3222 2198 
5396 22 2166 3222 1762 
5397 21 1730 3222 2166 
2 22 3 4
5398 55 2199 3223 1762 
5399 56 1794 3223 2199 
5400 23 2167 3223 1794 
5401 22 1762 3223 2167 
2 23 3 4
5402 56 2200 3224 1794 
5403 57 1826 3224 2200 
5404 24 2168 3224 1826 
5405 23 1794 3224 2168 
2 24 3 4
5406 57 2201 3225 1826 
5407 58 1858 3225 2201 
5408 25 2169 3225 1858 
5409 24 1826 3225 2169 
2 25 3 4
5410 58 2202 3226 1858 
5411 59 1890 3226 2202 
5412 26 2170 3226 1890 
5413 25 1858 3226 2170 
2 26 3 4
5414 59 2203 3227 1890 
5415 60 1922 3227 2203 
5416 27 2171 3227 1922 
5417 26 1890 3227 2171 
2 27 3 4
5418 60 2204 3228 1922 
5419 61 1954 3228 2204 
5420 28 2172 3228 1954 
5421 27 1922 3228 2172 
2 28 3 4
5422 61 2205 3229 1954 
5423 62 1986 3229 2205 
5424 29 2173 3229 1986 
5425 28 1954 3229 2173 
2 29 3 4
5426 62 2206 3230 1986 
5427 63 2018 3230 2206 
5428 30 2174 3230 2018 
5429 29 1986 3230 2174 
2 30 3 4
5430 63 2207 3231 2018 
5431 64 2050 3231 2207 
5432 31 2175 3231 2050 
5433 30 2018 3231 2175 
2 31 3 4
5434 64 2208 3232 2050 
5435 65 2082 3232 2208 
5436 32 2176 3232 2082 
5437 31 2050 3232 2176 
2 32 3 4
5438 65 2209 3233 2082 
5439 66 2114 3233 2209 
5440 33 2177 3233 2114 
5441 32 2082 3233 2177 
2 33 3 4
5442 67 2210 3234 1091 
5443 68 1123 3234 2210 
5444 35 2178 3234 1123 
5445 34 1091 3234 2178 
2 34 3 4
5446 68 2211 3235 1123 
5447 69 1155 3235 2211 
5448 36 2179 3235 1155 
5449 35 1123 3235 2179 
2 35 3 4
5450 69 2212 3236 1155 
5451 70 1187 3236 2212 
5452 37 2180 3236 1187 
5453 36 1155 3236 2180 
2 36 3 4
5454 70 2213 3237 1187 
5455 71 1219 3237 2213 
5456 38 2181 3237 1219 
5457 37 1187 3237 2181 
2 37 3 4
5458 71 2214 3238 1219 
5459 72 1251 3238 2214 
5460 39 2182 3238 1251 
5461 38 1219 3238 2182 
2 38 3 4
5462 72 2215 3239 1251 
5463 73 1283 3239 2215 
5464 40 2183 3239 1283 
5465 39 1251 3239 2183 
2 39 3 4
5466 73 2216 3240 1283 
5467 74 1315 3240 2216 
5468 41 2184 3240 1315 
5469 40 1283 3240 2184 
2 40 3 4
5470 74 2217 3241 1315 
5471 75 1347 3241 2217 
5472 42 2185 3241 1347 
5473 41 1315 3241 2185 
2 41 3 4
5474 75 2218 3242 1347 
5475 76 1379 3242 2218 
5476 43 2186 3242 1379 
5477 42 1347 3242 2186 
2 42 3 4
5478 76 2219 3243 1379 
5479 77 1411 3243 2219 
5480 44 2187 3243 1411 
5481 43 1379 3243 2187 
2 43 3 4
5482 77 2220 3244 1411 
5483 78 1443 3244 2220 
5484 45 2188 3244 1443 
5485 44 1411 3244 2188 
2 44 3 4
5486 78 2221 3245 1443 
5487 79 1475 3245 2221 
5488 46 2189 3245 1475 
5489 45 1443 3245 2189 
2 45 3 4
5490 79 2222 3246 1475 
5491 80 1507 3246 2222 
5492 47 2190 3246 1507 
5493 46 1475 3246 2190 
2 46 3 4
5494 80 2223 3247 1507 
5495 81 1539 3247 2223 
5496 48 2191 3247 1539 
5497 47 1507 3247 2191 
2 47 3 4
5498 81 2224 3248 1539 
5499 82 1571 3248 2224 
5500 49 2192 3248 1571 
5501 48 1539 3248 2192 
2 48 3 4
5502 82 2225 3249 1571 
5503 83 1603 3249 2225 
5504 50 2193 3249 1603 
5505 49 1571 3249 2193 
2 49 3 4
5506 83 2226 3250 1603 
5507 84 1635 3250 2226 
5508 51 2194 3250 1635 
5509 50 1603 3250 2194 
2 50 3 4
5510 84 2227 3251 1635 
5511 85 1667 3251 2227 
5512 52 2195 3251 1667 
5513 51 1635 3251 2195 
2 51 3 4
5514 85 2228 3252 1667 
5515 86 1699 3252 2228 
5516 53 2196 3252 1699 
5517 52 1667 3252 2196 
2 52 3 4
5518 86 2229 3253 1699 
5519 87 1731 3253 2229 
5520 54 2197 3253 1731 
5521 53 1699 3253 2197 
2 53 3 4
5522 87 2230 3254 1731 
5523 88 1763 3254 2230 
5524 55 2198 3254 1763 
5525 54 1731 3254 2198 
2 54 3 4
5526 88 2231 3255 1763 
5527 89 1795 3255 2231 
5528 56 2199 3255 1795 
5529 55 1763 3255 2199 
2 55 3 4
5530 89 2232 3256 1795 
5531 90 1827 3256 2232 
5532 57 2200 3256 1827 
5533 56 1795 3256 2200 
2 56 3 4
5534 90 2233 3257 1827 
5535 91 1859 3257 2233 
5536 58 2201 3257 1859 
5537 57 1827 3257 2201 
2 57 3 4
5538 91 2234 3258 1859 
5539 92 1891 3258 2234 
5540 59 2202 3258 1891 
5541 58 1859 3258 2202 
2 58 3 4
5542 92 2235 3259 1891 
5543 93 1923 3259 2235 
5544 60 2203 3259 1923 
5545 59 1891 3259 2203 
2 59 3 4
5546 93 2236 3260 1923 
5547 94 1955 3260 2236 
5548 61 2204 3260 1955 
5549 60 1923 3260 2204 
2 60 3 4
5550 94 2237 3261 1955 
5551 95 1987 3261 2237 
5552 62 2205 3261 1987 
5553 61 1955 3261 2205 
2 61 3 4
5554 95 2238 3262 1987 
5555 96 2019 3262 2238 
5556 63 2206 3262 2019 
5557 62 1987 3262 2206 
2 62 3 4
5558 96 2239 3263 2019 
5559 97 2051 3263 2239 
5560 64 2207 3263 2051 
5561 63 2019 3263 2207 
2 63 3 4
5562 97 2240 3264 2051 
5563 98 2083 3264 2240 
5564 65 2208 3264 2083 
5565 64 2051 3264 2208 
2 64 3 4
5566 98 2241 3265 2083 
5567 99 2115 3265 2241 
5568 66 2209 3265 2115 
5569 65 2083 3265 2209 
2 65 3 4
5570 100 2242 3266 1092 
5571 101 1124 3266 2242 
5572 68 2210 3266 1124 
5573 67 1092 3266 2210 
2 66 3 4
5574 101 2243 3267 1124 
5575 102 1156 3267 2243 
5576 69 2211 3267 1156 
5577 68 1124 3267 2211 
2 67 3 4
5578 102 2244 3268 1156 
5579 103 1188 3268 2244 
5580 70 2212 3268 1188 
5581 69 1156 3268 2212 
2 68 3 4
5582 103 2245 3269 1188 
5583 104 1220 3269 2245 
5584 71 2213 3269 1220 
5585 70 1188 3269 2213 
2 69 3 4
5586 104 2246 3270 1220 
5587 105 1252 3270 2246 
5588 72 2214 3270 1252 
5589 71 1220 3270 2214 
2 70 3 4
5590 105 2247 3271 1252 
5591 106 1284 3271 2247 
5592 73 2215 3271 1284 
5593 72 1252 3271 2215 
2 71 3 4
5594 106 2248 3272 1284 
5595 107 1316 3272 2248 
5596 74 2216 3272 1316 
5597 73 1284 3272 2216 
2 72 3 4
5598 107 2249 3273 1316 
5599 108 1348 3273 2249 
5600 75 2217 3273 1348 
5601 74 1316 3273 2217 
2 73 3 4
5602 108 2250 3274 1348 
5603 109 1380 3274 2250 
5604 76 2218 3274 1380 
5605 75 1348 3274 2218 
2 74 3 4
5606 109 2251 3275 1380 
5607 110 1412 3275 2251 
5608 77 2219 3275 1412 
5609 76 1380 3275 2219 
2 75 3 4
5610 110 2252 3276 1412 
5611 111 1444 3276 2252 
5612 78 2220 3276 1444 
5613 77 1412 3276 2220 
2 76 3 4
5614 111 2253 3277 1444 
5615 112 1476 3277 2253 
5616 79 2221 3277 1476 
5617 78 1444 3277 2221 
2 77 3 4
5618 112 2254 3278 1476 
5619 113 1508 3278 2254 
5620 80 2222 3278 1508 
5621 79 1476 3278 2222 
2 78 3 4
5622 113 2255 3279 1508 
5623 114 1540 3279 2255 
5624 81 2223 3279 1540 
5625 80 1508 3279 2223 
2 79 3 4
5626 114 2256 3280 1540 
5627 115 1572 3280 2256 
5628 82 2224 3280 1572 
5629 81 1540 3280 2224 
2 80 3 4
5630 115 2257 3281 1572 
5631 116 1604 3281 2257 
5632 83 2225 3281 1604 
5633 82 1572 3281 2225 
2 81 3 4
5634 116 2258 3282 1604 
5635 117 1636 3282 2258 
5636 84 2226 3282 1636 
5637 83 1604 3282 2226 
2 82 3 4
5638 117 2259 3283 1636 
5639 118 1668 3283 2259 
5640 85 2227 3283 1668 
5641 84 1636 3283 2227 
2 83 3 4
5642 118 2260 3284 1668 
5643 119 1700 3284 2260 
5644 86 2228 3284 1700 
5645 85 1668 3284 2228 
2 84 3 4
5646 119 2261 3285 1700 
5647 120 1732 3285 2261 
5648 87 2229 3285 1732 
5649 86 1700 3285 2229 
2 85 3 4
5650 120 2262 3286 1732 
5651 121 1764 3286 2262 
5652 88 2230 3286 1764 
5653 87 1732 3286 2230 
2 86 3 4
5654 121 2263 3287 1764 
5655 122 1796 3287 2263 
5656 89 2231 3287 1796 
5657 88 1764 3287 2231 
2 87 3 4
5658 122 2264 3288 1796 
5659 123 1828 3288 2264 
5660 90 2232 3288 1828 
5661 89 1796 3288 2232 
2 88 3 4
5662 123 2265 3289 1828 
5663 124 1860 3289 2265 
5664 91 2233 3289 1860 
5665 90 1828 3289 2233 
2 89 3 4
5666 124 2266 3290 1860 
5667 125 1892 3290 2266 
5668 92 2234 3290 1892 
5669 91 1860 3290 2234 
2 90 3 4
5670 125 2267 3291 1892 
5671 126 1924 3291 2267 
5672 93 2235 3291 1924 
5673 92 1892 3291 2235 
2 91 3 4
5674 126 2268 3292 1924 
5675 127 1956 3292 2268 
5676 94 2236 3292 1956 
5677 93 1924 3292 2236 
2 92 3 4
5678 127 2269 3293 1956 
5679 128 1988 3293 2269 
5680 95 2237 3293 1988 
5681 94 1956 3293 2237 
2 93 3 4
5682 128 2270 3294 1988 
5683 129 2020 3294 2270 
5684 96 2238 3294 2020 
5685 95 1988 3294 2238 
2 94 3 4
5686 129 2271 3295 2020 
5687 130 2052 3295 2271 
5688 97 2239 3295 2052 
5689 96 2020 3295 2239 
2 95 3 4
5690 130 2272 3296 2052 
5691 131 2084 3296 2272 
5692 98 2240 3296 2084 
5693 97 2052 3296 2240 
2 96 3 4
5694 131 2273 3297 2084 
5695 132 2116 3297 2273 
5696 99 2241 3297 2116 
5697 98 2084 3297 2241 
2 97 3 4
5698 133 2274 3298 1093 
5699 134 1125 3298 2274 
5700 101 2242 3298 1125 
5701 100 1093 3298 2242 
2 98 3 4
5702 134 2275 3299 1125 
5703 135 1157 3299 2275 
5704 102 2243 3299 1157 
5705 101 1125 3299 2243 
2 99 3 4
5706 135 2276 3300 1157 
5707 136 1189 3300 2276 
5708 103 2244 3300 1189 
5709 102 1157 3300 2244 
2 100 3 4
5710 136 2277 3301 1189 
5711 137 1221 3301 2277 
5712 104 2245 3301 1221 
5713 103 1189 3301 2245 
2 101 3 4
5714 137 2278 3302 1221 
5715 138 1253 3302 2278 
5716 105 2246 3302 1253 
5717 104 1221 3302 2246 
2 102 3 4
5718 138 2279 3303 1253 
5719 139 1285 3303 2279 
5720 106 2247 3303 1285 
5721 105 1253 3303 2247 
2 103 3 4
5722 139 2280 3304 1285 
5723 140 1317 3304 2280 
5724 107 2248 3304 1317 
5725 106 1285 3304 2248 
2 104 3 4
5726 140 2281 3305 1317 
5727 141 1349 3305 2281 
5728 108 2249 3305 1349 
5729 107 1317 3305 2249 
2 105 3 4
5730 141 2282 3306 1349 
5731 142 1381 3306 2282 
5732 109 2250 3306 1381 
5733 108 1349 3306 2250 
2 106 3 4
5734 142 2283 3307 1381 
5735 143 1413 3307 2283 
5736 110 2251 3307 1413 
5737 109 1381 3307 2251 
2 107 3 4
5738 143 2284 3308 1413 
5739 144 1445 3308 2284 
5740 111 2252 3308 1445 
5741 110 1413 3308 2252 
2 108 3 4
5742 144 2285 3309 1445 
5743 145 1477 3309 2285 
5744 112 2253 3309 1477 
5745 111 1445 3309 2253 
2 109 3 4
5746 145 2286 3310 1477 
5747 146 1509 3310 2286 
5748 113 2254 3310 1509 
5749 112 1477 3310 2254 
2 110 3 4
5750 146 2287 3311 1509 
5751 147 1541 3311 2287 
5752 114 2255 3311 1541 
5753 113 1509 3311 2255 
2 111 3 4
5754 147 2288 3312 1541 
5755 148 1573 3312 2288 
5756 115 2256 3312 1573 
5757 114 1541 3312 2256 
2 112 3 4
5758 148 2289 3313 1573 
5759 149 1605 3313 2289 
5760 116 2257 3313 1605 
5761 115 1573 3313 2257 
2 113 3 4
5762 149 2290 3314 1605 
5763 150 1637 3314 2290 
5764 117 2258 3314 1637 
5765 116 1605 3314 2258 
2 114 3 4
5766 150 2291 3315 1637 
5767 151 1669 3315 2291 
5768 118 2259 3315 1669 
5769 117 1637 3315 2259 
2 115 3 4
5770 151 2292 3316 1669 
5771 152 1701 3316 2292 
5772 119 2260 3316 1701 
5773 118 1669 3316 2260 
2 116 3 4
5774 152 2293 3317 1701 
5775 153 1733 3317 2293 
5776 120 2261 3317 1733 
5777 119 1701 3317 2261 
2 117 3 4
5778 153 2294 3318 1733 
5779 154 1765 3318 2294 
5780 121 2262 3318 1765 
5781 120 1733 3318 2262 
2 118 3 4
5782 154 2295 3319 1765 
5783 155 1797 3319 2295 
5784 122 2263 3319 1797 
5785 121 1765 3319 2263 
2 119 3 4
5786 155 2296 3320 1797 
5787 156 1829 3320 2296 
5788 123 2264 3320 1829 
5789 122 1797 3320 2264 
2 120 3 4
5790 156 2297 3321 1829 
5791 157 1861 3321 2297 
5792 124 2265 3321 1861 
5793 123 1829 3321 2265 
2 121 3 4
5794 157 2298 3322 1861 
5795 158 1893 3322 2298 
5796 125 2266 3322 1893 
5797 124 1861 3322 2266 
2 122 3 4
5798 158 2299 3323 1893 
5799 159 1925 3323 2299 
5800 126 2267 3323 1925 
5801 125 1893 3323 2267 
2 123 3 4
5802 159 2300 3324 1925 
5803 160 1957 3324 2300 
5804 127 2268 3324 1957 
5805 126 1925 3324 2268 
2 124 3 4
5806 160 2301 3325 1957 
5807 161 1989 3325 2301 
5808 128 2269 3325 1989 
5809 127 1957 3325 2269 
2 125 3 4
5810 161 2302 3326 1989 
5811 162 2021 3326 2302 
5812 129 2270 3326 2021 
5813 128 1989 3326 2270 
2 126 3 4
5814 162 2303 3327 2021 
5815 163 2053 3327 2303 
5816 130 2271 3327 2053 
5817 129 2021 3327 2271 
2 127 3 4
5818 163 2304 3328 2053 
5819 164 2085 3328 2304 
5820 131 2272 3328 2085 
5821 130 2053 3328 2272 
2 128 3 4
5822 164 2305 3329 2085 
5823 165 2117 3329 2305 
5824 132 2273 3329 2117 
5825 131 2085 3329 2273 
2 129 3 4
5826 166 2306 3330 1094 
5827 167 1126 3330 2306 
5828 134 2274 3330 1126 
5829 133 1094 3330 2274 
2 130 3 4
5830 167 2307 3331 1126 
5831 168 1158 3331 2307 
5832 135 2275 3331 1158 
5833 134 1126 3331 2275 
2 131 3 4
5834 168 2308 3332 1158 
5835 169 1190 3332 2308 
5836 136 2276 3332 1190 
5837 135 1158 3332 2276 
2 132 3 4
5838 169 2309 3333 1190 
5839 170 1222 3333 2309 
5840 137 2277 3333 1222 
5841 136 1190 3333 2277 
2 133 3 4
5842 170 2310 3334 1222 
5843 171 1254 3334 2310 
5844 138 2278 3334 1254 
5845 137 1222 3334 2278 
2 134 3 4
5846 171 2311 3335 1254 
5847 172 1286 3335 2311 
5848 139 2279 3335 1286 
5849 138 1254 3335 2279 
2 135 3 4
5850 172 2312 3336 1286 
5851 173 1318 3336 2312 
5852 140 2280 3336 1318 
5853 139 1286 3336 2280 
2 136 3 4
5854 173 2313 3337 1318 
5855 174 1350 3337 2313 
5856 141 2281 3337 1350 
5857 140 1318 3337 2281 
2 137 3 4
5858 174 2314 3338 1350 
5859 175 1382 3338 2314 
5860 142 2282 3338 1382 
5861 141 1350 3338 2282 
2 138 3 4
5862 175 2315 3339 1382 
5863 176 1414 3339 2315 
5864 143 2283 3339 1414 
5865 142 1382 3339 2283 
2 139 3 4
5866 176 2316 3340 1414 
5867 177 1446 3340 2316 
5868 144 2284 3340 1446 
5869 143 1414 3340 2284 
2 140 3 4
5870 177 2317 3341 1446 
5871 178 1478 3341 2317 
5872 145 2285 3341 1478 
5873 144 1446 3341 2285 
2 141 3 4
5874 178 2318 3342 1478 
5875 179 1510 3342 2318 
5876 146 2286 3342 1510 
5877 145 1478 3342 2286 
2 142 3 4
5878 179 2319 3343 1510 
5879 180 1542 3343 2319 
5880 147 2287 3343 1542 
5881 146 1510 3343 2287 
2 143 3 4
5882 180 2320 3344 1542 
5883 181 1574 3344 2320 
5884 148 2288 3344 1574 
5885 147 1542 3344 2288 
2 144 3 4
5886 181 2321 3345 1574 
5887 182 1606 3345 2321 
5888 149 2289 3345 1606 
5889 148 1574 3345 2289 
2 145 3 4
5890 182 2322 3346 1606 
5891 183 1638 3346 2322 
5892 150 2290 3346 1638 
5893 149 1606 3346 2290 
2 146 3 4
5894 183 2323 3347 1638 
5895 184 1670 3347 2323 
5896 151 2291 3347 1670 
5897 150 1638 3347 2291 
2 147 3 4
5898 184 2324 3348 1670 
5899 185 1702 3348 2324 
5900 152 2292 3348 1702 
5901 151 1670 3348 2292 
2 148 3 4
5902 185 2325 3349 1702 
5903 186 1734 3349 2325 
5904 153 2293 3349 1734 
5905 152 1702 3349 2293 
2 149 3 4
5906 186 2326 3350 1734 
5907 187 1766 3350 2326 
5908 154 2294 3350 1766 
5909 153 1734 3350 2294 
2 150 3 4
5910 187 2327 3351 1766 
5911 188 1798 3351 2327 
5912 155 2295 3351 1798 
5913 154 1766 3351 2295 
2 151 3 4
5914 188 2328 3352 1798 
5915 189 1830 3352 2328 
5916 156 2296 3352 1830 
5917 155 1798 3352 2296 
2 152 3 4
5918 189 2329 3353 1830 
5919 190 1862 3353 2329 
5920 157 2297 3353 1862 
5921 156 1830 3353 2297 
2 153 3 4
5922 190 2330 3354 1862 
5923 191 1894 3354 2330 
5924 158 2298 3354 1894 
5925 157 1862 3354 2298 
2 154 3 4
5926 191 2331 3355 1894 
5927 192 1926 3355 2331 
5928 159 2299 3355 1926 
5929 158 1894 3355 2299 
2 155 3 4
5930 192 2332 3356 1926 
5931 193 1958 3356 2332 
5932 160 2300 3356 1958 
5933 159 1926 3356 2300 
2 156 3 4
5934 193 2333 3357 1958 
5935 194 1990 3357 2333 
5936 161 2301 3357 1990 
5937 160 1958 3357 2301 
2 157 3 4
5938 194 2334 3358 1990 
5939 195 2022 3358 2334 
5940 162 2302 3358 2022 
5941 161 1990 3358 2302 
2 158 3 4
5942 195 2335 3359 2022 
5943 196 2054 3359 2335 
5944 163 2303 3359 2054 
5945 162 2022 3359 2303 
2 159 3 4
5946 196 2336 3360 2054 
5947 197 2086 3360 2336 
5948 164 2304 3360 2086 
5949 163 2054 3360 2304 
2 160 3 4
5950 197 2337 3361 2086 
5951 198 2118 3361 2337 
5952 165 2305 3361 2118 
5953 164 2086 3361 2305 
2 161 3 4
5954 199 2338 3362 1095 
5955 200 1127 3362 2338 
5956 167 2306 3362 1127 
5957 166 1095 3362 2306 
2 162 3 4
5958 200 2339 3363 1127 
5959 201 1159 3363 2339 
5960 168 2307 3363 1159 
5961 167 1127 3363 2307 
2 163 3 4
5962 201 2340 3364 1159 
5963 202 1191 3364 2340 
5964 169 2308 3364 1191 
5965 168 1159 3364 2308 
2 164 3 4
5966 202 2341 3365 1191 
5967 203 1223 3365 2341 
5968 170 2309 3365 1223 
5969 169 1191 3365 2309 
2 165 3 4
5970 203 2342 3366 1223 
5971 204 1255 3366 2342 
5972 171 2310 3366 1255 
5973 170 1223 3366 2310 
2 166 3 4
5974 204 2343 3367 1255 
5975 205 1287 3367 2343 
5976 172 2311 3367 1287 
5977 171 1255 3367 2311 
2 167 3 4
5978 205 2344 3368 1287 
5979 206 1319 3368 2344 
5980 173 2312 3368 1319 
5981 172 1287 3368 2312 
2 168 3 4
5982 206 2345 3369 1319 
5983 207 1351 3369 2345 
5984 174 2313 3369 1351 
5985 173 1319 3369 2313 
2 169 3 4
5986 207 2346 3370 1351 
5987 208 1383 3370 2346 
5988 175 2314 3370 1383 
5989 174 1351 3370 2314 
2 170 3 4
5990 208 2347 3371 1383 
5991 209 1415 3371 2347 
5992 176 2315 3371 1415 
5993 175 1383 3371 2315 
2 171 3 4
5994 209 2348 3372 1415 
5995 210 1447 3372 2348 
5996 177 2316 3372 1447 
5997 176 1415 3372 2316 
2 172 3 4
5998 210 2349 3373 1447 
5999 211 1479 3373 2349 
6000 178 2317 3373 1479 
6001 177 1447 3373 2317 
2 173 3 4
6002 211 2350 3374 1479 
6003 212 1511 3374 2350 
6004 179 2318 3374 1511 
6005 178 1479 3374 2318 
2 174 3 4
6006 212 2351 3375 1511 
6007 213 1543 3375 2351 
6008 180 2319 3375 1543 
6009 179 1511 3375 2319 
2 175 3 4
6010 213 2352 3376 1543 
6011 214 1575 3376 2352 
6012 181 2320 3376 1575 
6013 180 1543 3376 2320 
2 176 3 4
6014 214 2353 3377 1575 
6015 215 1607 3377 2353 
6016 182 2321 3377 1607 
6017 181 1575 3377 2321 
2 177 3 4
6018 215 2354 3378 1607 
6019 216 1639 3378 2354 
6020 183 2322 3378 1639 
6021 182 1607 3378 2322 
2 178 3 4
6022 216 2355 3379 1639 
6023 217 1671 3379 2355 
6024 184 2323 3379 1671 
6025 183 1639 3379 2323 
2 179 3 4
6026 217 2356 3380 1671 
6027 218 1703 3380 2356 
6028 185 2324 3380 1703 
6029 184 1671 3380 2324 
2 180 3 4
6030 218 2357 3381 1703 
6031 219 1735 3381 2357 
6032 186 2325 3381 1735 
6033 185 1703 3381 2325 
2 181 3 4
6034 219 2358 3382 1735 
6035 220 1767 3382 2358 
6036 187 2326 3382 1767 
6037 186 1735 3382 2326 
2 182 3 4
6038 220 2359 3383 1767 
6039 221 1799 3383 2359 
6040 188 2327 3383 1799 
6041 187 1767 3383 2327 
2 183 3 4
6042 221 2360 3384 1799 
6043 222 1831 3384 2360 
6044 189 2328 3384 1831 
6045 188 1799 3384 2328 
2 184 3 4
6046 222 2361 3385 1831 
6047 223 1863 3385 2361 
6048 190 2329 3385 1863 
6049 189 1831 3385 2329 
2 185 3 4
6050 223 2362 3386 1863 
6051 224 1895 3386 2362 
6052 191 2330 3386 1895 
6053 190 1863 3386 2330 
2 186 3 4
6054 224 2363 3387 1895 
6055 225 1927 3387 2363 
6056 192 2331 3387 1927 
6057 191 1895 3387 2331 
2 187 3 4
6058 225 2364 3388 1927 
6059 226 1959 3388 2364 
6060 193 2332 3388 1959 
6061 192 1927 3388 2332 
2 188 3 4
6062 226 2365 3389 1959 
6063 227 1991 3389 2365 
6064 194 2333 3389 1991 
6065 193 1959 3389 2333 
2 189 3 4
6066 227 2366 3390 1991 
6067 228 2023 3390 2366 
6068 195 2334 3390 2023 
6069 194 1991 3390 2334 
2 190 3 4
6070 228 2367 3391 2023 
6071 229 2055 3391 2367 
6072 196 2335 3391 2055 
6073 195 2023 3391 2335 
2 191 3 4
6074 229 2368 3392 2055 
6075 230 2087 3392 2368 
6076 197 2336 3392 2087 
6077 196 2055 3392 2336 
2 192 3 4
6078 230 2369 3393 2087 
6079 231 2119 3393 2369 
6080 198 2337 3393 2119 
6081 197 2087 3393 2337 
2 193 3 4
6082 232 2370 3394 1096 
6083 233 1128 3394 2370 
6084 200 2338 3394 1128 
6085 199 1096 3394 2338 
2 194 3 4
6086 233 2371 3395 1128 
6087 234 1160 3395 2371 
6088 201 2339 3395 1160 
6089 200 1128 3395 2339 
2 195 3 4
6090 234 2372 3396 1160 
6091 235 1192 3396 2372 
6092 202 2340 3396 1192 
6093 201 1160 3396 2340 
2 196 3 4
6094 235 2373 3397 1192 
6095 236 1224 3397 2373 
6096 203 2341 3397 1224 
6097 202 1192 3397 2341 
2 197 3 4
6098 236 2374 3398 1224 
6099 237 1256 3398 2374 
6100 204 2342 3398 1256 
6101 203 1224 3398 2342 
2 198 3 4
6102 237 2375 3399 1256 
6103 238 1288 3399 2375 
6104 205 2343 3399 1288 
6105 204 1256 3399 2343 
2 199 3 4
6106 238 2376 3400 1288 
6107 239 1320 3400 2376 
6108 206 2344 3400 1320 
6109 205 1288 3400 2344 
2 200 3 4
6110 239 2377 3401 1320 
6111 240 1352 3401 2377 
6112 207 2345 3401 1352 
6113 206 1320 3401 2345 
2 201 3 4
6114 240 2378 3402 1352 
6115 241 1384 3402 2378 
6116 208 2346 3402 1384 
6117 207 1352 3402 2346 
2 202 3 4
6118 241 2379 3403 1384 
6119 242 1416 3403 2379 
6120 209 2347 3403 1416 
6121 208 1384 3403 2347 
2 203 3 4
6122 242 2380 3404 1416 
6123 243 1448 3404 2380 
6124 210 2348 3404 1448 
6125 209 1416 3404 2348 
2 204 3 4
6126 243 2381 3405 1448 
6127 244 1480 3405 2381 
6128 211 2349 3405 1480 
6129 210 1448 3405 2349 
2 205 3 4
6130 244 2382 3406 1480 
6131 245 1512 3406 2382 
6132 212 2350 3406 1512 
6133 211 1480 3406 2350 
2 206 3 4
6134 245 2383 3407 1512 
6135 246 1544 3407 2383 
6136 213 2351 3407 1544 
6137 212 1512 3407 2351 
2 207 3 4
6138 246 2384 3408 1544 
6139 247 1576 3408 2384 
6140 214 2352 3408 1576 
6141 213 1544 3408 2352 
2 208 3 4
6142 247 2385 3409 1576 
6143 248 1608 3409 2385 
6144 215 2353 3409 1608 
6145 214 1576 3409 2353 
2 209 3 4
6146 248 2386 3410 1608 
6147 249 1640 3410 2386 
6148 216 2354 3410 1640 
6149 215 1608 3410 2354 
2 210 3 4
6150 249 2387 3411 1640 
6151 250 1672 3411 2387 
6152 217 2355 3411 1672 
6153 216 1640 3411 2355 
2 211 3 4
6154 250 2388 3412 1672 
6155 251 1704 3412 2388 
6156 218 2356 3412 1704 
6157 217 1672 3412 2356 
2 212 3 4
6158 251 2389 3413 1704 
6159 252 1736 3413 2389 
6160 219 2357 3413 1736 
6161 218 1704 3413 2357 
2 213 3 4
6162 252 2390 3414 1736 
6163 253 1768 3414 2390 
6164 220 2358 3414 1768 
6165 219 1736 3414 2358 
2 214 3 4
6166 253 2391 3415 1768 
6167 254 1800 3415 2391 
6168 221 2359 3415 1800 
6169 220 1768 3415 2359 
2 215 3 4
6170 254 2392 3416 1800 
6171 255 1832 3416 2392 
6172 222 2360 3416 1832 
6173 221 1800 3416 2360 
2 216 3 4
6174 255 2393 3417 1832 
6175 256 1864 3417 2393 
6176 223 2361 3417 1864 
6177 222 1832 3417 2361 
2 217 3 4
6178 256 2394 3418 1864 
6179 257 1896 3418 2394 
6180 224 2362 3418 1896 
6181 223 1864 3418 2362 
2 218 3 4
6182 257 2395 3419 1896 
6183 258 1928 3419 2395 
6184 225 2363 3419 1928 
6185 224 1896 3419 2363 
2 219 3 4
6186 258 2396 3420 1928 
6187 259 1960 3420 2396 
6188 226 2364 3420 1960 
6189 225 1928 3420 2364 
2 220 3 4
6190 259 2397 3421 1960 
6191 260 1992 3421 2397 
6192 227 2365 3421 1992 
6193 226 1960 3421 2365 
2 221 3 4
6194 260 2398 3422 1992 
6195 261 2024 3422 2398 
6196 228 2366 3422 2024 
6197 227 1992 3422 2366 
2 222 3 4
6198 261 2399 3423 2024 
6199 262 2056 3423 2399 
6200 229 2367 3423 2056 
6201 228 2024 3423 2367 
2 223 3 4
6202 262 2400 3424 2056 
6203 263 2088 3424 2400 
6204 230 2368 3424 2088 
6205 229 2056 3424 2368 
2 224 3 4
6206 263 2401 3425 2088 
6207 264 2120 3425 2401 
6208 231 2369 3425 2120 
6209 230 2088 3425 2369 
2 225 3 4
6210 265 2402 3426 1097 
6211 266 1129 3426 2402 
6212 233 2370 3426 1129 
6213 232 1097 3426 2370 
2 226 3 4
6214 266 2403 3427 1129 
6215 267 1161 3427 2403 
6216 234 2371 3427 1161 
6217 233 1129 3427 2371 
2 227 3 4
6218 267 2404 3428 1161 
6219 268 1193 3428 2404 
6220 235 2372 3428 1193 
6221 234 1161 3428 2372 
2 228 3 4
6222 268 2405 3429 1193 
6223 269 1225 3429 2405 
6224 236 2373 3429 1225 
6225 235 1193 3429 2373 
2 229 3 4
6226 269 2406 3430 1225 
6227 270 1257 3430 2406 
6228 237 2374 3430 1257 
6229 236 1225 3430 2374 
2 230 3 4
6230 270 2407 3431 1257 
6231 271 1289 3431 2407 
6232 238 2375 3431 1289 
6233 237 1257 3431 2375 
2 231 3 4
6234 271 2408 3432 1289 
6235 272 1321 3432 2408 
6236 239 2376 3432 1321 
6237 238 1289 3432 2376 
2 232 3 4
6238 272 2409 3433 1321 
6239 273 1353 3433 2409 
6240 240 2377 3433 1353 
6241 239 1321 3433 2377 
2 233 3 4
6242 273 2410 3434 1353 
6243 274 1385 3434 2410 
6244 241 2378 3434 1385 
6245 240 1353 3434 2378 
2 234 3 4
6246 274 2411 3435 1385 
6247 275 1417 3435 2411 
6248 242 2379 3435 1417 
6249 241 1385 3435 2379 
2 235 3 4
6250 275 2412 3436 1417 
6251 276 1449 3436 2412 
6252 243 2380 3436 1449 
6253 242 1417 3436 2380 
2 236 3 4
6254 276 2413 3437 1449 
6255 277 1481 3437 2413 
6256 244 2381 3437 1481 
6257 243 1449 3437 2381 
2 237 3 4
6258 277 2414 3438 1481 
6259 278 1513 3438 2414 
6260 245 2382 3438 1513 
6261 244 1481 3438 2382 
2 238 3 4
6262 278 2415 3439 1513 
6263 279 1545 3439 2415 
6264 246 2383 3439 1545 
6265 245 1513 3439 2383 
2 239 3 4
6266 279 2416 3440 1545 
6267 280 1577 3440 2416 
6268 247 2384 3440 1577 
6269 246 1545 3440 2384 
2 240 3 4
6270 280 2417 3441 1577 
6271 281 1609 3441 2417 
6272 248 2385 3441 1609 
6273 247 1577 3441 2385 
2 241 3 4
6274 281 2418 3442 1609 
6275 282 1641 3442 2418 
6276 249 2386 3442 1641 
6277 248 1609 3442 2386 
2 242 3 4
6278 282 2419 3443 1641 
6279 283 1673 3443 2419 
6280 250 2387 3443 1673 
6281 249 1641 3443 2387 
2 243 3 4
6282 283 2420 3444 1673 
6283 284 1705 3444 2420 
6284 251 2388 3444 1705 
6285 250 1673 3444 2388 
2 244 3 4
6286 284 2421 3445 1705 
6287 285 1737 3445 2421 
6288 252 2389 3445 1737 
6289 251 1705 3445 2389 
2 245 3 4
6290 285 2422 3446 1737 
6291 286 1769 3446 2422 
6292 253 2390 3446 1769 
6293 252 1737 3446 2390 
2 246 3 4
6294 286 2423 3447 1769 
6295 287 1801 3447 2423 
6296 254 2391 3447 1801 
6297 253 1769 3447 2391 
2 247 3 4
6298 287 2424 3448 1801 
6299 288 1833 3448 2424 
6300 255 2392 3448 1833 
6301 254 1801 3448 2392 
2 248 3 4
6302 288 2425 3449 1833 
6303 289 1865 3449 2425 
6304 256 2393 3449 1865 
6305 255 1833 3449 2393 
2 249 3 4
6306 289 2426 3450 1865 
6307 290 1897 3450 2426 
6308 257 2394 3450 1897 
6309 256 1865 3450 2394 
2 250 3 4
6310 290 2427 3451 1897 
6311 291 1929 3451 2427 
6312 258 2395 3451 1929 
6313 257 1897 3451 2395 
2 251 3 4
6314 291 2428 3452 1929 
6315 292 1961 3452 2428 
6316 259 2396 3452 1961 
6317 258 1929 3452 2396 
2 252 3 4
6318 292 2429 3453 1961 
6319 293 1993 3453 2429 
6320 260 2397 3453 1993 
6321 259 1961 3453 2397 
2 253 3 4
6322 293 2430 3454 1993 
6323 294 2025 3454 2430 
6324 261 2398 3454 2025 
6325 260 1993 3454 2398 
2 254 3 4
6326 294 2431 3455 2025 
6327 295 2057 3455 2431 
6328 262 2399 3455 2057 
6329 261 2025 3455 2399 
2 255 3 4
6330 295 2432 3456 2057 
6331 296 2089 3456 2432 
6332 263 2400 3456 2089 
6333 262 2057 3456 2400 
2 256 3 4
6334 296 2433 3457 2089 
6335 297 2121 3457 2433 
6336 264 2401 3457 2121 
6337 263 2089 3457 2401 
2 257 3 4
6338 298 2434 3458 1098 
6339 299 1130 3458 2434 
6340 266 2402 3458 1130 
6341 265 1098 3458 2402 
2 258 3 4
6342 299 2435 3459 1130 
6343 300 1162 3459 2435 
6344 267 2403 3459 1162 
6345 266 1130 3459 2403 
2 259 3 4
6346 300 2436 3460 1162 
6347 301 1194 3460 2436 
6348 268 2404 3460 1194 
6349 267 1162 3460 2404 
2 260 3 4
6350 301 2437 3461 1194 
6351 302 1226 3461 2437 
6352 269 2405 3461 1226 
6353 268 1194 3461 2405 
2 261 3 4
6354 302 2438 3462 1226 
6355 303 1258 3462 2438 
6356 270 2406 3462 1258 
6357 269 1226 3462 2406 
2 262 3 4
6358 303 2439 3463 1258 
6359 304 1290 3463 2439 
6360 271 2407 3463 1290 
6361 270 1258 3463 2407 
2 263 3 4
6362 304 2440 3464 1290 
6363 305 1322 3464 2440 
6364 272 2408 3464 1322 
6365 271 1290 3464 2408 
2 264 3 4
6366 305 2441 3465 1322 
6367 306 1354 3465 2441 
6368 273 2409 3465 1354 
6369 272 1322 3465 2409 
2 265 3 4
6370 306 2442 3466 1354 
6371 307 1386 3466 2442 
6372 274 2410 3466 1386 
6373 273 1354 3466 2410 
2 266 3 4
6374 307 2443 3467 1386 
6375 308 1418 3467 2443 
6376 275 2411 3467 1418 
6377 274 1386 3467 2411 
2 267 3 4
6378 308 2444 3468 1418 
6379 309 1450 3468 2444 
6380 276 2412 3468 1450 
6381 275 1418 3468 2412 
2 268 3 4
6382 309 2445 3469 1450 
6383 310 1482 3469 2445 
6384 277 2413 3469 1482 
6385 276 1450 3469 2413 
2 269 3 4
6386 310 2446 3470 1482 
6387 311 1514 3470 2446 
6388 278 2414 3470 1514 
6389 277 1482 3470 2414 
2 270 3 4
6390 311 2447 3471 1514 
6391 312 1546 3471 2447 
6392 279 2415 3471 1546 
6393 278 1514 3471 2415 
2 271 3 4
6394 312 2448 3472 1546 
6395 313 1578 3472 2448 
6396 280 2416 3472 1578 
6397 279 1546 3472 2416 
2 272 3 4
6398 313 2449 3473 1578 
6399 314 1610 3473 2449 
6400 281 2417 3473 1610 
6401 280 1578 3473 2417 
2 273 3 4
6402 314 2450 3474 1610 
6403 315 1642 3474 2450 
6404 282 2418 3474 1642 
6405 281 1610 3474 2418 
2 274 3 4
6406 315 2451 3475 1642 
6407 316 1674 3475 2451 
6408 283 2419 3475 1674 
6409 282 1642 3475 2419 
2 275 3 4
6410 316 2452 3476 1674 
6411 317 1706 3476 2452 
6412 284 2420 3476 1706 
6413 283 1674 3476 2420 
2 276 3 4
6414 317 2453 3477 1706 
6415 318 1738 3477 2453 
6416 285 2421 3477 1738 
6417 284 1706 3477 2421 
2 277 3 4
6418 318 2454 3478 1738 
6419 319 1770 3478 2454 
6420 286 2422 3478 1770 
6421 285 1738 3478 2422 
2 278 3 4
6422 319 2455 3479 1770 
6423 320 1802 3479 2455 
6424 287 2423 3479 1802 
6425 286 1770 3479 2423 
2 279 3 4
6426 320 2456 3480 1802 
6427 321 1834 3480 2456 
6428 288 2424 3480 1834 
6429 287 1802 3480 2424 
2 280 3 4
6430 321 2457 3481 1834 
6431 322 1866 3481 2457 
6432 289 2425 3481 1866 
6433 288 1834 3481 2425 
2 281 3 4
6434 322 2458 3482 1866 
6435 323 1898 3482 2458 
6436 290 2426 3482 1898 
6437 289 1866 3482 2426 
2 282 3 4
6438 323 2459 3483 1898 
6439 324 1930 3483 2459 
6440 291 2427 3483 1930 
6441 290 1898 3483 2427 
2 283 3 4
6442 324 2460 3484 1930 
6443 325 1962 3484 2460 
6444 292 2428 3484 1962 
6445 291 1930 3484 2428 
2 284 3 4
6446 325 2461 3485 1962 
6447 326 1994 3485 2461 
6448 293 2429 3485 1994 
6449 292 1962 3485 2429 
2 285 3 4
6450 326 2462 3486 1994 
6451 327 2026 3486 2462 
6452 294 2430 3486 2026 
6453 293 1994 3486 2430 
2 286 3 4
6454 327 2463 3487 2026 
6455 328 2058 3487 2463 
6456 295 2431 3487 2058 
6457 294 2026 3487 2431 
2 287 3 4
6458 328 2464 3488 2058 
6459 329 2090 3488 2464 
6460 296 2432 3488 2090 
6461 295 2058 3488 2432 
2 288 3 4
6462 329 2465 3489 2090 
6463 330 2122 3489 2465 
6464 297 2433 3489 2122 
6465 296 2090 3489 2433 
2 289 3 4
6466 331 2466 3490 1099 
6467 332 1131 3490 2466 
6468 299 2434 3490 1131 
6469 298 1099 3490 2434 
2 290 3 4
6470 332 2467 3491 1131 
6471 333 1163 3491 2467 
6472 300 2435 3491 1163 
6473 299 1131 3491 2435 
2 291 3 4
6474 333 2468 3492 1163 
6475 334 1195 3492 2468 
6476 301 2436 3492 1195 
6477 300 1163 3492 2436 
2 292 3 4
6478 334 2469 3493 1195 
6479 335 1227 3493 2469 
6480 302 2437 3493 1227 
6481 301 1195 3493 2437 
2 293 3 4
6482 335 2470 3494 1227 
6483 336 1259 3494 2470 
6484 303 2438 3494 1259 
6485 302 1227 3494 2438 
2 294 3 4
6486 336 2471 3495 1259 
6487 337 1291 3495 2471 
6488 304 2439 3495 1291 
6489 303 1259 3495 2439 
2 295 3 4
6490 337 2472 3496 1291 
6491 338 1323 3496 2472 
6492 305 2440 3496 1323 
6493 304 1291 3496 2440 
2 296 3 4
6494 338 2473 3497 1323 
6495 339 1355 3497 2473 
6496 306 2441 3497 1355 
6497 305 1323 3497 2441 
2 297 3 4
6498 339 2474 3498 1355 
6499 340 1387 3498 2474 
6500 307 2442 3498 1387 
6501 306 1355 3498 2442 
2 298 3 4
6502 340 2475 3499 1387 
6503 341 1419 3499 2475 
6504 308 2443 3499 1419 
6505 307 1387 3499 2443 
2 299 3 4
6506 341 2476 3500 1419 
6507 342 1451 3500 2476 
6508 309 2444 3500 1451 
6509 308 1419 3500 2444 
2 300 3 4
6510 342 2477 3501 1451 
6511 343 1483 3501 2477 
6512 310 2445 3501 1483 
6513 309 1451 3501 2445 
2 301 3 4
6514 343 2478 3502 1483 
6515 344 1515 3502 2478 
6516 311 2446 3502 1515 
6517 310 1483 3502 2446 
2 302 3 4
6518 344 2479 3503 1515 
6519 345 1547 3503 2479 
6520 312 2447 3503 1547 
6521 311 1515 3503 2447 
2 303 3 4
6522 345 2480 3504 1547 
6523 346 1579 3504 2480 
6524 313 2448 3504 1579 
6525 312 1547 3504 2448 
2 304 3 4
6526 346 2481 3505 1579 
6527 347 1611 3505 2481 
6528 314 2449 3505 1611 
6529 313 1579 3505 2449 
2 305 3 4
6530 347 2482 3506 1611 
6531 348 1643 3506 2482 
6532 315 2450 3506 1643 
6533 314 1611 3506 2450 
2 306 3 4
6534 348 2483 3507 1643 
6535 349 1675 3507 2483 
6536 316 2451 3507 1675 
6537 315 1643 3507 2451 
2 307 3 4
6538 349 2484 3508 1675 
6539 350 1707 3508 2484 
6540 317 2452 3508 1707 
6541 316 1675 3508 2452 
2 308 3 4
6542 350 2485 3509 1707 
6543 351 1739 3509 2485 
6544 318 2453 3509 1739 
6545 317 1707 3509 2453 
2 309 3 4
6546 351 2486 3510 1739 
6547 352 1771 3510 2486 
6548 319 2454 3510 1771 
6549 318 1739 3510 2454 
2 310 3 4
6550 352 2487 3511 1771 
6551 353 1803 3511 2487 
6552 320 2455 3511 1803 
6553 319 1771 3511 2455 
2 311 3 4
6554 353 2488 3512 1803 
6555 354 1835 3512 2488 
6556 321 2456 3512 1835 
6557 320 1803 3512 2456 
2 312 3 4
6558 354 2489 3513 1835 
6559 355 1867 3513 2489 
6560 322 2457 3513 1867 
6561 321 1835 3513 2457 
2 313 3 4
6562 355 2490 3514 1867 
6563 356 1899 3514 2490 
6564 323 2458 3514 1899 
6565 322 1867 3514 2458 
2 314 3 4
6566 356 2491 3515 1899 
6567 357 1931 3515 2491 
6568 324 2459 3515 1931 
6569 323 1899 3515 2459 
2 315 3 4
6570 357 2492 3516 1931 
6571 358 1963 3516 2492 
6572 325 2460 3516 1963 
6573 324 1931 3516 2460 
2 316 3 4
6574 358 2493 3517 1963 
6575 359 1995 3517 2493 
6576 326 2461 3517 1995 
6577 325 1963 3517 2461 
2 317 3 4
6578 359 2494 3518 1995 
6579 360 2027 3518 2494 
6580 327 2462 3518 2027 
6581 326 1995 3518 2462 
2 318 3 4
6582 360 2495 3519 2027 
6583 361 2059 3519 2495 
6584 328 2463 3519 2059 
6585 327 2027 3519 2463 
2 319 3 4
6586 361 2496 3520 2059 
6587 362 2091 3520 2496 
6588 329 2464 3520 2091 
6589 328 2059 3520 2464 
2 320 3 4
6590 362 2497 3521 2091 
6591 363 2123 3521 2497 
6592 330 2465 3521 2123 
6593 329 2091 3521 2465 
2 321 3 4
6594 364 2498 3522 1100 
6595 365 1132 3522 2498 
6596 332 2466 3522 1132 
6597 331 1100 3522 2466 
2 322 3 4
6598 365 2499 3523 1132 
6599 366 1164 3523 2499 
6600 333 2467 3523 1164 
6601 332 1132 3523 2467 
2 323 3 4
6602 366 2500 3524 1164 
6603 367 1196 3524 2500 
6604 334 2468 3524 1196 
6605 333 1164 3524 2468 
2 324 3 4
6606 367 2501 3525 1196 
6607 368 1228 3525 2501 
6608 335 2469 3525 1228 
6609 334 1196 3525 2469 
2 325 3 4
6610 368 2502 3526 1228 
6611 369 1260 3526 2502 
6612 336 2470 3526 1260 
6613 335 1228 3526 2470 
2 326 3 4
6614 369 2503 3527 1260 
6615 370 1292 3527 2503 
6616 337 2471 3527 1292 
6617 336 1260 3527 2471 
2 327 3 4
6618 370 2504 3528 1292 
6619 371 1324 3528 2504 
6620 338 2472 3528 1324 
6621 337 1292 3528 2472 
2 328 3 4
6622 371 2505 3529 1324 
6623 372 1356 3529 2505 
6624 339 2473 3529 1356 
6625 338 1324 3529 2473 
2 329 3 4
6626 372 2506 3530 1356 
6627 373 1388 3530 2506 
6628 340 2474 3530 1388 
6629 339 1356 3530 2474 
2 330 3 4
6630 373 2507 3531 1388 
6631 374 1420 3531 2507 
6632 341 2475 3531 1420 
6633 340 1388 3531 2475 
2 331 3 4
6634 374 2508 3532 1420 
6635 375 1452 3532 2508 
6636 342 2476 3532 1452 
6637 341 1420 3532 2476 
2 332 3 4
6638 375 2509 3533 1452 
6639 376 1484 3533 2509 
6640 343 2477 3533 1484 
6641 342 1452 3533 2477 
2 333 3 4
6642 376 2510 3534 1484 
6643 377 1516 3534 2510 
6644 344 2478 3534 1516 
6645 343 1484 3534 2478 
2 334 3 4
6646 377 2511 3535 1516 
6647 378 1548 3535 2511 
6648 345 2479 3535 1548 
6649 344 1516 3535 2479 
2 335 3 4
6650 378 2512 3536 1548 
6651 379 1580 3536 2512 
6652 346 2480 3536 1580 
6653 345 1548 3536 2480 
2 336 3 4
6654 379 2513 3537 1580 
6655 380 1612 3537 2513 
6656 347 2481 3537 1612 
6657 346 1580 3537 2481 
2 337 3 4
6658 380 2514 3538 1612 
6659 381 1644 3538 2514 
6660 348 2482 3538 1644 
6661 347 1612 3538 2482 
2 338 3 4
6662 381 2515 3539 1644 
6663 382 1676 3539 2515 
6664 349 2483 3539 1676 
6665 348 1644 3539 2483 
2 339 3 4
6666 382 2516 3540 1676 
6667 383 1708 3540 2516 
6668 350 2484 3540 1708 
6669 349 1676 3540 2484 
2 340 3 4
6670 383 2517 3541 1708 
6671 384 1740 3541 2517 
6672 351 2485 3541 1740 
6673 350 1708 3541 2485 
2 341 3 4
6674 384 2518 3542 1740 
6675 385 1772 3542 2518 
6676 352 2486 3542 1772 
6677 351 1740 3542 2486 
2 342 3 4
6678 385 2519 3543 1772 
6679 386 1804 3543 2519 
6680 353 2487 3543 1804 
6681 352 1772 3543 2487 
2 343 3 4
6682 386 2520 3544 1804 
6683 387 1836 3544 2520 
6684 354 2488 3544 1836 
6685 353 1804 3544 2488 
2 344 3 4
6686 387 2521 3545 1836 
6687 388 1868 3545 2521 
6688 355 2489 3545 1868 
6689 354 1836 3545 2489 
2 345 3 4
6690 388 2522 3546 1868 
6691 389 1900 3546 2522 
6692 356 2490 3546 1900 
6693 355 1868 3546 2490 
2 346 3 4
6694 389 2523 3547 1900 
6695 390 1932 3547 2523 
6696 357 2491 3547 1932 
6697 356 1900 3547 2491 
2 347 3 4
6698 390 2524 3548 1932 
6699 391 1964 3548 2524 
6700 358 2492 3548 1964 
6701 357 1932 3548 2492 
2 348 3 4
6702 391 2525 3549 1964 
6703 392 1996 3549 2525 
6704 359 2493 3549 1996 
6705 358 1964 3549 2493 
2 349 3 4
6706 392 2526 3550 1996 
6707 393 2028 3550 2526 
6708 360 2494 3550 2028 
6709 359 1996 3550 2494 
2 350 3 4
6710 393 2527 3551 2028 
6711 394 2060 3551 2527 
6712 361 2495 3551 2060 
6713 360 2028 3551 2495 
2 351 3 4
6714 394 2528 3552 2060 
6715 395 2092 3552 2528 
6716 362 2496 3552 2092 
6717 361 2060 3552 2496 
2 352 3 4
6718 395 2529 3553 2092 
6719 396 2124 3553 2529 
6720 363 2497 3553 2124 
6721 362 2092 3553 2497 
2 353 3 4
6722 397 2530 3554 1101 
6723 398 1133 3554 2530 
6724 365 2498 3554 1133 
6725 364 1101 3554 2498 
2 354 3 4
6726 398 2531 3555 1133 
6727 399 1165 3555 2531 
6728 366 2499 3555 1165 
6729 365 1133 3555 2499 
2 355 3 4
6730 399 2532 3556 1165 
6731 400 1197 3556 2532 
6732 367 2500 3556 1197 
6733 366 1165 3556 2500 
2 356 3 4
6734 400 2533 3557 1197 
6735 401 1229 3557 2533 
6736 368 2501 3557 1229 
6737 367 1197 3557 2501 
2 357 3 4
6738 401 2534 3558 1229 
6739 402 1261 3558 2534 
6740 369 2502 3558 1261 
6741 368 1229 3558 2502 
2 358 3 4
6742 402 2535 3559 1261 
6743 403 1293 3559 2535 
6744 370 2503 3559 1293 
6745 369 1261 3559 2503 
2 359 3 4
6746 403 2536 3560 1293 
6747 404 1325 3560 2536 
6748 371 2504 3560 1325 
6749 370 1293 3560 2504 
2 360 3 4
6750 404 2537 3561 1325 
6751 405 1357 3561 2537 
6752 372 2505 3561 1357 
6753 371 1325 3561 2505 
2 361 3 4
6754 405 2538 3562 1357 
6755 406 1389 3562 2538 
6756 373 2506 3562 1389 
6757 372 1357 3562 2506 
2 362 3 4
6758 406 2539 3563 1389 
6759 407 1421 3563 2539 
6760 374 2507 3563 1421 
6761 373 1389 3563 2507 
2 363 3 4
6762 407 2540 3564 1421 
6763 408 1453 3564 2540 
6764 375 2508 3564 1453 
6765 374 1421 3564 2508 
2 364 3 4
6766 408 2541 3565 1453 
6767 409 1485 3565 2541 
6768 376 2509 3565 1485 
6769 375 1453 3565 2509 
2 365 3 4
6770 409 2542 3566 1485 
6771 410 1517 3566 2542 
6772 377 2510 3566 1517 
6773 376 1485 3566 2510 
2 366 3 4
6774 410 2543 3567 1517 
6775 411 1549 3567 2543 
6776 378 2511 3567 1549 
6777 377 1517 3567 2511 
2 367 3 4
6778 411 2544 3568 1549 
6779 412 1581 3568 2544 
6780 379 2512 3568 1581 
6781 378 1549 3568 2512 
2 368 3 4
6782 412 2545 3569 1581 
6783 413 1613 3569 2545 
6784 380 2513 3569 1613 
6785 379 1581 3569 2513 
2 369 3 4
6786 413 2546 3570 1613 
6787 414 1645 3570 2546 
6788 381 2514 3570 1645 
6789 380 1613 3570 2514 
2 370 3 4
6790 414 2547 3571 1645 
6791 415 1677 3571 2547 
6792 382 2515 3571 1677 
6793 381 1645 3571 2515 
2 371 3 4
6794 415 2548 3572 1677 
6795 416 1709 3572 2548 
6796 383 2516 3572 1709 
6797 382 1677 3572 2516 
2 372 3 4
6798 416 2549 3573 1709 
6799 417 1741 3573 2549 
6800 384 2517 3573 1741 
6801 383 1709 3573 2517 
2 373 3 4
6802 417 2550 3574 1741 
6803 418 1773 3574 2550 
6804 385 2518 3574 1773 
6805 384 1741 3574 2518 
2 374 3 4
6806 418 2551 3575 1773 
6807 419 1805 3575 2551 
6808 386 2519 3575 1805 
6809 385 1773 3575 2519 
2 375 3 4
6810 419 2552 3576 1805 
6811 420 1837 3576 2552 
6812 387 2520 3576 1837 
6813 386 1805 3576 2520 
2 376 3 4
6814 420 2553 3577 1837 
6815 421 1869 3577 2553 
6816 388 2521 3577 1869 
6817 387 1837 3577 2521 
2 377 3 4
6818 421 2554 3578 1869 
6819 422 1901 3578 2554 
6820 389 2522 3578 1901 
6821 388 1869 3578 2522 
2 378 3 4
6822 422 2555 3579 1901 
6823 423 1933 3579 2555 
6824 390 2523 3579 1933 
6825 389 1901 3579 2523 
2 379 3 4
6826 423 2556 3580 1933 
6827 424 1965 3580 2556 
6828 391 2524 3580 1965 
6829 390 1933 3580 2524 
2 380 3 4
6830 424 2557 3581 1965 
6831 425 1997 3581 2557 
6832 392 2525 3581 1997 
6833 391 1965 3581 2525 
2 381 3 4
6834 425 2558 3582 1997 
6835 426 2029 3582 2558 
6836 393 2526 3582 2029 
6837 392 1997 3582 2526 
2 382 3 4
6838 426 2559 3583 2029 
6839 427 2061 3583 2559 
6840 394 2527 3583 2061 
6841 393 2029 3583 2527 
2 383 3 4
6842 427 2560 3584 2061 
6843 428 2093 3584 2560 
6844 395 2528 3584 2093 
6845 394 2061 3584 2528 
2 384 3 4
6846 428 2561 3585 2093 
6847 429 2125 3585 2561 
6848 396 2529 3585 2125 
6849 395 2093 3585 2529 
2 385 3 4
6850 430 2562 3586 1102 
6851 431 1134 3586 2562 
6852 398 2530 3586 1134 
6853 397 1102 3586 2530 
2 386 3 4
6854 431 2563 3587 1134 
6855 432 1166 3587 2563 
6856 399 2531 3587 1166 
6857 398 1134 3587 2531 
2 387 3 4
6858 432 2564 3588 1166 
6859 433 1198 3588 2564 
6860 400 2532 3588 1198 
6861 399 1166 3588 2532 
2 388 3 4
6862 433 2565 3589 1198 
6863 434 1230 3589 2565 
6864 401 2533 3589 1230 
6865 400 1198 3589 2533 
2 389 3 4
6866 434 2566 3590 1230 
6867 435 1262 3590 2566 
6868 402 2534 3590 1262 
6869 401 1230 3590 2534 
2 390 3 4
6870 435 2567 3591 1262 
6871 436 1294 3591 2567 
6872 403 2535 3591 1294 
6873 402 1262 3591 2535 
2 391 3 4
6874 436 2568 3592 1294 
6875 437 1326 3592 2568 
6876 404 2536 3592 1326 
6877 403 1294 3592 2536 
2 392 3 4
6878 437 2569 3593 1326 
6879 438 1358 3593 2569 
6880 405 2537 3593 1358 
6881 404 1326 3593 2537 
2 393 3 4
6882 438 2570 3594 1358 
6883 439 1390 3594 2570 
6884 406 2538 3594 1390 
6885 405 1358 3594 2538 
2 394 3 4
6886 439 2571 3595 1390 
6887 440 1422 3595 2571 
6888 407 2539 3595 1422 
6889 406 1390 3595 2539 
2 395 3 4
6890 440 2572 3596 1422 
6891 441 1454 3596 2572 
6892 408 2540 3596 1454 
6893 407 1422 3596 2540 
2 396 3 4
6894 441 2573 3597 1454 
6895 442 1486 3597 2573 
6896 409 2541 3597 1486 
6897 408 1454 3597 2541 
2 397 3 4
6898 442 2574 3598 1486 
6899 443 1518 3598 2574 
6900 410 2542 3598 1518 
6901 409 1486 3598 2542 
2 398 3 4
6902 443 2575 3599 1518 
6903 444 1550 3599 2575 
6904 411 2543 3599 1550 
6905 410 1518 3599 2543 
2 399 3 4
6906 444 2576 3600 1550 
6907 445 1582 3600 2576 
6908 412 2544 3600 1582 
6909 411 1550 3600 2544 
2 400 3 4
6910 445 2577 3601 1582 
6911 446 1614 3601 2577 
6912 413 2545 3601 1614 
6913 412 1582 3601 2545 
2 401 3 4
6914 446 2578 3602 1614 
6915 447 1646 3602 2578 
6916 414 2546 3602 1646 
6917 413 1614 3602 2546 
2 402 3 4
6918 447 2579 3603 1646 
6919 448 1678 3603 2579 
6920 415 2547 3603 1678 
6921 414 1646 3603 2547 
2 403 3 4
6922 448 2580 3604 1678 
6923 449 1710 3604 2580 
6924 416 2548 3604 1710 
6925 415 1678 3604 2548 
2 404 3 4
6926 449 2581 3605 1710 
6927 450 1742 3605 2581 
6928 417 2549 3605 1742 
6929 416 1710 3605 2549 
2 405 3 4
6930 450 2582 3606 1742 
6931 451 1774 3606 2582 
6932 418 2550 3606 1774 
6933 417 1742 3606 2550 
2 406 3 4
6934 451 2583 3607 1774 
6935 452 1806 3607 2583 
6936 419 2551 3607 1806 
6937 418 1774 3607 2551 
2 407 3 4
6938 452 2584 3608 1806 
6939 453 1838 3608 2584 
6940 420 2552 3608 1838 
6941 419 1806 3608 2552 
2 408 3 4
6942 453 2585 3609 1838 
6943 454 1870 3609 2585 
6944 421 2553 3609 1870 
6945 420 1838 3609 2553 
2 409 3 4
6946 454 2586 3610 1870 
6947 455 1902 3610 2586 
6948 422 2554 3610 1902 
6949 421 1870 3610 2554 
2 410 3 4
6950 455 2587 3611 1902 
6951 456 1934 3611 2587 
6952 423 2555 3611 1934 
6953 422 1902 3611 2555 
2 411 3 4
6954 456 2588 3612 1934 
6955 457 1966 3612 2588 
6956 424 2556 3612 1966 
6957 423 1934 3612 2556 
2 412 3 4
6958 457 2589 3613 1966 
6959 458 1998 3613 2589 
6960 425 2557 3613 1998 
6961 424 1966 3613 2557 
2 413 3 4
6962 458 2590 3614 1998 
6963 459 2030 3614 2590 
6964 426 2558 3614 2030 
6965 425 1998 3614 2558 
2 414 3 4
6966 459 2591 3615 2030 
6967 460 2062 3615 2591 
6968 427 2559 3615 2062 
6969 426 2030 3615 2559 
2 415 3 4
6970 460 2592 3616 2062 
6971 461 2094 3616 2592 
6972 428 2560 3616 2094 
6973 427 2062 3616 2560 
2 416 3 4
6974 461 2593 3617 2094 
6975 462 2126 3617 2593 
6976 429 2561 3617 2126 
6977 428 2094 3617 2561 
2 417 3 4
6978 463 2594 3618 1103 
6979 464 1135 3618 2594 
6980 431 2562 3618 1135 
6981 430 1103 3618 2562 
2 418 3 4
6982 464 2595 3619 1135 
6983 465 1167 3619 2595 
6984 432 2563 3619 1167 
6985 431 1135 3619 2563 
2 419 3 4
6986 465 2596 3620 1167 
6987 466 1199 3620 2596 
6988 433 2564 3620 1199 
6989 432 1167 3620 2564 
2 420 3 4
6990 466 2597 3621 1199 
6991 467 1231 3621 2597 
6992 434 2565 3621 1231 
6993 433 1199 3621 2565 
2 421 3 4
6994 467 2598 3622 1231 
6995 468 1263 3622 2598 
6996 435 2566 3622 1263 
6997 434 1231 3622 2566 
2 422 3 4
6998 468 2599 3623 1263 
6999 469 1295 3623 2599 
7000 436 2567 3623 1295 
7001 435 1263 3623 2567 
2 423 3 4
7002 469 2600 3624 1295 
7003 470 1327 3624 2600 
7004 437 2568 3624 1327 
7005 436 1295 3624 2568 
2 424 3 4
7006 470 2601 3625 1327 
7007 471 1359 3625 2601 
7008 438 2569 3625 1359 
7009 437 1327 3625 2569 
2 425 3 4
7010 471 2602 3626 1359 
7011 472 1391 3626 2602 
7012 439 2570 3626 1391 
7013 438 1359 3626 2570 
2 426 3 4
7014 472 2603 3627 1391 
7015 473 1423 3627 2603 
7016 440 2571 3627 1423 
7017 439 1391 3627 2571 
2 427 3 4
7018 473 2604 3628 1423 
7019 474 1455 3628 2604 
7020 441 2572 3628 1455 
7021 440 1423 3628 2572 
2 428 3 4
7022 474 2605 3629 1455 
7023 475 1487 3629 2605 
7024 442 2573 3629 1487 
7025 441 1455 3629 2573 
2 429 3 4
7026 475 2606 3630 1487 
7027 476 1519 3630 2606 
7028 443 2574 3630 1519 
7029 442 1487 3630 2574 
2 430 3 4
7030 476 2607 3631 1519 
7031 477 1551 3631 2607 
7032 444 2575 3631 1551 
7033 443 1519 3631 2575 
2 431 3 4
7034 477 2608 3632 1551 
7035 478 1583 3632 2608 
7036 445 2576 3632 1583 
7037 444 1551 3632 2576 
2 432 3 4
7038 478 2609 3633 1583 
7039 479 1615 3633 2609 
7040 446 2577 3633 1615 
7041 445 1583 3633 2577 
2 433 3 4
7042 479 2610 3634 1615 
7043 480 1647 3634 2610 
7044 447 2578 3634 1647 
7045 446 1615 3634 2578 
2 434 3 4
7046 480 2611 3635 1647 
7047 481 1679 3635 2611 
7048 448 2579 3635 1679 
7049 447 1647 3635 2579 
2 435 3 4
7050 481 2612 3636 1679 
7051 482 1711 3636 2612 
7052 449 2580 3636 1711 
7053 448 1679 3636 2580 
2 436 3 4
7054 482 2613 3637 1711 
7055 483 1743 3637 2613 
7056 450 2581 3637 1743 
7057 449 1711 3637 2581 
2 437 3 4
7058 483 2614 3638 1743 
7059 484 1775 3638 2614 
7060 451 2582 3638 1775 
7061 450 1743 3638 2582 
2 438 3 4
7062 484 2615 3639 1775 
7063 485 1807 3639 2615 
7064 452 2583 3639 1807 
7065 451 1775 3639 2583 
2 439 3 4
7066 485 2616 3640 1807 
7067 486 1839 3640 2616 
7068 453 2584 3640 1839 
7069 452 1807 3640 2584 
2 440 3 4
7070 486 2617 3641 1839 
7071 487 1871 3641 2617 
7072 454 2585 3641 1871 
7073 453 1839 3641 2585 
2 441 3 4
7074 487 2618 3642 1871 
7075 488 1903 3642 2618 
7076 455 2586 3642 1903 
7077 454 1871 3642 2586 
2 442 3 4
7078 488 2619 3643 1903 
7079 489 1935 3643 2619 
7080 456 2587 3643 1935 
7081 455 1903 3643 2587 
2 443 3 4
7082 489 2620 3644 1935 
7083 490 1967 3644 2620 
7084 457 2588 3644 1967 
7085 456 1935 3644 2588 
2 444 3 4
7086 490 2621 3645 1967 
7087 491 1999 3645 2621 
7088 458 2589 3645 1999 
7089 457 1967 3645 2589 
2 445 3 4
7090 491 2622 3646 1999 
7091 492 2031 3646 2622 
7092 459 2590 3646 2031 
7093 458 1999 3646 2590 
2 446 3 4
7094 492 2623 3647 2031 
7095 493 2063 3647 2623 
7096 460 2591 3647 2063 
7097 459 2031 3647 2591 
2 447 3 4
7098 493 2624 3648 2063 
7099 494 2095 3648 2624 
7100 461 2592 3648 2095 
7101 460 2063 3648 2592 
2 448 3 4
7102 494 2625 3649 2095 
7103 495 2127 3649 2625 
7104 462 2593 3649 2127 
7105 461 2095 3649 2593 
2 449 3 4
7106 496 2626 3650 1104 
7107 497 1136 3650 2626 
7108 464 2594 3650 1136 
7109 463 1104 3650 2594 
2 450 3 4
7110 497 2627 3651 1136 
7111 498 1168 3651 2627 
7112 465 2595 3651 1168 
7113 464 1136 3651 2595 
2 451 3 4
7114 498 2628 3652 1168 
7115 499 1200 3652 2628 
7116 466 2596 3652 1200 
7117 465 1168 3652 2596 
2 452 3 4
7118 499 2629 3653 1200 
7119 500 1232 3653 2629 
7120 467 2597 3653 1232 
7121 466 1200 3653 2597 
2 453 3 4
7122 500 2630 3654 1232 
7123 501 1264 3654 2630 
7124 468 2598 3654 1264 
7125 467 1232 3654 2598 
2 454 3 4
7126 501 2631 3655 1264 
7127 502 1296 3655 2631 
7128 469 2599 3655 1296 
7129 468 1264 3655 2599 
2 455 3 4
7130 502 2632 3656 1296 
7131 503 1328 3656 2632 
7132 470 2600 3656 1328 
7133 469 1296 3656 2600 
2 456 3 4
7134 503 2633 3657 1328 
7135 504 1360 3657 2633 
7136 471 2601 3657 1360 
7137 470 1328 3657 2601 
2 457 3 4
7138 504 2634 3658 1360 
7139 505 1392 3658 2634 
7140 472 2602 3658 1392 
7141 471 1360 3658 2602 
2 458 3 4
7142 505 2635 3659 1392 
7143 506 1424 3659 2635 
7144 473 2603 3659 1424 
7145 472 1392 3659 2603 
2 459 3 4
7146 506 2636 3660 1424 
7147 507 1456 3660 2636 
7148 474 2604 3660 1456 
7149 473 1424 3660 2604 
2 460 3 4
7150 507 2637 3661 1456 
7151 508 1488 3661 2637 
7152 475 2605 3661 1488 
7153 474 1456 3661 2605 
2 461 3 4
7154 508 2638 3662 1488 
7155 509 1520 3662 2638 
7156 476 2606 3662 1520 
7157 475 1488 3662 2606 
2 462 3 4
7158 509 2639 3663 1520 
7159 510 1552 3663 2639 
7160 477 2607 3663 1552 
7161 476 1520 3663 2607 
2 463 3 4
7162 510 2640 3664 1552 
7163 511 1584 3664 2640 
7164 478 2608 3664 1584 
7165 477 1552 3664 2608 
2 464 3 4
7166 511 2641 3665 1584 
7167 512 1616 3665 2641 
7168 479 2609 3665 1616 
7169 478 1584 3665 2609 
2 465 3 4
7170 512 2642 3666 1616 
7171 513 1648 3666 2642 
7172 480 2610 3666 1648 
7173 479 1616 3666 2610 
2 466 3 4
7174 513 2643 3667 1648 
7175 514 1680 3667 2643 
7176 481 2611 3667 1680 
7177 480 1648 3667 2611 
2 467 3 4
7178 514 2644 3668 1680 
7179 515 1712 3668 2644 
7180 482 2612 3668 1712 
7181 481 1680 3668 2612 
2 468 3 4
7182 515 2645 3669 1712 
7183 516 1744 3669 2645 
7184 483 2613 3669 1744 
7185 482 1712 3669 2613 
2 469 3 4
7186 516 2646 3670 1744 
7187 517 1776 3670 2646 
7188 484 2614 3670 1776 
7189 483 1744 3670 2614 
2 470 3 4
7190 517 2647 3671 1776 
7191 518 1808 3671 2647 
7192 485 2615 3671 1808 
7193 484 1776 3671 2615 
2 471 3 4
7194 518 2648 3672 1808 
7195 519 1840 3672 2648 
7196 486 2616 3672 1840 
7197 485 1808 3672 2616 
2 472 3 4
7198 519 2649 3673 1840 
7199 520 1872 3673 2649 
7200 487 2617 3673 1872 
7201 486 1840 3673 2617 
2 473 3 4
7202 520 2650 3674 1872 
7203 521 1904 3674 2650 
7204 488 2618 3674 1904 
7205 487 1872 3674 2618 
2 474 3 4
7206 521 2651 3675 1904 
7207 522 1936 3675 2651 
7208 489 2619 3675 1936 
7209 488 1904 3675 2619 
2 475 3 4
7210 522 2652 3676 1936 
7211 523 1968 3676 2652 
7212 490 2620 3676 1968 
7213 489 1936 3676 2620 
2 476 3 4
7214 523 2653 3677 1968 
7215 524 2000 3677 2653 
7216 491 2621 3677 2000 
7217 490 1968 3677 2621 
2 477 3 4
7218 524 2654 3678 2000 
7219 525 2032 3678 2654 
7220 492 2622 3678 2032 
7221 491 2000 3678 2622 
2 478 3 4
7222 525 2655 3679 2032 
7223 526 2064 3679 2655 
7224 493 2623 3679 2064 
7225 492 2032 3679 2623 
2 479 3 4
7226 526 2656 3680 2064 
7227 527 2096 3680 2656 
7228 494 2624 3680 2096 
7229 493 2064 3680 2624 
2 480 3 4
7230 527 2657 3681 2096 
7231 528 2128 3681 2657 
7232 495 2625 3681 2128 
7233 494 2096 3681 2625 
2 481 3 4
7234 529 2658 3682 1105 
7235 530 1137 3682 2658 
7236 497 2626 3682 1137 
7237 496 1105 3682 2626 
2 482 3 4
7238 530 2659 3683 1137 
7239 531 1169 3683 2659 
7240 498 2627 3683 1169 
7241 497 1137 3683 2627 
2 483 3 4
7242 531 2660 3684 1169 
7243 532 1201 3684 2660 
7244 499 2628 3684 1201 
7245 498 1169 3684 2628 
2 484 3 4
7246 532 2661 3685 1201 
7247 533 1233 3685 2661 
7248 500 2629 3685 1233 
7249 499 1201 3685 2629 
2 485 3 4
7250 533 2662 3686 1233 
7251 534 1265 3686 2662 
7252 501 2630 3686 1265 
7253 500 1233 3686 2630 
2 486 3 4
7254 534 2663 3687 1265 
7255 535 1297 3687 2663 
7256 502 2631 3687 1297 
7257 501 1265 3687 2631 
2 487 3 4
7258 535 2664 3688 1297 
7259 536 1329 3688 2664 
7260 503 2632 3688 1329 
7261 502 1297 3688 2632 
2 488 3 4
7262 536 2665 3689 1329 
7263 537 1361 3689 2665 
7264 504 2633 3689 1361 
7265 503 1329 3689 2633 
2 489 3 4
7266 537 2666 3690 1361 
7267 538 1393 3690 2666 
7268 505 2634 3690 1393 
7269 504 1361 3690 2634 
2 490 3 4
7270 538 2667 3691 1393 
7271 539 1425 3691 2667 
7272 506 2635 3691 1425 
7273 505 1393 3691 2635 
2 491 3 4
7274 539 2668 3692 1425 
7275 540 1457 3692 2668 
7276 507 2636 3692 1457 
7277 506 1425 3692 2636 
2 492 3 4
7278 540 2669 3693 1457 
7279 541 1489 3693 2669 
7280 508 2637 3693 1489 
7281 507 1457 3693 2637 
2 493 3 4
7282 541 2670 3694 1489 
7283 542 1521 3694 2670 
7284 509 2638 3694 1521 
7285 508 1489 3694 2638 
2 494 3 4
7286 542 2671 3695 1521 
7287 543 1553 3695 2671 
7288 510 2639 3695 1553 
7289 509 1521 3695 2639 
2 495 3 4
7290 543 2672 3696 1553 
7291 544 1585 3696 2672 
7292 511 2640 3696 1585 
7293 510 1553 3696 2640 
2 496 3 4
7294 544 2673 3697 1585 
7295 545 1617 3697 2673 
7296 512 2641 3697 1617 
7297 511 1585 3697 2641 
2 497 3 4
7298 545 2674 3698 1617 
7299 546 1649 3698 2674 
7300 513 2642 3698 1649 
7301 512 1617 3698 2642 
2 498 3 4
7302 546 2675 3699 1649 
7303 547 1681 3699 2675 
7304 514 2643 3699 1681 
7305 513 1649 3699 2643 
2 499 3 4
7306 547 2676 3700 1681 
7307 548 1713 3700 2676 
7308 515 2644 3700 1713 
7309 514 1681 3700 2644 
2 500 3 4
7310 548 2677 3701 1713 
7311 549 1745 3701 2677 
7312 516 2645 3701 1745 
7313 515 1713 3701 2645 
2 501 3 4
7314 549 2678 3702 1745 
7315 550 1777 3702 2678 
7316 517 2646 3702 1777 
7317 516 1745 3702 2646 
2 502 3 4
7318 550 2679 3703 1777 
7319 551 1809 3703 2679 
7320 518 2647 3703 1809 
7321 517 1777 3703 2647 
2 503 3 4
7322 551 2680 3704 1809 
7323 552 1841 3704 2680 
7324 519 2648 3704 1841 
7325 518 1809 3704 2648 
2 504 3 4
7326 552 2681 3705 1841 
7327 553 1873 3705 2681 
7328 520 2649 3705 1873 
7329 519 1841 3705 2649 
2 505 3 4
7330 553 2682 3706 1873 
7331 554 1905 3706 2682 
7332 521 2650 3706 1905 
7333 520 1873 3706 2650 
2 506 3 4
7334 554 2683 3707 1905 
7335 555 1937 3707 2683 
7336 522 2651 3707 1937 
7337 521 1905 3707 2651 
2 507 3 4
7338 555 2684 3708 1937 
7339 556 1969 3708 2684 
7340 523 2652 3708 1969 
7341 522 1937 3708 2652 
2 508 3 4
7342 556 2685 3709 1969 
7343 557 2001 3709 2685 
7344 524 2653 3709 2001 
7345 523 1969 3709 2653 
2 509 3 4
7346 557 2686 3710 2001 
7347 558 2033 3710 2686 
7348 525 2654 3710 2033 
7349 524 2001 3710 2654 
2 510 3 4
7350 558 2687 3711 2033 
7351 559 2065 3711 2687 
7352 526 2655 3711 2065 
7353 525 2033 3711 2655 
2 511 3 4
7354 559 2688 3712 2065 
7355 560 2097 3712 2688 
7356 527 2656 3712 2097 
7357 526 2065 3712 2656 
2 512 3 4
7358 560 2689 3713 2097 
7359 561 2129 3713 2689 
7360 528 2657 3713 2129 
7361 527 2097 3713 2657 
2 513 3 4
7362 562 2690 3714 1106 
7363 563 1138 3714 2690 
7364 530 2658 3714 1138 
7365 529 1106 3714 2658 
2 514 3 4
7366 563 2691 3715 1138 
7367 564 1170 3715 2691 
7368 531 2659 3715 1170 
7369 530 1138 3715 2659 
2 515 3 4
7370 564 2692 3716 1170 
7371 565 1202 3716 2692 
7372 532 2660 3716 1202 
7373 531 1170 3716 2660 
2 516 3 4
7374 565 2693 3717 1202 
7375 566 1234 3717 2693 
7376 533 2661 3717 1234 
7377 532 1202 3717 2661 
2 517 3 4
7378 566 2694 3718 1234 
7379 567 1266 3718 2694 
7380 534 2662 3718 1266 
7381 533 1234 3718 2662 
2 518 3 4
7382 567 2695 3719 1266 
7383 568 1298 3719 2695 
7384 535 2663 3719 1298 
7385 534 1266 3719 2663 
2 519 3 4
7386 568 2696 3720 1298 
7387 569 1330 3720 2696 
7388 536 2664 3720 1330 
7389 535 1298 3720 2664 
2 520 3 4
7390 569 2697 3721 1330 
7391 570 1362 3721 2697 
7392 537 2665 3721 1362 
7393 536 1330 3721 2665 
2 521 3 4
7394 570 2698 3722 1362 
7395 571 1394 3722 2698 
7396 538 2666 3722 1394 
7397 537 1362 3722 2666 
2 522 3 4
7398 571 2699 3723 1394 
7399 572 1426 3723 2699 
7400 539 2667 3723 1426 
7401 538 1394 3723 2667 
2 523 3 4
7402 572 2700 3724 1426 
7403 573 1458 3724 2700 
7404 540 2668 3724 1458 
7405 539 1426 3724 2668 
2 524 3 4
7406 573 2701 3725 1458 
7407 574 1490 3725 2701 
7408 541 2669 3725 1490 
7409 540 1458 3725 2669 
2 525 3 4
7410 574 2702 3726 1490 
7411 575 1522 3726 2702 
7412 542 2670 3726 1522 
7413 541 1490 3726 2670 
2 526 3 4
7414 575 2703 3727 1522 
7415 576 1554 3727 2703 
7416 543 2671 3727 1554 
7417 542 1522 3727 2671 
2 527 3 4
7418 576 2704 3728 1554 
7419 577 1586 3728 2704 
7420 544 2672 3728 1586 
7421 543 1554 3728 2672 
2 528 3 4
7422 577 2705 3729 1586 
7423 578 1618 3729 2705 
7424 545 2673 3729 1618 
7425 544 1586 3729 2673 
2 529 3 4
7426 578 2706 3730 1618 
7427 579 1650 3730 2706 
7428 546 2674 3730 1650 
7429 545 1618 3730 2674 
2 530 3 4
7430 579 2707 3731 1650 
7431 580 1682 3731 2707 
7432 547 2675 3731 1682 
7433 546 1650 3731 2675 
2 531 3 4
7434 580 2708 3732 1682 
7435 581 1714 3732 2708 
7436 548 2676 3732 1714 
7437 547 1682 3732 2676 
2 532 3 4
7438 581 2709 3733 1714 
7439 582 1746 3733 2709 
7440 549 2677 3733 1746 
7441 548 1714 3733 2677 
2 533 3 4
7442 582 2710 3734 1746 
7443 583 1778 3734 2710 
7444 550 2678 3734 1778 
7445 549 1746 3734 2678 
2 534 3 4
7446 583 2711 3735 1778 
7447 584 1810 3735 2711 
7448 551 2679 3735 1810 
7449 550 1778 3735 2679 
2 535 3 4
7450 584 2712 3736 1810 
7451 585 1842 3736 2712 
7452 552 2680 3736 1842 
7453 551 1810 3736 2680 
2 536 3 4
7454 585 2713 3737 1842 
7455 586 1874 3737 2713 
7456 553 2681 3737 1874 
7457 552 1842 3737 2681 
2 537 3 4
7458 586 2714 3738 1874 
7459 587 1906 3738 2714 
7460 554 2682 3738 1906 
7461 553 1874 3738 2682 
2 538 3 4
7462 587 2715 3739 1906 
7463 588 1938 3739 2715 
7464 555 2683 3739 1938 
7465 554 1906 3739 2683 
2 539 3 4
7466 588 2716 3740 1938 
7467 589 1970 3740 2716 
7468 556 2684 3740 1970 
7469 555 1938 3740 2684 
2 540 3 4
7470 589 2717 3741 1970 
7471 590 2002 3741 2717 
7472 557 2685 3741 2002 
7473 556 1970 3741 2685 
2 541 3 4
7474 590 2718 3742 2002 
7475 591 2034 3742 2718 
7476 558 2686 3742 2034 
7477 557 2002 3742 2686 
2 542 3 4
7478 591 2719 3743 2034 
7479 592 2066 3743 2719 
7480 559 2687 3743 2066 
7481 558 2034 3743 2687 
2 543 3 4
7482 592 2720 3744 2066 
7483 593 2098 3744 2720 
7484 560 2688 3744 2098 
7485 559 2066 3744 2688 
2 544 3 4
7486 593 2721 3745 2098 
7487 594 2130 3745 2721 
7488 561 2689 3745 2130 
7489 560 2098 3745 2689 
2 545 3 4
7490 595 2722 3746 1107 
7491 596 1139 3746 2722 
7492 563 2690 3746 1139 
7493 562 1107 3746 2690 
2 546 3 4
7494 596 2723 3747 1139 
7495 597 1171 3747 2723 
7496 564 2691 3747 1171 
7497 563 1139 3747 2691 
2 547 3 4
7498 597 2724 3748 1171 
7499 598 1203 3748 2724 
7500 565 2692 3748 1203 
7501 564 1171 3748 2692 
2 548 3 4
7502 598 2725 3749 1203 
7503 599 1235 3749 2725 
7504 566 2693 3749 1235 
7505 565 1203 3749 2693 
2 549 3 4
7506 599 2726 3750 1235 
7507 600 1267 3750 2726 
7508 567 2694 3750 1267 
7509 566 1235 3750 2694 
2 550 3 4
7510 600 2727 3751 1267 
7511 601 1299 3751 2727 
7512 568 2695 3751 1299 
7513 567 1267 3751 2695 
2 551 3 4
7514 601 2728 3752 1299 
7515 602 1331 3752 2728 
7516 569 2696 3752 1331 
7517 568 1299 3752 2696 
2 552 3 4
7518 602 2729 3753 1331 
7519 603 1363 3753 2729 
7520 570 2697 3753 1363 
7521 569 1331 3753 2697 
2 553 3 4
7522 603 2730 3754 1363 
7523 604 1395 3754 2730 
7524 571 2698 3754 1395 
7525 570 1363 3754 2698 
2 554 3 4
7526 604 2731 3755 1395 
7527 605 1427 3755 2731 
7528 572 2699 3755 1427 
7529 571 1395 3755 2699 
2 555 3 4
7530 605 2732 3756 1427 
7531 606 1459 3756 2732 
7532 573 2700 3756 1459 
7533 572 1427 3756 2700 
2 556 3 4
7534 606 2733 3757 1459 
7535 607 1491 3757 2733 
7536 574 2701 3757 1491 
7537 573 1459 3757 2701 
2 557 3 4
7538 607 2734 3758 1491 
7539 608 1523 3758 2734 
7540 575 2702 3758 1523 
7541 574 1491 3758 2702 
2 558 3 4
7542 608 2735 3759 1523 
7543 609 1555 3759 2735 
7544 576 2703 3759 1555 
7545 575 1523 3759 2703 
2 559 3 4
7546 609 2736 3760 1555 
7547 610 1587 3760 2736 
7548 577 2704 3760 1587 
7549 576 1555 3760 2704 
2 560 3 4
7550 610 2737 3761 1587 
7551 611 1619 3761 2737 
7552 578 2705 3761 1619 
7553 577 1587 3761 2705 
2 561 3 4
7554 611 2738 3762 1619 
7555 612 1651 3762 2738 
7556 579 2706 3762 1651 
7557 578 1619 3762 2706 
2 562 3 4
7558 612 2739 3763 1651 
7559 613 1683 3763 2739 
7560 580 2707 3763 1683 
7561 579 1651 3763 2707 
2 563 3 4
7562 613 2740 3764 1683 
7563 614 1715 3764 2740 
7564 581 2708 3764 1715 
7565 580 1683 3764 2708 
2 564 3 4
7566 614 2741 3765 1715 
7567 615 1747 3765 2741 
7568 582 2709 3765 1747 
7569 581 1715 3765 2709 
2 565 3 4
7570 615 2742 3766 1747 
7571 616 1779 3766 2742 
7572 583 2710 3766 1779 
7573 582 1747 3766 2710 
2 566 3 4
7574 616 2743 3767 1779 
7575 617 1811 3767 2743 
7576 584 2711 3767 1811 
7577 583 1779 3767 2711 
2 567 3 4
7578 617 2744 3768 1811 
7579 618 1843 3768 2744 
7580 585 2712 3768 1843 
7581 584 1811 3768 2712 
2 568 3 4
7582 618 2745 3769 1843 
7583 619 1875 3769 2745 
7584 586 2713 3769 1875 
7585 585 1843 3769 2713 
2 569 3 4
7586 619 2746 3770 1875 
7587 620 1907 3770 2746 
7588 587 2714 3770 1907 
7589 586 1875 3770 2714 
2 570 3 4
7590 620 2747 3771 1907 
7591 621 1939 3771 2747 
7592 588 2715 3771 1939 
7593 587 1907 3771 2715 
2 571 3 4
7594 621 2748 3772 1939 
7595 622 1971 3772 2748 
7596 589 2716 3772 1971 
7597 588 1939 3772 2716 
2 572 3 4
7598 622 2749 3773 1971 
7599 623 2003 3773 2749 
7600 590 2717 3773 2003 
7601 589 1971 3773 2717 
2 573 3 4
7602 623 2750 3774 2003 
7603 624 2035 3774 2750 
7604 591 2718 3774 2035 
7605 590 2003 3774 2718 
2 574 3 4
7606 624 2751 3775 2035 
7607 625 2067 3775 2751 
7608 592 2719 3775 2067 
7609 591 2035 3775 2719 
2 575 3 4
7610 625 2752 3776 2067 
7611 626 2099 3776 2752 
7612 593 2720 3776 2099 
7613 592 2067 3776 2720 
2 576 3 4
7614 626 2753 3777 2099 
7615 627 2131 3777 2753 
7616 594 2721 3777 2131 
7617 593 2099 3777 2721 
2 577 3 4
7618 628 2754 3778 1108 
7619 629 1140 3778 2754 
7620 596 2722 3778 1140 
7621 595 1108 3778 2722 
2 578 3 4
7622 629 2755 3779 1140 
7623 630 1172 3779 2755 
7624 597 2723 3779 1172 
7625 596 1140 3779 2723 
2 579 3 4
7626 630 2756 3780 1172 
7627 631 1204 3780 2756 
7628 598 2724 3780 1204 
7629 597 1172 3780 2724 
2 580 3 4
7630 631 2757 3781 1204 
7631 632 1236 3781 2757 
7632 599 2725 3781 1236 
7633 598 1204 3781 2725 
2 581 3 4
7634 632 2758 3782 1236 
7635 633 1268 3782 2758 
7636 600 2726 3782 1268 
7637 599 1236 3782 2726 
2 582 3 4
7638 633 2759 3783 1268 
7639 634 1300 3783 2759 
7640 601 2727 3783 1300 
7641 600 1268 3783 2727 
2 583 3 4
7642 634 2760 3784 1300 
7643 635 1332 3784 2760 
7644 602 2728 3784 1332 
7645 601 1300 3784 2728 
2 584 3 4
7646 635 2761 3785 1332 
7647 636 1364 3785 2761 
7648 603 2729 3785 1364 
7649 602 1332 3785 2729 
2 585 3 4
7650 636 2762 3786 1364 
7651 637 1396 3786 2762 
7652 604 2730 3786 1396 
7653 603 1364 3786 2730 
2 586 3 4
7654 637 2763 3787 1396 
7655 638 1428 3787 2763 
7656 605 2731 3787 1428 
7657 604 1396 3787 2731 
2 587 3 4
7658 638 2764 3788 1428 
7659 639 1460 3788 2764 
7660 606 2732 3788 1460 
7661 605 1428 3788 2732 
2 588 3 4
7662 639 2765 3789 1460 
7663 640 1492 3789 2765 
7664 607 2733 3789 1492 
7665 606 1460 3789 2733 
2 589 3 4
7666 640 2766 3790 1492 
7667 641 1524 3790 2766 
7668 608 2734 3790 1524 
7669 607 1492 3790 2734 
2 590 3 4
7670 641 2767 3791 1524 
7671 642 1556 3791 2767 
7672 609 2735 3791 1556 
7673 608 1524 3791 2735 
2 591 3 4
7674 642 2768 3792 1556 
7675 643 1588 3792 2768 
7676 610 2736 3792 1588 
7677 609 1556 3792 2736 
2 592 3 4
7678 643 2769 3793 1588 
7679 644 1620 3793 2769 
7680 611 2737 3793 1620 
7681 610 1588 3793 2737 
2 593 3 4
7682 644 2770 3794 1620 
7683 645 1652 3794 2770 
7684 612 2738 3794 1652 
7685 611 1620 3794 2738 
2 594 3 4
7686 645 2771 3795 1652 
7687 646 1684 3795 2771 
7688 613 2739 3795 1684 
7689 612 1652 3795 2739 
2 595 3 4
7690 646 2772 3796 1684 
7691 647 1716 3796 2772 
7692 614 2740 3796 1716 
7693 613 1684 3796 2740 
2 596 3 4
7694 647 2773 3797 1716 
7695 648 1748 3797 2773 
7696 615 2741 3797 1748 
7697 614 1716 3797 2741 
2 597 3 4
7698 648 2774 3798 1748 
7699 649 1780 3798 2774 
7700 616 2742 3798 1780 
7701 615 1748 3798 2742 
2 598 3 4
7702 649 2775 3799 1780 
7703 650 1812 3799 2775 
7704 617 2743 3799 1812 
7705 616 1780 3799 2743 
2 599 3 4
7706 650 2776 3800 1812 
7707 651 1844 3800 2776 
7708 618 2744 3800 1844 
7709 617 1812 3800 2744 
2 600 3 4
7710 651 2777 3801 1844 
7711 652 1876 3801 2777 
7712 619 2745 3801 1876 
7713 618 1844 3801 2745 
2 601 3 4
7714 652 2778 3802 1876 
7715 653 1908 3802 2778 
7716 620 2746 3802 1908 
7717 619 1876 3802 2746 
2 602 3 4
7718 653 2779 3803 1908 
7719 654 1940 3803 2779 
7720 621 2747 3803 1940 
7721 620 1908 3803 2747 
2 603 3 4
7722 654 2780 3804 1940 
7723 655 1972 3804 2780 
7724 622 2748 3804 1972 
7725 621 1940 3804 2748 
2 604 3 4
7726 655 2781 3805 1972 
7727 656 2004 3805 2781 
7728 623 2749 3805 2004 
7729 622 1972 3805 2749 
2 605 3 4
7730 656 2782 3806 2004 
7731 657 2036 3806 2782 
7732 624 2750 3806 2036 
7733 623 2004 3806 2750 
2 606 3 4
7734 657 2783 3807 2036 
7735 658 2068 3807 2783 
7736 625 2751 3807 2068 
7737 624 2036 3807 2751 
2 607 3 4
7738 658 2784 3808 2068 
7739 659 2100 3808 2784 
7740 626 2752 3808 2100 
7741 625 2068 3808 2752 
2 608 3 4
7742 659 2785 3809 2100 
7743 660 2132 3809 2785 
7744 627 2753 3809 2132 
7745 626 2100 3809 2753 
2 609 3 4
7746 661 2786 3810 1109 
7747 662 1141 3810 2786 
7748 629 2754 3810 1141 
7749 628 1109 3810 2754 
2 610 3 4
7750 662 2787 3811 1141 
7751 663 1173 3811 2787 
7752 630 2755 3811 1173 
7753 629 1141 3811 2755 
2 611 3 4
7754 663 2788 3812 1173 
7755 664 1205 3812 2788 
7756 631 2756 3812 1205 
7757 630 1173 3812 2756 
2 612 3 4
7758 664 2789 3813 1205 
7759 665 1237 3813 2789 
7760 632 2757 3813 1237 
7761 631 1205 3813 2757 
2 613 3 4
7762 665 2790 3814 1237 
7763 666 1269 3814 2790 
7764 633 2758 3814 1269 
7765 632 1237 3814 2758 
2 614 3 4
7766 666 2791 3815 1269 
7767 667 1301 3815 2791 
7768 634 2759 3815 1301 
7769 633 1269 3815 2759 
2 615 3 4
7770 667 2792 3816 1301 
7771 668 1333 3816 2792 
7772 635 2760 3816 1333 
7773 634 1301 3816 2760 
2 616 3 4
7774 668 2793 3817 1333 
7775 669 1365 3817 2793 
7776 636 2761 3817 1365 
7777 635 1333 3817 2761 
2 617 3 4
7778 669 2794 3818 1365 
7779 670 1397 3818 2794 
7780 637 2762 3818 1397 
7781 636 1365 3818 2762 
2 618 3 4
7782 670 2795 3819 1397 
7783 671 1429 3819 2795 
7784 638 2763 3819 1429 
7785 637 1397 3819 2763 
2 619 3 4
7786 671 2796 3820 1429 
7787 672 1461 3820 2796 
7788 639 2764 3820 1461 
7789 638 1429 3820 2764 
2 620 3 4
7790 672 2797 3821 1461 
7791 673 1493 3821 2797 
7792 640 2765 3821 1493 
7793 639 1461 3821 2765 
2 621 3 4
7794 673 2798 3822 1493 
7795 674 1525 3822 2798 
7796 641 2766 3822 1525 
7797 640 1493 3822 2766 
2 622 3 4
7798 674 2799 3823 1525 
7799 675 1557 3823 2799 
7800 642 2767 3823 1557 
7801 641 1525 3823 2767 
2 623 3 4
7802 675 2800 3824 1557 
7803 676 1589 3824 2800 
7804 643 2768 3824 1589 
7805 642 1557 3824 2768 
2 624 3 4
7806 676 2801 3825 1589 
7807 677 1621 3825 2801 
7808 644 2769 3825 1621 
7809 643 1589 3825 2769 
2 625 3 4
7810 677 2802 3826 1621 
7811 678 1653 3826 2802 
7812 645 2770 3826 1653 
7813 644 1621 3826 2770 
2 626 3 4
7814 678 2803 3827 1653 
7815 679 1685 3827 2803 
7816 646 2771 3827 1685 
7817 645 1653 3827 2771 
2 627 3 4
7818 679 2804 3828 1685 
7819 680 1717 3828 2804 
7820 647 2772 3828 1717 
7821 646 1685 3828 2772 
2 628 3 4
7822 680 2805 3829 1717 
7823 681 1749 3829 2805 
7824 648 2773 3829 1749 
7825 647 1717 3829 2773 
2 629 3 4
7826 681 2806 3830 1749 
7827 682 1781 3830 2806 
7828 649 2774 3830 1781 
7829 648 1749 3830 2774 
2 630 3 4
7830 682 2807 3831 1781 
7831 683 1813 3831 2807 
7832 650 2775 3831 1813 
7833 649 1781 3831 2775 
2 631 3 4
7834 683 2808 3832 1813 
7835 684 1845 3832 2808 
7836 651 2776 3832 1845 
7837 650 1813 3832 2776 
2 632 3 4
7838 684 2809 3833 1845 
7839 685 1877 3833 2809 
7840 652 2777 3833 1877 
7841 651 1845 3833 2777 
2 633 3 4
7842 685 2810 3834 1877 
7843 686 1909 3834 2810 
7844 653 2778 3834 1909 
7845 652 1877 3834 2778 
2 634 3 4
7846 686 2811 3835 1909 
7847 687 1941 3835 2811 
7848 654 2779 3835 1941 
7849 653 1909 3835 2779 
2 635 3 4
7850 687 2812 3836 1941 
7851 688 1973 3836 2812 
7852 655 2780 3836 1973 
7853 654 1941 3836 2780 
2 636 3 4
7854 688 2813 3837 1973 
7855 689 2005 3837 2813 
7856 656 2781 3837 2005 
7857 655 1973 3837 2781 
2 637 3 4
7858 689 2814 3838 2005 
7859 690 2037 3838 2814 
7860 657 2782 3838 2037 
7861 656 2005 3838 2782 
2 638 3 4
7862 690 2815 3839 2037 
7863 691 2069 3839 2815 
7864 658 2783 3839 2069 
7865 657 2037 3839 2783 
2 639 3 4
7866 691 2816 3840 2069 
7867 692 2101 3840 2816 
7868 659 2784 3840 2101 
7869 658 2069 3840 2784 
2 640 3 4
7870 692 2817 3841 2101 
7871 693 2133 3841 2817 
7872 660 2785 3841 2133 
7873 659 2101 3841 2785 
2 641 3 4
7874 694 2818 3842 1110 
7875 695 1142 3842 2818 
7876 662 2786 3842 1142 
7877 661 1110 3842 2786 
2 642 3 4
7878 695 2819 3843 1142 
7879 696 1174 3843 2819 
7880 663 2787 3843 1174 
7881 662 1142 3843 2787 
2 643 3 4
7882 696 2820 3844 1174 
7883 697 1206 3844 2820 
7884 664 2788 3844 1206 
7885 663 1174 3844 2788 
2 644 3 4
7886 697 2821 3845 1206 
7887 698 1238 3845 2821 
7888 665 2789 3845 1238 
7889 664 1206 3845 2789 
2 645 3 4
7890 698 2822 3846 1238 
7891 699 1270 3846 2822 
7892 666 2790 3846 1270 
7893 665 1238 3846 2790 
2 646 3 4
7894 699 2823 3847 1270 
7895 700 1302 3847 2823 
7896 667 2791 3847 1302 
7897 666 1270 3847 2791 
2 647 3 4
7898 700 2824 3848 1302 
7899 701 1334 3848 2824 
7900 668 2792 3848 1334 
7901 667 1302 3848 2792 
2 648 3 4
7902 701 2825 3849 1334 
7903 702 1366 3849 2825 
7904 669 2793 3849 1366 
7905 668 1334 3849 2793 
2 649 3 4
7906 702 2826 3850 1366 
7907 703 1398 3850 2826 
7908 670 2794 3850 1398 
7909 669 1366 3850 2794 
2 650 3 4
7910 703 2827 3851 1398 
7911 704 1430 3851 2827 
7912 671 2795 3851 1430 
7913 670 1398 3851 2795 
2 651 3 4
7914 704 2828 3852 1430 
7915 705 1462 3852 2828 
7916 672 2796 3852 1462 
7917 671 1430 3852 2796 
2 652 3 4
7918 705 2829 3853 1462 
7919 706 1494 3853 2829 
7920 673 2797 3853 1494 
7921 672 1462 3853 2797 
2 653 3 4
7922 706 2830 3854 1494 
7923 707 1526 3854 2830 
7924 674 2798 3854 1526 
7925 673 1494 3854 2798 
2 654 3 4
7926 707 2831 3855 1526 
7927 708 1558 3855 2831 
7928 675 2799 3855 1558 
7929 674 1526 3855 2799 
2 655 3 4
7930 708 2832 3856 1558 
7931 709 1590 3856 2832 
7932 676 2800 3856 1590 
7933 675 1558 3856 2800 
2 656 3 4
7934 709 2833 3857 1590 
7935 710 1622 3857 2833 
7936 677 2801 3857 1622 
7937 676 1590 3857 2801 
2 657 3 4
7938 710 2834 3858 1622 
7939 711 1654 3858 2834 
7940 678 2802 3858 1654 
7941 677 1622 3858 2802 
2 658 3 4
7942 711 2835 3859 1654 
7943 712 1686 3859 2835 
7944 679 2803 3859 1686 
7945 678 1654 3859 2803 
2 659 3 4
7946 712 2836 3860 1686 
7947 713 1718 3860 2836 
7948 680 2804 3860 1718 
7949 679 1686 3860 2804 
2 660 3 4
7950 713 2837 3861 1718 
7951 714 1750 3861 2837 
7952 681 2805 3861 1750 
7953 680 1718 3861 2805 
2 661 3 4
7954 714 2838 3862 1750 
7955 715 1782 3862 2838 
7956 682 2806 3862 1782 
7957 681 1750 3862 2806 
2 662 3 4
7958 715 2839 3863 1782 
7959 716 1814 3863 2839 
7960 683 2807 3863 1814 
7961 682 1782 3863 2807 
2 663 3 4
7962 716 2840 3864 1814 
7963 717 1846 3864 2840 
7964 684 2808 3864 1846 
7965 683 1814 3864 2808 
2 664 3 4
7966 717 2841 3865 1846 
7967 718 1878 3865 2841 
7968 685 2809 3865 1878 
7969 684 1846 3865 2809 
2 665 3 4
7970 718 2842 3866 1878 
7971 719 1910 3866 2842 
7972 686 2810 3866 1910 
7973 685 1878 3866 2810 
2 666 3 4
7974 719 2843 3867 1910 
7975 720 1942 3867 2843 
7976 687 2811 3867 1942 
7977 686 1910 3867 2811 
2 667 3 4
7978 720 2844 3868 1942 
7979 721 1974 3868 2844 
7980 688 2812 3868 1974 
7981 687 1942 3868 2812 
2 668 3 4
7982 721 2845 3869 1974 
7983 722 2006 3869 2845 
7984 689 2813 3869 2006 
7985 688 1974 3869 2813 
2 669 3 4
7986 722 2846 3870 2006 
7987 723 2038 3870 2846 
7988 690 2814 3870 2038 
7989 689 2006 3870 2814 
2 670 3 4
7990 723 2847 3871 2038 
7991 724 2070 3871 2847 
7992 691 2815 3871 2070 
7993 690 2038 3871 2815 
2 671 3 4
7994 724 2848 3872 2070 
7995 725 2102 3872 2848 
7996 692 2816 3872 2102 
7997 691 2070 3872 2816 
2 672 3 4
7998 725 2849 3873 2102 
7999 726 2134 3873 2849 
8000 693 2817 3873 2134 
8001 692 2102 3873 2817 
2 673 3 4
8002 727 2850 3874 1111 
8003 728 1143 3874 2850 
8004 695 2818 3874 1143 
8005 694 1111 3874 2818 
2 674 3 4
8006 728 2851 3875 1143 
8007 729 1175 3875 2851 
8008 696 2819 3875 1175 
8009 695 1143 3875 2819 
2 675 3 4
8010 729 2852 3876 1175 
8011 730 1207 3876 2852 
8012 697 2820 3876 1207 
8013 696 1175 3876 2820 
2 676 3 4
8014 730 2853 3877 1207 
8015 731 1239 3877 2853 
8016 698 2821 3877 1239 
8017 697 1207 3877 2821 
2 677 3 4
8018 731 2854 3878 1239 
8019 732 1271 3878 2854 
8020 699 2822 3878 1271 
8021 698 1239 3878 2822 
2 678 3 4
8022 732 2855 3879 1271 
8023 733 1303 3879 2855 
8024 700 2823 3879 1303 
8025 699 1271 3879 2823 
2 679 3 4
8026 733 2856 3880 1303 
8027 734 1335 3880 2856 
8028 701 2824 3880 1335 
8029 700 1303 3880 2824 
2 680 3 4
8030 734 2857 3881 1335 
8031 735 1367 3881 2857 
8032 702 2825 3881 1367 
8033 701 1335 3881 2825 
2 681 3 4
8034 735 2858 3882 1367 
8035 736 1399 3882 2858 
8036 703 2826 3882 1399 
8037 702 1367 3882 2826 
2 682 3 4
8038 736 2859 3883 1399 
8039 737 1431 3883 2859 
8040 704 2827 3883 1431 
8041 703 1399 3883 2827 
2 683 3 4
8042 737 2860 3884 1431 
8043 738 1463 3884 2860 
8044 705 2828 3884 1463 
8045 704 1431 3884 2828 
2 684 3 4
8046 738 2861 3885 1463 
8047 739 1495 3885 2861 
8048 706 2829 3885 1495 
8049 705 1463 3885 2829 
2 685 3 4
8050 739 2862 3886 1495 
8051 740 1527 3886 2862 
8052 707 2830 3886 1527 
8053 706 1495 3886 2830 
2 686 3 4
8054 740 2863 3887 1527 
8055 741 1559 3887 2863 
8056 708 2831 3887 1559 
8057 707 1527 3887 2831 
2 687 3 4
8058 741 2864 3888 1559 
8059 742 1591 3888 2864 
8060 709 2832 3888 1591 
8061 708 1559 3888 2832 
2 688 3 4
8062 742 2865 3889 1591 
8063 743 1623 3889 2865 
8064 710 2833 3889 1623 
8065 709 1591 3889 2833 
2 689 3 4
8066 743 2866 3890 1623 
8067 744 1655 3890 2866 
8068 711 2834 3890 1655 
8069 710 1623 3890 2834 
2 690 3 4
8070 744 2867 3891 1655 
8071 745 1687 3891 2867 
8072 712 2835 3891 1687 
8073 711 1655 3891 2835 
2 691 3 4
8074 745 2868 3892 1687 
8075 746 1719 3892 2868 
8076 713 2836 3892 1719 
8077 712 1687 3892 2836 
2 692 3 4
8078 746 2869 3893 1719 
8079 747 1751 3893 2869 
8080 714 2837 3893 1751 
8081 713 1719 3893 2837 
2 693 3 4
8082 747 2870 3894 1751 
8083 748 1783 3894 2870 
8084 715 2838 3894 1783 
8085 714 1751 3894 2838 
2 694 3 4
8086 748 2871 3895 1783 
8087 749 1815 3895 2871 
8088 716 2839 3895 1815 
8089 715 1783 3895 2839 
2 695 3 4
8090 749 2872 3896 1815 
8091 750 1847 3896 2872 
8092 717 2840 3896 1847 
8093 716 1815 3896 2840 
2 696 3 4
8094 750 2873 3897 1847 
8095 751 1879 3897 2873 
8096 718 2841 3897 1879 
8097 717 1847 3897 2841 
2 697 3 4
8098 751 2874 3898 1879 
8099 752 1911 3898 2874 
8100 719 2842 3898 1911 
8101 718 1879 3898 2842 
2 698 3 4
8102 752 2875 3899 1911 
8103 753 1943 3899 2875 
8104 720 2843 3899 1943 
8105 719 1911 3899 2843 
2 699 3 4
8106 753 2876 3900 1943 
8107 754 1975 3900 2876 
8108 721 2844 3900 1975 
8109 720 1943 3900 2844 
2 700 3 4
8110 754 2877 3901 1975 
8111 755 2007 3901 2877 
8112 722 2845 3901 2007 
8113 721 1975 3901 2845 
2 701 3 4
8114 755 2878 3902 2007 
8115 756 2039 3902 2878 
8116 723 2846 3902 2039 
8117 722 2007 3902 2846 
2 702 3 4
8118 756 2879 3903 2039 
8119 757 2071 3903 2879 
8120 724 2847 3903 2071 
8121 723 2039 3903 2847 
2 703 3 4
8122 757 2880 3904 2071 
8123 758 2103 3904 2880 
8124 725 2848 3904 2103 
8125 724 2071 3904 2848 
2 704 3 4
8126 758 2881 3905 2103 
8127 759 2135 3905 2881 
8128 726 2849 3905 2135 
8129 725 2103 3905 2849 
2 705 3 4
8130 760 2882 3906 1112 
8131 761 1144 3906 2882 
8132 728 2850 3906 1144 
8133 727 1112 3906 2850 
2 706 3 4
8134 761 2883 3907 1144 
8135 762 1176 3907 2883 
8136 729 2851 3907 1176 
8137 728 1144 3907 2851 
2 707 3 4
8138 762 2884 3908 1176 
8139 763 1208 3908 2884 
8140 730 2852 3908 1208 
8141 729 1176 3908 2852 
2 708 3 4
8142 763 2885 3909 1208 
8143 764 1240 3909 2885 
8144 731 2853 3909 1240 
8145 730 1208 3909 2853 
2 709 3 4
8146 764 2886 3910 1240 
8147 765 1272 3910 2886 
8148 732 2854 3910 1272 
8149 731 1240 3910 2854 
2 710 3 4
8150 765 2887 3911 1272 
8151 766 1304 3911 2887 
8152 733 2855 3911 1304 
8153 732 1272 3911 2855 
2 711 3 4
8154 766 2888 3912 1304 
8155 767 1336 3912 2888 
8156 734 2856 3912 1336 
8157 733 1304 3912 2856 
2 712 3 4
8158 767 2889 3913 1336 
8159 768 1368 3913 2889 
8160 735 2857 3913 1368 
8161 734 1336 3913 2857 
2 713 3 4
8162 768 2890 3914 1368 
8163 769 1400 3914 2890 
8164 736 2858 3914 1400 
8165 735 1368 3914 2858 
2 714 3 4
8166 769 2891 3915 1400 
8167 770 1432 3915 2891 
8168 737 2859 3915 1432 
8169 736 1400 3915 2859 
2 715 3 4
8170 770 2892 3916 1432 
8171 771 1464 3916 2892 
8172 738 2860 3916 1464 
8173 737 1432 3916 2860 
2 716 3 4
8174 771 2893 3917 1464 
8175 772 1496 3917 2893 
8176 739 2861 3917 1496 
8177 738 1464 3917 2861 
2 717 3 4
8178 772 2894 3918 1496 
8179 773 1528 3918 2894 
8180 740 2862 3918 1528 
8181 739 1496 3918 2862 
2 718 3 4
8182 773 2895 3919 1528 
8183 774 1560 3919 2895 
8184 741 2863 3919 1560 
8185 740 1528 3919 2863 
2 719 3 4
8186 774 2896 3920 1560 
8187 775 1592 3920 2896 
8188 742 2864 3920 1592 
8189 741 1560 3920 2864 
2 720 3 4
8190 775 2897 3921 1592 
8191 776 1624 3921 2897 
8192 743 2865 3921 1624 
8193 742 1592 3921 2865 
2 721 3 4
8194 776 2898 3922 1624 
8195 777 1656 3922 2898 
8196 744 2866 3922 1656 
8197 743 1624 3922 2866 
2 722 3 4
8198 777 2899 3923 1656 
8199 778 1688 3923 2899 
8200 745 2867 3923 1688 
8201 744 1656 3923 2867 
2 723 3 4
8202 778 2900 3924 1688 
8203 779 1720 3924 2900 
8204 746 2868 3924 1720 
8205 745 1688 3924 2868 
2 724 3 4
8206 779 2901 3925 1720 
8207 780 1752 3925 2901 
8208 747 2869 3925 1752 
8209 746 1720 3925 2869 
2 725 3 4
8210 780 2902 3926 1752 
8211 781 1784 3926 2902 
8212 748 2870 3926 1784 
8213 747 1752 3926 2870 
2 726 3 4
8214 781 2903 3927 1784 
8215 782 1816 3927 2903 
8216 749 2871 3927 1816 
8217 748 1784 3927 2871 
2 727 3 4
8218 782 2904 3928 1816 
8219 783 1848 3928 2904 
8220 750 2872 3928 1848 
8221 749 1816 3928 2872 
2 728 3 4
8222 783 2905 3929 1848 
8223 784 1880 3929 2905 
8224 751 2873 3929 1880 
8225 750 1848 3929 2873 
2 729 3 4
8226 784 2906 3930 1880 
8227 785 1912 3930 2906 
8228 752 2874 3930 1912 
8229 751 1880 3930 2874 
2 730 3 4
8230 785 2907 3931 1912 
8231 786 1944 3931 2907 
8232 753 2875 3931 1944 
8233 752 1912 3931 2875 
2 731 3 4
8234 786 2908 3932 1944 
8235 787 1976 3932 2908 
8236 754 2876 3932 1976 
8237 753 1944 3932 2876 
2 732 3 4
8238 787 2909 3933 1976 
8239 788 2008 3933 2909 
8240 755 2877 3933 2008 
8241 754 1976 3933 2877 
2 733 3 4
8242 788 2910 3934 2008 
8243 789 2040 3934 2910 
8244 756 2878 3934 2040 
8245 755 2008 3934 2878 
2 734 3 4
8246 789 2911 3935 2040 
8247 790 2072 3935 2911 
8248 757 2879 3935 2072 
8249 756 2040 3935 2879 
2 735 3 4
8250 790 2912 3936 2072 
8251 791 2104 3936 2912 
8252 758 2880 3936 2104 
8253 757 2072 3936 2880 
2 736 3 4
8254 791 2913 3937 2104 
8255 792 2136 3937 2913 
8256 759 2881 3937 2136 
8257 758 2104 3937 2881 
2 737 3 4
8258 793 2914 3938 1113 
8259 794 1145 3938 2914 
8260 761 2882 3938 1145 
8261 760 1113 3938 2882 
2 738 3 4
8262 794 2915 3939 1145 
8263 795 1177 3939 2915 
8264 762 2883 3939 1177 
8265 761 1145 3939 2883 
2 739 3 4
8266 795 2916 3940 1177 
8267 796 1209 3940 2916 
8268 763 2884 3940 1209 
8269 762 1177 3940 2884 
2 740 3 4
8270 796 2917 3941 1209 
8271 797 1241 3941 2917 
8272 764 2885 3941 1241 
8273 763 1209 3941 2885 
2 741 3 4
8274 797 2918 3942 1241 
8275 798 1273 3942 2918 
8276 765 2886 3942 1273 
8277 764 1241 3942 2886 
2 742 3 4
8278 798 2919 3943 1273 
8279 799 1305 3943 2919 
8280 766 2887 3943 1305 
8281 765 1273 3943 2887 
2 743 3 4
8282 799 2920 3944 1305 
8283 800 1337 3944 2920 
8284 767 2888 3944 1337 
8285 766 1305 3944 2888 
2 744 3 4
8286 800 2921 3945 1337 
8287 801 1369 3945 2921 
8288 768 2889 3945 1369 
8289 767 1337 3945 2889 
2 745 3 4
8290 801 2922 3946 1369 
8291 802 1401 3946 2922 
8292 769 2890 3946 1401 
8293 768 1369 3946 2890 
2 746 3 4
8294 802 2923 3947 1401 
8295 803 1433 3947 2923 
8296 770 2891 3947 1433 
8297 769 1401 3947 2891 
2 747 3 4
8298 803 2924 3948 1433 
8299 804 1465 3948 2924 
8300 771 2892 3948 1465 
8301 770 1433 3948 2892 
2 748 3 4
8302 804 2925 3949 1465 
8303 805 1497 3949 2925 
8304 772 2893 3949 1497 
8305 771 1465 3949 2893 
2 749 3 4
8306 805 2926 3950 1497 
8307 806 1529 3950 2926 
8308 773 2894 3950 1529 
8309 772 1497 3950 2894 
2 750 3 4
8310 806 2927 3951 1529 
8311 807 1561 3951 2927 
8312 774 2895 3951 1561 
8313 773 1529 3951 2895 
2 751 3 4
8314 807 2928 3952 1561 
8315 808 1593 3952 2928 
8316 775 2896 3952 1593 
8317 774 1561 3952 2896 
2 752 3 4
8318 808 2929 3953 1593 
8319 809 1625 3953 2929 
8320 776 2897 3953 1625 
8321 775 1593 3953 2897 
2 753 3 4
8322 809 2930 3954 1625 
8323 810 1657 3954 2930 
8324 777 2898 3954 1657 
8325 776 1625 3954 2898 
2 754 3 4
8326 810 2931 3955 1657 
8327 811 1689 3955 2931 
8328 778 2899 3955 1689 
8329 777 1657 3955 2899 
2 755 3 4
8330 811 2932 3956 1689 
8331 812 1721 3956 2932 
8332 779 2900 3956 1721 
8333 778 1689 3956 2900 
2 756 3 4
8334 812 2933 3957 1721 
8335 813 1753 3957 2933 
8336 780 2901 3957 1753 
8337 779 1721 3957 2901 
2 757 3 4
8338 813 2934 3958 1753 
8339 814 1785 3958 2934 
8340 781 2902 3958 1785 
8341 780 1753 3958 2902 
2 758 3 4
8342 814 2935 3959 1785 
8343 815 1817 3959 2935 
8344 782 2903 3959 1817 
8345 781 1785 3959 2903 
2 759 3 4
8346 815 2936 3960 1817 
8347 816 1849 3960 2936 
8348 783 2904 3960 1849 
8349 782 1817 3960 2904 
2 760 3 4
8350 816 2937 3961 1849 
8351 817 1881 3961 2937 
8352 784 2905 3961 1881 
8353 783 1849 3961 2905 
2 761 3 4
8354 817 2938 3962 1881 
8355 818 1913 3962 2938 
8356 785 2906 3962 1913 
8357 784 1881 3962 2906 
2 762 3 4
8358 818 2939 3963 1913 
8359 819 1945 3963 2939 
8360 786 2907 3963 1945 
8361 785 1913 3963 2907 
2 763 3 4
8362 819 2940 3964 1945 
8363 820 1977 3964 2940 
8364 787 2908 3964 1977 
8365 786 1945 3964 2908 
2 764 3 4
8366 820 2941 3965 1977 
8367 821 2009 3965 2941 
8368 788 2909 3965 2009 
8369 787 1977 3965 2909 
2 765 3 4
8370 821 2942 3966 2009 
8371 822 2041 3966 2942 
8372 789 2910 3966 2041 
8373 788 2009 3966 2910 
2 766 3 4
8374 822 2943 3967 2041 
8375 823 2073 3967 2943 
8376 790 2911 3967 2073 
8377 789 2041 3967 2911 
2 767 3 4
8378 823 2944 3968 2073 
8379 824 2105 3968 2944 
8380 791 2912 3968 2105 
8381 790 2073 3968 2912 
2 768 3 4
8382 824 2945 3969 2105 
8383 825 2137 3969 2945 
8384 792 2913 3969 2137 
8385 791 2105 3969 2913 
2 769 3 4
8386 826 2946 3970 1114 
8387 827 1146 3970 2946 
8388 794 2914 3970 1146 
8389 793 1114 3970 2914 
2 770 3 4
8390 827 2947 3971 1146 
8391 828 1178 3971 2947 
8392 795 2915 3971 1178 
8393 794 1146 3971 2915 
2 771 3 4
8394 828 2948 3972 1178 
8395 829 1210 3972 2948 
8396 796 2916 3972 1210 
8397 795 1178 3972 2916 
2 772 3 4
8398 829 2949 3973 1210 
8399 830 1242 3973 2949 
8400 797 2917 3973 1242 
8401 796 1210 3973 2917 
2 773 3 4
8402 830 2950 3974 1242 
8403 831 1274 3974 2950 
8404 798 2918 3974 1274 
8405 797 1242 3974 2918 
2 774 3 4
8406 831 2951 3975 1274 
8407 832 1306 3975 2951 
8408 799 2919 3975 1306 
8409 798 1274 3975 2919 
2 775 3 4
8410 832 2952 3976 1306 
8411 833 1338 3976 2952 
8412 800 2920 3976 1338 
8413 799 1306 3976 2920 
2 776 3 4
8414 833 2953 3977 1338 
8415 834 1370 3977 2953 
8416 801 2921 3977 1370 
8417 800 1338 3977 2921 
2 777 3 4
8418 834 2954 3978 1370 
8419 835 1402 3978 2954 
8420 802 2922 3978 1402 
8421 801 1370 3978 2922 
2 778 3 4
8422 835 2955 3979 1402 
8423 836 1434 3979 2955 
8424 803 2923 3979 1434 
8425 802 1402 3979 2923 
2 779 3 4
8426 836 2956 3980 1434 
8427 837 1466 3980 2956 
8428 804 2924 3980 1466 
8429 803 1434 3980 2924 
2 780 3 4
8430 837 2957 3981 1466 
8431 838 1498 3981 2957 
8432 805 2925 3981 1498 
8433 804 1466 3981 2925 
2 781 3 4
8434 838 2958 3982 1498 
8435 839 1530 3982 2958 
8436 806 2926 3982 1530 
8437 805 1498 3982 2926 
2 782 3 4
8438 839 2959 3983 1530 
8439 840 1562 3983 2959 
8440 807 2927 3983 1562 
8441 806 1530 3983 2927 
2 783 3 4
8442 840 2960 3984 1562 
8443 841 1594 3984 2960 
8444 808 2928 3984 1594 
8445 807 1562 3984 2928 
2 784 3 4
8446 841 2961 3985 1594 
8447 842 1626 3985 2961 
8448 809 2929 3985 1626 
8449 808 1594 3985 2929 
2 785 3 4
8450 842 2962 3986 1626 
8451 843 1658 3986 2962 
8452 810 2930 3986 1658 
8453 809 1626 3986 2930 
2 786 3 4
8454 843 2963 3987 1658 
8455 844 1690 3987 2963 
8456 811 2931 3987 1690 
8457 810 1658 3987 2931 
2 787 3 4
8458 844 2964 3988 1690 
8459 845 1722 3988 2964 
8460 812 2932 3988 1722 
8461 811 1690 3988 2932 
2 788 3 4
8462 845 2965 3989 1722 
8463 846 1754 3989 2965 
8464 813 2933 3989 1754 
8465 812 1722 3989 2933 
2 789 3 4
8466 846 2966 3990 1754 
8467 847 1786 3990 2966 
8468 814 2934 3990 1786 
8469 813 1754 3990 2934 
2 790 3 4
8470 847 2967 3991 1786 
8471 848 1818 3991 2967 
8472 815 2935 3991 1818 
8473 814 1786 3991 2935 
2 791 3 4
8474 848 2968 3992 1818 
8475 849 1850 3992 2968 
8476 816 2936 3992 1850 
8477 815 1818 3992 2936 
2 792 3 4
8478 849 2969 3993 1850 
8479 850 1882 3993 2969 
8480 817 2937 3993 1882 
8481 816 1850 3993 2937 
2 793 3 4
8482 850 2970 3994 1882 
8483 851 1914 3994 2970 
8484 818 2938 3994 1914 
8485 817 1882 3994 2938 
2 794 3 4
8486 851 2971 3995 1914 
8487 852 1946 3995 2971 
8488 819 2939 3995 1946 
8489 818 1914 3995 2939 
2 795 3 4
8490 852 2972 3996 1946 
8491 853 1978 3996 2972 
8492 820 2940 3996 1978 
8493 819 1946 3996 2940 
2 796 3 4
8494 853 2973 3997 1978 
8495 854 2010 3997 2973 
8496 821 2941 3997 2010 
8497 820 1978 3997 2941 
2 797 3 4
8498 854 2974 3998 2010 
8499 855 2042 3998 2974 
8500 822 2942 3998 2042 
8501 821 2010 3998 2942 
2 798 3 4
8502 855 2975 3999 2042 
8503 856 2074 3999 2975 
8504 823 2943 3999 2074 
8505 822 2042 3999 2943 
2 799 3 4
8506 856 2976 4000 2074 
8507 857 2106 4000 2976 
8508 824 2944 4000 2106 
8509 823 2074 4000 2944 
2 800 3 4
8510 857 2977 4001 2106 
8511 858 2138 4001 2977 
8512 825 2945 4001 2138 
8513 824 2106 4001 2945 
2 801 3 4
8514 859 2978 4002 1115 
8515 860 1147 4002 2978 
8516 827 2946 4002 1147 
8517 826 1115 4002 2946 
2 802 3 4
8518 860 2979 4003 1147 
8519 861 1179 4003 2979 
8520 828 2947 4003 1179 
8521 827 1147 4003 2947 
2 803 3 4
8522 861 2980 4004 1179 
8523 862 1211 4004 2980 
8524 829 2948 4004 1211 
8525 828 1179 4004 2948 
2 804 3 4
8526 862 2981 4005 1211 
8527 863 1243 4005 2981 
8528 830 2949 4005 1243 
8529 829 1211 4005 2949 
2 805 3 4
8530 863 2982 4006 1243 
8531 864 1275 4006 2982 
8532 831 2950 4006 1275 
8533 830 1243 4006 2950 
2 806 3 4
8534 864 2983 4007 1275 
8535 865 1307 4007 2983 
8536 832 2951 4007 1307 
8537 831 1275 4007 2951 
2 807 3 4
8538 865 2984 4008 1307 
8539 866 1339 4008 2984 
8540 833 2952 4008 1339 
8541 832 1307 4008 2952 
2 808 3 4
8542 866 2985 4009 1339 
8543 867 1371 4009 2985 
8544 834 2953 4009 1371 
8545 833 1339 4009 2953 
2 809 3 4
8546 867 2986 4010 1371 
8547 868 1403 4010 2986 
8548 835 2954 4010 1403 
8549 834 1371 4010 2954 
2 810 3 4
8550 868 2987 4011 1403 
8551 869 1435 4011 2987 
8552 836 2955 4011 1435 
8553 835 1403 4011 2955 
2 811 3 4
8554 869 2988 4012 1435 
8555 870 1467 4012 2988 
8556 837 2956 4012 1467 
8557 836 1435 4012 2956 
2 812 3 4
8558 870 2989 4013 1467 
8559 871 1499 4013 2989 
8560 838 2957 4013 1499 
8561 837 1467 4013 2957 
2 813 3 4
8562 871 2990 4014 1499 
8563 872 1531 4014 2990 
8564 839 2958 4014 1531 
8565 838 1499 4014 2958 
2 814 3 4
8566 872 2991 4015 1531 
8567 873 1563 4015 2991 
8568 840 2959 4015 1563 
8569 839 1531 4015 2959 
2 815 3 4
8570 873 2992 4016 1563 
8571 874 1595 4016 2992 
8572 841 2960 4016 1595 
8573 840 1563 4016 2960 
2 816 3 4
8574 874 2993 4017 1595 
8575 875 1627 4017 2993 
8576 842 2961 4017 1627 
8577 841 1595 4017 2961 
2 817 3 4
8578 875 2994 4018 1627 
8579 876 1659 4018 2994 
8580 843 2962 4018 1659 
8581 842 1627 4018 2962 
2 818 3 4
8582 876 2995 4019 1659 
8583 877 1691 4019 2995 
8584 844 2963 4019 1691 
8585 843 1659 4019 2963 
2 819 3 4
8586 877 2996 4020 1691 
8587 878 1723 4020 2996 
8588 845 2964 4020 1723 
8589 844 1691 4020 2964 
2 820 3 4
8590 878 2997 4021 1723 
8591 879 1755 4021 2997 
8592 846 2965 4021 1755 
8593 845 1723 4021 2965 
2 821 3 4
8594 879 2998 4022 1755 
8595 880 1787 4022 2998 
8596 847 2966 4022 1787 
8597 846 1755 4022 2966 
2 822 3 4
8598 880 2999 4023 1787 
8599 881 1819 4023 2999 
8600 848 2967 4023 1819 
8601 847 1787 4023 2967 
2 823 3 4
8602 881 3000 4024 1819 
8603 882 1851 4024 3000 
8604 849 2968 4024 1851 
8605 848 1819 4024 2968 
2 824 3 4
8606 882 3001 4025 1851 
8607 883 1883 4025 3001 
8608 850 2969 4025 1883 
8609 849 1851 4025 2969 
2 825 3 4
8610 883 3002 4026 1883 
8611 884 1915 4026 3002 
8612 851 2970 4026 1915 
8613 850 1883 4026 2970 
2 826 3 4
8614 884 3003 4027 1915 
8615 885 1947 4027 3003 
8616 852 2971 4027 1947 
8617 851 1915 4027 2971 
2 827 3 4
8618 885 3004 4028 1947 
8619 886 1979 4028 3004 
8620 853 2972 4028 1979 
8621 852 1947 4028 2972 
2 828 3 4
8622 886 3005 4029 1979 
8623 887 2011 4029 3005 
8624 854 2973 4029 2011 
8625 853 1979 4029 2973 
2 829 3 4
8626 887 3006 4030 2011 
8627 888 2043 4030 3006 
8628 855 2974 4030 2043 
8629 854 2011 4030 2974 
2 830 3 4
8630 888 3007 4031 2043 
8631 889 2075 4031 3007 
8632 856 2975 4031 2075 
8633 855 2043 4031 2975 
2 831 3 4
8634 889 3008 4032 2075 
8635 890 2107 4032 3008 
8636 857 2976 4032 2107 
8637 856 2075 4032 2976 
2 832 3 4
8638 890 3009 4033 2107 
8639 891 2139 4033 3009 
8640 858 2977 4033 2139 
8641 857 2107 4033 2977 
2 833 3 4
8642 892 3010 4034 1116 
8643 893 1148 4034 3010 
8644 860 2978 4034 1148 
8645 859 1116 4034 2978 
2 834 3 4
8646 893 3011 4035 1148 
8647 894 1180 4035 3011 
8648 861 2979 4035 1180 
8649 860 1148 4035 2979 
2 835 3 4
8650 894 3012 4036 1180 
8651 895 1212 4036 3012 
8652 862 2980 4036 1212 
8653 861 1180 4036 2980 
2 836 3 4
8654 895 3013 4037 1212 
8655 896 1244 4037 3013 
8656 863 2981 4037 1244 
8657 862 1212 4037 2981 
2 837 3 4
8658 896 3014 4038 1244 
8659 897 1276 4038 3014 
8660 864 2982 4038 1276 
8661 863 1244 4038 2982 
2 838 3 4
8662 897 3015 4039 1276 
8663 898 1308 4039 3015 
8664 865 2983 4039 1308 
8665 864 1276 4039 2983 
2 839 3 4
8666 898 3016 4040 1308 
8667 899 1340 4040 3016 
8668 866 2984 4040 1340 
8669 865 1308 4040 2984 
2 840 3 4
8670 899 3017 4041 1340 
8671 900 1372 4041 3017 
8672 867 2985 4041 1372 
8673 866 1340 4041 2985 
2 841 3 4
8674 900 3018 4042 1372 
8675 901 1404 4042 3018 
8676 868 2986 4042 1404 
8677 867 1372 4042 2986 
2 842 3 4
8678 901 3019 4043 1404 
8679 902 1436 4043 3019 
8680 869 2987 4043 1436 
8681 868 1404 4043 2987 
2 843 3 4
8682 902 3020 4044 1436 
8683 903 1468 4044 3020 
8684 870 2988 4044 1468 
8685 869 1436 4044 2988 
2 844 3 4
8686 903 3021 4045 1468 
8687 904 1500 4045 3021 
8688 871 2989 4045 1500 
8689 870 1468 4045 2989 
2 845 3 4
8690 904 3022 4046 1500 
8691 905 1532 4046 3022 
8692 872 2990 4046 1532 
8693 871 1500 4046 2990 
2 846 3 4
8694 905 3023 4047 1532 
8695 906 1564 4047 3023 
8696 873 2991 4047 1564 
8697 872 1532 4047 2991 
2 847 3 4
8698 906 3024 4048 1564 
8699 907 1596 4048 3024 
8700 874 2992 4048 1596 
8701 873 1564 4048 2992 
2 848 3 4
8702 907 3025 4049 1596 
8703 908 1628 4049 3025 
8704 875 2993 4049 1628 
8705 874 1596 4049 2993 
2 849 3 4
8706 908 3026 4050 1628 
8707 909 1660 4050 3026 
8708 876 2994 4050 1660 
8709 875 1628 4050 2994 
2 850 3 4
8710 909 3027 4051 1660 
8711 910 1692 4051 3027 
8712 877 2995 4051 1692 
8713 876 1660 4051 2995 
2 851 3 4
8714 910 3028 4052 1692 
8715 911 1724 4052 3028 
8716 878 2996 4052 1724 
8717 877 1692 4052 2996 
2 852 3 4
8718 911 3029 4053 1724 
8719 912 1756 4053 3029 
8720 879 2997 4053 1756 
8721 878 1724 4053 2997 
2 853 3 4
8722 912 3030 4054 1756 
8723 913 1788 4054 3030 
8724 880 2998 4054 1788 
8725 879 1756 4054 2998 
2 854 3 4
8726 913 3031 4055 1788 
8727 914 1820 4055 3031 
8728 881 2999 4055 1820 
8729 880 1788 4055 2999 
2 855 3 4
8730 914 3032 4056 1820 
8731 915 1852 4056 3032 
8732 882 3000 4056 1852 
8733 881 1820 4056 3000 
2 856 3 4
8734 915 3033 4057 1852 
8735 916 1884 4057 3033 
8736 883 3001 4057 1884 
8737 882 1852 4057 3001 
2 857 3 4
8738 916 3034 4058 1884 
8739 917 1916 4058 3034 
8740 884 3002 4058 1916 
8741 883 1884 4058 3002 
2 858 3 4
8742 917 3035 4059 1916 
8743 918 1948 4059 3035 
8744 885 3003 4059 1948 
8745 884 1916 4059 3003 
2 859 3 4
8746 918 3036 4060 1948 
8747 919 1980 4060 3036 
8748 886 3004 4060 1980 
8749 885 1948 4060 3004 
2 860 3 4
8750 919 3037 4061 1980 
8751 920 2012 4061 3037 
8752 887 3005 4061 2012 
8753 886 1980 4061 3005 
2 861 3 4
8754 920 3038 4062 2012 
8755 921 2044 4062 3038 
8756 888 3006 4062 2044 
8757 887 2012 4062 3006 
2 862 3 4
8758 921 3039 4063 2044 
8759 922 2076 4063 3039 
8760 889 3007 4063 2076 
8761 888 2044 4063 3007 
2 863 3 4
8762 922 3040 4064 2076 
8763 923 2108 4064 3040 
8764 890 3008 4064 2108 
8765 889 2076 4064 3008 
2 864 3 4
8766 923 3041 4065 2108 
8767 924 2140 4065 3041 
8768 891 3009 4065 2140 
8769 890 2108 4065 3009 
2 865 3 4
8770 925 3042 4066 1117 
8771 926 1149 4066 3042 
8772 893 3010 4066 1149 
8773 892 1117 4066 3010 
2 866 3 4
8774 926 3043 4067 1149 
8775 927 1181 4067 3043 
8776 894 3011 4067 1181 
8777 893 1149 4067 3011 
2 867 3 4
8778 927 3044 4068 1181 
8779 928 1213 4068 3044 
8780 895 3012 4068 1213 
8781 894 1181 4068 3012 
2 868 3 4
8782 928 3045 4069 1213 
8783 929 1245 4069 3045 
8784 896 3013 4069 1245 
8785 895 1213 4069 3013 
2 869 3 4
8786 929 3046 4070 1245 
8787 930 1277 4070 3046 
8788 897 3014 4070 1277 
8789 896 1245 4070 3014 
2 870 3 4
8790 930 3047 4071 1277 
8791 931 1309 4071 3047 
8792 898 3015 4071 1309 
8793 897 1277 4071 3015 
2 871 3 4
8794 931 3048 4072 1309 
8795 932 1341 4072 3048 
8796 899 3016 4072 1341 
8797 898 1309 4072 3016 
2 872 3 4
8798 932 3049 4073 1341 
8799 933 1373 4073 3049 
8800 900 3017 4073 1373 
8801 899 1341 4073 3017 
2 873 3 4
8802 933 3050 4074 1373 
8803 934 1405 4074 3050 
8804 901 3018 4074 1405 
8805 900 1373 4074 3018 
2 874 3 4
8806 934 3051 4075 1405 
8807 935 1437 4075 3051 
8808 902 3019 4075 1437 
8809 901 1405 4075 3019 
2 875 3 4
8810 935 3052 4076 1437 
8811 936 1469 4076 3052 
8812 903 3020 4076 1469 
8813 902 1437 4076 3020 
2 876 3 4
8814 936 3053 4077 1469 
8815 937 1501 4077 3053 
8816 904 3021 4077 1501 
8817 903 1469 4077 3021 
2 877 3 4
8818 937 3054 4078 1501 
8819 938 1533 4078 3054 
8820 905 3022 4078 1533 
8821 904 1501 4078 3022 
2 878 3 4
8822 938 3055 4079 1533 
8823 939 1565 4079 3055 
8824 906 3023 4079 1565 
8825 905 1533 4079 3023 
2 879 3 4
8826 939 3056 4080 1565 
8827 940 1597 4080 3056 
8828 907 3024 4080 1597 
8829 906 1565 4080 3024 
2 880 3 4
8830 940 3057 4081 1597 
8831 941 1629 4081 3057 
8832 908 3025 4081 1629 
8833 907 1597 4081 3025 
2 881 3 4
8834 941 3058 4082 1629 
8835 942 1661 4082 3058 
8836 909 3026 4082 1661 
8837 908 1629 4082 3026 
2 882 3 4
8838 942 3059 4083 1661 
8839 943 1693 4083 3059 
8840 910 3027 4083 1693 
8841 909 1661 4083 3027 
2 883 3 4
8842 943 3060 4084 1693 
8843 944 1725 4084 3060 
8844 911 3028 4084 1725 
8845 910 1693 4084 3028 
2 884 3 4
8846 944 3061 4085 1725 
8847 945 1757 4085 3061 
8848 912 3029 4085 1757 
8849 911 1725 4085 3029 
2 885 3 4
8850 945 3062 4086 1757 
8851 946 1789 4086 3062 
8852 913 3030 4086 1789 
8853 912 1757 4086 3030 
2 886 3 4
8854 946 3063 4087 1789 
8855 947 1821 4087 3063 
8856 914 3031 4087 1821 
8857 913 1789 4087 3031 
2 887 3 4
8858 947 3064 4088 1821 
8859 948 1853 4088 3064 
8860 915 3032 4088 1853 
8861 914 1821 4088 3032 
2 888 3 4
8862 948 3065 4089 1853 
8863 949 1885 4089 3065 
8864 916 3033 4089 1885 
8865 915 1853 4089 3033 
2 889 3 4
8866 949 3066 4090 1885 
8867 950 1917 4090 3066 
8868 917 3034 4090 1917 
8869 916 1885 4090 3034 
2 890 3 4
8870 950 3067 4091 1917 
8871 951 1949 4091 3067 
8872 918 3035 4091 1949 
8873 917 1917 4091 3035 
2 891 3 4
8874 951 3068 4092 1949 
8875 952 1981 4092 3068 
8876 919 3036 4092 1981 
8877 918 1949 4092 3036 
2 892 3 4
8878 952 3069 4093 1981 
8879 953 2013 4093 3069 
8880 920 3037 4093 2013 
8881 919 1981 4093 3037 
2 893 3 4
8882 953 3070 4094 2013 
8883 954 2045 4094 3070 
8884 921 3038 4094 2045 
8885 920 2013 4094 3038 
2 894 3 4
8886 954 3071 4095 2045 
8887 955 2077 4095 3071 
8888 922 3039 4095 2077 
8889 921 2045 4095 3039 
2 895 3 4
8890 955 3072 4096 2077 
8891 956 2109 4096 3072 
8892 923 3040 4096 2109 
8893 922 2077 4096 3040 
2 896 3 4
8894 956 3073 4097 2109 
8895 957 2141 4097 3073 
8896 924 3041 4097 2141 
8897 923 2109 4097 3041 
2 897 3 4
8898 958 3074 4098 1118 
8899 959 1150 4098 3074 
8900 926 3042 4098 1150 
8901 925 1118 4098 3042 
2 898 3 4
8902 959 3075 4099 1150 
8903 960 1182 4099 3075 
8904 927 3043 4099 1182 
8905 926 1150 4099 3043 
2 899 3 4
8906 960 3076 4100 1182 
8907 961 1214 4100 3076 
8908 928 3044 4100 1214 
8909 927 1182 4100 3044 
2 900 3 4
8910 961 3077 4101 1214 
8911 962 1246 4101 3077 
8912 929 3045 4101 1246 
8913 928 1214 4101 3045 
2 901 3 4
8914 962 3078 4102 1246 
8915 963 1278 4102 3078 
8916 930 3046 4102 1278 
8917 929 1246 4102 3046 
2 902 3 4
8918 963 3079 4103 1278 
8919 964 1310 4103 3079 
8920 931 3047 4103 1310 
8921 930 1278 4103 3047 
2 903 3 4
8922 964 3080 4104 1310 
8923 965 1342 4104 3080 
8924 932 3048 4104 1342 
8925 931 1310 4104 3048 
2 904 3 4
8926 965 3081 4105 1342 
8927 966 1374 4105 3081 
8928 933 3049 4105 1374 
8929 932 1342 4105 3049 
2 905 3 4
8930 966 3082 4106 1374 
8931 967 1406 4106 3082 
8932 934 3050 4106 1406 
8933 933 1374 4106 3050 
2 906 3 4
8934 967 3083 4107 1406 
8935 968 1438 4107 3083 
8936 935 3051 4107 1438 
8937 934 1406 4107 3051 
2 907 3 4
8938 968 3084 4108 1438 
8939 969 1470 4108 3084 
8940 936 3052 4108 1470 
8941 935 1438 4108 3052 
2 908 3 4
8942 969 3085 4109 1470 
8943 970 1502 4109 3085 
8944 937 3053 4109 1502 
8945 936 1470 4109 3053 
2 909 3 4
8946 970 3086 4110 1502 
8947 971 1534 4110 3086 
8948 938 3054 4110 1534 
8949 937 1502 4110 3054 
2 910 3 4
8950 971 3087 4111 1534 
8951 972 1566 4111 3087 
8952 939 3055 4111 1566 
8953 938 1534 4111 3055 
2 911 3 4
8954 972 3088 4112 1566 
8955 973 1598 4112 3088 
8956 940 3056 4112 1598 
8957 939 1566 4112 3056 
2 912 3 4
8958 973 3089 4113 1598 
8959 974 1630 4113 3089 
8960 941 3057 4113 1630 
8961 940 1598 4113 3057 
2 913 3 4
8962 974 3090 4114 1630 
8963 975 1662 4114 3090 
8964 942 3058 4114 1662 
8965 941 1630 4114 3058 
2 914 3 4
8966 975 3091 4115 1662 
8967 976 1694 4115 3091 
8968 943 3059 4115 1694 
8969 942 1662 4115 3059 
2 915 3 4
8970 976 3092 4116 1694 
8971 977 1726 4116 3092 
8972 944 3060 4116 1726 
8973 943 1694 4116 3060 
2 916 3 4
8974 977 3093 4117 1726 
8975 978 1758 4117 3093 
8976 945 3061 4117 1758 
8977 944 1726 4117 3061 
2 917 3 4
8978 978 3094 4118 1758 
8979 979 1790 4118 3094 
8980 946 3062 4118 1790 
8981 945 1758 4118 3062 
2 918 3 4
8982 979 3095 4119 1790 
8983 980 1822 4119 3095 
8984 947 3063 4119 1822 
8985 946 1790 4119 3063 
2 919 3 4
8986 980 3096 4120 1822 
8987 981 1854 4120 3096 
8988 948 3064 4120 1854 
8989 947 1822 4120 3064 
2 920 3 4
8990 981 3097 4121 1854 
8991 982 1886 4121 3097 
8992 949 3065 4121 1886 
8993 948 1854 4121 3065 
2 921 3 4
8994 982 3098 4122 1886 
8995 983 1918 4122 3098 
8996 950 3066 4122 1918 
8997 949 1886 4122 3066 
2 922 3 4
8998 983 3099 4123 1918 
8999 984 1950 4123 3099 
9000 951 3067 4123 1950 
9001 950 1918 4123 3067 
2 923 3 4
9002 984 3100 4124 1950 
9003 985 1982 4124 3100 
9004 952 3068 4124 1982 
9005 951 1950 4124 3068 
2 924 3 4
9006 985 3101 4125 1982 
9007 986 2014 4125 3101 
9008 953 3069 4125 2014 
9009 952 1982 4125 3069 
2 925 3 4
9010 986 3102 4126 2014 
9011 987 2046 4126 3102 
9012 954 3070 4126 2046 
9013 953 2014 4126 3070 
2 926 3 4
9014 987 3103 4127 2046 
9015 988 2078 4127 3103 
9016 955 3071 4127 2078 
9017 954 2046 4127 3071 
2 927 3 4
9018 988 3104 4128 2078 
9019 989 2110 4128 3104 
9020 956 3072 4128 2110 
9021 955 2078 4128 3072 
2 928 3 4
9022 989 3105 4129 2110 
9023 990 2142 4129 3105 
9024 957 3073 4129 2142 
9025 956 2110 4129 3073 
2 929 3 4
9026 991 3106 4130 1119 
9027 992 1151 4130 3106 
9028 959 3074 4130 1151 
9029 958 1119 4130 3074 
2 930 3 4
9030 992 3107 4131 1151 
9031 993 1183 4131 3107 
9032 960 3075 4131 1183 
9033 959 1151 4131 3075 
2 931 3 4
9034 993 3108 4132 1183 
9035 994 1215 4132 3108 
9036 961 3076 4132 1215 
9037 960 1183 4132 3076 
2 932 3 4
9038 994 3109 4133 1215 
9039 995 1247 4133 3109 
9040 962 3077 4133 1247 
9041 961 1215 4133 3077 
2 933 3 4
9042 995 3110 4134 1247 
9043 996 1279 4134 3110 
9044 963 3078 4134 1279 
9045 962 1247 4134 3078 
2 934 3 4
9046 996 3111 4135 1279 
9047 997 1311 4135 3111 
9048 964 3079 4135 1311 
9049 963 1279 4135 3079 
2 935 3 4
9050 997 3112 4136 1311 
9051 998 1343 4136 3112 
9052 965 3080 4136 1343 
9053 964 1311 4136 3080 
2 936 3 4
9054 998 3113 4137 1343 
9055 999 1375 4137 3113 
9056 966 3081 4137 1375 
9057 965 1343 4137 3081 
2 937 3 4
9058 999 3114 4138 1375 
9059 1000 1407 4138 3114 
9060 967 3082 4138 1407 
9061 966 1375 4138 3082 
2 938 3 4
9062 1000 3115 4139 1407 
9063 1001 1439 4139 3115 
9064 968 3083 4139 1439 
9065 967 1407 4139 3083 
2 939 3 4
9066 1001 3116 4140 1439 
9067 1002 1471 4140 3116 
9068 969 3084 4140 1471 
9069 968 1439 4140 3084 
2 940 3 4
9070 1002 3117 4141 1471 
9071 1003 1503 4141 3117 
9072 970 3085 4141 1503 
9073 969 1471 4141 3085 
2 941 3 4
9074 1003 3118 4142 1503 
9075 1004 1535 4142 3118 
9076 971 3086 4142 1535 
9077 970 1503 4142 3086 
2 942 3 4
9078 1004 3119 4143 1535 
9079 1005 1567 4143 3119 
9080 972 3087 4143 1567 
9081 971 1535 4143 3087 
2 943 3 4
9082 1005 3120 4144 1567 
9083 1006 1599 4144 3120 
9084 973 3088 4144 1599 
9085 972 1567 4144 3088 
2 944 3 4
9086 1006 3121 4145 1599 
9087 1007 1631 4145 3121 
9088 974 3089 4145 1631 
9089 973 1599 4145 3089 
2 945 3 4
9090 1007 3122 4146 1631 
9091 1008 1663 4146 3122 
9092 975 3090 4146 1663 
9093 974 1631 4146 3090 
2 946 3 4
9094 1008 3123 4147 1663 
9095 1009 1695 4147 3123 
9096 976 3091 4147 1695 
9097 975 1663 4147 3091 
2 947 3 4
9098 1009 3124 4148 1695 
9099 1010 1727 4148 3124 
9100 977 3092 4148 1727 
9101 976 1695 4148 3092 
2 948 3 4
9102 1010 3125 4149 1727 
9103 1011 1759 4149 3125 
9104 978 3093 4149 1759 
9105 977 1727 4149 3093 
2 949 3 4
9106 1011 3126 4150 1759 
9107 1012 1791 4150 3126 
9108 979 3094 4150 1791 
9109 978 1759 4150 3094 
2 950 3 4
9110 1012 3127 4151 1791 
9111 1013 1823 4151 3127 
9112 980 3095 4151 1823 
9113 979 1791 4151 3095 
2 951 3 4
9114 1013 3128 4152 1823 
9115 1014 1855 4152 3128 
9116 981 3096 4152 1855 
9117 980 1823 4152 3096 
2 952 3 4
9118 1014 3129 4153 1855 
9119 1015 1887 4153 3129 
9120 982 3097 4153 1887 
9121 981 1855 4153 3097 
2 953 3 4
9122 1015 3130 4154 1887 
9123 1016 1919 4154 3130 
9124 983 3098 4154 1919 
9125 982 1887 4154 3098 
2 954 3 4
9126 1016 3131 4155 1919 
9127 1017 1951 4155 3131 
9128 984 3099 4155 1951 
9129 983 1919 4155 3099 
2 955 3 4
9130 1017 3132 4156 1951 
9131 1018 1983 4156 3132 
9132 985 3100 4156 1983 
9133 984 1951 4156 3100 
2 956 3 4
9134 1018 3133 4157 1983 
9135 1019 2015 4157 3133 
9136 986 3101 4157 2015 
9137 985 1983 4157 3101 
2 957 3 4
9138 1019 3134 4158 2015 
9139 1020 2047 4158 3134 
9140 987 3102 4158 2047 
9141 986 2015 4158 3102 
2 958 3 4
9142 1020 3135 4159 2047 
9143 1021 2079 4159 3135 
9144 988 3103 4159 2079 
9145 987 2047 4159 3103 
2 959 3 4
9146 1021 3136 4160 2079 
9147 1022 2111 4160 3136 
9148 989 3104 4160 2111 
9149 988 2079 4160 3104 
2 960 3 4
9150 1022 3137 4161 2111 
9151 1023 2143 4161 3137 
9152 990 3105 4161 2143 
9153 989 2111 4161 3105 
2 961 3 4
9154 1024 3138 4162 1120 
9155 1025 1152 4162 3138 
9156 992 3106 4162 1152 
9157 991 1120 4162 3106 
2 962 3 4
9158 1025 3139 4163 1152 
9159 1026 1184 4163 3139 
9160 993 3107 4163 1184 
9161 992 1152 4163 3107 
2 963 3 4
9162 1026 3140 4164 1184 
9163 1027 1216 4164 3140 
9164 994 3108 4164 1216 
9165 993 1184 4164 3108 
2 964 3 4
9166 1027 3141 4165 1216 
9167 1028 1248 4165 3141 
9168 995 3109 4165 1248 
9169 994 1216 4165 3109 
2 965 3 4
9170 1028 3142 4166 1248 
9171 1029 1280 4166 3142 
9172 996 3110 4166 1280 
9173 995 1248 4166 3110 
2 966 3 4
9174 1029 3143 4167 1280 
9175 1030 1312 4167 3143 
9176 997 3111 4167 1312 
9177 996 1280 4167 3111 
2 967 3 4
9178 1030 3144 4168 1312 
9179 1031 1344 4168 3144 
9180 998 3112 4168 1344 
9181 997 1312 4168 3112 
2 968 3 4
9182 1031 3145 4169 1344 
9183 1032 1376 4169 3145 
9184 999 3113 4169 1376 
9185 998 1344 4169 3113 
2 969 3 4
9186 1032 3146 4170 1376 
9187 1033 1408 4170 3146 
9188 1000 3114 4170 1408 
9189 999 1376 4170 3114 
2 970 3 4
9190 1033 3147 4171 1408 
9191 1034 1440 4171 3147 
9192 1001 3115 4171 1440 
9193 1000 1408 4171 3115 
2 971 3 4
9194 1034 3148 4172 1440 
9195 1035 1472 4172 3148 
9196 1002 3116 4172 1472 
9197 1001 1440 4172 3116 
2 972 3 4
9198 1035 3149 4173 1472 
9199 1036 1504 4173 3149 
9200 1003 3117 4173 1504 
9201 1002 1472 4173 3117 
2 973 3 4
9202 1036 3150 4174 1504 
9203 1037 1536 4174 3150 
9204 1004 3118 4174 1536 
9205 1003 1504 4174 3118 
2 974 3 4
9206 1037 3151 4175 1536 
9207 1038 1568 4175 3151 
9208 1005 3119 4175 1568 
9209 1004 1536 4175 3119 
2 975 3 4
9210 1038 3152 4176 1568 
9211 1039 1600 4176 3152 
9212 1006 3120 4176 1600 
9213 1005 1568 4176 3120 
2 976 3 4
9214 1039 3153 4177 1600 
9215 1040 1632 4177 3153 
9216 1007 3121 4177 1632 
9217 1006 1600 4177 3121 
2 977 3 4
9218 1040 3154 4178 1632 
9219 1041 1664 4178 3154 
9220 1008 3122 4178 1664 
9221 1007 1632 4178 3122 
2 978 3 4
9222 1041 3155 4179 1664 
9223 1042 1696 4179 3155 
9224 1009 3123 4179 1696 
9225 1008 1664 4179 3123 
2 979 3 4
9226 1042 3156 4180 1696 
9227 1043 1728 4180 3156 
9228 1010 3124 4180 1728 
9229 1009 1696 4180 3124 
2 980 3 4
9230 1043 3157 4181 1728 
9231 1044 1760 4181 3157 
9232 1011 3125 4181 1760 
9233 1010 1728 4181 3125 
2 981 3 4
9234 1044 3158 4182 1760 
9235 1045 1792 4182 3158 
9236 1012 3126 4182 1792 
9237 1011 1760 4182 3126 
2 982 3 4
9238 1045 3159 4183 1792 
9239 1046 1824 4183 3159 
9240 1013 3127 4183 1824 
9241 1012 1792 4183 3127 
2 983 3 4
9242 1046 3160 4184 1824 
9243 1047 1856 4184 3160 
9244 1014 3128 4184 1856 
9245 1013 1824 4184 3128 
2 984 3 4
9246 1047 3161 4185 1856 
9247 1048 1888 4185 3161 
9248 1015 3129 4185 1888 
9249 1014 1856 4185 3129 
2 985 3 4
9250 1048 3162 4186 1888 
9251 1049 1920 4186 3162 
9252 1016 3130 4186 1920 
9253 1015 1888 4186 3130 
2 986 3 4
9254 1049 3163 4187 1920 
9255 1050 1952 4187 3163 
9256 1017 3131 4187 1952 
9257 1016 1920 4187 3131 
2 987 3 4
9258 1050 3164 4188 1952 
9259 1051 1984 4188 3164 
9260 1018 3132 4188 1984 
9261 1017 1952 4188 3132 
2 988 3 4
9262 1051 3165 4189 1984 
9263 1052 2016 4189 3165 
9264 1019 3133 4189 2016 
9265 1018 1984 4189 3133 
2 989 3 4
9266 1052 3166 4190 2016 
9267 1053 2048 4190 3166 
9268 1020 3134 4190 2048 
9269 1019 2016 4190 3134 
2 990 3 4
9270 1053 3167 4191 2048 
9271 1054 2080 4191 3167 
9272 1021 3135 4191 2080 
9273 1020 2048 4191 3135 
2 991 3 4
9274 1054 3168 4192 2080 
9275 1055 2112 4192 3168 
9276 1022 3136 4192 2112 
9277 1021 2080 4192 3136 
2 992 3 4
9278 1055 3169 4193 2112 
9279 1056 2144 4193 3169 
9280 1023 3137 4193 2144 
9281 1022 2112 4193 3137 
2 993 3 4
9282 1057 3170 4194 1121 
9283 1058 1153 4194 3170 
9284 1025 3138 4194 1153 
9285 1024 1121 4194 3138 
2 994 3 4
9286 1058 3171 4195 1153 
9287 1059 1185 4195 3171 
9288 1026 3139 4195 1185 
9289 1025 1153 4195 3139 
2 995 3 4
9290 1059 3172 4196 1185 
9291 1060 1217 4196 3172 
9292 1027 3140 4196 1217 
9293 1026 1185 4196 3140 
2 996 3 4
9294 1060 3173 4197 1217 
9295 1061 1249 4197 3173 
9296 1028 3141 4197 1249 
9297 1027 1217 4197 3141 
2 997 3 4
9298 1061 3174 4198 1249 
9299 1062 1281 4198 3174 
9300 1029 3142 4198 1281 
9301 1028 1249 4198 3142 
2 998 3 4
9302 1062 3175 4199 1281 
9303 1063 1313 4199 3175 
9304 1030 3143 4199 1313 
9305 1029 1281 4199 3143 
2 999 3 4
9306 1063 3176 4200 1313 
9307 1064 1345 4200 3176 
9308 1031 3144 4200 1345 
9309 1030 1313 4200 3144 
2 1000 3 4
9310 1064 3177 4201 1345 
9311 1065 1377 4201 3177 
9312 1032 3145 4201 1377 
9313 1031 1345 4201 3145 
2 1001 3 4
9314 1065 3178 4202 1377 
9315 1066 1409 4202 3178 
9316 1033 3146 4202 1409 
9317 1032 1377 4202 3146 
2 1002 3 4
9318 1066 3179 4203 1409 
9319 1067 1441 4203 3179 
9320 1034 3147 4203 1441 
9321 1033 1409 4203 3147 
2 1003 3 4
9322 1067 3180 4204 1441 
9323 1068 1473 4204 3180 
9324 1035 3148 4204 1473 
9325 1034 1441 4204 3148 
2 1004 3 4
9326 1068 3181 4205 1473 
9327 1069 1505 4205 3181 
9328 1036 3149 4205 1505 
9329 1035 1473 4205 3149 
2 1005 3 4
9330 1069 3182 4206 1505 
9331 1070 1537 4206 3182 
9332 1037 3150 4206 1537 
9333 1036 1505 4206 3150 
2 1006 3 4
9334 1070 3183 4207 1537 
9335 1071 1569 4207 3183 
9336 1038 3151 4207 1569 
9337 1037 1537 4207 3151 
2 1007 3 4
9338 1071 3184 4208 1569 
9339 1072 1601 4208 3184 
9340 1039 3152 4208 1601 
9341 1038 1569 4208 3152 
2 1008 3 4
9342 1072 3185 4209 1601 
9343 1073 1633 4209 3185 
9344 1040 3153 4209 1633 
9345 1039 1601 4209 3153 
2 1009 3 4
9346 1073 3186 4210 1633 
9347 1074 1665 4210 3186 
9348 1041 3154 4210 1665 
9349 1040 1633 4210 3154 
2 1010 3 4
9350 1074 3187 4211 1665 
9351 1075 1697 4211 3187 
9352 1042 3155 4211 1697 
9353 1041 1665 4211 3155 
2 1011 3 4
9354 1075 3188 4212 1697 
9355 1076 1729 4212 3188 
9356 1043 3156 4212 1729 
9357 1042 1697 4212 3156 
2 1012 3 4
9358 1076 3189 4213 1729 
9359 1077 1761 4213 3189 
9360 1044 3157 4213 1761 
9361 1043 1729 4213 3157 
2 1013 3 4
9362 1077 3190 4214 1761 
9363 1078 1793 4214 3190 
9364 1045 3158 4214 1793 
9365 1044 1761 4214 3158 
2 1014 3 4
9366 1078 3191 4215 1793 
9367 1079 1825 4215 3191 
9368 1046 3159 4215 1825 
9369 1045 1793 4215 3159 
2 1015 3 4
9370 1079 3192 4216 1825 
9371 1080 1857 4216 3192 
9372 1047 3160 4216 1857 
9373 1046 1825 4216 3160 
2 1016 3 4
9374 1080 3193 4217 1857 
9375 1081 1889 4217 3193 
9376 1048 3161 4217 1889 
9377 1047 1857 4217 3161 
2 1017 3 4
9378 1081 3194 4218 1889 
9379 1082 1921 4218 3194 
9380 1049 3162 4218 1921 
9381 1048 1889 4218 3162 
2 1018 3 4
9382 1082 3195 4219 1921 
9383 1083 1953 4219 3195 
9384 1050 3163 4219 1953 
9385 1049 1921 4219 3163 
2 1019 3 4
9386 1083 3196 4220 1953 
9387 1084 1985 4220 3196 
9388 1051 3164 4220 1985 
9389 1050 1953 4220 3164 
2 1020 3 4
9390 1084 3197 4221 1985 
9391 1085 2017 4221 3197 
9392 1052 3165 4221 2017 
9393 1051 1985 4221 3165 
2 1021 3 4
9394 1085 3198 4222 2017 
9395 1086 2049 4222 3198 
9396 1053 3166 4222 2049 
9397 1052 2017 4222 3166 
2 1022 3 4
9398 1086 3199 4223 2049 
9399 1087 2081 4223 3199 
9400 1054 3167 4223 2081 
9401 1053 2049 4223 3167 
2 1023 3 4
9402 1087 3200 4224 2081 
9403 1088 2113 4224 3200 
9404 1055 3168 4224 2113 
9405 1054 2081 4224 3168 
2 1024 3 4
9406 1088 3201 4225 2113 
9407 1089 2145 4225 3201 
9408 1056 3169 4225 2145 
9409 1055 2113 4225 3169 
$EndElements
