$MeshFormat
4.1 0 8
$EndMeshFormat
$Entities
289 544 256 0
1 0 0 0 0 
2 0 0.0625 0 0 
3 0 0.125 0 0 
4 0 0.1875 0 0 
5 0 0.25 0 0 
6 0 0.3125 0 0 
7 0 0.375 0 0 
8 0 0.4375 0 0 
9 0 0.5 0 0 
10 0 0.5625 0 0 
11 0 0.625 0 0 
12 0 0.6875 0 0 
13 0 0.75 0 0 
14 0 0.8125 0 0 
15 0 0.875 0 0 
16 0 0.9375 0 0 
17 0 1 0 0 
18 0.0625 0 0 0 
19 0.0625 0.0625 0 0 
20 0.0625 0.125 0 0 
21 0.0625 0.1875 0 0 
22 0.0625 0.25 0 0 
23 0.0625 0.3125 0 0 
24 0.0625 0.375 0 0 
25 0.0625 0.4375 0 0 
26 0.0625 0.5 0 0 
27 0.0625 0.5625 0 0 
28 0.0625 0.625 0 0 
29 0.0625 0.6875 0 0 
30 0.0625 0.75 0 0 
31 0.0625 0.8125 0 0 
32 0.0625 0.875 0 0 
33 0.0625 0.9375 0 0 
34 0.0625 1 0 0 
35 0.125 0 0 0 
36 0.125 0.0625 0 0 
37 0.125 0.125 0 0 
38 0.125 0.1875 0 0 
39 0.125 0.25 0 0 
40 0.125 0.3125 0 0 
41 0.125 0.375 0 0 
42 0.125 0.4375 0 0 
43 0.125 0.5 0 0 
44 0.125 0.5625 0 0 
45 0.125 0.625 0 0 
46 0.125 0.6875 0 0 
47 0.125 0.75 0 0 
48 0.125 0.8125 0 0 
49 0.125 0.875 0 0 
50 0.125 0.9375 0 0 
51 0.125 1 0 0 
52 0.1875 0 0 0 
53 0.1875 0.0625 0 0 
54 0.1875 0.125 0 0 
55 0.1875 0.1875 0 0 
56 0.1875 0.25 0 0 
57 0.1875 0.3125 0 0 
58 0.1875 0.375 0 0 
59 0.1875 0.4375 0 0 
60 0.1875 0.5 0 0 
61 0.1875 0.5625 0 0 
62 0.1875 0.625 0 0 
63 0.1875 0.6875 0 0 
64 0.1875 0.75 0 0 
65 0.1875 0.8125 0 0 
66 0.1875 0.875 0 0 
67 0.1875 0.9375 0 0 
68 0.1875 1 0 0 
69 0.25 0 0 0 
70 0.25 0.0625 0 0 
71 0.25 0.125 0 0 
72 0.25 0.1875 0 0 
73 0.25 0.25 0 0 
74 0.25 0.3125 0 0 
75 0.25 0.375 0 0 
76 0.25 0.4375 0 0 
77 0.25 0.5 0 0 
78 0.25 0.5625 0 0 
79 0.25 0.625 0 0 
80 0.25 0.6875 0 0 
81 0.25 0.75 0 0 
82 0.25 0.8125 0 0 
83 0.25 0.875 0 0 
84 0.25 0.9375 0 0 
85 0.25 1 0 0 
86 0.3125 0 0 0 
87 0.3125 0.0625 0 0 
88 0.3125 0.125 0 0 
89 0.3125 0.1875 0 0 
90 0.3125 0.25 0 0 
91 0.3125 0.3125 0 0 
92 0.3125 0.375 0 0 
93 0.3125 0.4375 0 0 
94 0.3125 0.5 0 0 
95 0.3125 0.5625 0 0 
96 0.3125 0.625 0 0 
97 0.3125 0.6875 0 0 
98 0.3125 0.75 0 0 
99 0.3125 0.8125 0 0 
100 0.3125 0.875 0 0 
101 0.3125 0.9375 0 0 
102 0.3125 1 0 0 
103 0.375 0 0 0 
104 0.375 0.0625 0 0 
105 0.375 0.125 0 0 
106 0.375 0.1875 0 0 
107 0.375 0.25 0 0 
108 0.375 0.3125 0 0 
109 0.375 0.375 0 0 
110 0.375 0.4375 0 0 
111 0.375 0.5 0 0 
112 0.375 0.5625 0 0 
113 0.375 0.625 0 0 
114 0.375 0.6875 0 0 
115 0.375 0.75 0 0 
116 0.375 0.8125 0 0 
117 0.375 0.875 0 0 
118 0.375 0.9375 0 0 
119 0.375 1 0 0 
120 0.4375 0 0 0 
121 0.4375 0.0625 0 0 
122 0.4375 0.125 0 0 
123 0.4375 0.1875 0 0 
124 0.4375 0.25 0 0 
125 0.4375 0.3125 0 0 
126 0.4375 0.375 0 0 
127 0.4375 0.4375 0 0 
128 0.4375 0.5 0 0 
129 0.4375 0.5625 0 0 
130 0.4375 0.625 0 0 
131 0.4375 0.6875 0 0 
132 0.4375 0.75 0 0 
133 0.4375 0.8125 0 0 
134 0.4375 0.875 0 0 
135 0.4375 0.9375 0 0 
136 0.4375 1 0 0 
137 0.5 0 0 0 
138 0.5 0.0625 0 0 
139 0.5 0.125 0 0 
140 0.5 0.1875 0 0 
141 0.5 0.25 0 0 
142 0.5 0.3125 0 0 
143 0.5 0.375 0 0 
144 0.5 0.4375 0 0 
145 0.5 0.5 0 0 
146 0.5 0.5625 0 0 
147 0.5 0.625 0 0 
148 0.5 0.6875 0 0 
149 0.5 0.75 0 0 
150 0.5 0.8125 0 0 
151 0.5 0.875 0 0 
152 0.5 0.9375 0 0 
153 0.5 1 0 0 
154 0.5625 0 0 0 
155 0.5625 0.0625 0 0 
156 0.5625 0.125 0 0 
157 0.5625 0.1875 0 0 
158 0.5625 0.25 0 0 
159 0.5625 0.3125 0 0 
160 0.5625 0.375 0 0 
161 0.5625 0.4375 0 0 
162 0.5625 0.5 0 0 
163 0.5625 0.5625 0 0 
164 0.5625 0.625 0 0 
165 0.5625 0.6875 0 0 
166 0.5625 0.75 0 0 
167 0.5625 0.8125 0 0 
168 0.5625 0.875 0 0 
169 0.5625 0.9375 0 0 
170 0.5625 1 0 0 
171 0.625 0 0 0 
172 0.625 0.0625 0 0 
173 0.625 0.125 0 0 
174 0.625 0.1875 0 0 
175 0.625 0.25 0 0 
176 0.625 0.3125 0 0 
177 0.625 0.375 0 0 
178 0.625 0.4375 0 0 
179 0.625 0.5 0 0 
180 0.625 0.5625 0 0 
181 0.625 0.625 0 0 
182 0.625 0.6875 0 0 
183 0.625 0.75 0 0 
184 0.625 0.8125 0 0 
185 0.625 0.875 0 0 
186 0.625 0.9375 0 0 
187 0.625 1 0 0 
188 0.6875 0 0 0 
189 0.6875 0.0625 0 0 
190 0.6875 0.125 0 0 
191 0.6875 0.1875 0 0 
192 0.6875 0.25 0 0 
193 0.6875 0.3125 0 0 
194 0.6875 0.375 0 0 
195 0.6875 0.4375 0 0 
196 0.6875 0.5 0 0 
197 0.6875 0.5625 0 0 
198 0.6875 0.625 0 0 
199 0.6875 0.6875 0 0 
200 0.6875 0.75 0 0 
201 0.6875 0.8125 0 0 
202 0.6875 0.875 0 0 
203 0.6875 0.9375 0 0 
204 0.6875 1 0 0 
205 0.75 0 0 0 
206 0.75 0.0625 0 0 
207 0.75 0.125 0 0 
208 0.75 0.1875 0 0 
209 0.75 0.25 0 0 
210 0.75 0.3125 0 0 
211 0.75 0.375 0 0 
212 0.75 0.4375 0 0 
213 0.75 0.5 0 0 
214 0.75 0.5625 0 0 
215 0.75 0.625 0 0 
216 0.75 0.6875 0 0 
217 0.75 0.75 0 0 
218 0.75 0.8125 0 0 
219 0.75 0.875 0 0 
220 0.75 0.9375 0 0 
221 0.75 1 0 0 
222 0.8125 0 0 0 
223 0.8125 0.0625 0 0 
224 0.8125 0.125 0 0 
225 0.8125 0.1875 0 0 
226 0.8125 0.25 0 0 
227 0.8125 0.3125 0 0 
228 0.8125 0.375 0 0 
229 0.8125 0.4375 0 0 
230 0.8125 0.5 0 0 
231 0.8125 0.5625 0 0 
232 0.8125 0.625 0 0 
233 0.8125 0.6875 0 0 
234 0.8125 0.75 0 0 
235 0.8125 0.8125 0 0 
236 0.8125 0.875 0 0 
237 0.8125 0.9375 0 0 
238 0.8125 1 0 0 
239 0.875 0 0 0 
240 0.875 0.0625 0 0 
241 0.875 0.125 0 0 
242 0.875 0.1875 0 0 
243 0.875 0.25 0 0 
244 0.875 0.3125 0 0 
245 0.875 0.375 0 0 
246 0.875 0.4375 0 0 
247 0.875 0.5 0 0 
248 0.875 0.5625 0 0 
249 0.875 0.625 0 0 
250 0.875 0.6875 0 0 
251 0.875 0.75 0 0 
252 0.875 0.8125 0 0 
253 0.875 0.875 0 0 
254 0.875 0.9375 0 0 
255 0.875 1 0 0 
256 0.9375 0 0 0 
257 0.9375 0.0625 0 0 
258 0.9375 0.125 0 0 
259 0.9375 0.1875 0 0 
260 0.9375 0.25 0 0 
261 0.9375 0.3125 0 0 
262 0.9375 0.375 0 0 
263 0.9375 0.4375 0 0 
264 0.9375 0.5 0 0 
265 0.9375 0.5625 0 0 
266 0.9375 0.625 0 0 
267 0.9375 0.6875 0 0 
268 0.9375 0.75 0 0 
269 0.9375 0.8125 0 0 
270 0.9375 0.875 0 0 
271 0.9375 0.9375 0 0 
272 0.9375 1 0 0 
273 1 0 0 0 
274 1 0.0625 0 0 
275 1 0.125 0 0 
276 1 0.1875 0 0 
277 1 0.25 0 0 
278 1 0.3125 0 0 
279 1 0.375 0 0 
280 1 0.4375 0 0 
281 1 0.5 0 0 
282 1 0.5625 0 0 
283 1 0.625 0 0 
284 1 0.6875 0 0 
285 1 0.75 0 0 
286 1 0.8125 0 0 
287 1 0.875 0 0 
288 1 0.9375 0 0 
289 1 1 0 0 
1 0 0 0 0.0625 0 0 0 2 1 -18 
2 0.0625 0 0 0.125 0 0 0 2 18 -35 
3 0.125 0 0 0.1875 0 0 0 2 35 -52 
4 0.1875 0 0 0.25 0 0 0 2 52 -69 
5 0.25 0 0 0.3125 0 0 0 2 69 -86 
6 0.3125 0 0 0.375 0 0 0 2 86 -103 
7 0.375 0 0 0.4375 0 0 0 2 103 -120 
8 0.4375 0 0 0.5 0 0 0 2 120 -137 
9 0.5 0 0 0.5625 0 0 0 2 137 -154 
10 0.5625 0 0 0.625 0 0 0 2 154 -171 
11 0.625 0 0 0.6875 0 0 0 2 171 -188 
12 0.6875 0 0 0.75 0 0 0 2 188 -205 
13 0.75 0 0 0.8125 0 0 0 2 205 -222 
14 0.8125 0 0 0.875 0 0 0 2 222 -239 
15 0.875 0 0 0.9375 0 0 0 2 239 -256 
16 0.9375 0 0 1 0 0 0 2 256 -273 
17 0 0.0625 0 0.0625 0.0625 0 0 2 2 -19 
18 0.0625 0.0625 0 0.125 0.0625 0 0 2 19 -36 
19 0.125 0.0625 0 0.1875 0.0625 0 0 2 36 -53 
20 0.1875 0.0625 0 0.25 0.0625 0 0 2 53 -70 
21 0.25 0.0625 0 0.3125 0.0625 0 0 2 70 -87 
22 0.3125 0.0625 0 0.375 0.0625 0 0 2 87 -104 
23 0.375 0.0625 0 0.4375 0.0625 0 0 2 104 -121 
24 0.4375 0.0625 0 0.5 0.0625 0 0 2 121 -138 
25 0.5 0.0625 0 0.5625 0.0625 0 0 2 138 -155 
26 0.5625 0.0625 0 0.625 0.0625 0 0 2 155 -172 
27 0.625 0.0625 0 0.6875 0.0625 0 0 2 172 -189 
28 0.6875 0.0625 0 0.75 0.0625 0 0 2 189 -206 
29 0.75 0.0625 0 0.8125 0.0625 0 0 2 206 -223 
30 0.8125 0.0625 0 0.875 0.0625 0 0 2 223 -240 
31 0.875 0.0625 0 0.9375 0.0625 0 0 2 240 -257 
32 0.9375 0.0625 0 1 0.0625 0 0 2 257 -274 
33 0 0.125 0 0.0625 0.125 0 0 2 3 -20 
34 0.0625 0.125 0 0.125 0.125 0 0 2 20 -37 
35 0.125 0.125 0 0.1875 0.125 0 0 2 37 -54 
36 0.1875 0.125 0 0.25 0.125 0 0 2 54 -71 
37 0.25 0.125 0 0.3125 0.125 0 0 2 71 -88 
38 0.3125 0.125 0 0.375 0.125 0 0 2 88 -105 
39 0.375 0.125 0 0.4375 0.125 0 0 2 105 -122 
40 0.4375 0.125 0 0.5 0.125 0 0 2 122 -139 
41 0.5 0.125 0 0.5625 0.125 0 0 2 139 -156 
42 0.5625 0.125 0 0.625 0.125 0 0 2 156 -173 
43 0.625 0.125 0 0.6875 0.125 0 0 2 173 -190 
44 0.6875 0.125 0 0.75 0.125 0 0 2 190 -207 
45 0.75 0.125 0 0.8125 0.125 0 0 2 207 -224 
46 0.8125 0.125 0 0.875 0.125 0 0 2 224 -241 
47 0.875 0.125 0 0.9375 0.125 0 0 2 241 -258 
48 0.9375 0.125 0 1 0.125 0 0 2 258 -275 
49 0 0.1875 0 0.0625 0.1875 0 0 2 4 -21 
50 0.0625 0.1875 0 0.125 0.1875 0 0 2 21 -38 
51 0.125 0.1875 0 0.1875 0.1875 0 0 2 38 -55 
52 0.1875 0.1875 0 0.25 0.1875 0 0 2 55 -72 
53 0.25 0.1875 0 0.3125 0.1875 0 0 2 72 -89 
54 0.3125 0.1875 0 0.375 0.1875 0 0 2 89 -106 
55 0.375 0.1875 0 0.4375 0.1875 0 0 2 106 -123 
56 0.4375 0.1875 0 0.5 0.1875 0 0 2 123 -140 
57 0.5 0.1875 0 0.5625 0.1875 0 0 2 140 -157 
58 0.5625 0.1875 0 0.625 0.1875 0 0 2 157 -174 
59 0.625 0.1875 0 0.6875 0.1875 0 0 2 174 -191 
60 0.6875 0.1875 0 0.75 0.1875 0 0 2 191 -208 
61 0.75 0.1875 0 0.8125 0.1875 0 0 2 208 -225 
62 0.8125 0.1875 0 0.875 0.1875 0 0 2 225 -242 
63 0.875 0.1875 0 0.9375 0.1875 0 0 2 242 -259 
64 0.9375 0.1875 0 1 0.1875 0 0 2 259 -276 
65 0 0.25 0 0.0625 0.25 0 0 2 5 -22 
66 0.0625 0.25 0 0.125 0.25 0 0 2 22 -39 
67 0.125 0.25 0 0.1875 0.25 0 0 2 39 -56 
68 0.1875 0.25 0 0.25 0.25 0 0 2 56 -73 
69 0.25 0.25 0 0.3125 0.25 0 0 2 73 -90 
70 0.3125 0.25 0 0.375 0.25 0 0 2 90 -107 
71 0.375 0.25 0 0.4375 0.25 0 0 2 107 -124 
72 0.4375 0.25 0 0.5 0.25 0 0 2 124 -141 
73 0.5 0.25 0 0.5625 0.25 0 0 2 141 -158 
74 0.5625 0.25 0 0.625 0.25 0 0 2 158 -175 
75 0.625 0.25 0 0.6875 0.25 0 0 2 175 -192 
76 0.6875 0.25 0 0.75 0.25 0 0 2 192 -209 
77 0.75 0.25 0 0.8125 0.25 0 0 2 209 -226 
78 0.8125 0.25 0 0.875 0.25 0 0 2 226 -243 
79 0.875 0.25 0 0.9375 0.25 0 0 2 243 -260 
80 0.9375 0.25 0 1 0.25 0 0 2 260 -277 
81 0 0.3125 0 0.0625 0.3125 0 0 2 6 -23 
82 0.0625 0.3125 0 0.125 0.3125 0 0 2 23 -40 
83 0.125 0.3125 0 0.1875 0.3125 0 0 2 40 -57 
84 0.1875 0.3125 0 0.25 0.3125 0 0 2 57 -74 
85 0.25 0.3125 0 0.3125 0.3125 0 0 2 74 -91 
86 0.3125 0.3125 0 0.375 0.3125 0 0 2 91 -108 
87 0.375 0.3125 0 0.4375 0.3125 0 0 2 108 -125 
88 0.4375 0.3125 0 0.5 0.3125 0 0 2 125 -142 
89 0.5 0.3125 0 0.5625 0.3125 0 0 2 142 -159 
90 0.5625 0.3125 0 0.625 0.3125 0 0 2 159 -176 
91 0.625 0.3125 0 0.6875 0.3125 0 0 2 176 -193 
92 0.6875 0.3125 0 0.75 0.3125 0 0 2 193 -210 
93 0.75 0.3125 0 0.8125 0.3125 0 0 2 210 -227 
94 0.8125 0.3125 0 0.875 0.3125 0 0 2 227 -244 
95 0.875 0.3125 0 0.9375 0.3125 0 0 2 244 -261 
96 0.9375 0.3125 0 1 0.3125 0 0 2 261 -278 
97 0 0.375 0 0.0625 0.375 0 0 2 7 -24 
98 0.0625 0.375 0 0.125 0.375 0 0 2 24 -41 
99 0.125 0.375 0 0.1875 0.375 0 0 2 41 -58 
100 0.1875 0.375 0 0.25 0.375 0 0 2 58 -75 
101 0.25 0.375 0 0.3125 0.375 0 0 2 75 -92 
102 0.3125 0.375 0 0.375 0.375 0 0 2 92 -109 
103 0.375 0.375 0 0.4375 0.375 0 0 2 109 -126 
104 0.4375 0.375 0 0.5 0.375 0 0 2 126 -143 
105 0.5 0.375 0 0.5625 0.375 0 0 2 143 -160 
106 0.5625 0.375 0 0.625 0.375 0 0 2 160 -177 
107 0.625 0.375 0 0.6875 0.375 0 0 2 177 -194 
108 0.6875 0.375 0 0.75 0.375 0 0 2 194 -211 
109 0.75 0.375 0 0.8125 0.375 0 0 2 211 -228 
110 0.8125 0.375 0 0.875 0.375 0 0 2 228 -245 
111 0.875 0.375 0 0.9375 0.375 0 0 2 245 -262 
112 0.9375 0.375 0 1 0.375 0 0 2 262 -279 
113 0 0.4375 0 0.0625 0.4375 0 0 2 8 -25 
114 0.0625 0.4375 0 0.125 0.4375 0 0 2 25 -42 
115 0.125 0.4375 0 0.1875 0.4375 0 0 2 42 -59 
116 0.1875 0.4375 0 0.25 0.4375 0 0 2 59 -76 
117 0.25 0.4375 0 0.3125 0.4375 0 0 2 76 -93 
118 0.3125 0.4375 0 0.375 0.4375 0 0 2 93 -110 
119 0.375 0.4375 0 0.4375 0.4375 0 0 2 110 -127 
120 0.4375 0.4375 0 0.5 0.4375 0 0 2 127 -144 
121 0.5 0.4375 0 0.5625 0.4375 0 0 2 144 -161 
122 0.5625 0.4375 0 0.625 0.4375 0 0 2 161 -178 
123 0.625 0.4375 0 0.6875 0.4375 0 0 2 178 -195 
124 0.6875 0.4375 0 0.75 0.4375 0 0 2 195 -212 
125 0.75 0.4375 0 0.8125 0.4375 0 0 2 212 -229 
126 0.8125 0.4375 0 0.875 0.4375 0 0 2 229 -246 
127 0.875 0.4375 0 0.9375 0.4375 0 0 2 246 -263 
128 0.9375 0.4375 0 1 0.4375 0 0 2 263 -280 
129 0 0.5 0 0.0625 0.5 0 0 2 9 -26 
130 0.0625 0.5 0 0.125 0.5 0 0 2 26 -43 
131 0.125 0.5 0 0.1875 0.5 0 0 2 43 -60 
132 0.1875 0.5 0 0.25 0.5 0 0 2 60 -77 
133 0.25 0.5 0 0.3125 0.5 0 0 2 77 -94 
134 0.3125 0.5 0 0.375 0.5 0 0 2 94 -111 
135 0.375 0.5 0 0.4375 0.5 0 0 2 111 -128 
136 0.4375 0.5 0 0.5 0.5 0 0 2 128 -145 
137 0.5 0.5 0 0.5625 0.5 0 0 2 145 -162 
138 0.5625 0.5 0 0.625 0.5 0 0 2 162 -179 
139 0.625 0.5 0 0.6875 0.5 0 0 2 179 -196 
140 0.6875 0.5 0 0.75 0.5 0 0 2 196 -213 
141 0.75 0.5 0 0.8125 0.5 0 0 2 213 -230 
142 0.8125 0.5 0 0.875 0.5 0 0 2 230 -247 
143 0.875 0.5 0 0.9375 0.5 0 0 2 247 -264 
144 0.9375 0.5 0 1 0.5 0 0 2 264 -281 
145 0 0.5625 0 0.0625 0.5625 0 0 2 10 -27 
146 0.0625 0.5625 0 0.125 0.5625 0 0 2 27 -44 
147 0.125 0.5625 0 0.1875 0.5625 0 0 2 44 -61 
148 0.1875 0.5625 0 0.25 0.5625 0 0 2 61 -78 
149 0.25 0.5625 0 0.3125 0.5625 0 0 2 78 -95 
150 0.3125 0.5625 0 0.375 0.5625 0 0 2 95 -112 
151 0.375 0.5625 0 0.4375 0.5625 0 0 2 112 -129 
152 0.4375 0.5625 0 0.5 0.5625 0 0 2 129 -146 
153 0.5 0.5625 0 0.5625 0.5625 0 0 2 146 -163 
154 0.5625 0.5625 0 0.625 0.5625 0 0 2 163 -180 
155 0.625 0.5625 0 0.6875 0.5625 0 0 2 180 -197 
156 0.6875 0.5625 0 0.75 0.5625 0 0 2 197 -214 
157 0.75 0.5625 0 0.8125 0.5625 0 0 2 214 -231 
158 0.8125 0.5625 0 0.875 0.5625 0 0 2 231 -248 
159 0.875 0.5625 0 0.9375 0.5625 0 0 2 248 -265 
160 0.9375 0.5625 0 1 0.5625 0 0 2 265 -282 
161 0 0.625 0 0.0625 0.625 0 0 2 11 -28 
162 0.0625 0.625 0 0.125 0.625 0 0 2 28 -45 
163 0.125 0.625 0 0.1875 0.625 0 0 2 45 -62 
164 0.1875 0.625 0 0.25 0.625 0 0 2 62 -79 
165 0.25 0.625 0 0.3125 0.625 0 0 2 79 -96 
166 0.3125 0.625 0 0.375 0.625 0 0 2 96 -113 
167 0.375 0.625 0 0.4375 0.625 0 0 2 113 -130 
168 0.4375 0.625 0 0.5 0.625 0 0 2 130 -147 
169 0.5 0.625 0 0.5625 0.625 0 0 2 147 -164 
170 0.5625 0.625 0 0.625 0.625 0 0 2 164 -181 
171 0.625 0.625 0 0.6875 0.625 0 0 2 181 -198 
172 0.6875 0.625 0 0.75 0.625 0 0 2 198 -215 
173 0.75 0.625 0 0.8125 0.625 0 0 2 215 -232 
174 0.8125 0.625 0 0.875 0.625 0 0 2 232 -249 
175 0.875 0.625 0 0.9375 0.625 0 0 2 249 -266 
176 0.9375 0.625 0 1 0.625 0 0 2 266 -283 
177 0 0.6875 0 0.0625 0.6875 0 0 2 12 -29 
178 0.0625 0.6875 0 0.125 0.6875 0 0 2 29 -46 
179 0.125 0.6875 0 0.1875 0.6875 0 0 2 46 -63 
180 0.1875 0.6875 0 0.25 0.6875 0 0 2 63 -80 
181 0.25 0.6875 0 0.3125 0.6875 0 0 2 80 -97 
182 0.3125 0.6875 0 0.375 0.6875 0 0 2 97 -114 
183 0.375 0.6875 0 0.4375 0.6875 0 0 2 114 -131 
184 0.4375 0.6875 0 0.5 0.6875 0 0 2 131 -148 
185 0.5 0.6875 0 0.5625 0.6875 0 0 2 148 -165 
186 0.5625 0.6875 0 0.625 0.6875 0 0 2 165 -182 
187 0.625 0.6875 0 0.6875 0.6875 0 0 2 182 -199 
188 0.6875 0.6875 0 0.75 0.6875 0 0 2 199 -216 
189 0.75 0.6875 0 0.8125 0.6875 0 0 2 216 -233 
190 0.8125 0.6875 0 0.875 0.6875 0 0 2 233 -250 
191 0.875 0.6875 0 0.9375 0.6875 0 0 2 250 -267 
192 0.9375 0.6875 0 1 0.6875 0 0 2 267 -284 
193 0 0.75 0 0.0625 0.75 0 0 2 13 -30 
194 0.0625 0.75 0 0.125 0.75 0 0 2 30 -47 
195 0.125 0.75 0 0.1875 0.75 0 0 2 47 -64 
196 0.1875 0.75 0 0.25 0.75 0 0 2 64 -81 
197 0.25 0.75 0 0.3125 0.75 0 0 2 81 -98 
198 0.3125 0.75 0 0.375 0.75 0 0 2 98 -115 
199 0.375 0.75 0 0.4375 0.75 0 0 2 115 -132 
200 0.4375 0.75 0 0.5 0.75 0 0 2 132 -149 
201 0.5 0.75 0 0.5625 0.75 0 0 2 149 -166 
202 0.5625 0.75 0 0.625 0.75 0 0 2 166 -183 
203 0.625 0.75 0 0.6875 0.75 0 0 2 183 -200 
204 0.6875 0.75 0 0.75 0.75 0 0 2 200 -217 
205 0.75 0.75 0 0.8125 0.75 0 0 2 217 -234 
206 0.8125 0.75 0 0.875 0.75 0 0 2 234 -251 
207 0.875 0.75 0 0.9375 0.75 0 0 2 251 -268 
208 0.9375 0.75 0 1 0.75 0 0 2 268 -285 
209 0 0.8125 0 0.0625 0.8125 0 0 2 14 -31 
210 0.0625 0.8125 0 0.125 0.8125 0 0 2 31 -48 
211 0.125 0.8125 0 0.1875 0.8125 0 0 2 48 -65 
212 0.1875 0.8125 0 0.25 0.8125 0 0 2 65 -82 
213 0.25 0.8125 0 0.3125 0.8125 0 0 2 82 -99 
214 0.3125 0.8125 0 0.375 0.8125 0 0 2 99 -116 
215 0.375 0.8125 0 0.4375 0.8125 0 0 2 116 -133 
216 0.4375 0.8125 0 0.5 0.8125 0 0 2 133 -150 
217 0.5 0.8125 0 0.5625 0.8125 0 0 2 150 -167 
218 0.5625 0.8125 0 0.625 0.8125 0 0 2 167 -184 
219 0.625 0.8125 0 0.6875 0.8125 0 0 2 184 -201 
220 0.6875 0.8125 0 0.75 0.8125 0 0 2 201 -218 
221 0.75 0.8125 0 0.8125 0.8125 0 0 2 218 -235 
222 0.8125 0.8125 0 0.875 0.8125 0 0 2 235 -252 
223 0.875 0.8125 0 0.9375 0.8125 0 0 2 252 -269 
224 0.9375 0.8125 0 1 0.8125 0 0 2 269 -286 
225 0 0.875 0 0.0625 0.875 0 0 2 15 -32 
226 0.0625 0.875 0 0.125 0.875 0 0 2 32 -49 
227 0.125 0.875 0 0.1875 0.875 0 0 2 49 -66 
228 0.1875 0.875 0 0.25 0.875 0 0 2 66 -83 
229 0.25 0.875 0 0.3125 0.875 0 0 2 83 -100 
230 0.3125 0.875 0 0.375 0.875 0 0 2 100 -117 
231 0.375 0.875 0 0.4375 0.875 0 0 2 117 -134 
232 0.4375 0.875 0 0.5 0.875 0 0 2 134 -151 
233 0.5 0.875 0 0.5625 0.875 0 0 2 151 -168 
234 0.5625 0.875 0 0.625 0.875 0 0 2 168 -185 
235 0.625 0.875 0 0.6875 0.875 0 0 2 185 -202 
236 0.6875 0.875 0 0.75 0.875 0 0 2 202 -219 
237 0.75 0.875 0 0.8125 0.875 0 0 2 219 -236 
238 0.8125 0.875 0 0.875 0.875 0 0 2 236 -253 
239 0.875 0.875 0 0.9375 0.875 0 0 2 253 -270 
240 0.9375 0.875 0 1 0.875 0 0 2 270 -287 
241 0 0.9375 0 0.0625 0.9375 0 0 2 16 -33 
242 0.0625 0.9375 0 0.125 0.9375 0 0 2 33 -50 
243 0.125 0.9375 0 0.1875 0.9375 0 0 2 50 -67 
244 0.1875 0.9375 0 0.25 0.9375 0 0 2 67 -84 
245 0.25 0.9375 0 0.3125 0.9375 0 0 2 84 -101 
246 0.3125 0.9375 0 0.375 0.9375 0 0 2 101 -118 
247 0.375 0.9375 0 0.4375 0.9375 0 0 2 118 -135 
248 0.4375 0.9375 0 0.5 0.9375 0 0 2 135 -152 
249 0.5 0.9375 0 0.5625 0.9375 0 0 2 152 -169 
250 0.5625 0.9375 0 0.625 0.9375 0 0 2 169 -186 
251 0.625 0.9375 0 0.6875 0.9375 0 0 2 186 -203 
252 0.6875 0.9375 0 0.75 0.9375 0 0 2 203 -220 
253 0.75 0.9375 0 0.8125 0.9375 0 0 2 220 -237 
254 0.8125 0.9375 0 0.875 0.9375 0 0 2 237 -254 
255 0.875 0.9375 0 0.9375 0.9375 0 0 2 254 -271 
256 0.9375 0.9375 0 1 0.9375 0 0 2 271 -288 
257 0 1 0 0.0625 1 0 0 2 17 -34 
258 0.0625 1 0 0.125 1 0 0 2 34 -51 
259 0.125 1 0 0.1875 1 0 0 2 51 -68 
260 0.1875 1 0 0.25 1 0 0 2 68 -85 
261 0.25 1 0 0.3125 1 0 0 2 85 -102 
262 0.3125 1 0 0.375 1 0 0 2 102 -119 
263 0.375 1 0 0.4375 1 0 0 2 119 -136 
264 0.4375 1 0 0.5 1 0 0 2 136 -153 
265 0.5 1 0 0.5625 1 0 0 2 153 -170 
266 0.5625 1 0 0.625 1 0 0 2 170 -187 
267 0.625 1 0 0.6875 1 0 0 2 187 -204 
268 0.6875 1 0 0.75 1 0 0 2 204 -221 
269 0.75 1 0 0.8125 1 0 0 2 221 -238 
270 0.8125 1 0 0.875 1 0 0 2 238 -255 
271 0.875 1 0 0.9375 1 0 0 2 255 -272 
272 0.9375 1 0 1 1 0 0 2 272 -289 
273 0 0 0 0 0.0625 0 0 2 1 -2 
274 0 0.0625 0 0 0.125 0 0 2 2 -3 
275 0 0.125 0 0 0.1875 0 0 2 3 -4 
276 0 0.1875 0 0 0.25 0 0 2 4 -5 
277 0 0.25 0 0 0.3125 0 0 2 5 -6 
278 0 0.3125 0 0 0.375 0 0 2 6 -7 
279 0 0.375 0 0 0.4375 0 0 2 7 -8 
280 0 0.4375 0 0 0.5 0 0 2 8 -9 
281 0 0.5 0 0 0.5625 0 0 2 9 -10 
282 0 0.5625 0 0 0.625 0 0 2 10 -11 
283 0 0.625 0 0 0.6875 0 0 2 11 -12 
284 0 0.6875 0 0 0.75 0 0 2 12 -13 
285 0 0.75 0 0 0.8125 0 0 2 13 -14 
286 0 0.8125 0 0 0.875 0 0 2 14 -15 
287 0 0.875 0 0 0.9375 0 0 2 15 -16 
288 0 0.9375 0 0 1 0 0 2 16 -17 
289 0.0625 0 0 0.0625 0.0625 0 0 2 18 -19 
290 0.0625 0.0625 0 0.0625 0.125 0 0 2 19 -20 
291 0.0625 0.125 0 0.0625 0.1875 0 0 2 20 -21 
292 0.0625 0.1875 0 0.0625 0.25 0 0 2 21 -22 
293 0.0625 0.25 0 0.0625 0.3125 0 0 2 22 -23 
294 0.0625 0.3125 0 0.0625 0.375 0 0 2 23 -24 
295 0.0625 0.375 0 0.0625 0.4375 0 0 2 24 -25 
296 0.0625 0.4375 0 0.0625 0.5 0 0 2 25 -26 
297 0.0625 0.5 0 0.0625 0.5625 0 0 2 26 -27 
298 0.0625 0.5625 0 0.0625 0.625 0 0 2 27 -28 
299 0.0625 0.625 0 0.0625 0.6875 0 0 2 28 -29 
300 0.0625 0.6875 0 0.0625 0.75 0 0 2 29 -30 
301 0.0625 0.75 0 0.0625 0.8125 0 0 2 30 -31 
302 0.0625 0.8125 0 0.0625 0.875 0 0 2 31 -32 
303 0.0625 0.875 0 0.0625 0.9375 0 0 2 32 -33 
304 0.0625 0.9375 0 0.0625 1 0 0 2 33 -34 
305 0.125 0 0 0.125 0.0625 0 0 2 35 -36 
306 0.125 0.0625 0 0.125 0.125 0 0 2 36 -37 
307 0.125 0.125 0 0.125 0.1875 0 0 2 37 -38 
308 0.125 0.1875 0 0.125 0.25 0 0 2 38 -39 
309 0.125 0.25 0 0.125 0.3125 0 0 2 39 -40 
310 0.125 0.3125 0 0.125 0.375 0 0 2 40 -41 
311 0.125 0.375 0 0.125 0.4375 0 0 2 41 -42 
312 0.125 0.4375 0 0.125 0.5 0 0 2 42 -43 
313 0.125 0.5 0 0.125 0.5625 0 0 2 43 -44 
314 0.125 0.5625 0 0.125 0.625 0 0 2 44 -45 
315 0.125 0.625 0 0.125 0.6875 0 0 2 45 -46 
316 0.125 0.6875 0 0.125 0.75 0 0 2 46 -47 
317 0.125 0.75 0 0.125 0.8125 0 0 2 47 -48 
318 0.125 0.8125 0 0.125 0.875 0 0 2 48 -49 
319 0.125 0.875 0 0.125 0.9375 0 0 2 49 -50 
320 0.125 0.9375 0 0.125 1 0 0 2 50 -51 
321 0.1875 0 0 0.1875 0.0625 0 0 2 52 -53 
322 0.1875 0.0625 0 0.1875 0.125 0 0 2 53 -54 
323 0.1875 0.125 0 0.1875 0.1875 0 0 2 54 -55 
324 0.1875 0.1875 0 0.1875 0.25 0 0 2 55 -56 
325 0.1875 0.25 0 0.1875 0.3125 0 0 2 56 -57 
326 0.1875 0.3125 0 0.1875 0.375 0 0 2 57 -58 
327 0.1875 0.375 0 0.1875 0.4375 0 0 2 58 -59 
328 0.1875 0.4375 0 0.1875 0.5 0 0 2 59 -60 
329 0.1875 0.5 0 0.1875 0.5625 0 0 2 60 -61 
330 0.1875 0.5625 0 0.1875 0.625 0 0 2 61 -62 
331 0.1875 0.625 0 0.1875 0.6875 0 0 2 62 -63 
332 0.1875 0.6875 0 0.1875 0.75 0 0 2 63 -64 
333 0.1875 0.75 0 0.1875 0.8125 0 0 2 64 -65 
334 0.1875 0.8125 0 0.1875 0.875 0 0 2 65 -66 
335 0.1875 0.875 0 0.1875 0.9375 0 0 2 66 -67 
336 0.1875 0.9375 0 0.1875 1 0 0 2 67 -68 
337 0.25 0 0 0.25 0.0625 0 0 2 69 -70 
338 0.25 0.0625 0 0.25 0.125 0 0 2 70 -71 
339 0.25 0.125 0 0.25 0.1875 0 0 2 71 -72 
340 0.25 0.1875 0 0.25 0.25 0 0 2 72 -73 
341 0.25 0.25 0 0.25 0.3125 0 0 2 73 -74 
342 0.25 0.3125 0 0.25 0.375 0 0 2 74 -75 
343 0.25 0.375 0 0.25 0.4375 0 0 2 75 -76 
344 0.25 0.4375 0 0.25 0.5 0 0 2 76 -77 
345 0.25 0.5 0 0.25 0.5625 0 0 2 77 -78 
346 0.25 0.5625 0 0.25 0.625 0 0 2 78 -79 
347 0.25 0.625 0 0.25 0.6875 0 0 2 79 -80 
348 0.25 0.6875 0 0.25 0.75 0 0 2 80 -81 
349 0.25 0.75 0 0.25 0.8125 0 0 2 81 -82 
350 0.25 0.8125 0 0.25 0.875 0 0 2 82 -83 
351 0.25 0.875 0 0.25 0.9375 0 0 2 83 -84 
352 0.25 0.9375 0 0.25 1 0 0 2 84 -85 
353 0.3125 0 0 0.3125 0.0625 0 0 2 86 -87 
354 0.3125 0.0625 0 0.3125 0.125 0 0 2 87 -88 
355 0.3125 0.125 0 0.3125 0.1875 0 0 2 88 -89 
356 0.3125 0.1875 0 0.3125 0.25 0 0 2 89 -90 
357 0.3125 0.25 0 0.3125 0.3125 0 0 2 90 -91 
358 0.3125 0.3125 0 0.3125 0.375 0 0 2 91 -92 
359 0.3125 0.375 0 0.3125 0.4375 0 0 2 92 -93 
360 0.3125 0.4375 0 0.3125 0.5 0 0 2 93 -94 
361 0.3125 0.5 0 0.3125 0.5625 0 0 2 94 -95 
362 0.3125 0.5625 0 0.3125 0.625 0 0 2 95 -96 
363 0.3125 0.625 0 0.3125 0.6875 0 0 2 96 -97 
364 0.3125 0.6875 0 0.3125 0.75 0 0 2 97 -98 
365 0.3125 0.75 0 0.3125 0.8125 0 0 2 98 -99 
366 0.3125 0.8125 0 0.3125 0.875 0 0 2 99 -100 
367 0.3125 0.875 0 0.3125 0.9375 0 0 2 100 -101 
368 0.3125 0.9375 0 0.3125 1 0 0 2 101 -102 
369 0.375 0 0 0.375 0.0625 0 0 2 103 -104 
370 0.375 0.0625 0 0.375 0.125 0 0 2 104 -105 
371 0.375 0.125 0 0.375 0.1875 0 0 2 105 -106 
372 0.375 0.1875 0 0.375 0.25 0 0 2 106 -107 
373 0.375 0.25 0 0.375 0.3125 0 0 2 107 -108 
374 0.375 0.3125 0 0.375 0.375 0 0 2 108 -109 
375 0.375 0.375 0 0.375 0.4375 0 0 2 109 -110 
376 0.375 0.4375 0 0.375 0.5 0 0 2 110 -111 
377 0.375 0.5 0 0.375 0.5625 0 0 2 111 -112 
378 0.375 0.5625 0 0.375 0.625 0 0 2 112 -113 
379 0.375 0.625 0 0.375 0.6875 0 0 2 113 -114 
380 0.375 0.6875 0 0.375 0.75 0 0 2 114 -115 
381 0.375 0.75 0 0.375 0.8125 0 0 2 115 -116 
382 0.375 0.8125 0 0.375 0.875 0 0 2 116 -117 
383 0.375 0.875 0 0.375 0.9375 0 0 2 117 -118 
384 0.375 0.9375 0 0.375 1 0 0 2 118 -119 
385 0.4375 0 0 0.4375 0.0625 0 0 2 120 -121 
386 0.4375 0.0625 0 0.4375 0.125 0 0 2 121 -122 
387 0.4375 0.125 0 0.4375 0.1875 0 0 2 122 -123 
388 0.4375 0.1875 0 0.4375 0.25 0 0 2 123 -124 
389 0.4375 0.25 0 0.4375 0.3125 0 0 2 124 -125 
390 0.4375 0.3125 0 0.4375 0.375 0 0 2 125 -126 
391 0.4375 0.375 0 0.4375 0.4375 0 0 2 126 -127 
392 0.4375 0.4375 0 0.4375 0.5 0 0 2 127 -128 
393 0.4375 0.5 0 0.4375 0.5625 0 0 2 128 -129 
394 0.4375 0.5625 0 0.4375 0.625 0 0 2 129 -130 
395 0.4375 0.625 0 0.4375 0.6875 0 0 2 130 -131 
396 0.4375 0.6875 0 0.4375 0.75 0 0 2 131 -132 
397 0.4375 0.75 0 0.4375 0.8125 0 0 2 132 -133 
398 0.4375 0.8125 0 0.4375 0.875 0 0 2 133 -134 
399 0.4375 0.875 0 0.4375 0.9375 0 0 2 134 -135 
400 0.4375 0.9375 0 0.4375 1 0 0 2 135 -136 
401 0.5 0 0 0.5 0.0625 0 0 2 137 -138 
402 0.5 0.0625 0 0.5 0.125 0 0 2 138 -139 
403 0.5 0.125 0 0.5 0.1875 0 0 2 139 -140 
404 0.5 0.1875 0 0.5 0.25 0 0 2 140 -141 
405 0.5 0.25 0 0.5 0.3125 0 0 2 141 -142 
406 0.5 0.3125 0 0.5 0.375 0 0 2 142 -143 
407 0.5 0.375 0 0.5 0.4375 0 0 2 143 -144 
408 0.5 0.4375 0 0.5 0.5 0 0 2 144 -145 
409 0.5 0.5 0 0.5 0.5625 0 0 2 145 -146 
410 0.5 0.5625 0 0.5 0.625 0 0 2 146 -147 
411 0.5 0.625 0 0.5 0.6875 0 0 2 147 -148 
412 0.5 0.6875 0 0.5 0.75 0 0 2 148 -149 
413 0.5 0.75 0 0.5 0.8125 0 0 2 149 -150 
414 0.5 0.8125 0 0.5 0.875 0 0 2 150 -151 
415 0.5 0.875 0 0.5 0.9375 0 0 2 151 -152 
416 0.5 0.9375 0 0.5 1 0 0 2 152 -153 
417 0.5625 0 0 0.5625 0.0625 0 0 2 154 -155 
418 0.5625 0.0625 0 0.5625 0.125 0 0 2 155 -156 
419 0.5625 0.125 0 0.5625 0.1875 0 0 2 156 -157 
420 0.5625 0.1875 0 0.5625 0.25 0 0 2 157 -158 
421 0.5625 0.25 0 0.5625 0.3125 0 0 2 158 -159 
422 0.5625 0.3125 0 0.5625 0.375 0 0 2 159 -160 
423 0.5625 0.375 0 0.5625 0.4375 0 0 2 160 -161 
424 0.5625 0.4375 0 0.5625 0.5 0 0 2 161 -162 
425 0.5625 0.5 0 0.5625 0.5625 0 0 2 162 -163 
426 0.5625 0.5625 0 0.5625 0.625 0 0 2 163 -164 
427 0.5625 0.625 0 0.5625 0.6875 0 0 2 164 -165 
428 0.5625 0.6875 0 0.5625 0.75 0 0 2 165 -166 
429 0.5625 0.75 0 0.5625 0.8125 0 0 2 166 -167 
430 0.5625 0.8125 0 0.5625 0.875 0 0 2 167 -168 
431 0.5625 0.875 0 0.5625 0.9375 0 0 2 168 -169 
432 0.5625 0.9375 0 0.5625 1 0 0 2 169 -170 
433 0.625 0 0 0.625 0.0625 0 0 2 171 -172 
434 0.625 0.0625 0 0.625 0.125 0 0 2 172 -173 
435 0.625 0.125 0 0.625 0.1875 0 0 2 173 -174 
436 0.625 0.1875 0 0.625 0.25 0 0 2 174 -175 
437 0.625 0.25 0 0.625 0.3125 0 0 2 175 -176 
438 0.625 0.3125 0 0.625 0.375 0 0 2 176 -177 
439 0.625 0.375 0 0.625 0.4375 0 0 2 177 -178 
440 0.625 0.4375 0 0.625 0.5 0 0 2 178 -179 
441 0.625 0.5 0 0.625 0.5625 0 0 2 179 -180 
442 0.625 0.5625 0 0.625 0.625 0 0 2 180 -181 
443 0.625 0.625 0 0.625 0.6875 0 0 2 181 -182 
444 0.625 0.6875 0 0.625 0.75 0 0 2 182 -183 
445 0.625 0.75 0 0.625 0.8125 0 0 2 183 -184 
446 0.625 0.8125 0 0.625 0.875 0 0 2 184 -185 
447 0.625 0.875 0 0.625 0.9375 0 0 2 185 -186 
448 0.625 0.9375 0 0.625 1 0 0 2 186 -187 
449 0.6875 0 0 0.6875 0.0625 0 0 2 188 -189 
450 0.6875 0.0625 0 0.6875 0.125 0 0 2 189 -190 
451 0.6875 0.125 0 0.6875 0.1875 0 0 2 190 -191 
452 0.6875 0.1875 0 0.6875 0.25 0 0 2 191 -192 
453 0.6875 0.25 0 0.6875 0.3125 0 0 2 192 -193 
454 0.6875 0.3125 0 0.6875 0.375 0 0 2 193 -194 
455 0.6875 0.375 0 0.6875 0.4375 0 0 2 194 -195 
456 0.6875 0.4375 0 0.6875 0.5 0 0 2 195 -196 
457 0.6875 0.5 0 0.6875 0.5625 0 0 2 196 -197 
458 0.6875 0.5625 0 0.6875 0.625 0 0 2 197 -198 
459 0.6875 0.625 0 0.6875 0.6875 0 0 2 198 -199 
460 0.6875 0.6875 0 0.6875 0.75 0 0 2 199 -200 
461 0.6875 0.75 0 0.6875 0.8125 0 0 2 200 -201 
462 0.6875 0.8125 0 0.6875 0.875 0 0 2 201 -202 
463 0.6875 0.875 0 0.6875 0.9375 0 0 2 202 -203 
464 0.6875 0.9375 0 0.6875 1 0 0 2 203 -204 
465 0.75 0 0 0.75 0.0625 0 0 2 205 -206 
466 0.75 0.0625 0 0.75 0.125 0 0 2 206 -207 
467 0.75 0.125 0 0.75 0.1875 0 0 2 207 -208 
468 0.75 0.1875 0 0.75 0.25 0 0 2 208 -209 
469 0.75 0.25 0 0.75 0.3125 0 0 2 209 -210 
470 0.75 0.3125 0 0.75 0.375 0 0 2 210 -211 
471 0.75 0.375 0 0.75 0.4375 0 0 2 211 -212 
472 0.75 0.4375 0 0.75 0.5 0 0 2 212 -213 
473 0.75 0.5 0 0.75 0.5625 0 0 2 213 -214 
474 0.75 0.5625 0 0.75 0.625 0 0 2 214 -215 
475 0.75 0.625 0 0.75 0.6875 0 0 2 215 -216 
476 0.75 0.6875 0 0.75 0.75 0 0 2 216 -217 
477 0.75 0.75 0 0.75 0.8125 0 0 2 217 -218 
478 0.75 0.8125 0 0.75 0.875 0 0 2 218 -219 
479 0.75 0.875 0 0.75 0.9375 0 0 2 219 -220 
480 0.75 0.9375 0 0.75 1 0 0 2 220 -221 
481 0.8125 0 0 0.8125 0.0625 0 0 2 222 -223 
482 0.8125 0.0625 0 0.8125 0.125 0 0 2 223 -224 
483 0.8125 0.125 0 0.8125 0.1875 0 0 2 224 -225 
484 0.8125 0.1875 0 0.8125 0.25 0 0 2 225 -226 
485 0.8125 0.25 0 0.8125 0.3125 0 0 2 226 -227 
486 0.8125 0.3125 0 0.8125 0.375 0 0 2 227 -228 
487 0.8125 0.375 0 0.8125 0.4375 0 0 2 228 -229 
488 0.8125 0.4375 0 0.8125 0.5 0 0 2 229 -230 
489 0.8125 0.5 0 0.8125 0.5625 0 0 2 230 -231 
490 0.8125 0.5625 0 0.8125 0.625 0 0 2 231 -232 
491 0.8125 0.625 0 0.8125 0.6875 0 0 2 232 -233 
492 0.8125 0.6875 0 0.8125 0.75 0 0 2 233 -234 
493 0.8125 0.75 0 0.8125 0.8125 0 0 2 234 -235 
494 0.8125 0.8125 0 0.8125 0.875 0 0 2 235 -236 
495 0.8125 0.875 0 0.8125 0.9375 0 0 2 236 -237 
496 0.8125 0.9375 0 0.8125 1 0 0 2 237 -238 
497 0.875 0 0 0.875 0.0625 0 0 2 239 -240 
498 0.875 0.0625 0 0.875 0.125 0 0 2 240 -241 
499 0.875 0.125 0 0.875 0.1875 0 0 2 241 -242 
500 0.875 0.1875 0 0.875 0.25 0 0 2 242 -243 
501 0.875 0.25 0 0.875 0.3125 0 0 2 243 -244 
502 0.875 0.3125 0 0.875 0.375 0 0 2 244 -245 
503 0.875 0.375 0 0.875 0.4375 0 0 2 245 -246 
504 0.875 0.4375 0 0.875 0.5 0 0 2 246 -247 
505 0.875 0.5 0 0.875 0.5625 0 0 2 247 -248 
506 0.875 0.5625 0 0.875 0.625 0 0 2 248 -249 
507 0.875 0.625 0 0.875 0.6875 0 0 2 249 -250 
508 0.875 0.6875 0 0.875 0.75 0 0 2 250 -251 
509 0.875 0.75 0 0.875 0.8125 0 0 2 251 -252 
510 0.875 0.8125 0 0.875 0.875 0 0 2 252 -253 
511 0.875 0.875 0 0.875 0.9375 0 0 2 253 -254 
512 0.875 0.9375 0 0.875 1 0 0 2 254 -255 
513 0.9375 0 0 0.9375 0.0625 0 0 2 256 -257 
514 0.9375 0.0625 0 0.9375 0.125 0 0 2 257 -258 
515 0.9375 0.125 0 0.9375 0.1875 0 0 2 258 -259 
516 0.9375 0.1875 0 0.9375 0.25 0 0 2 259 -260 
517 0.9375 0.25 0 0.9375 0.3125 0 0 2 260 -261 
518 0.9375 0.3125 0 0.9375 0.375 0 0 2 261 -262 
519 0.9375 0.375 0 0.9375 0.4375 0 0 2 262 -263 
520 0.9375 0.4375 0 0.9375 0.5 0 0 2 263 -264 
521 0.9375 0.5 0 0.9375 0.5625 0 0 2 264 -265 
522 0.9375 0.5625 0 0.9375 0.625 0 0 2 265 -266 
523 0.9375 0.625 0 0.9375 0.6875 0 0 2 266 -267 
524 0.9375 0.6875 0 0.9375 0.75 0 0 2 267 -268 
525 0.9375 0.75 0 0.9375 0.8125 0 0 2 268 -269 
526 0.9375 0.8125 0 0.9375 0.875 0 0 2 269 -270 
527 0.9375 0.875 0 0.9375 0.9375 0 0 2 270 -271 
528 0.9375 0.9375 0 0.9375 1 0 0 2 271 -272 
529 1 0 0 1 0.0625 0 0 2 273 -274 
530 1 0.0625 0 1 0.125 0 0 2 274 -275 
531 1 0.125 0 1 0.1875 0 0 2 275 -276 
532 1 0.1875 0 1 0.25 0 0 2 276 -277 
533 1 0.25 0 1 0.3125 0 0 2 277 -278 
534 1 0.3125 0 1 0.375 0 0 2 278 -279 
535 1 0.375 0 1 0.4375 0 0 2 279 -280 
536 1 0.4375 0 1 0.5 0 0 2 280 -281 
537 1 0.5 0 1 0.5625 0 0 2 281 -282 
538 1 0.5625 0 1 0.625 0 0 2 282 -283 
539 1 0.625 0 1 0.6875 0 0 2 283 -284 
540 1 0.6875 0 1 0.75 0 0 2 284 -285 
541 1 0.75 0 1 0.8125 0 0 2 285 -286 
542 1 0.8125 0 1 0.875 0 0 2 286 -287 
543 1 0.875 0 1 0.9375 0 0 2 287 -288 
544 1 0.9375 0 1 1 0 0 2 288 -289 
1 0 0 0 0.0625 0.0625 0 0 4 1 289 -17 -273 
2 0 0.0625 0 0.0625 0.125 0 0 4 17 290 -33 -274 
3 0 0.125 0 0.0625 0.1875 0 0 4 33 291 -49 -275 
4 0 0.1875 0 0.0625 0.25 0 0 4 49 292 -65 -276 
5 0 0.25 0 0.0625 0.3125 0 0 4 65 293 -81 -277 
6 0 0.3125 0 0.0625 0.375 0 0 4 81 294 -97 -278 
7 0 0.375 0 0.0625 0.4375 0 0 4 97 295 -113 -279 
8 0 0.4375 0 0.0625 0.5 0 0 4 113 296 -129 -280 
9 0 0.5 0 0.0625 0.5625 0 0 4 129 297 -145 -281 
10 0 0.5625 0 0.0625 0.625 0 0 4 145 298 -161 -282 
11 0 0.625 0 0.0625 0.6875 0 0 4 161 299 -177 -283 
12 0 0.6875 0 0.0625 0.75 0 0 4 177 300 -193 -284 
13 0 0.75 0 0.0625 0.8125 0 0 4 193 301 -209 -285 
14 0 0.8125 0 0.0625 0.875 0 0 4 209 302 -225 -286 
15 0 0.875 0 0.0625 0.9375 0 0 4 225 303 -241 -287 
16 0 0.9375 0 0.0625 1 0 0 4 241 304 -257 -288 
17 0.0625 0 0 0.125 0.0625 0 0 4 2 305 -18 -289 
18 0.0625 0.0625 0 0.125 0.125 0 0 4 18 306 -34 -290 
19 0.0625 0.125 0 0.125 0.1875 0 0 4 34 307 -50 -291 
20 0.0625 0.1875 0 0.125 0.25 0 0 4 50 308 -66 -292 
21 0.0625 0.25 0 0.125 0.3125 0 0 4 66 309 -82 -293 
22 0.0625 0.3125 0 0.125 0.375 0 0 4 82 310 -98 -294 
23 0.0625 0.375 0 0.125 0.4375 0 0 4 98 311 -114 -295 
24 0.0625 0.4375 0 0.125 0.5 0 0 4 114 312 -130 -296 
25 0.0625 0.5 0 0.125 0.5625 0 0 4 130 313 -146 -297 
26 0.0625 0.5625 0 0.125 0.625 0 0 4 146 314 -162 -298 
27 0.0625 0.625 0 0.125 0.6875 0 0 4 162 315 -178 -299 
28 0.0625 0.6875 0 0.125 0.75 0 0 4 178 316 -194 -300 
29 0.0625 0.75 0 0.125 0.8125 0 0 4 194 317 -210 -301 
30 0.0625 0.8125 0 0.125 0.875 0 0 4 210 318 -226 -302 
31 0.0625 0.875 0 0.125 0.9375 0 0 4 226 319 -242 -303 
32 0.0625 0.9375 0 0.125 1 0 0 4 242 320 -258 -304 
33 0.125 0 0 0.1875 0.0625 0 0 4 3 321 -19 -305 
34 0.125 0.0625 0 0.1875 0.125 0 0 4 19 322 -35 -306 
35 0.125 0.125 0 0.1875 0.1875 0 0 4 35 323 -51 -307 
36 0.125 0.1875 0 0.1875 0.25 0 0 4 51 324 -67 -308 
37 0.125 0.25 0 0.1875 0.3125 0 0 4 67 325 -83 -309 
38 0.125 0.3125 0 0.1875 0.375 0 0 4 83 326 -99 -310 
39 0.125 0.375 0 0.1875 0.4375 0 0 4 99 327 -115 -311 
40 0.125 0.4375 0 0.1875 0.5 0 0 4 115 328 -131 -312 
41 0.125 0.5 0 0.1875 0.5625 0 0 4 131 329 -147 -313 
42 0.125 0.5625 0 0.1875 0.625 0 0 4 147 330 -163 -314 
43 0.125 0.625 0 0.1875 0.6875 0 0 4 163 331 -179 -315 
44 0.125 0.6875 0 0.1875 0.75 0 0 4 179 332 -195 -316 
45 0.125 0.75 0 0.1875 0.8125 0 0 4 195 333 -211 -317 
46 0.125 0.8125 0 0.1875 0.875 0 0 4 211 334 -227 -318 
47 0.125 0.875 0 0.1875 0.9375 0 0 4 227 335 -243 -319 
48 0.125 0.9375 0 0.1875 1 0 0 4 243 336 -259 -320 
49 0.1875 0 0 0.25 0.0625 0 0 4 4 337 -20 -321 
50 0.1875 0.0625 0 0.25 0.125 0 0 4 20 338 -36 -322 
51 0.1875 0.125 0 0.25 0.1875 0 0 4 36 339 -52 -323 
52 0.1875 0.1875 0 0.25 0.25 0 0 4 52 340 -68 -324 
53 0.1875 0.25 0 0.25 0.3125 0 0 4 68 341 -84 -325 
54 0.1875 0.3125 0 0.25 0.375 0 0 4 84 342 -100 -326 
55 0.1875 0.375 0 0.25 0.4375 0 0 4 100 343 -116 -327 
56 0.1875 0.4375 0 0.25 0.5 0 0 4 116 344 -132 -328 
57 0.1875 0.5 0 0.25 0.5625 0 0 4 132 345 -148 -329 
58 0.1875 0.5625 0 0.25 0.625 0 0 4 148 346 -164 -330 
59 0.1875 0.625 0 0.25 0.6875 0 0 4 164 347 -180 -331 
60 0.1875 0.6875 0 0.25 0.75 0 0 4 180 348 -196 -332 
61 0.1875 0.75 0 0.25 0.8125 0 0 4 196 349 -212 -333 
62 0.1875 0.8125 0 0.25 0.875 0 0 4 212 350 -228 -334 
63 0.1875 0.875 0 0.25 0.9375 0 0 4 228 351 -244 -335 
64 0.1875 0.9375 0 0.25 1 0 0 4 244 352 -260 -336 
65 0.25 0 0 0.3125 0.0625 0 0 4 5 353 -21 -337 
66 0.25 0.0625 0 0.3125 0.125 0 0 4 21 354 -37 -338 
67 0.25 0.125 0 0.3125 0.1875 0 0 4 37 355 -53 -339 
68 0.25 0.1875 0 0.3125 0.25 0 0 4 53 356 -69 -340 
69 0.25 0.25 0 0.3125 0.3125 0 0 4 69 357 -85 -341 
70 0.25 0.3125 0 0.3125 0.375 0 0 4 85 358 -101 -342 
71 0.25 0.375 0 0.3125 0.4375 0 0 4 101 359 -117 -343 
72 0.25 0.4375 0 0.3125 0.5 0 0 4 117 360 -133 -344 
73 0.25 0.5 0 0.3125 0.5625 0 0 4 133 361 -149 -345 
74 0.25 0.5625 0 0.3125 0.625 0 0 4 149 362 -165 -346 
75 0.25 0.625 0 0.3125 0.6875 0 0 4 165 363 -181 -347 
76 0.25 0.6875 0 0.3125 0.75 0 0 4 181 364 -197 -348 
77 0.25 0.75 0 0.3125 0.8125 0 0 4 197 365 -213 -349 
78 0.25 0.8125 0 0.3125 0.875 0 0 4 213 366 -229 -350 
79 0.25 0.875 0 0.3125 0.9375 0 0 4 229 367 -245 -351 
80 0.25 0.9375 0 0.3125 1 0 0 4 245 368 -261 -352 
81 0.3125 0 0 0.375 0.0625 0 0 4 6 369 -22 -353 
82 0.3125 0.0625 0 0.375 0.125 0 0 4 22 370 -38 -354 
83 0.3125 0.125 0 0.375 0.1875 0 0 4 38 371 -54 -355 
84 0.3125 0.1875 0 0.375 0.25 0 0 4 54 372 -70 -356 
85 0.3125 0.25 0 0.375 0.3125 0 0 4 70 373 -86 -357 
86 0.3125 0.3125 0 0.375 0.375 0 0 4 86 374 -102 -358 
87 0.3125 0.375 0 0.375 0.4375 0 0 4 102 375 -118 -359 
88 0.3125 0.4375 0 0.375 0.5 0 0 4 118 376 -134 -360 
89 0.3125 0.5 0 0.375 0.5625 0 0 4 134 377 -150 -361 
90 0.3125 0.5625 0 0.375 0.625 0 0 4 150 378 -166 -362 
91 0.3125 0.625 0 0.375 0.6875 0 0 4 166 379 -182 -363 
92 0.3125 0.6875 0 0.375 0.75 0 0 4 182 380 -198 -364 
93 0.3125 0.75 0 0.375 0.8125 0 0 4 198 381 -214 -365 
94 0.3125 0.8125 0 0.375 0.875 0 0 4 214 382 -230 -366 
95 0.3125 0.875 0 0.375 0.9375 0 0 4 230 383 -246 -367 
96 0.3125 0.9375 0 0.375 1 0 0 4 246 384 -262 -368 
97 0.375 0 0 0.4375 0.0625 0 0 4 7 385 -23 -369 
98 0.375 0.0625 0 0.4375 0.125 0 0 4 23 386 -39 -370 
99 0.375 0.125 0 0.4375 0.1875 0 0 4 39 387 -55 -371 
100 0.375 0.1875 0 0.4375 0.25 0 0 4 55 388 -71 -372 
101 0.375 0.25 0 0.4375 0.3125 0 0 4 71 389 -87 -373 
102 0.375 0.3125 0 0.4375 0.375 0 0 4 87 390 -103 -374 
103 0.375 0.375 0 0.4375 0.4375 0 0 4 103 391 -119 -375 
104 0.375 0.4375 0 0.4375 0.5 0 0 4 119 392 -135 -376 
105 0.375 0.5 0 0.4375 0.5625 0 0 4 135 393 -151 -377 
106 0.375 0.5625 0 0.4375 0.625 0 0 4 151 394 -167 -378 
107 0.375 0.625 0 0.4375 0.6875 0 0 4 167 395 -183 -379 
108 0.375 0.6875 0 0.4375 0.75 0 0 4 183 396 -199 -380 
109 0.375 0.75 0 0.4375 0.8125 0 0 4 199 397 -215 -381 
110 0.375 0.8125 0 0.4375 0.875 0 0 4 215 398 -231 -382 
111 0.375 0.875 0 0.4375 0.9375 0 0 4 231 399 -247 -383 
112 0.375 0.9375 0 0.4375 1 0 0 4 247 400 -263 -384 
113 0.4375 0 0 0.5 0.0625 0 0 4 8 401 -24 -385 
114 0.4375 0.0625 0 0.5 0.125 0 0 4 24 402 -40 -386 
115 0.4375 0.125 0 0.5 0.1875 0 0 4 40 403 -56 -387 
116 0.4375 0.1875 0 0.5 0.25 0 0 4 56 404 -72 -388 
117 0.4375 0.25 0 0.5 0.3125 0 0 4 72 405 -88 -389 
118 0.4375 0.3125 0 0.5 0.375 0 0 4 88 406 -104 -390 
119 0.4375 0.375 0 0.5 0.4375 0 0 4 104 407 -120 -391 
120 0.4375 0.4375 0 0.5 0.5 0 0 4 120 408 -136 -392 
121 0.4375 0.5 0 0.5 0.5625 0 0 4 136 409 -152 -393 
122 0.4375 0.5625 0 0.5 0.625 0 0 4 152 410 -168 -394 
123 0.4375 0.625 0 0.5 0.6875 0 0 4 168 411 -184 -395 
124 0.4375 0.6875 0 0.5 0.75 0 0 4 184 412 -200 -396 
125 0.4375 0.75 0 0.5 0.8125 0 0 4 200 413 -216 -397 
126 0.4375 0.8125 0 0.5 0.875 0 0 4 216 414 -232 -398 
127 0.4375 0.875 0 0.5 0.9375 0 0 4 232 415 -248 -399 
128 0.4375 0.9375 0 0.5 1 0 0 4 248 416 -264 -400 
129 0.5 0 0 0.5625 0.0625 0 0 4 9 417 -25 -401 
130 0.5 0.0625 0 0.5625 0.125 0 0 4 25 418 -41 -402 
131 0.5 0.125 0 0.5625 0.1875 0 0 4 41 419 -57 -403 
132 0.5 0.1875 0 0.5625 0.25 0 0 4 57 420 -73 -404 
133 0.5 0.25 0 0.5625 0.3125 0 0 4 73 421 -89 -405 
134 0.5 0.3125 0 0.5625 0.375 0 0 4 89 422 -105 -406 
135 0.5 0.375 0 0.5625 0.4375 0 0 4 105 423 -121 -407 
136 0.5 0.4375 0 0.5625 0.5 0 0 4 121 424 -137 -408 
137 0.5 0.5 0 0.5625 0.5625 0 0 4 137 425 -153 -409 
138 0.5 0.5625 0 0.5625 0.625 0 0 4 153 426 -169 -410 
139 0.5 0.625 0 0.5625 0.6875 0 0 4 169 427 -185 -411 
140 0.5 0.6875 0 0.5625 0.75 0 0 4 185 428 -201 -412 
141 0.5 0.75 0 0.5625 0.8125 0 0 4 201 429 -217 -413 
142 0.5 0.8125 0 0.5625 0.875 0 0 4 217 430 -233 -414 
143 0.5 0.875 0 0.5625 0.9375 0 0 4 233 431 -249 -415 
144 0.5 0.9375 0 0.5625 1 0 0 4 249 432 -265 -416 
145 0.5625 0 0 0.625 0.0625 0 0 4 10 433 -26 -417 
146 0.5625 0.0625 0 0.625 0.125 0 0 4 26 434 -42 -418 
147 0.5625 0.125 0 0.625 0.1875 0 0 4 42 435 -58 -419 
148 0.5625 0.1875 0 0.625 0.25 0 0 4 58 436 -74 -420 
149 0.5625 0.25 0 0.625 0.3125 0 0 4 74 437 -90 -421 
150 0.5625 0.3125 0 0.625 0.375 0 0 4 90 438 -106 -422 
151 0.5625 0.375 0 0.625 0.4375 0 0 4 106 439 -122 -423 
152 0.5625 0.4375 0 0.625 0.5 0 0 4 122 440 -138 -424 
153 0.5625 0.5 0 0.625 0.5625 0 0 4 138 441 -154 -425 
154 0.5625 0.5625 0 0.625 0.625 0 0 4 154 442 -170 -426 
155 0.5625 0.625 0 0.625 0.6875 0 0 4 170 443 -186 -427 
156 0.5625 0.6875 0 0.625 0.75 0 0 4 186 444 -202 -428 
157 0.5625 0.75 0 0.625 0.8125 0 0 4 202 445 -218 -429 
158 0.5625 0.8125 0 0.625 0.875 0 0 4 218 446 -234 -430 
159 0.5625 0.875 0 0.625 0.9375 0 0 4 234 447 -250 -431 
160 0.5625 0.9375 0 0.625 1 0 0 4 250 448 -266 -432 
161 0.625 0 0 0.6875 0.0625 0 0 4 11 449 -27 -433 
162 0.625 0.0625 0 0.6875 0.125 0 0 4 27 450 -43 -434 
163 0.625 0.125 0 0.6875 0.1875 0 0 4 43 451 -59 -435 
164 0.625 0.1875 0 0.6875 0.25 0 0 4 59 452 -75 -436 
165 0.625 0.25 0 0.6875 0.3125 0 0 4 75 453 -91 -437 
166 0.625 0.3125 0 0.6875 0.375 0 0 4 91 454 -107 -438 
167 0.625 0.375 0 0.6875 0.4375 0 0 4 107 455 -123 -439 
168 0.625 0.4375 0 0.6875 0.5 0 0 4 123 456 -139 -440 
169 0.625 0.5 0 0.6875 0.5625 0 0 4 139 457 -155 -441 
170 0.625 0.5625 0 0.6875 0.625 0 0 4 155 458 -171 -442 
171 0.625 0.625 0 0.6875 0.6875 0 0 4 171 459 -187 -443 
172 0.625 0.6875 0 0.6875 0.75 0 0 4 187 460 -203 -444 
173 0.625 0.75 0 0.6875 0.8125 0 0 4 203 461 -219 -445 
174 0.625 0.8125 0 0.6875 0.875 0 0 4 219 462 -235 -446 
175 0.625 0.875 0 0.6875 0.9375 0 0 4 235 463 -251 -447 
176 0.625 0.9375 0 0.6875 1 0 0 4 251 464 -267 -448 
177 0.6875 0 0 0.75 0.0625 0 0 4 12 465 -28 -449 
178 0.6875 0.0625 0 0.75 0.125 0 0 4 28 466 -44 -450 
179 0.6875 0.125 0 0.75 0.1875 0 0 4 44 467 -60 -451 
180 0.6875 0.1875 0 0.75 0.25 0 0 4 60 468 -76 -452 
181 0.6875 0.25 0 0.75 0.3125 0 0 4 76 469 -92 -453 
182 0.6875 0.3125 0 0.75 0.375 0 0 4 92 470 -108 -454 
183 0.6875 0.375 0 0.75 0.4375 0 0 4 108 471 -124 -455 
184 0.6875 0.4375 0 0.75 0.5 0 0 4 124 472 -140 -456 
185 0.6875 0.5 0 0.75 0.5625 0 0 4 140 473 -156 -457 
186 0.6875 0.5625 0 0.75 0.625 0 0 4 156 474 -172 -458 
187 0.6875 0.625 0 0.75 0.6875 0 0 4 172 475 -188 -459 
188 0.6875 0.6875 0 0.75 0.75 0 0 4 188 476 -204 -460 
189 0.6875 0.75 0 0.75 0.8125 0 0 4 204 477 -220 -461 
190 0.6875 0.8125 0 0.75 0.875 0 0 4 220 478 -236 -462 
191 0.6875 0.875 0 0.75 0.9375 0 0 4 236 479 -252 -463 
192 0.6875 0.9375 0 0.75 1 0 0 4 252 480 -268 -464 
193 0.75 0 0 0.8125 0.0625 0 0 4 13 481 -29 -465 
194 0.75 0.0625 0 0.8125 0.125 0 0 4 29 482 -45 -466 
195 0.75 0.125 0 0.8125 0.1875 0 0 4 45 483 -61 -467 
196 0.75 0.1875 0 0.8125 0.25 0 0 4 61 484 -77 -468 
197 0.75 0.25 0 0.8125 0.3125 0 0 4 77 485 -93 -469 
198 0.75 0.3125 0 0.8125 0.375 0 0 4 93 486 -109 -470 
199 0.75 0.375 0 0.8125 0.4375 0 0 4 109 487 -125 -471 
200 0.75 0.4375 0 0.8125 0.5 0 0 4 125 488 -141 -472 
201 0.75 0.5 0 0.8125 0.5625 0 0 4 141 489 -157 -473 
202 0.75 0.5625 0 0.8125 0.625 0 0 4 157 490 -173 -474 
203 0.75 0.625 0 0.8125 0.6875 0 0 4 173 491 -189 -475 
204 0.75 0.6875 0 0.8125 0.75 0 0 4 189 492 -205 -476 
205 0.75 0.75 0 0.8125 0.8125 0 0 4 205 493 -221 -477 
206 0.75 0.8125 0 0.8125 0.875 0 0 4 221 494 -237 -478 
207 0.75 0.875 0 0.8125 0.9375 0 0 4 237 495 -253 -479 
208 0.75 0.9375 0 0.8125 1 0 0 4 253 496 -269 -480 
209 0.8125 0 0 0.875 0.0625 0 0 4 14 497 -30 -481 
210 0.8125 0.0625 0 0.875 0.125 0 0 4 30 498 -46 -482 
211 0.8125 0.125 0 0.875 0.1875 0 0 4 46 499 -62 -483 
212 0.8125 0.1875 0 0.875 0.25 0 0 4 62 500 -78 -484 
213 0.8125 0.25 0 0.875 0.3125 0 0 4 78 501 -94 -485 
214 0.8125 0.3125 0 0.875 0.375 0 0 4 94 502 -110 -486 
215 0.8125 0.375 0 0.875 0.4375 0 0 4 110 503 -126 -487 
216 0.8125 0.4375 0 0.875 0.5 0 0 4 126 504 -142 -488 
217 0.8125 0.5 0 0.875 0.5625 0 0 4 142 505 -158 -489 
218 0.8125 0.5625 0 0.875 0.625 0 0 4 158 506 -174 -490 
219 0.8125 0.625 0 0.875 0.6875 0 0 4 174 507 -190 -491 
220 0.8125 0.6875 0 0.875 0.75 0 0 4 190 508 -206 -492 
221 0.8125 0.75 0 0.875 0.8125 0 0 4 206 509 -222 -493 
222 0.8125 0.8125 0 0.875 0.875 0 0 4 222 510 -238 -494 
223 0.8125 0.875 0 0.875 0.9375 0 0 4 238 511 -254 -495 
224 0.8125 0.9375 0 0.875 1 0 0 4 254 512 -270 -496 
225 0.875 0 0 0.9375 0.0625 0 0 4 15 513 -31 -497 
226 0.875 0.0625 0 0.9375 0.125 0 0 4 31 514 -47 -498 
227 0.875 0.125 0 0.9375 0.1875 0 0 4 47 515 -63 -499 
228 0.875 0.1875 0 0.9375 0.25 0 0 4 63 516 -79 -500 
229 0.875 0.25 0 0.9375 0.3125 0 0 4 79 517 -95 -501 
230 0.875 0.3125 0 0.9375 0.375 0 0 4 95 518 -111 -502 
231 0.875 0.375 0 0.9375 0.4375 0 0 4 111 519 -127 -503 
232 0.875 0.4375 0 0.9375 0.5 0 0 4 127 520 -143 -504 
233 0.875 0.5 0 0.9375 0.5625 0 0 4 143 521 -159 -505 
234 0.875 0.5625 0 0.9375 0.625 0 0 4 159 522 -175 -506 
235 0.875 0.625 0 0.9375 0.6875 0 0 4 175 523 -191 -507 
236 0.875 0.6875 0 0.9375 0.75 0 0 4 191 524 -207 -508 
237 0.875 0.75 0 0.9375 0.8125 0 0 4 207 525 -223 -509 
238 0.875 0.8125 0 0.9375 0.875 0 0 4 223 526 -239 -510 
239 0.875 0.875 0 0.9375 0.9375 0 0 4 239 527 -255 -511 
240 0.875 0.9375 0 0.9375 1 0 0 4 255 528 -271 -512 
241 0.9375 0 0 1 0.0625 0 0 4 16 529 -32 -513 
242 0.9375 0.0625 0 1 0.125 0 0 4 32 530 -48 -514 
243 0.9375 0.125 0 1 0.1875 0 0 4 48 531 -64 -515 
244 0.9375 0.1875 0 1 0.25 0 0 4 64 532 -80 -516 
245 0.9375 0.25 0 1 0.3125 0 0 4 80 533 -96 -517 
246 0.9375 0.3125 0 1 0.375 0 0 4 96 534 -112 -518 
247 0.9375 0.375 0 1 0.4375 0 0 4 112 535 -128 -519 
248 0.9375 0.4375 0 1 0.5 0 0 4 128 536 -144 -520 
249 0.9375 0.5 0 1 0.5625 0 0 4 144 537 -160 -521 
250 0.9375 0.5625 0 1 0.625 0 0 4 160 538 -176 -522 
251 0.9375 0.625 0 1 0.6875 0 0 4 176 539 -192 -523 
252 0.9375 0.6875 0 1 0.75 0 0 4 192 540 -208 -524 
253 0.9375 0.75 0 1 0.8125 0 0 4 208 541 -224 -525 
254 0.9375 0.8125 0 1 0.875 0 0 4 224 542 -240 -526 
255 0.9375 0.875 0 1 0.9375 0 0 4 240 543 -256 -527 
256 0.9375 0.9375 0 1 1 0 0 4 256 544 -272 -528 
$EndEntities
$Nodes
1089 1089 1 1089
0 1 0 1
1
0 0 0
0 2 0 1
2
0 0.0625 0
0 3 0 1
3
0 0.125 0
0 4 0 1
4
0 0.1875 0
0 5 0 1
5
0 0.25 0
0 6 0 1
6
0 0.3125 0
0 7 0 1
7
0 0.375 0
0 8 0 1
8
0 0.4375 0
0 9 0 1
9
0 0.5 0
0 10 0 1
10
0 0.5625 0
0 11 0 1
11
0 0.625 0
0 12 0 1
12
0 0.6875 0
0 13 0 1
13
0 0.75 0
0 14 0 1
14
0 0.8125 0
0 15 0 1
15
0 0.875 0
0 16 0 1
16
0 0.9375 0
0 17 0 1
17
0 1 0
0 18 0 1
18
0.0625 0 0
0 19 0 1
19
0.0625 0.0625 0
0 20 0 1
20
0.0625 0.125 0
0 21 0 1
21
0.0625 0.1875 0
0 22 0 1
22
0.0625 0.25 0
0 23 0 1
23
0.0625 0.3125 0
0 24 0 1
24
0.0625 0.375 0
0 25 0 1
25
0.0625 0.4375 0
0 26 0 1
26
0.0625 0.5 0
0 27 0 1
27
0.0625 0.5625 0
0 28 0 1
28
0.0625 0.625 0
0 29 0 1
29
0.0625 0.6875 0
0 30 0 1
30
0.0625 0.75 0
0 31 0 1
31
0.0625 0.8125 0
0 32 0 1
32
0.0625 0.875 0
0 33 0 1
33
0.0625 0.9375 0
0 34 0 1
34
0.0625 1 0
0 35 0 1
35
0.125 0 0
0 36 0 1
36
0.125 0.0625 0
0 37 0 1
37
0.125 0.125 0
0 38 0 1
38
0.125 0.1875 0
0 39 0 1
39
0.125 0.25 0
0 40 0 1
40
0.125 0.3125 0
0 41 0 1
41
0.125 0.375 0
0 42 0 1
42
0.125 0.4375 0
0 43 0 1
43
0.125 0.5 0
0 44 0 1
44
0.125 0.5625 0
0 45 0 1
45
0.125 0.625 0
0 46 0 1
46
0.125 0.6875 0
0 47 0 1
47
0.125 0.75 0
0 48 0 1
48
0.125 0.8125 0
0 49 0 1
49
0.125 0.875 0
0 50 0 1
50
0.125 0.9375 0
0 51 0 1
51
0.125 1 0
0 52 0 1
52
0.1875 0 0
0 53 0 1
53
0.1875 0.0625 0
0 54 0 1
54
0.1875 0.125 0
0 55 0 1
55
0.1875 0.1875 0
0 56 0 1
56
0.1875 0.25 0
0 57 0 1
57
0.1875 0.3125 0
0 58 0 1
58
0.1875 0.375 0
0 59 0 1
59
0.1875 0.4375 0
0 60 0 1
60
0.1875 0.5 0
0 61 0 1
61
0.1875 0.5625 0
0 62 0 1
62
0.1875 0.625 0
0 63 0 1
63
0.1875 0.6875 0
0 64 0 1
64
0.1875 0.75 0
0 65 0 1
65
0.1875 0.8125 0
0 66 0 1
66
0.1875 0.875 0
0 67 0 1
67
0.1875 0.9375 0
0 68 0 1
68
0.1875 1 0
0 69 0 1
69
0.25 0 0
0 70 0 1
70
0.25 0.0625 0
0 71 0 1
71
0.25 0.125 0
0 72 0 1
72
0.25 0.1875 0
0 73 0 1
73
0.25 0.25 0
0 74 0 1
74
0.25 0.3125 0
0 75 0 1
75
0.25 0.375 0
0 76 0 1
76
0.25 0.4375 0
0 77 0 1
77
0.25 0.5 0
0 78 0 1
78
0.25 0.5625 0
0 79 0 1
79
0.25 0.625 0
0 80 0 1
80
0.25 0.6875 0
0 81 0 1
81
0.25 0.75 0
0 82 0 1
82
0.25 0.8125 0
0 83 0 1
83
0.25 0.875 0
0 84 0 1
84
0.25 0.9375 0
0 85 0 1
85
0.25 1 0
0 86 0 1
86
0.3125 0 0
0 87 0 1
87
0.3125 0.0625 0
0 88 0 1
88
0.3125 0.125 0
0 89 0 1
89
0.3125 0.1875 0
0 90 0 1
90
0.3125 0.25 0
0 91 0 1
91
0.3125 0.3125 0
0 92 0 1
92
0.3125 0.375 0
0 93 0 1
93
0.3125 0.4375 0
0 94 0 1
94
0.3125 0.5 0
0 95 0 1
95
0.3125 0.5625 0
0 96 0 1
96
0.3125 0.625 0
0 97 0 1
97
0.3125 0.6875 0
0 98 0 1
98
0.3125 0.75 0
0 99 0 1
99
0.3125 0.8125 0
0 100 0 1
100
0.3125 0.875 0
0 101 0 1
101
0.3125 0.9375 0
0 102 0 1
102
0.3125 1 0
0 103 0 1
103
0.375 0 0
0 104 0 1
104
0.375 0.0625 0
0 105 0 1
105
0.375 0.125 0
0 106 0 1
106
0.375 0.1875 0
0 107 0 1
107
0.375 0.25 0
0 108 0 1
108
0.375 0.3125 0
0 109 0 1
109
0.375 0.375 0
0 110 0 1
110
0.375 0.4375 0
0 111 0 1
111
0.375 0.5 0
0 112 0 1
112
0.375 0.5625 0
0 113 0 1
113
0.375 0.625 0
0 114 0 1
114
0.375 0.6875 0
0 115 0 1
115
0.375 0.75 0
0 116 0 1
116
0.375 0.8125 0
0 117 0 1
117
0.375 0.875 0
0 118 0 1
118
0.375 0.9375 0
0 119 0 1
119
0.375 1 0
0 120 0 1
120
0.4375 0 0
0 121 0 1
121
0.4375 0.0625 0
0 122 0 1
122
0.4375 0.125 0
0 123 0 1
123
0.4375 0.1875 0
0 124 0 1
124
0.4375 0.25 0
0 125 0 1
125
0.4375 0.3125 0
0 126 0 1
126
0.4375 0.375 0
0 127 0 1
127
0.4375 0.4375 0
0 128 0 1
128
0.4375 0.5 0
0 129 0 1
129
0.4375 0.5625 0
0 130 0 1
130
0.4375 0.625 0
0 131 0 1
131
0.4375 0.6875 0
0 132 0 1
132
0.4375 0.75 0
0 133 0 1
133
0.4375 0.8125 0
0 134 0 1
134
0.4375 0.875 0
0 135 0 1
135
0.4375 0.9375 0
0 136 0 1
136
0.4375 1 0
0 137 0 1
137
0.5 0 0
0 138 0 1
138
0.5 0.0625 0
0 139 0 1
139
0.5 0.125 0
0 140 0 1
140
0.5 0.1875 0
0 141 0 1
141
0.5 0.25 0
0 142 0 1
142
0.5 0.3125 0
0 143 0 1
143
0.5 0.375 0
0 144 0 1
144
0.5 0.4375 0
0 145 0 1
145
0.5 0.5 0
0 146 0 1
146
0.5 0.5625 0
0 147 0 1
147
0.5 0.625 0
0 148 0 1
148
0.5 0.6875 0
0 149 0 1
149
0.5 0.75 0
0 150 0 1
150
0.5 0.8125 0
0 151 0 1
151
0.5 0.875 0
0 152 0 1
152
0.5 0.9375 0
0 153 0 1
153
0.5 1 0
0 154 0 1
154
0.5625 0 0
0 155 0 1
155
0.5625 0.0625 0
0 156 0 1
156
0.5625 0.125 0
0 157 0 1
157
0.5625 0.1875 0
0 158 0 1
158
0.5625 0.25 0
0 159 0 1
159
0.5625 0.3125 0
0 160 0 1
160
0.5625 0.375 0
0 161 0 1
161
0.5625 0.4375 0
0 162 0 1
162
0.5625 0.5 0
0 163 0 1
163
0.5625 0.5625 0
0 164 0 1
164
0.5625 0.625 0
0 165 0 1
165
0.5625 0.6875 0
0 166 0 1
166
0.5625 0.75 0
0 167 0 1
167
0.5625 0.8125 0
0 168 0 1
168
0.5625 0.875 0
0 169 0 1
169
0.5625 0.9375 0
0 170 0 1
170
0.5625 1 0
0 171 0 1
171
0.625 0 0
0 172 0 1
172
0.625 0.0625 0
0 173 0 1
173
0.625 0.125 0
0 174 0 1
174
0.625 0.1875 0
0 175 0 1
175
0.625 0.25 0
0 176 0 1
176
0.625 0.3125 0
0 177 0 1
177
0.625 0.375 0
0 178 0 1
178
0.625 0.4375 0
0 179 0 1
179
0.625 0.5 0
0 180 0 1
180
0.625 0.5625 0
0 181 0 1
181
0.625 0.625 0
0 182 0 1
182
0.625 0.6875 0
0 183 0 1
183
0.625 0.75 0
0 184 0 1
184
0.625 0.8125 0
0 185 0 1
185
0.625 0.875 0
0 186 0 1
186
0.625 0.9375 0
0 187 0 1
187
0.625 1 0
0 188 0 1
188
0.6875 0 0
0 189 0 1
189
0.6875 0.0625 0
0 190 0 1
190
0.6875 0.125 0
0 191 0 1
191
0.6875 0.1875 0
0 192 0 1
192
0.6875 0.25 0
0 193 0 1
193
0.6875 0.3125 0
0 194 0 1
194
0.6875 0.375 0
0 195 0 1
195
0.6875 0.4375 0
0 196 0 1
196
0.6875 0.5 0
0 197 0 1
197
0.6875 0.5625 0
0 198 0 1
198
0.6875 0.625 0
0 199 0 1
199
0.6875 0.6875 0
0 200 0 1
200
0.6875 0.75 0
0 201 0 1
201
0.6875 0.8125 0
0 202 0 1
202
0.6875 0.875 0
0 203 0 1
203
0.6875 0.9375 0
0 204 0 1
204
0.6875 1 0
0 205 0 1
205
0.75 0 0
0 206 0 1
206
0.75 0.0625 0
0 207 0 1
207
0.75 0.125 0
0 208 0 1
208
0.75 0.1875 0
0 209 0 1
209
0.75 0.25 0
0 210 0 1
210
0.75 0.3125 0
0 211 0 1
211
0.75 0.375 0
0 212 0 1
212
0.75 0.4375 0
0 213 0 1
213
0.75 0.5 0
0 214 0 1
214
0.75 0.5625 0
0 215 0 1
215
0.75 0.625 0
0 216 0 1
216
0.75 0.6875 0
0 217 0 1
217
0.75 0.75 0
0 218 0 1
218
0.75 0.8125 0
0 219 0 1
219
0.75 0.875 0
0 220 0 1
220
0.75 0.9375 0
0 221 0 1
221
0.75 1 0
0 222 0 1
222
0.8125 0 0
0 223 0 1
223
0.8125 0.0625 0
0 224 0 1
224
0.8125 0.125 0
0 225 0 1
225
0.8125 0.1875 0
0 226 0 1
226
0.8125 0.25 0
0 227 0 1
227
0.8125 0.3125 0
0 228 0 1
228
0.8125 0.375 0
0 229 0 1
229
0.8125 0.4375 0
0 230 0 1
230
0.8125 0.5 0
0 231 0 1
231
0.8125 0.5625 0
0 232 0 1
232
0.8125 0.625 0
0 233 0 1
233
0.8125 0.6875 0
0 234 0 1
234
0.8125 0.75 0
0 235 0 1
235
0.8125 0.8125 0
0 236 0 1
236
0.8125 0.875 0
0 237 0 1
237
0.8125 0.9375 0
0 238 0 1
238
0.8125 1 0
0 239 0 1
239
0.875 0 0
0 240 0 1
240
0.875 0.0625 0
0 241 0 1
241
0.875 0.125 0
0 242 0 1
242
0.875 0.1875 0
0 243 0 1
243
0.875 0.25 0
0 244 0 1
244
0.875 0.3125 0
0 245 0 1
245
0.875 0.375 0
0 246 0 1
246
0.875 0.4375 0
0 247 0 1
247
0.875 0.5 0
0 248 0 1
248
0.875 0.5625 0
0 249 0 1
249
0.875 0.625 0
0 250 0 1
250
0.875 0.6875 0
0 251 0 1
251
0.875 0.75 0
0 252 0 1
252
0.875 0.8125 0
0 253 0 1
253
0.875 0.875 0
0 254 0 1
254
0.875 0.9375 0
0 255 0 1
255
0.875 1 0
0 256 0 1
256
0.9375 0 0
0 257 0 1
257
0.9375 0.0625 0
0 258 0 1
258
0.9375 0.125 0
0 259 0 1
259
0.9375 0.1875 0
0 260 0 1
260
0.9375 0.25 0
0 261 0 1
261
0.9375 0.3125 0
0 262 0 1
262
0.9375 0.375 0
0 263 0 1
263
0.9375 0.4375 0
0 264 0 1
264
0.9375 0.5 0
0 265 0 1
265
0.9375 0.5625 0
0 266 0 1
266
0.9375 0.625 0
0 267 0 1
267
0.9375 0.6875 0
0 268 0 1
268
0.9375 0.75 0
0 269 0 1
269
0.9375 0.8125 0
0 270 0 1
270
0.9375 0.875 0
0 271 0 1
271
0.9375 0.9375 0
0 272 0 1
272
0.9375 1 0
0 273 0 1
273
1 0 0
0 274 0 1
274
1 0.0625 0
0 275 0 1
275
1 0.125 0
0 276 0 1
276
1 0.1875 0
0 277 0 1
277
1 0.25 0
0 278 0 1
278
1 0.3125 0
0 279 0 1
279
1 0.375 0
0 280 0 1
280
1 0.4375 0
0 281 0 1
281
1 0.5 0
0 282 0 1
282
1 0.5625 0
0 283 0 1
283
1 0.625 0
0 284 0 1
284
1 0.6875 0
0 285 0 1
285
1 0.75 0
0 286 0 1
286
1 0.8125 0
0 287 0 1
287
1 0.875 0
0 288 0 1
288
1 0.9375 0
0 289 0 1
289
1 1 0
1 1 0 1
290
0.03124999999991839 0 0
1 2 0 1
291
0.09374999999999999 0 0
1 3 0 1
292
0.15625 0 0
1 4 0 1
293
0.21875 0 0
1 5 0 1
294
0.28125 0 0
1 6 0 1
295
0.34375 0 0
1 7 0 1
296
0.40625 0 0
1 8 0 1
297
0.46875 0 0
1 9 0 1
298
0.53125 0 0
1 10 0 1
299
0.59375 0 0
1 11 0 1
300
0.65625 0 0
1 12 0 1
301
0.71875 0 0
1 13 0 1
302
0.78125 0 0
1 14 0 1
303
0.84375 0 0
1 15 0 1
304
0.90625 0 0
1 16 0 1
305
0.96875 0 0
1 17 0 1
306
0.03124999999991839 0.0625 0
1 18 0 1
307
0.09374999999999999 0.0625 0
1 19 0 1
308
0.15625 0.0625 0
1 20 0 1
309
0.21875 0.0625 0
1 21 0 1
310
0.28125 0.0625 0
1 22 0 1
311
0.34375 0.0625 0
1 23 0 1
312
0.40625 0.0625 0
1 24 0 1
313
0.46875 0.0625 0
1 25 0 1
314
0.53125 0.0625 0
1 26 0 1
315
0.59375 0.0625 0
1 27 0 1
316
0.65625 0.0625 0
1 28 0 1
317
0.71875 0.0625 0
1 29 0 1
318
0.78125 0.0625 0
1 30 0 1
319
0.84375 0.0625 0
1 31 0 1
320
0.90625 0.0625 0
1 32 0 1
321
0.96875 0.0625 0
1 33 0 1
322
0.03124999999991839 0.125 0
1 34 0 1
323
0.09374999999999999 0.125 0
1 35 0 1
324
0.15625 0.125 0
1 36 0 1
325
0.21875 0.125 0
1 37 0 1
326
0.28125 0.125 0
1 38 0 1
327
0.34375 0.125 0
1 39 0 1
328
0.40625 0.125 0
1 40 0 1
329
0.46875 0.125 0
1 41 0 1
330
0.53125 0.125 0
1 42 0 1
331
0.59375 0.125 0
1 43 0 1
332
0.65625 0.125 0
1 44 0 1
333
0.71875 0.125 0
1 45 0 1
334
0.78125 0.125 0
1 46 0 1
335
0.84375 0.125 0
1 47 0 1
336
0.90625 0.125 0
1 48 0 1
337
0.96875 0.125 0
1 49 0 1
338
0.03124999999991839 0.1875 0
1 50 0 1
339
0.09374999999999999 0.1875 0
1 51 0 1
340
0.15625 0.1875 0
1 52 0 1
341
0.21875 0.1875 0
1 53 0 1
342
0.28125 0.1875 0
1 54 0 1
343
0.34375 0.1875 0
1 55 0 1
344
0.40625 0.1875 0
1 56 0 1
345
0.46875 0.1875 0
1 57 0 1
346
0.53125 0.1875 0
1 58 0 1
347
0.59375 0.1875 0
1 59 0 1
348
0.65625 0.1875 0
1 60 0 1
349
0.71875 0.1875 0
1 61 0 1
350
0.78125 0.1875 0
1 62 0 1
351
0.84375 0.1875 0
1 63 0 1
352
0.90625 0.1875 0
1 64 0 1
353
0.96875 0.1875 0
1 65 0 1
354
0.03124999999991839 0.25 0
1 66 0 1
355
0.09374999999999999 0.25 0
1 67 0 1
356
0.15625 0.25 0
1 68 0 1
357
0.21875 0.25 0
1 69 0 1
358
0.28125 0.25 0
1 70 0 1
359
0.34375 0.25 0
1 71 0 1
360
0.40625 0.25 0
1 72 0 1
361
0.46875 0.25 0
1 73 0 1
362
0.53125 0.25 0
1 74 0 1
363
0.59375 0.25 0
1 75 0 1
364
0.65625 0.25 0
1 76 0 1
365
0.71875 0.25 0
1 77 0 1
366
0.78125 0.25 0
1 78 0 1
367
0.84375 0.25 0
1 79 0 1
368
0.90625 0.25 0
1 80 0 1
369
0.96875 0.25 0
1 81 0 1
370
0.03124999999991839 0.3125 0
1 82 0 1
371
0.09374999999999999 0.3125 0
1 83 0 1
372
0.15625 0.3125 0
1 84 0 1
373
0.21875 0.3125 0
1 85 0 1
374
0.28125 0.3125 0
1 86 0 1
375
0.34375 0.3125 0
1 87 0 1
376
0.40625 0.3125 0
1 88 0 1
377
0.46875 0.3125 0
1 89 0 1
378
0.53125 0.3125 0
1 90 0 1
379
0.59375 0.3125 0
1 91 0 1
380
0.65625 0.3125 0
1 92 0 1
381
0.71875 0.3125 0
1 93 0 1
382
0.78125 0.3125 0
1 94 0 1
383
0.84375 0.3125 0
1 95 0 1
384
0.90625 0.3125 0
1 96 0 1
385
0.96875 0.3125 0
1 97 0 1
386
0.03124999999991839 0.375 0
1 98 0 1
387
0.09374999999999999 0.375 0
1 99 0 1
388
0.15625 0.375 0
1 100 0 1
389
0.21875 0.375 0
1 101 0 1
390
0.28125 0.375 0
1 102 0 1
391
0.34375 0.375 0
1 103 0 1
392
0.40625 0.375 0
1 104 0 1
393
0.46875 0.375 0
1 105 0 1
394
0.53125 0.375 0
1 106 0 1
395
0.59375 0.375 0
1 107 0 1
396
0.65625 0.375 0
1 108 0 1
397
0.71875 0.375 0
1 109 0 1
398
0.78125 0.375 0
1 110 0 1
399
0.84375 0.375 0
1 111 0 1
400
0.90625 0.375 0
1 112 0 1
401
0.96875 0.375 0
1 113 0 1
402
0.03124999999991839 0.4375 0
1 114 0 1
403
0.09374999999999999 0.4375 0
1 115 0 1
404
0.15625 0.4375 0
1 116 0 1
405
0.21875 0.4375 0
1 117 0 1
406
0.28125 0.4375 0
1 118 0 1
407
0.34375 0.4375 0
1 119 0 1
408
0.40625 0.4375 0
1 120 0 1
409
0.46875 0.4375 0
1 121 0 1
410
0.53125 0.4375 0
1 122 0 1
411
0.59375 0.4375 0
1 123 0 1
412
0.65625 0.4375 0
1 124 0 1
413
0.71875 0.4375 0
1 125 0 1
414
0.78125 0.4375 0
1 126 0 1
415
0.84375 0.4375 0
1 127 0 1
416
0.90625 0.4375 0
1 128 0 1
417
0.96875 0.4375 0
1 129 0 1
418
0.03124999999991839 0.5 0
1 130 0 1
419
0.09374999999999999 0.5 0
1 131 0 1
420
0.15625 0.5 0
1 132 0 1
421
0.21875 0.5 0
1 133 0 1
422
0.28125 0.5 0
1 134 0 1
423
0.34375 0.5 0
1 135 0 1
424
0.40625 0.5 0
1 136 0 1
425
0.46875 0.5 0
1 137 0 1
426
0.53125 0.5 0
1 138 0 1
427
0.59375 0.5 0
1 139 0 1
428
0.65625 0.5 0
1 140 0 1
429
0.71875 0.5 0
1 141 0 1
430
0.78125 0.5 0
1 142 0 1
431
0.84375 0.5 0
1 143 0 1
432
0.90625 0.5 0
1 144 0 1
433
0.96875 0.5 0
1 145 0 1
434
0.03124999999991839 0.5625 0
1 146 0 1
435
0.09374999999999999 0.5625 0
1 147 0 1
436
0.15625 0.5625 0
1 148 0 1
437
0.21875 0.5625 0
1 149 0 1
438
0.28125 0.5625 0
1 150 0 1
439
0.34375 0.5625 0
1 151 0 1
440
0.40625 0.5625 0
1 152 0 1
441
0.46875 0.5625 0
1 153 0 1
442
0.53125 0.5625 0
1 154 0 1
443
0.59375 0.5625 0
1 155 0 1
444
0.65625 0.5625 0
1 156 0 1
445
0.71875 0.5625 0
1 157 0 1
446
0.78125 0.5625 0
1 158 0 1
447
0.84375 0.5625 0
1 159 0 1
448
0.90625 0.5625 0
1 160 0 1
449
0.96875 0.5625 0
1 161 0 1
450
0.03124999999991839 0.625 0
1 162 0 1
451
0.09374999999999999 0.625 0
1 163 0 1
452
0.15625 0.625 0
1 164 0 1
453
0.21875 0.625 0
1 165 0 1
454
0.28125 0.625 0
1 166 0 1
455
0.34375 0.625 0
1 167 0 1
456
0.40625 0.625 0
1 168 0 1
457
0.46875 0.625 0
1 169 0 1
458
0.53125 0.625 0
1 170 0 1
459
0.59375 0.625 0
1 171 0 1
460
0.65625 0.625 0
1 172 0 1
461
0.71875 0.625 0
1 173 0 1
462
0.78125 0.625 0
1 174 0 1
463
0.84375 0.625 0
1 175 0 1
464
0.90625 0.625 0
1 176 0 1
465
0.96875 0.625 0
1 177 0 1
466
0.03124999999991839 0.6875 0
1 178 0 1
467
0.09374999999999999 0.6875 0
1 179 0 1
468
0.15625 0.6875 0
1 180 0 1
469
0.21875 0.6875 0
1 181 0 1
470
0.28125 0.6875 0
1 182 0 1
471
0.34375 0.6875 0
1 183 0 1
472
0.40625 0.6875 0
1 184 0 1
473
0.46875 0.6875 0
1 185 0 1
474
0.53125 0.6875 0
1 186 0 1
475
0.59375 0.6875 0
1 187 0 1
476
0.65625 0.6875 0
1 188 0 1
477
0.71875 0.6875 0
1 189 0 1
478
0.78125 0.6875 0
1 190 0 1
479
0.84375 0.6875 0
1 191 0 1
480
0.90625 0.6875 0
1 192 0 1
481
0.96875 0.6875 0
1 193 0 1
482
0.03124999999991839 0.75 0
1 194 0 1
483
0.09374999999999999 0.75 0
1 195 0 1
484
0.15625 0.75 0
1 196 0 1
485
0.21875 0.75 0
1 197 0 1
486
0.28125 0.75 0
1 198 0 1
487
0.34375 0.75 0
1 199 0 1
488
0.40625 0.75 0
1 200 0 1
489
0.46875 0.75 0
1 201 0 1
490
0.53125 0.75 0
1 202 0 1
491
0.59375 0.75 0
1 203 0 1
492
0.65625 0.75 0
1 204 0 1
493
0.71875 0.75 0
1 205 0 1
494
0.78125 0.75 0
1 206 0 1
495
0.84375 0.75 0
1 207 0 1
496
0.90625 0.75 0
1 208 0 1
497
0.96875 0.75 0
1 209 0 1
498
0.03124999999991839 0.8125 0
1 210 0 1
499
0.09374999999999999 0.8125 0
1 211 0 1
500
0.15625 0.8125 0
1 212 0 1
501
0.21875 0.8125 0
1 213 0 1
502
0.28125 0.8125 0
1 214 0 1
503
0.34375 0.8125 0
1 215 0 1
504
0.40625 0.8125 0
1 216 0 1
505
0.46875 0.8125 0
1 217 0 1
506
0.53125 0.8125 0
1 218 0 1
507
0.59375 0.8125 0
1 219 0 1
508
0.65625 0.8125 0
1 220 0 1
509
0.71875 0.8125 0
1 221 0 1
510
0.78125 0.8125 0
1 222 0 1
511
0.84375 0.8125 0
1 223 0 1
512
0.90625 0.8125 0
1 224 0 1
513
0.96875 0.8125 0
1 225 0 1
514
0.03124999999991839 0.875 0
1 226 0 1
515
0.09374999999999999 0.875 0
1 227 0 1
516
0.15625 0.875 0
1 228 0 1
517
0.21875 0.875 0
1 229 0 1
518
0.28125 0.875 0
1 230 0 1
519
0.34375 0.875 0
1 231 0 1
520
0.40625 0.875 0
1 232 0 1
521
0.46875 0.875 0
1 233 0 1
522
0.53125 0.875 0
1 234 0 1
523
0.59375 0.875 0
1 235 0 1
524
0.65625 0.875 0
1 236 0 1
525
0.71875 0.875 0
1 237 0 1
526
0.78125 0.875 0
1 238 0 1
527
0.84375 0.875 0
1 239 0 1
528
0.90625 0.875 0
1 240 0 1
529
0.96875 0.875 0
1 241 0 1
530
0.03124999999991839 0.9375 0
1 242 0 1
531
0.09374999999999999 0.9375 0
1 243 0 1
532
0.15625 0.9375 0
1 244 0 1
533
0.21875 0.9375 0
1 245 0 1
534
0.28125 0.9375 0
1 246 0 1
535
0.34375 0.9375 0
1 247 0 1
536
0.40625 0.9375 0
1 248 0 1
537
0.46875 0.9375 0
1 249 0 1
538
0.53125 0.9375 0
1 250 0 1
539
0.59375 0.9375 0
1 251 0 1
540
0.65625 0.9375 0
1 252 0 1
541
0.71875 0.9375 0
1 253 0 1
542
0.78125 0.9375 0
1 254 0 1
543
0.84375 0.9375 0
1 255 0 1
544
0.90625 0.9375 0
1 256 0 1
545
0.96875 0.9375 0
1 257 0 1
546
0.03124999999991839 1 0
1 258 0 1
547
0.09374999999999999 1 0
1 259 0 1
548
0.15625 1 0
1 260 0 1
549
0.21875 1 0
1 261 0 1
550
0.28125 1 0
1 262 0 1
551
0.34375 1 0
1 263 0 1
552
0.40625 1 0
1 264 0 1
553
0.46875 1 0
1 265 0 1
554
0.53125 1 0
1 266 0 1
555
0.59375 1 0
1 267 0 1
556
0.65625 1 0
1 268 0 1
557
0.71875 1 0
1 269 0 1
558
0.78125 1 0
1 270 0 1
559
0.84375 1 0
1 271 0 1
560
0.90625 1 0
1 272 0 1
561
0.96875 1 0
1 273 0 1
562
0 0.03124999999991839 0
1 274 0 1
563
0 0.09374999999999999 0
1 275 0 1
564
0 0.15625 0
1 276 0 1
565
0 0.21875 0
1 277 0 1
566
0 0.28125 0
1 278 0 1
567
0 0.34375 0
1 279 0 1
568
0 0.40625 0
1 280 0 1
569
0 0.46875 0
1 281 0 1
570
0 0.53125 0
1 282 0 1
571
0 0.59375 0
1 283 0 1
572
0 0.65625 0
1 284 0 1
573
0 0.71875 0
1 285 0 1
574
0 0.78125 0
1 286 0 1
575
0 0.84375 0
1 287 0 1
576
0 0.90625 0
1 288 0 1
577
0 0.96875 0
1 289 0 1
578
0.0625 0.03124999999991839 0
1 290 0 1
579
0.0625 0.09374999999999999 0
1 291 0 1
580
0.0625 0.15625 0
1 292 0 1
581
0.0625 0.21875 0
1 293 0 1
582
0.0625 0.28125 0
1 294 0 1
583
0.0625 0.34375 0
1 295 0 1
584
0.0625 0.40625 0
1 296 0 1
585
0.0625 0.46875 0
1 297 0 1
586
0.0625 0.53125 0
1 298 0 1
587
0.0625 0.59375 0
1 299 0 1
588
0.0625 0.65625 0
1 300 0 1
589
0.0625 0.71875 0
1 301 0 1
590
0.0625 0.78125 0
1 302 0 1
591
0.0625 0.84375 0
1 303 0 1
592
0.0625 0.90625 0
1 304 0 1
593
0.0625 0.96875 0
1 305 0 1
594
0.125 0.03124999999991839 0
1 306 0 1
595
0.125 0.09374999999999999 0
1 307 0 1
596
0.125 0.15625 0
1 308 0 1
597
0.125 0.21875 0
1 309 0 1
598
0.125 0.28125 0
1 310 0 1
599
0.125 0.34375 0
1 311 0 1
600
0.125 0.40625 0
1 312 0 1
601
0.125 0.46875 0
1 313 0 1
602
0.125 0.53125 0
1 314 0 1
603
0.125 0.59375 0
1 315 0 1
604
0.125 0.65625 0
1 316 0 1
605
0.125 0.71875 0
1 317 0 1
606
0.125 0.78125 0
1 318 0 1
607
0.125 0.84375 0
1 319 0 1
608
0.125 0.90625 0
1 320 0 1
609
0.125 0.96875 0
1 321 0 1
610
0.1875 0.03124999999991839 0
1 322 0 1
611
0.1875 0.09374999999999999 0
1 323 0 1
612
0.1875 0.15625 0
1 324 0 1
613
0.1875 0.21875 0
1 325 0 1
614
0.1875 0.28125 0
1 326 0 1
615
0.1875 0.34375 0
1 327 0 1
616
0.1875 0.40625 0
1 328 0 1
617
0.1875 0.46875 0
1 329 0 1
618
0.1875 0.53125 0
1 330 0 1
619
0.1875 0.59375 0
1 331 0 1
620
0.1875 0.65625 0
1 332 0 1
621
0.1875 0.71875 0
1 333 0 1
622
0.1875 0.78125 0
1 334 0 1
623
0.1875 0.84375 0
1 335 0 1
624
0.1875 0.90625 0
1 336 0 1
625
0.1875 0.96875 0
1 337 0 1
626
0.25 0.03124999999991839 0
1 338 0 1
627
0.25 0.09374999999999999 0
1 339 0 1
628
0.25 0.15625 0
1 340 0 1
629
0.25 0.21875 0
1 341 0 1
630
0.25 0.28125 0
1 342 0 1
631
0.25 0.34375 0
1 343 0 1
632
0.25 0.40625 0
1 344 0 1
633
0.25 0.46875 0
1 345 0 1
634
0.25 0.53125 0
1 346 0 1
635
0.25 0.59375 0
1 347 0 1
636
0.25 0.65625 0
1 348 0 1
637
0.25 0.71875 0
1 349 0 1
638
0.25 0.78125 0
1 350 0 1
639
0.25 0.84375 0
1 351 0 1
640
0.25 0.90625 0
1 352 0 1
641
0.25 0.96875 0
1 353 0 1
642
0.3125 0.03124999999991839 0
1 354 0 1
643
0.3125 0.09374999999999999 0
1 355 0 1
644
0.3125 0.15625 0
1 356 0 1
645
0.3125 0.21875 0
1 357 0 1
646
0.3125 0.28125 0
1 358 0 1
647
0.3125 0.34375 0
1 359 0 1
648
0.3125 0.40625 0
1 360 0 1
649
0.3125 0.46875 0
1 361 0 1
650
0.3125 0.53125 0
1 362 0 1
651
0.3125 0.59375 0
1 363 0 1
652
0.3125 0.65625 0
1 364 0 1
653
0.3125 0.71875 0
1 365 0 1
654
0.3125 0.78125 0
1 366 0 1
655
0.3125 0.84375 0
1 367 0 1
656
0.3125 0.90625 0
1 368 0 1
657
0.3125 0.96875 0
1 369 0 1
658
0.375 0.03124999999991839 0
1 370 0 1
659
0.375 0.09374999999999999 0
1 371 0 1
660
0.375 0.15625 0
1 372 0 1
661
0.375 0.21875 0
1 373 0 1
662
0.375 0.28125 0
1 374 0 1
663
0.375 0.34375 0
1 375 0 1
664
0.375 0.40625 0
1 376 0 1
665
0.375 0.46875 0
1 377 0 1
666
0.375 0.53125 0
1 378 0 1
667
0.375 0.59375 0
1 379 0 1
668
0.375 0.65625 0
1 380 0 1
669
0.375 0.71875 0
1 381 0 1
670
0.375 0.78125 0
1 382 0 1
671
0.375 0.84375 0
1 383 0 1
672
0.375 0.90625 0
1 384 0 1
673
0.375 0.96875 0
1 385 0 1
674
0.4375 0.03124999999991839 0
1 386 0 1
675
0.4375 0.09374999999999999 0
1 387 0 1
676
0.4375 0.15625 0
1 388 0 1
677
0.4375 0.21875 0
1 389 0 1
678
0.4375 0.28125 0
1 390 0 1
679
0.4375 0.34375 0
1 391 0 1
680
0.4375 0.40625 0
1 392 0 1
681
0.4375 0.46875 0
1 393 0 1
682
0.4375 0.53125 0
1 394 0 1
683
0.4375 0.59375 0
1 395 0 1
684
0.4375 0.65625 0
1 396 0 1
685
0.4375 0.71875 0
1 397 0 1
686
0.4375 0.78125 0
1 398 0 1
687
0.4375 0.84375 0
1 399 0 1
688
0.4375 0.90625 0
1 400 0 1
689
0.4375 0.96875 0
1 401 0 1
690
0.5 0.03124999999991839 0
1 402 0 1
691
0.5 0.09374999999999999 0
1 403 0 1
692
0.5 0.15625 0
1 404 0 1
693
0.5 0.21875 0
1 405 0 1
694
0.5 0.28125 0
1 406 0 1
695
0.5 0.34375 0
1 407 0 1
696
0.5 0.40625 0
1 408 0 1
697
0.5 0.46875 0
1 409 0 1
698
0.5 0.53125 0
1 410 0 1
699
0.5 0.59375 0
1 411 0 1
700
0.5 0.65625 0
1 412 0 1
701
0.5 0.71875 0
1 413 0 1
702
0.5 0.78125 0
1 414 0 1
703
0.5 0.84375 0
1 415 0 1
704
0.5 0.90625 0
1 416 0 1
705
0.5 0.96875 0
1 417 0 1
706
0.5625 0.03124999999991839 0
1 418 0 1
707
0.5625 0.09374999999999999 0
1 419 0 1
708
0.5625 0.15625 0
1 420 0 1
709
0.5625 0.21875 0
1 421 0 1
710
0.5625 0.28125 0
1 422 0 1
711
0.5625 0.34375 0
1 423 0 1
712
0.5625 0.40625 0
1 424 0 1
713
0.5625 0.46875 0
1 425 0 1
714
0.5625 0.53125 0
1 426 0 1
715
0.5625 0.59375 0
1 427 0 1
716
0.5625 0.65625 0
1 428 0 1
717
0.5625 0.71875 0
1 429 0 1
718
0.5625 0.78125 0
1 430 0 1
719
0.5625 0.84375 0
1 431 0 1
720
0.5625 0.90625 0
1 432 0 1
721
0.5625 0.96875 0
1 433 0 1
722
0.625 0.03124999999991839 0
1 434 0 1
723
0.625 0.09374999999999999 0
1 435 0 1
724
0.625 0.15625 0
1 436 0 1
725
0.625 0.21875 0
1 437 0 1
726
0.625 0.28125 0
1 438 0 1
727
0.625 0.34375 0
1 439 0 1
728
0.625 0.40625 0
1 440 0 1
729
0.625 0.46875 0
1 441 0 1
730
0.625 0.53125 0
1 442 0 1
731
0.625 0.59375 0
1 443 0 1
732
0.625 0.65625 0
1 444 0 1
733
0.625 0.71875 0
1 445 0 1
734
0.625 0.78125 0
1 446 0 1
735
0.625 0.84375 0
1 447 0 1
736
0.625 0.90625 0
1 448 0 1
737
0.625 0.96875 0
1 449 0 1
738
0.6875 0.03124999999991839 0
1 450 0 1
739
0.6875 0.09374999999999999 0
1 451 0 1
740
0.6875 0.15625 0
1 452 0 1
741
0.6875 0.21875 0
1 453 0 1
742
0.6875 0.28125 0
1 454 0 1
743
0.6875 0.34375 0
1 455 0 1
744
0.6875 0.40625 0
1 456 0 1
745
0.6875 0.46875 0
1 457 0 1
746
0.6875 0.53125 0
1 458 0 1
747
0.6875 0.59375 0
1 459 0 1
748
0.6875 0.65625 0
1 460 0 1
749
0.6875 0.71875 0
1 461 0 1
750
0.6875 0.78125 0
1 462 0 1
751
0.6875 0.84375 0
1 463 0 1
752
0.6875 0.90625 0
1 464 0 1
753
0.6875 0.96875 0
1 465 0 1
754
0.75 0.03124999999991839 0
1 466 0 1
755
0.75 0.09374999999999999 0
1 467 0 1
756
0.75 0.15625 0
1 468 0 1
757
0.75 0.21875 0
1 469 0 1
758
0.75 0.28125 0
1 470 0 1
759
0.75 0.34375 0
1 471 0 1
760
0.75 0.40625 0
1 472 0 1
761
0.75 0.46875 0
1 473 0 1
762
0.75 0.53125 0
1 474 0 1
763
0.75 0.59375 0
1 475 0 1
764
0.75 0.65625 0
1 476 0 1
765
0.75 0.71875 0
1 477 0 1
766
0.75 0.78125 0
1 478 0 1
767
0.75 0.84375 0
1 479 0 1
768
0.75 0.90625 0
1 480 0 1
769
0.75 0.96875 0
1 481 0 1
770
0.8125 0.03124999999991839 0
1 482 0 1
771
0.8125 0.09374999999999999 0
1 483 0 1
772
0.8125 0.15625 0
1 484 0 1
773
0.8125 0.21875 0
1 485 0 1
774
0.8125 0.28125 0
1 486 0 1
775
0.8125 0.34375 0
1 487 0 1
776
0.8125 0.40625 0
1 488 0 1
777
0.8125 0.46875 0
1 489 0 1
778
0.8125 0.53125 0
1 490 0 1
779
0.8125 0.59375 0
1 491 0 1
780
0.8125 0.65625 0
1 492 0 1
781
0.8125 0.71875 0
1 493 0 1
782
0.8125 0.78125 0
1 494 0 1
783
0.8125 0.84375 0
1 495 0 1
784
0.8125 0.90625 0
1 496 0 1
785
0.8125 0.96875 0
1 497 0 1
786
0.875 0.03124999999991839 0
1 498 0 1
787
0.875 0.09374999999999999 0
1 499 0 1
788
0.875 0.15625 0
1 500 0 1
789
0.875 0.21875 0
1 501 0 1
790
0.875 0.28125 0
1 502 0 1
791
0.875 0.34375 0
1 503 0 1
792
0.875 0.40625 0
1 504 0 1
793
0.875 0.46875 0
1 505 0 1
794
0.875 0.53125 0
1 506 0 1
795
0.875 0.59375 0
1 507 0 1
796
0.875 0.65625 0
1 508 0 1
797
0.875 0.71875 0
1 509 0 1
798
0.875 0.78125 0
1 510 0 1
799
0.875 0.84375 0
1 511 0 1
800
0.875 0.90625 0
1 512 0 1
801
0.875 0.96875 0
1 513 0 1
802
0.9375 0.03124999999991839 0
1 514 0 1
803
0.9375 0.09374999999999999 0
1 515 0 1
804
0.9375 0.15625 0
1 516 0 1
805
0.9375 0.21875 0
1 517 0 1
806
0.9375 0.28125 0
1 518 0 1
807
0.9375 0.34375 0
1 519 0 1
808
0.9375 0.40625 0
1 520 0 1
809
0.9375 0.46875 0
1 521 0 1
810
0.9375 0.53125 0
1 522 0 1
811
0.9375 0.59375 0
1 523 0 1
812
0.9375 0.65625 0
1 524 0 1
813
0.9375 0.71875 0
1 525 0 1
814
0.9375 0.78125 0
1 526 0 1
815
0.9375 0.84375 0
1 527 0 1
816
0.9375 0.90625 0
1 528 0 1
817
0.9375 0.96875 0
1 529 0 1
818
1 0.03124999999991839 0
1 530 0 1
819
1 0.09374999999999999 0
1 531 0 1
820
1 0.15625 0
1 532 0 1
821
1 0.21875 0
1 533 0 1
822
1 0.28125 0
1 534 0 1
823
1 0.34375 0
1 535 0 1
824
1 0.40625 0
1 536 0 1
825
1 0.46875 0
1 537 0 1
826
1 0.53125 0
1 538 0 1
827
1 0.59375 0
1 539 0 1
828
1 0.65625 0
1 540 0 1
829
1 0.71875 0
1 541 0 1
830
1 0.78125 0
1 542 0 1
831
1 0.84375 0
1 543 0 1
832
1 0.90625 0
1 544 0 1
833
1 0.96875 0
2 1 0 1
834
0.0312499999999592 0.0312499999999592 0
2 2 0 1
835
0.0312499999999592 0.09375 0
2 3 0 1
836
0.0312499999999592 0.15625 0
2 4 0 1
837
0.0312499999999592 0.21875 0
2 5 0 1
838
0.0312499999999592 0.28125 0
2 6 0 1
839
0.0312499999999592 0.34375 0
2 7 0 1
840
0.0312499999999592 0.40625 0
2 8 0 1
841
0.0312499999999592 0.46875 0
2 9 0 1
842
0.0312499999999592 0.53125 0
2 10 0 1
843
0.0312499999999592 0.59375 0
2 11 0 1
844
0.0312499999999592 0.65625 0
2 12 0 1
845
0.0312499999999592 0.71875 0
2 13 0 1
846
0.0312499999999592 0.78125 0
2 14 0 1
847
0.0312499999999592 0.84375 0
2 15 0 1
848
0.0312499999999592 0.90625 0
2 16 0 1
849
0.0312499999999592 0.96875 0
2 17 0 1
850
0.09375 0.0312499999999592 0
2 18 0 1
851
0.09375 0.09375 0
2 19 0 1
852
0.09375 0.15625 0
2 20 0 1
853
0.09375 0.21875 0
2 21 0 1
854
0.09375 0.28125 0
2 22 0 1
855
0.09375 0.34375 0
2 23 0 1
856
0.09375 0.40625 0
2 24 0 1
857
0.09375 0.46875 0
2 25 0 1
858
0.09375 0.53125 0
2 26 0 1
859
0.09375 0.59375 0
2 27 0 1
860
0.09375 0.65625 0
2 28 0 1
861
0.09375 0.71875 0
2 29 0 1
862
0.09375 0.78125 0
2 30 0 1
863
0.09375 0.84375 0
2 31 0 1
864
0.09375 0.90625 0
2 32 0 1
865
0.09375 0.96875 0
2 33 0 1
866
0.15625 0.0312499999999592 0
2 34 0 1
867
0.15625 0.09375 0
2 35 0 1
868
0.15625 0.15625 0
2 36 0 1
869
0.15625 0.21875 0
2 37 0 1
870
0.15625 0.28125 0
2 38 0 1
871
0.15625 0.34375 0
2 39 0 1
872
0.15625 0.40625 0
2 40 0 1
873
0.15625 0.46875 0
2 41 0 1
874
0.15625 0.53125 0
2 42 0 1
875
0.15625 0.59375 0
2 43 0 1
876
0.15625 0.65625 0
2 44 0 1
877
0.15625 0.71875 0
2 45 0 1
878
0.15625 0.78125 0
2 46 0 1
879
0.15625 0.84375 0
2 47 0 1
880
0.15625 0.90625 0
2 48 0 1
881
0.15625 0.96875 0
2 49 0 1
882
0.21875 0.0312499999999592 0
2 50 0 1
883
0.21875 0.09375 0
2 51 0 1
884
0.21875 0.15625 0
2 52 0 1
885
0.21875 0.21875 0
2 53 0 1
886
0.21875 0.28125 0
2 54 0 1
887
0.21875 0.34375 0
2 55 0 1
888
0.21875 0.40625 0
2 56 0 1
889
0.21875 0.46875 0
2 57 0 1
890
0.21875 0.53125 0
2 58 0 1
891
0.21875 0.59375 0
2 59 0 1
892
0.21875 0.65625 0
2 60 0 1
893
0.21875 0.71875 0
2 61 0 1
894
0.21875 0.78125 0
2 62 0 1
895
0.21875 0.84375 0
2 63 0 1
896
0.21875 0.90625 0
2 64 0 1
897
0.21875 0.96875 0
2 65 0 1
898
0.28125 0.0312499999999592 0
2 66 0 1
899
0.28125 0.09375 0
2 67 0 1
900
0.28125 0.15625 0
2 68 0 1
901
0.28125 0.21875 0
2 69 0 1
902
0.28125 0.28125 0
2 70 0 1
903
0.28125 0.34375 0
2 71 0 1
904
0.28125 0.40625 0
2 72 0 1
905
0.28125 0.46875 0
2 73 0 1
906
0.28125 0.53125 0
2 74 0 1
907
0.28125 0.59375 0
2 75 0 1
908
0.28125 0.65625 0
2 76 0 1
909
0.28125 0.71875 0
2 77 0 1
910
0.28125 0.78125 0
2 78 0 1
911
0.28125 0.84375 0
2 79 0 1
912
0.28125 0.90625 0
2 80 0 1
913
0.28125 0.96875 0
2 81 0 1
914
0.34375 0.0312499999999592 0
2 82 0 1
915
0.34375 0.09375 0
2 83 0 1
916
0.34375 0.15625 0
2 84 0 1
917
0.34375 0.21875 0
2 85 0 1
918
0.34375 0.28125 0
2 86 0 1
919
0.34375 0.34375 0
2 87 0 1
920
0.34375 0.40625 0
2 88 0 1
921
0.34375 0.46875 0
2 89 0 1
922
0.34375 0.53125 0
2 90 0 1
923
0.34375 0.59375 0
2 91 0 1
924
0.34375 0.65625 0
2 92 0 1
925
0.34375 0.71875 0
2 93 0 1
926
0.34375 0.78125 0
2 94 0 1
927
0.34375 0.84375 0
2 95 0 1
928
0.34375 0.90625 0
2 96 0 1
929
0.34375 0.96875 0
2 97 0 1
930
0.40625 0.0312499999999592 0
2 98 0 1
931
0.40625 0.09375 0
2 99 0 1
932
0.40625 0.15625 0
2 100 0 1
933
0.40625 0.21875 0
2 101 0 1
934
0.40625 0.28125 0
2 102 0 1
935
0.40625 0.34375 0
2 103 0 1
936
0.40625 0.40625 0
2 104 0 1
937
0.40625 0.46875 0
2 105 0 1
938
0.40625 0.53125 0
2 106 0 1
939
0.40625 0.59375 0
2 107 0 1
940
0.40625 0.65625 0
2 108 0 1
941
0.40625 0.71875 0
2 109 0 1
942
0.40625 0.78125 0
2 110 0 1
943
0.40625 0.84375 0
2 111 0 1
944
0.40625 0.90625 0
2 112 0 1
945
0.40625 0.96875 0
2 113 0 1
946
0.46875 0.0312499999999592 0
2 114 0 1
947
0.46875 0.09375 0
2 115 0 1
948
0.46875 0.15625 0
2 116 0 1
949
0.46875 0.21875 0
2 117 0 1
950
0.46875 0.28125 0
2 118 0 1
951
0.46875 0.34375 0
2 119 0 1
952
0.46875 0.40625 0
2 120 0 1
953
0.46875 0.46875 0
2 121 0 1
954
0.46875 0.53125 0
2 122 0 1
955
0.46875 0.59375 0
2 123 0 1
956
0.46875 0.65625 0
2 124 0 1
957
0.46875 0.71875 0
2 125 0 1
958
0.46875 0.78125 0
2 126 0 1
959
0.46875 0.84375 0
2 127 0 1
960
0.46875 0.90625 0
2 128 0 1
961
0.46875 0.96875 0
2 129 0 1
962
0.53125 0.0312499999999592 0
2 130 0 1
963
0.53125 0.09375 0
2 131 0 1
964
0.53125 0.15625 0
2 132 0 1
965
0.53125 0.21875 0
2 133 0 1
966
0.53125 0.28125 0
2 134 0 1
967
0.53125 0.34375 0
2 135 0 1
968
0.53125 0.40625 0
2 136 0 1
969
0.53125 0.46875 0
2 137 0 1
970
0.53125 0.53125 0
2 138 0 1
971
0.53125 0.59375 0
2 139 0 1
972
0.53125 0.65625 0
2 140 0 1
973
0.53125 0.71875 0
2 141 0 1
974
0.53125 0.78125 0
2 142 0 1
975
0.53125 0.84375 0
2 143 0 1
976
0.53125 0.90625 0
2 144 0 1
977
0.53125 0.96875 0
2 145 0 1
978
0.59375 0.0312499999999592 0
2 146 0 1
979
0.59375 0.09375 0
2 147 0 1
980
0.59375 0.15625 0
2 148 0 1
981
0.59375 0.21875 0
2 149 0 1
982
0.59375 0.28125 0
2 150 0 1
983
0.59375 0.34375 0
2 151 0 1
984
0.59375 0.40625 0
2 152 0 1
985
0.59375 0.46875 0
2 153 0 1
986
0.59375 0.53125 0
2 154 0 1
987
0.59375 0.59375 0
2 155 0 1
988
0.59375 0.65625 0
2 156 0 1
989
0.59375 0.71875 0
2 157 0 1
990
0.59375 0.78125 0
2 158 0 1
991
0.59375 0.84375 0
2 159 0 1
992
0.59375 0.90625 0
2 160 0 1
993
0.59375 0.96875 0
2 161 0 1
994
0.65625 0.0312499999999592 0
2 162 0 1
995
0.65625 0.09375 0
2 163 0 1
996
0.65625 0.15625 0
2 164 0 1
997
0.65625 0.21875 0
2 165 0 1
998
0.65625 0.28125 0
2 166 0 1
999
0.65625 0.34375 0
2 167 0 1
1000
0.65625 0.40625 0
2 168 0 1
1001
0.65625 0.46875 0
2 169 0 1
1002
0.65625 0.53125 0
2 170 0 1
1003
0.65625 0.59375 0
2 171 0 1
1004
0.65625 0.65625 0
2 172 0 1
1005
0.65625 0.71875 0
2 173 0 1
1006
0.65625 0.78125 0
2 174 0 1
1007
0.65625 0.84375 0
2 175 0 1
1008
0.65625 0.90625 0
2 176 0 1
1009
0.65625 0.96875 0
2 177 0 1
1010
0.71875 0.0312499999999592 0
2 178 0 1
1011
0.71875 0.09375 0
2 179 0 1
1012
0.71875 0.15625 0
2 180 0 1
1013
0.71875 0.21875 0
2 181 0 1
1014
0.71875 0.28125 0
2 182 0 1
1015
0.71875 0.34375 0
2 183 0 1
1016
0.71875 0.40625 0
2 184 0 1
1017
0.71875 0.46875 0
2 185 0 1
1018
0.71875 0.53125 0
2 186 0 1
1019
0.71875 0.59375 0
2 187 0 1
1020
0.71875 0.65625 0
2 188 0 1
1021
0.71875 0.71875 0
2 189 0 1
1022
0.71875 0.78125 0
2 190 0 1
1023
0.71875 0.84375 0
2 191 0 1
1024
0.71875 0.90625 0
2 192 0 1
1025
0.71875 0.96875 0
2 193 0 1
1026
0.78125 0.0312499999999592 0
2 194 0 1
1027
0.78125 0.09375 0
2 195 0 1
1028
0.78125 0.15625 0
2 196 0 1
1029
0.78125 0.21875 0
2 197 0 1
1030
0.78125 0.28125 0
2 198 0 1
1031
0.78125 0.34375 0
2 199 0 1
1032
0.78125 0.40625 0
2 200 0 1
1033
0.78125 0.46875 0
2 201 0 1
1034
0.78125 0.53125 0
2 202 0 1
1035
0.78125 0.59375 0
2 203 0 1
1036
0.78125 0.65625 0
2 204 0 1
1037
0.78125 0.71875 0
2 205 0 1
1038
0.78125 0.78125 0
2 206 0 1
1039
0.78125 0.84375 0
2 207 0 1
1040
0.78125 0.90625 0
2 208 0 1
1041
0.78125 0.96875 0
2 209 0 1
1042
0.84375 0.0312499999999592 0
2 210 0 1
1043
0.84375 0.09375 0
2 211 0 1
1044
0.84375 0.15625 0
2 212 0 1
1045
0.84375 0.21875 0
2 213 0 1
1046
0.84375 0.28125 0
2 214 0 1
1047
0.84375 0.34375 0
2 215 0 1
1048
0.84375 0.40625 0
2 216 0 1
1049
0.84375 0.46875 0
2 217 0 1
1050
0.84375 0.53125 0
2 218 0 1
1051
0.84375 0.59375 0
2 219 0 1
1052
0.84375 0.65625 0
2 220 0 1
1053
0.84375 0.71875 0
2 221 0 1
1054
0.84375 0.78125 0
2 222 0 1
1055
0.84375 0.84375 0
2 223 0 1
1056
0.84375 0.90625 0
2 224 0 1
1057
0.84375 0.96875 0
2 225 0 1
1058
0.90625 0.0312499999999592 0
2 226 0 1
1059
0.90625 0.09375 0
2 227 0 1
1060
0.90625 0.15625 0
2 228 0 1
1061
0.90625 0.21875 0
2 229 0 1
1062
0.90625 0.28125 0
2 230 0 1
1063
0.90625 0.34375 0
2 231 0 1
1064
0.90625 0.40625 0
2 232 0 1
1065
0.90625 0.46875 0
2 233 0 1
1066
0.90625 0.53125 0
2 234 0 1
1067
0.90625 0.59375 0
2 235 0 1
1068
0.90625 0.65625 0
2 236 0 1
1069
0.90625 0.71875 0
2 237 0 1
1070
0.90625 0.78125 0
2 238 0 1
1071
0.90625 0.84375 0
2 239 0 1
1072
0.90625 0.90625 0
2 240 0 1
1073
0.90625 0.96875 0
2 241 0 1
1074
0.96875 0.0312499999999592 0
2 242 0 1
1075
0.96875 0.09375 0
2 243 0 1
1076
0.96875 0.15625 0
2 244 0 1
1077
0.96875 0.21875 0
2 245 0 1
1078
0.96875 0.28125 0
2 246 0 1
1079
0.96875 0.34375 0
2 247 0 1
1080
0.96875 0.40625 0
2 248 0 1
1081
0.96875 0.46875 0
2 249 0 1
1082
0.96875 0.53125 0
2 250 0 1
1083
0.96875 0.59375 0
2 251 0 1
1084
0.96875 0.65625 0
2 252 0 1
1085
0.96875 0.71875 0
2 253 0 1
1086
0.96875 0.78125 0
2 254 0 1
1087
0.96875 0.84375 0
2 255 0 1
1088
0.96875 0.90625 0
2 256 0 1
1089
0.96875 0.96875 0
$EndNodes
$Elements
1089 2401 1 2401
0 1 15 1
1 1 
0 2 15 1
2 2 
0 3 15 1
3 3 
0 4 15 1
4 4 
0 5 15 1
5 5 
0 6 15 1
6 6 
0 7 15 1
7 7 
0 8 15 1
8 8 
0 9 15 1
9 9 
0 10 15 1
10 10 
0 11 15 1
11 11 
0 12 15 1
12 12 
0 13 15 1
13 13 
0 14 15 1
14 14 
0 15 15 1
15 15 
0 16 15 1
16 16 
0 17 15 1
17 17 
0 18 15 1
18 18 
0 19 15 1
19 19 
0 20 15 1
20 20 
0 21 15 1
21 21 
0 22 15 1
22 22 
0 23 15 1
23 23 
0 24 15 1
24 24 
0 25 15 1
25 25 
0 26 15 1
26 26 
0 27 15 1
27 27 
0 28 15 1
28 28 
0 29 15 1
29 29 
0 30 15 1
30 30 
0 31 15 1
31 31 
0 32 15 1
32 32 
0 33 15 1
33 33 
0 34 15 1
34 34 
0 35 15 1
35 35 
0 36 15 1
36 36 
0 37 15 1
37 37 
0 38 15 1
38 38 
0 39 15 1
39 39 
0 40 15 1
40 40 
0 41 15 1
41 41 
0 42 15 1
42 42 
0 43 15 1
43 43 
0 44 15 1
44 44 
0 45 15 1
45 45 
0 46 15 1
46 46 
0 47 15 1
47 47 
0 48 15 1
48 48 
0 49 15 1
49 49 
0 50 15 1
50 50 
0 51 15 1
51 51 
0 52 15 1
52 52 
0 53 15 1
53 53 
0 54 15 1
54 54 
0 55 15 1
55 55 
0 56 15 1
56 56 
0 57 15 1
57 57 
0 58 15 1
58 58 
0 59 15 1
59 59 
0 60 15 1
60 60 
0 61 15 1
61 61 
0 62 15 1
62 62 
0 63 15 1
63 63 
0 64 15 1
64 64 
0 65 15 1
65 65 
0 66 15 1
66 66 
0 67 15 1
67 67 
0 68 15 1
68 68 
0 69 15 1
69 69 
0 70 15 1
70 70 
0 71 15 1
71 71 
0 72 15 1
72 72 
0 73 15 1
73 73 
0 74 15 1
74 74 
0 75 15 1
75 75 
0 76 15 1
76 76 
0 77 15 1
77 77 
0 78 15 1
78 78 
0 79 15 1
79 79 
0 80 15 1
80 80 
0 81 15 1
81 81 
0 82 15 1
82 82 
0 83 15 1
83 83 
0 84 15 1
84 84 
0 85 15 1
85 85 
0 86 15 1
86 86 
0 87 15 1
87 87 
0 88 15 1
88 88 
0 89 15 1
89 89 
0 90 15 1
90 90 
0 91 15 1
91 91 
0 92 15 1
92 92 
0 93 15 1
93 93 
0 94 15 1
94 94 
0 95 15 1
95 95 
0 96 15 1
96 96 
0 97 15 1
97 97 
0 98 15 1
98 98 
0 99 15 1
99 99 
0 100 15 1
100 100 
0 101 15 1
101 101 
0 102 15 1
102 102 
0 103 15 1
103 103 
0 104 15 1
104 104 
0 105 15 1
105 105 
0 106 15 1
106 106 
0 107 15 1
107 107 
0 108 15 1
108 108 
0 109 15 1
109 109 
0 110 15 1
110 110 
0 111 15 1
111 111 
0 112 15 1
112 112 
0 113 15 1
113 113 
0 114 15 1
114 114 
0 115 15 1
115 115 
0 116 15 1
116 116 
0 117 15 1
117 117 
0 118 15 1
118 118 
0 119 15 1
119 119 
0 120 15 1
120 120 
0 121 15 1
121 121 
0 122 15 1
122 122 
0 123 15 1
123 123 
0 124 15 1
124 124 
0 125 15 1
125 125 
0 126 15 1
126 126 
0 127 15 1
127 127 
0 128 15 1
128 128 
0 129 15 1
129 129 
0 130 15 1
130 130 
0 131 15 1
131 131 
0 132 15 1
132 132 
0 133 15 1
133 133 
0 134 15 1
134 134 
0 135 15 1
135 135 
0 136 15 1
136 136 
0 137 15 1
137 137 
0 138 15 1
138 138 
0 139 15 1
139 139 
0 140 15 1
140 140 
0 141 15 1
141 141 
0 142 15 1
142 142 
0 143 15 1
143 143 
0 144 15 1
144 144 
0 145 15 1
145 145 
0 146 15 1
146 146 
0 147 15 1
147 147 
0 148 15 1
148 148 
0 149 15 1
149 149 
0 150 15 1
150 150 
0 151 15 1
151 151 
0 152 15 1
152 152 
0 153 15 1
153 153 
0 154 15 1
154 154 
0 155 15 1
155 155 
0 156 15 1
156 156 
0 157 15 1
157 157 
0 158 15 1
158 158 
0 159 15 1
159 159 
0 160 15 1
160 160 
0 161 15 1
161 161 
0 162 15 1
162 162 
0 163 15 1
163 163 
0 164 15 1
164 164 
0 165 15 1
165 165 
0 166 15 1
166 166 
0 167 15 1
167 167 
0 168 15 1
168 168 
0 169 15 1
169 169 
0 170 15 1
170 170 
0 171 15 1
171 171 
0 172 15 1
172 172 
0 173 15 1
173 173 
0 174 15 1
174 174 
0 175 15 1
175 175 
0 176 15 1
176 176 
0 177 15 1
177 177 
0 178 15 1
178 178 
0 179 15 1
179 179 
0 180 15 1
180 180 
0 181 15 1
181 181 
0 182 15 1
182 182 
0 183 15 1
183 183 
0 184 15 1
184 184 
0 185 15 1
185 185 
0 186 15 1
186 186 
0 187 15 1
187 187 
0 188 15 1
188 188 
0 189 15 1
189 189 
0 190 15 1
190 190 
0 191 15 1
191 191 
0 192 15 1
192 192 
0 193 15 1
193 193 
0 194 15 1
194 194 
0 195 15 1
195 195 
0 196 15 1
196 196 
0 197 15 1
197 197 
0 198 15 1
198 198 
0 199 15 1
199 199 
0 200 15 1
200 200 
0 201 15 1
201 201 
0 202 15 1
202 202 
0 203 15 1
203 203 
0 204 15 1
204 204 
0 205 15 1
205 205 
0 206 15 1
206 206 
0 207 15 1
207 207 
0 208 15 1
208 208 
0 209 15 1
209 209 
0 210 15 1
210 210 
0 211 15 1
211 211 
0 212 15 1
212 212 
0 213 15 1
213 213 
0 214 15 1
214 214 
0 215 15 1
215 215 
0 216 15 1
216 216 
0 217 15 1
217 217 
0 218 15 1
218 218 
0 219 15 1
219 219 
0 220 15 1
220 220 
0 221 15 1
221 221 
0 222 15 1
222 222 
0 223 15 1
223 223 
0 224 15 1
224 224 
0 225 15 1
225 225 
0 226 15 1
226 226 
0 227 15 1
227 227 
0 228 15 1
228 228 
0 229 15 1
229 229 
0 230 15 1
230 230 
0 231 15 1
231 231 
0 232 15 1
232 232 
0 233 15 1
233 233 
0 234 15 1
234 234 
0 235 15 1
235 235 
0 236 15 1
236 236 
0 237 15 1
237 237 
0 238 15 1
238 238 
0 239 15 1
239 239 
0 240 15 1
240 240 
0 241 15 1
241 241 
0 242 15 1
242 242 
0 243 15 1
243 243 
0 244 15 1
244 244 
0 245 15 1
245 245 
0 246 15 1
246 246 
0 247 15 1
247 247 
0 248 15 1
248 248 
0 249 15 1
249 249 
0 250 15 1
250 250 
0 251 15 1
251 251 
0 252 15 1
252 252 
0 253 15 1
253 253 
0 254 15 1
254 254 
0 255 15 1
255 255 
0 256 15 1
256 256 
0 257 15 1
257 257 
0 258 15 1
258 258 
0 259 15 1
259 259 
0 260 15 1
260 260 
0 261 15 1
261 261 
0 262 15 1
262 262 
0 263 15 1
263 263 
0 264 15 1
264 264 
0 265 15 1
265 265 
0 266 15 1
266 266 
0 267 15 1
267 267 
0 268 15 1
268 268 
0 269 15 1
269 269 
0 270 15 1
270 270 
0 271 15 1
271 271 
0 272 15 1
272 272 
0 273 15 1
273 273 
0 274 15 1
274 274 
0 275 15 1
275 275 
0 276 15 1
276 276 
0 277 15 1
277 277 
0 278 15 1
278 278 
0 279 15 1
279 279 
0 280 15 1
280 280 
0 281 15 1
281 281 
0 282 15 1
282 282 
0 283 15 1
283 283 
0 284 15 1
284 284 
0 285 15 1
285 285 
0 286 15 1
286 286 
0 287 15 1
287 287 
0 288 15 1
288 288 
0 289 15 1
289 289 
1 1 1 2
290 1 290 
291 290 18 
1 2 1 2
292 18 291 
293 291 35 
1 3 1 2
294 35 292 
295 292 52 
1 4 1 2
296 52 293 
297 293 69 
1 5 1 2
298 69 294 
299 294 86 
1 6 1 2
300 86 295 
301 295 103 
1 7 1 2
302 103 296 
303 296 120 
1 8 1 2
304 120 297 
305 297 137 
1 9 1 2
306 137 298 
307 298 154 
1 10 1 2
308 154 299 
309 299 171 
1 11 1 2
310 171 300 
311 300 188 
1 12 1 2
312 188 301 
313 301 205 
1 13 1 2
314 205 302 
315 302 222 
1 14 1 2
316 222 303 
317 303 239 
1 15 1 2
318 239 304 
319 304 256 
1 16 1 2
320 256 305 
321 305 273 
1 17 1 2
322 2 306 
323 306 19 
1 18 1 2
324 19 307 
325 307 36 
1 19 1 2
326 36 308 
327 308 53 
1 20 1 2
328 53 309 
329 309 70 
1 21 1 2
330 70 310 
331 310 87 
1 22 1 2
332 87 311 
333 311 104 
1 23 1 2
334 104 312 
335 312 121 
1 24 1 2
336 121 313 
337 313 138 
1 25 1 2
338 138 314 
339 314 155 
1 26 1 2
340 155 315 
341 315 172 
1 27 1 2
342 172 316 
343 316 189 
1 28 1 2
344 189 317 
345 317 206 
1 29 1 2
346 206 318 
347 318 223 
1 30 1 2
348 223 319 
349 319 240 
1 31 1 2
350 240 320 
351 320 257 
1 32 1 2
352 257 321 
353 321 274 
1 33 1 2
354 3 322 
355 322 20 
1 34 1 2
356 20 323 
357 323 37 
1 35 1 2
358 37 324 
359 324 54 
1 36 1 2
360 54 325 
361 325 71 
1 37 1 2
362 71 326 
363 326 88 
1 38 1 2
364 88 327 
365 327 105 
1 39 1 2
366 105 328 
367 328 122 
1 40 1 2
368 122 329 
369 329 139 
1 41 1 2
370 139 330 
371 330 156 
1 42 1 2
372 156 331 
373 331 173 
1 43 1 2
374 173 332 
375 332 190 
1 44 1 2
376 190 333 
377 333 207 
1 45 1 2
378 207 334 
379 334 224 
1 46 1 2
380 224 335 
381 335 241 
1 47 1 2
382 241 336 
383 336 258 
1 48 1 2
384 258 337 
385 337 275 
1 49 1 2
386 4 338 
387 338 21 
1 50 1 2
388 21 339 
389 339 38 
1 51 1 2
390 38 340 
391 340 55 
1 52 1 2
392 55 341 
393 341 72 
1 53 1 2
394 72 342 
395 342 89 
1 54 1 2
396 89 343 
397 343 106 
1 55 1 2
398 106 344 
399 344 123 
1 56 1 2
400 123 345 
401 345 140 
1 57 1 2
402 140 346 
403 346 157 
1 58 1 2
404 157 347 
405 347 174 
1 59 1 2
406 174 348 
407 348 191 
1 60 1 2
408 191 349 
409 349 208 
1 61 1 2
410 208 350 
411 350 225 
1 62 1 2
412 225 351 
413 351 242 
1 63 1 2
414 242 352 
415 352 259 
1 64 1 2
416 259 353 
417 353 276 
1 65 1 2
418 5 354 
419 354 22 
1 66 1 2
420 22 355 
421 355 39 
1 67 1 2
422 39 356 
423 356 56 
1 68 1 2
424 56 357 
425 357 73 
1 69 1 2
426 73 358 
427 358 90 
1 70 1 2
428 90 359 
429 359 107 
1 71 1 2
430 107 360 
431 360 124 
1 72 1 2
432 124 361 
433 361 141 
1 73 1 2
434 141 362 
435 362 158 
1 74 1 2
436 158 363 
437 363 175 
1 75 1 2
438 175 364 
439 364 192 
1 76 1 2
440 192 365 
441 365 209 
1 77 1 2
442 209 366 
443 366 226 
1 78 1 2
444 226 367 
445 367 243 
1 79 1 2
446 243 368 
447 368 260 
1 80 1 2
448 260 369 
449 369 277 
1 81 1 2
450 6 370 
451 370 23 
1 82 1 2
452 23 371 
453 371 40 
1 83 1 2
454 40 372 
455 372 57 
1 84 1 2
456 57 373 
457 373 74 
1 85 1 2
458 74 374 
459 374 91 
1 86 1 2
460 91 375 
461 375 108 
1 87 1 2
462 108 376 
463 376 125 
1 88 1 2
464 125 377 
465 377 142 
1 89 1 2
466 142 378 
467 378 159 
1 90 1 2
468 159 379 
469 379 176 
1 91 1 2
470 176 380 
471 380 193 
1 92 1 2
472 193 381 
473 381 210 
1 93 1 2
474 210 382 
475 382 227 
1 94 1 2
476 227 383 
477 383 244 
1 95 1 2
478 244 384 
479 384 261 
1 96 1 2
480 261 385 
481 385 278 
1 97 1 2
482 7 386 
483 386 24 
1 98 1 2
484 24 387 
485 387 41 
1 99 1 2
486 41 388 
487 388 58 
1 100 1 2
488 58 389 
489 389 75 
1 101 1 2
490 75 390 
491 390 92 
1 102 1 2
492 92 391 
493 391 109 
1 103 1 2
494 109 392 
495 392 126 
1 104 1 2
496 126 393 
497 393 143 
1 105 1 2
498 143 394 
499 394 160 
1 106 1 2
500 160 395 
501 395 177 
1 107 1 2
502 177 396 
503 396 194 
1 108 1 2
504 194 397 
505 397 211 
1 109 1 2
506 211 398 
507 398 228 
1 110 1 2
508 228 399 
509 399 245 
1 111 1 2
510 245 400 
511 400 262 
1 112 1 2
512 262 401 
513 401 279 
1 113 1 2
514 8 402 
515 402 25 
1 114 1 2
516 25 403 
517 403 42 
1 115 1 2
518 42 404 
519 404 59 
1 116 1 2
520 59 405 
521 405 76 
1 117 1 2
522 76 406 
523 406 93 
1 118 1 2
524 93 407 
525 407 110 
1 119 1 2
526 110 408 
527 408 127 
1 120 1 2
528 127 409 
529 409 144 
1 121 1 2
530 144 410 
531 410 161 
1 122 1 2
532 161 411 
533 411 178 
1 123 1 2
534 178 412 
535 412 195 
1 124 1 2
536 195 413 
537 413 212 
1 125 1 2
538 212 414 
539 414 229 
1 126 1 2
540 229 415 
541 415 246 
1 127 1 2
542 246 416 
543 416 263 
1 128 1 2
544 263 417 
545 417 280 
1 129 1 2
546 9 418 
547 418 26 
1 130 1 2
548 26 419 
549 419 43 
1 131 1 2
550 43 420 
551 420 60 
1 132 1 2
552 60 421 
553 421 77 
1 133 1 2
554 77 422 
555 422 94 
1 134 1 2
556 94 423 
557 423 111 
1 135 1 2
558 111 424 
559 424 128 
1 136 1 2
560 128 425 
561 425 145 
1 137 1 2
562 145 426 
563 426 162 
1 138 1 2
564 162 427 
565 427 179 
1 139 1 2
566 179 428 
567 428 196 
1 140 1 2
568 196 429 
569 429 213 
1 141 1 2
570 213 430 
571 430 230 
1 142 1 2
572 230 431 
573 431 247 
1 143 1 2
574 247 432 
575 432 264 
1 144 1 2
576 264 433 
577 433 281 
1 145 1 2
578 10 434 
579 434 27 
1 146 1 2
580 27 435 
581 435 44 
1 147 1 2
582 44 436 
583 436 61 
1 148 1 2
584 61 437 
585 437 78 
1 149 1 2
586 78 438 
587 438 95 
1 150 1 2
588 95 439 
589 439 112 
1 151 1 2
590 112 440 
591 440 129 
1 152 1 2
592 129 441 
593 441 146 
1 153 1 2
594 146 442 
595 442 163 
1 154 1 2
596 163 443 
597 443 180 
1 155 1 2
598 180 444 
599 444 197 
1 156 1 2
600 197 445 
601 445 214 
1 157 1 2
602 214 446 
603 446 231 
1 158 1 2
604 231 447 
605 447 248 
1 159 1 2
606 248 448 
607 448 265 
1 160 1 2
608 265 449 
609 449 282 
1 161 1 2
610 11 450 
611 450 28 
1 162 1 2
612 28 451 
613 451 45 
1 163 1 2
614 45 452 
615 452 62 
1 164 1 2
616 62 453 
617 453 79 
1 165 1 2
618 79 454 
619 454 96 
1 166 1 2
620 96 455 
621 455 113 
1 167 1 2
622 113 456 
623 456 130 
1 168 1 2
624 130 457 
625 457 147 
1 169 1 2
626 147 458 
627 458 164 
1 170 1 2
628 164 459 
629 459 181 
1 171 1 2
630 181 460 
631 460 198 
1 172 1 2
632 198 461 
633 461 215 
1 173 1 2
634 215 462 
635 462 232 
1 174 1 2
636 232 463 
637 463 249 
1 175 1 2
638 249 464 
639 464 266 
1 176 1 2
640 266 465 
641 465 283 
1 177 1 2
642 12 466 
643 466 29 
1 178 1 2
644 29 467 
645 467 46 
1 179 1 2
646 46 468 
647 468 63 
1 180 1 2
648 63 469 
649 469 80 
1 181 1 2
650 80 470 
651 470 97 
1 182 1 2
652 97 471 
653 471 114 
1 183 1 2
654 114 472 
655 472 131 
1 184 1 2
656 131 473 
657 473 148 
1 185 1 2
658 148 474 
659 474 165 
1 186 1 2
660 165 475 
661 475 182 
1 187 1 2
662 182 476 
663 476 199 
1 188 1 2
664 199 477 
665 477 216 
1 189 1 2
666 216 478 
667 478 233 
1 190 1 2
668 233 479 
669 479 250 
1 191 1 2
670 250 480 
671 480 267 
1 192 1 2
672 267 481 
673 481 284 
1 193 1 2
674 13 482 
675 482 30 
1 194 1 2
676 30 483 
677 483 47 
1 195 1 2
678 47 484 
679 484 64 
1 196 1 2
680 64 485 
681 485 81 
1 197 1 2
682 81 486 
683 486 98 
1 198 1 2
684 98 487 
685 487 115 
1 199 1 2
686 115 488 
687 488 132 
1 200 1 2
688 132 489 
689 489 149 
1 201 1 2
690 149 490 
691 490 166 
1 202 1 2
692 166 491 
693 491 183 
1 203 1 2
694 183 492 
695 492 200 
1 204 1 2
696 200 493 
697 493 217 
1 205 1 2
698 217 494 
699 494 234 
1 206 1 2
700 234 495 
701 495 251 
1 207 1 2
702 251 496 
703 496 268 
1 208 1 2
704 268 497 
705 497 285 
1 209 1 2
706 14 498 
707 498 31 
1 210 1 2
708 31 499 
709 499 48 
1 211 1 2
710 48 500 
711 500 65 
1 212 1 2
712 65 501 
713 501 82 
1 213 1 2
714 82 502 
715 502 99 
1 214 1 2
716 99 503 
717 503 116 
1 215 1 2
718 116 504 
719 504 133 
1 216 1 2
720 133 505 
721 505 150 
1 217 1 2
722 150 506 
723 506 167 
1 218 1 2
724 167 507 
725 507 184 
1 219 1 2
726 184 508 
727 508 201 
1 220 1 2
728 201 509 
729 509 218 
1 221 1 2
730 218 510 
731 510 235 
1 222 1 2
732 235 511 
733 511 252 
1 223 1 2
734 252 512 
735 512 269 
1 224 1 2
736 269 513 
737 513 286 
1 225 1 2
738 15 514 
739 514 32 
1 226 1 2
740 32 515 
741 515 49 
1 227 1 2
742 49 516 
743 516 66 
1 228 1 2
744 66 517 
745 517 83 
1 229 1 2
746 83 518 
747 518 100 
1 230 1 2
748 100 519 
749 519 117 
1 231 1 2
750 117 520 
751 520 134 
1 232 1 2
752 134 521 
753 521 151 
1 233 1 2
754 151 522 
755 522 168 
1 234 1 2
756 168 523 
757 523 185 
1 235 1 2
758 185 524 
759 524 202 
1 236 1 2
760 202 525 
761 525 219 
1 237 1 2
762 219 526 
763 526 236 
1 238 1 2
764 236 527 
765 527 253 
1 239 1 2
766 253 528 
767 528 270 
1 240 1 2
768 270 529 
769 529 287 
1 241 1 2
770 16 530 
771 530 33 
1 242 1 2
772 33 531 
773 531 50 
1 243 1 2
774 50 532 
775 532 67 
1 244 1 2
776 67 533 
777 533 84 
1 245 1 2
778 84 534 
779 534 101 
1 246 1 2
780 101 535 
781 535 118 
1 247 1 2
782 118 536 
783 536 135 
1 248 1 2
784 135 537 
785 537 152 
1 249 1 2
786 152 538 
787 538 169 
1 250 1 2
788 169 539 
789 539 186 
1 251 1 2
790 186 540 
791 540 203 
1 252 1 2
792 203 541 
793 541 220 
1 253 1 2
794 220 542 
795 542 237 
1 254 1 2
796 237 543 
797 543 254 
1 255 1 2
798 254 544 
799 544 271 
1 256 1 2
800 271 545 
801 545 288 
1 257 1 2
802 17 546 
803 546 34 
1 258 1 2
804 34 547 
805 547 51 
1 259 1 2
806 51 548 
807 548 68 
1 260 1 2
808 68 549 
809 549 85 
1 261 1 2
810 85 550 
811 550 102 
1 262 1 2
812 102 551 
813 551 119 
1 263 1 2
814 119 552 
815 552 136 
1 264 1 2
816 136 553 
817 553 153 
1 265 1 2
818 153 554 
819 554 170 
1 266 1 2
820 170 555 
821 555 187 
1 267 1 2
822 187 556 
823 556 204 
1 268 1 2
824 204 557 
825 557 221 
1 269 1 2
826 221 558 
827 558 238 
1 270 1 2
828 238 559 
829 559 255 
1 271 1 2
830 255 560 
831 560 272 
1 272 1 2
832 272 561 
833 561 289 
1 273 1 2
834 1 562 
835 562 2 
1 274 1 2
836 2 563 
837 563 3 
1 275 1 2
838 3 564 
839 564 4 
1 276 1 2
840 4 565 
841 565 5 
1 277 1 2
842 5 566 
843 566 6 
1 278 1 2
844 6 567 
845 567 7 
1 279 1 2
846 7 568 
847 568 8 
1 280 1 2
848 8 569 
849 569 9 
1 281 1 2
850 9 570 
851 570 10 
1 282 1 2
852 10 571 
853 571 11 
1 283 1 2
854 11 572 
855 572 12 
1 284 1 2
856 12 573 
857 573 13 
1 285 1 2
858 13 574 
859 574 14 
1 286 1 2
860 14 575 
861 575 15 
1 287 1 2
862 15 576 
863 576 16 
1 288 1 2
864 16 577 
865 577 17 
1 289 1 2
866 18 578 
867 578 19 
1 290 1 2
868 19 579 
869 579 20 
1 291 1 2
870 20 580 
871 580 21 
1 292 1 2
872 21 581 
873 581 22 
1 293 1 2
874 22 582 
875 582 23 
1 294 1 2
876 23 583 
877 583 24 
1 295 1 2
878 24 584 
879 584 25 
1 296 1 2
880 25 585 
881 585 26 
1 297 1 2
882 26 586 
883 586 27 
1 298 1 2
884 27 587 
885 587 28 
1 299 1 2
886 28 588 
887 588 29 
1 300 1 2
888 29 589 
889 589 30 
1 301 1 2
890 30 590 
891 590 31 
1 302 1 2
892 31 591 
893 591 32 
1 303 1 2
894 32 592 
895 592 33 
1 304 1 2
896 33 593 
897 593 34 
1 305 1 2
898 35 594 
899 594 36 
1 306 1 2
900 36 595 
901 595 37 
1 307 1 2
902 37 596 
903 596 38 
1 308 1 2
904 38 597 
905 597 39 
1 309 1 2
906 39 598 
907 598 40 
1 310 1 2
908 40 599 
909 599 41 
1 311 1 2
910 41 600 
911 600 42 
1 312 1 2
912 42 601 
913 601 43 
1 313 1 2
914 43 602 
915 602 44 
1 314 1 2
916 44 603 
917 603 45 
1 315 1 2
918 45 604 
919 604 46 
1 316 1 2
920 46 605 
921 605 47 
1 317 1 2
922 47 606 
923 606 48 
1 318 1 2
924 48 607 
925 607 49 
1 319 1 2
926 49 608 
927 608 50 
1 320 1 2
928 50 609 
929 609 51 
1 321 1 2
930 52 610 
931 610 53 
1 322 1 2
932 53 611 
933 611 54 
1 323 1 2
934 54 612 
935 612 55 
1 324 1 2
936 55 613 
937 613 56 
1 325 1 2
938 56 614 
939 614 57 
1 326 1 2
940 57 615 
941 615 58 
1 327 1 2
942 58 616 
943 616 59 
1 328 1 2
944 59 617 
945 617 60 
1 329 1 2
946 60 618 
947 618 61 
1 330 1 2
948 61 619 
949 619 62 
1 331 1 2
950 62 620 
951 620 63 
1 332 1 2
952 63 621 
953 621 64 
1 333 1 2
954 64 622 
955 622 65 
1 334 1 2
956 65 623 
957 623 66 
1 335 1 2
958 66 624 
959 624 67 
1 336 1 2
960 67 625 
961 625 68 
1 337 1 2
962 69 626 
963 626 70 
1 338 1 2
964 70 627 
965 627 71 
1 339 1 2
966 71 628 
967 628 72 
1 340 1 2
968 72 629 
969 629 73 
1 341 1 2
970 73 630 
971 630 74 
1 342 1 2
972 74 631 
973 631 75 
1 343 1 2
974 75 632 
975 632 76 
1 344 1 2
976 76 633 
977 633 77 
1 345 1 2
978 77 634 
979 634 78 
1 346 1 2
980 78 635 
981 635 79 
1 347 1 2
982 79 636 
983 636 80 
1 348 1 2
984 80 637 
985 637 81 
1 349 1 2
986 81 638 
987 638 82 
1 350 1 2
988 82 639 
989 639 83 
1 351 1 2
990 83 640 
991 640 84 
1 352 1 2
992 84 641 
993 641 85 
1 353 1 2
994 86 642 
995 642 87 
1 354 1 2
996 87 643 
997 643 88 
1 355 1 2
998 88 644 
999 644 89 
1 356 1 2
1000 89 645 
1001 645 90 
1 357 1 2
1002 90 646 
1003 646 91 
1 358 1 2
1004 91 647 
1005 647 92 
1 359 1 2
1006 92 648 
1007 648 93 
1 360 1 2
1008 93 649 
1009 649 94 
1 361 1 2
1010 94 650 
1011 650 95 
1 362 1 2
1012 95 651 
1013 651 96 
1 363 1 2
1014 96 652 
1015 652 97 
1 364 1 2
1016 97 653 
1017 653 98 
1 365 1 2
1018 98 654 
1019 654 99 
1 366 1 2
1020 99 655 
1021 655 100 
1 367 1 2
1022 100 656 
1023 656 101 
1 368 1 2
1024 101 657 
1025 657 102 
1 369 1 2
1026 103 658 
1027 658 104 
1 370 1 2
1028 104 659 
1029 659 105 
1 371 1 2
1030 105 660 
1031 660 106 
1 372 1 2
1032 106 661 
1033 661 107 
1 373 1 2
1034 107 662 
1035 662 108 
1 374 1 2
1036 108 663 
1037 663 109 
1 375 1 2
1038 109 664 
1039 664 110 
1 376 1 2
1040 110 665 
1041 665 111 
1 377 1 2
1042 111 666 
1043 666 112 
1 378 1 2
1044 112 667 
1045 667 113 
1 379 1 2
1046 113 668 
1047 668 114 
1 380 1 2
1048 114 669 
1049 669 115 
1 381 1 2
1050 115 670 
1051 670 116 
1 382 1 2
1052 116 671 
1053 671 117 
1 383 1 2
1054 117 672 
1055 672 118 
1 384 1 2
1056 118 673 
1057 673 119 
1 385 1 2
1058 120 674 
1059 674 121 
1 386 1 2
1060 121 675 
1061 675 122 
1 387 1 2
1062 122 676 
1063 676 123 
1 388 1 2
1064 123 677 
1065 677 124 
1 389 1 2
1066 124 678 
1067 678 125 
1 390 1 2
1068 125 679 
1069 679 126 
1 391 1 2
1070 126 680 
1071 680 127 
1 392 1 2
1072 127 681 
1073 681 128 
1 393 1 2
1074 128 682 
1075 682 129 
1 394 1 2
1076 129 683 
1077 683 130 
1 395 1 2
1078 130 684 
1079 684 131 
1 396 1 2
1080 131 685 
1081 685 132 
1 397 1 2
1082 132 686 
1083 686 133 
1 398 1 2
1084 133 687 
1085 687 134 
1 399 1 2
1086 134 688 
1087 688 135 
1 400 1 2
1088 135 689 
1089 689 136 
1 401 1 2
1090 137 690 
1091 690 138 
1 402 1 2
1092 138 691 
1093 691 139 
1 403 1 2
1094 139 692 
1095 692 140 
1 404 1 2
1096 140 693 
1097 693 141 
1 405 1 2
1098 141 694 
1099 694 142 
1 406 1 2
1100 142 695 
1101 695 143 
1 407 1 2
1102 143 696 
1103 696 144 
1 408 1 2
1104 144 697 
1105 697 145 
1 409 1 2
1106 145 698 
1107 698 146 
1 410 1 2
1108 146 699 
1109 699 147 
1 411 1 2
1110 147 700 
1111 700 148 
1 412 1 2
1112 148 701 
1113 701 149 
1 413 1 2
1114 149 702 
1115 702 150 
1 414 1 2
1116 150 703 
1117 703 151 
1 415 1 2
1118 151 704 
1119 704 152 
1 416 1 2
1120 152 705 
1121 705 153 
1 417 1 2
1122 154 706 
1123 706 155 
1 418 1 2
1124 155 707 
1125 707 156 
1 419 1 2
1126 156 708 
1127 708 157 
1 420 1 2
1128 157 709 
1129 709 158 
1 421 1 2
1130 158 710 
1131 710 159 
1 422 1 2
1132 159 711 
1133 711 160 
1 423 1 2
1134 160 712 
1135 712 161 
1 424 1 2
1136 161 713 
1137 713 162 
1 425 1 2
1138 162 714 
1139 714 163 
1 426 1 2
1140 163 715 
1141 715 164 
1 427 1 2
1142 164 716 
1143 716 165 
1 428 1 2
1144 165 717 
1145 717 166 
1 429 1 2
1146 166 718 
1147 718 167 
1 430 1 2
1148 167 719 
1149 719 168 
1 431 1 2
1150 168 720 
1151 720 169 
1 432 1 2
1152 169 721 
1153 721 170 
1 433 1 2
1154 171 722 
1155 722 172 
1 434 1 2
1156 172 723 
1157 723 173 
1 435 1 2
1158 173 724 
1159 724 174 
1 436 1 2
1160 174 725 
1161 725 175 
1 437 1 2
1162 175 726 
1163 726 176 
1 438 1 2
1164 176 727 
1165 727 177 
1 439 1 2
1166 177 728 
1167 728 178 
1 440 1 2
1168 178 729 
1169 729 179 
1 441 1 2
1170 179 730 
1171 730 180 
1 442 1 2
1172 180 731 
1173 731 181 
1 443 1 2
1174 181 732 
1175 732 182 
1 444 1 2
1176 182 733 
1177 733 183 
1 445 1 2
1178 183 734 
1179 734 184 
1 446 1 2
1180 184 735 
1181 735 185 
1 447 1 2
1182 185 736 
1183 736 186 
1 448 1 2
1184 186 737 
1185 737 187 
1 449 1 2
1186 188 738 
1187 738 189 
1 450 1 2
1188 189 739 
1189 739 190 
1 451 1 2
1190 190 740 
1191 740 191 
1 452 1 2
1192 191 741 
1193 741 192 
1 453 1 2
1194 192 742 
1195 742 193 
1 454 1 2
1196 193 743 
1197 743 194 
1 455 1 2
1198 194 744 
1199 744 195 
1 456 1 2
1200 195 745 
1201 745 196 
1 457 1 2
1202 196 746 
1203 746 197 
1 458 1 2
1204 197 747 
1205 747 198 
1 459 1 2
1206 198 748 
1207 748 199 
1 460 1 2
1208 199 749 
1209 749 200 
1 461 1 2
1210 200 750 
1211 750 201 
1 462 1 2
1212 201 751 
1213 751 202 
1 463 1 2
1214 202 752 
1215 752 203 
1 464 1 2
1216 203 753 
1217 753 204 
1 465 1 2
1218 205 754 
1219 754 206 
1 466 1 2
1220 206 755 
1221 755 207 
1 467 1 2
1222 207 756 
1223 756 208 
1 468 1 2
1224 208 757 
1225 757 209 
1 469 1 2
1226 209 758 
1227 758 210 
1 470 1 2
1228 210 759 
1229 759 211 
1 471 1 2
1230 211 760 
1231 760 212 
1 472 1 2
1232 212 761 
1233 761 213 
1 473 1 2
1234 213 762 
1235 762 214 
1 474 1 2
1236 214 763 
1237 763 215 
1 475 1 2
1238 215 764 
1239 764 216 
1 476 1 2
1240 216 765 
1241 765 217 
1 477 1 2
1242 217 766 
1243 766 218 
1 478 1 2
1244 218 767 
1245 767 219 
1 479 1 2
1246 219 768 
1247 768 220 
1 480 1 2
1248 220 769 
1249 769 221 
1 481 1 2
1250 222 770 
1251 770 223 
1 482 1 2
1252 223 771 
1253 771 224 
1 483 1 2
1254 224 772 
1255 772 225 
1 484 1 2
1256 225 773 
1257 773 226 
1 485 1 2
1258 226 774 
1259 774 227 
1 486 1 2
1260 227 775 
1261 775 228 
1 487 1 2
1262 228 776 
1263 776 229 
1 488 1 2
1264 229 777 
1265 777 230 
1 489 1 2
1266 230 778 
1267 778 231 
1 490 1 2
1268 231 779 
1269 779 232 
1 491 1 2
1270 232 780 
1271 780 233 
1 492 1 2
1272 233 781 
1273 781 234 
1 493 1 2
1274 234 782 
1275 782 235 
1 494 1 2
1276 235 783 
1277 783 236 
1 495 1 2
1278 236 784 
1279 784 237 
1 496 1 2
1280 237 785 
1281 785 238 
1 497 1 2
1282 239 786 
1283 786 240 
1 498 1 2
1284 240 787 
1285 787 241 
1 499 1 2
1286 241 788 
1287 788 242 
1 500 1 2
1288 242 789 
1289 789 243 
1 501 1 2
1290 243 790 
1291 790 244 
1 502 1 2
1292 244 791 
1293 791 245 
1 503 1 2
1294 245 792 
1295 792 246 
1 504 1 2
1296 246 793 
1297 793 247 
1 505 1 2
1298 247 794 
1299 794 248 
1 506 1 2
1300 248 795 
1301 795 249 
1 507 1 2
1302 249 796 
1303 796 250 
1 508 1 2
1304 250 797 
1305 797 251 
1 509 1 2
1306 251 798 
1307 798 252 
1 510 1 2
1308 252 799 
1309 799 253 
1 511 1 2
1310 253 800 
1311 800 254 
1 512 1 2
1312 254 801 
1313 801 255 
1 513 1 2
1314 256 802 
1315 802 257 
1 514 1 2
1316 257 803 
1317 803 258 
1 515 1 2
1318 258 804 
1319 804 259 
1 516 1 2
1320 259 805 
1321 805 260 
1 517 1 2
1322 260 806 
1323 806 261 
1 518 1 2
1324 261 807 
1325 807 262 
1 519 1 2
1326 262 808 
1327 808 263 
1 520 1 2
1328 263 809 
1329 809 264 
1 521 1 2
1330 264 810 
1331 810 265 
1 522 1 2
1332 265 811 
1333 811 266 
1 523 1 2
1334 266 812 
1335 812 267 
1 524 1 2
1336 267 813 
1337 813 268 
1 525 1 2
1338 268 814 
1339 814 269 
1 526 1 2
1340 269 815 
1341 815 270 
1 527 1 2
1342 270 816 
1343 816 271 
1 528 1 2
1344 271 817 
1345 817 272 
1 529 1 2
1346 273 818 
1347 818 274 
1 530 1 2
1348 274 819 
1349 819 275 
1 531 1 2
1350 275 820 
1351 820 276 
1 532 1 2
1352 276 821 
1353 821 277 
1 533 1 2
1354 277 822 
1355 822 278 
1 534 1 2
1356 278 823 
1357 823 279 
1 535 1 2
1358 279 824 
1359 824 280 
1 536 1 2
1360 280 825 
1361 825 281 
1 537 1 2
1362 281 826 
1363 826 282 
1 538 1 2
1364 282 827 
1365 827 283 
1 539 1 2
1366 283 828 
1367 828 284 
1 540 1 2
1368 284 829 
1369 829 285 
1 541 1 2
1370 285 830 
1371 830 286 
1 542 1 2
1372 286 831 
1373 831 287 
1 543 1 2
1374 287 832 
1375 832 288 
1 544 1 2
1376 288 833 
1377 833 289 
2 1 3 4
1378 18 578 834 290 
1379 19 306 834 578 
1380 2 562 834 306 
1381 1 290 834 562 
2 2 3 4
1382 19 579 835 306 
1383 20 322 835 579 
1384 3 563 835 322 
1385 2 306 835 563 
2 3 3 4
1386 20 580 836 322 
1387 21 338 836 580 
1388 4 564 836 338 
1389 3 322 836 564 
2 4 3 4
1390 21 581 837 338 
1391 22 354 837 581 
1392 5 565 837 354 
1393 4 338 837 565 
2 5 3 4
1394 22 582 838 354 
1395 23 370 838 582 
1396 6 566 838 370 
1397 5 354 838 566 
2 6 3 4
1398 23 583 839 370 
1399 24 386 839 583 
1400 7 567 839 386 
1401 6 370 839 567 
2 7 3 4
1402 24 584 840 386 
1403 25 402 840 584 
1404 8 568 840 402 
1405 7 386 840 568 
2 8 3 4
1406 25 585 841 402 
1407 26 418 841 585 
1408 9 569 841 418 
1409 8 402 841 569 
2 9 3 4
1410 26 586 842 418 
1411 27 434 842 586 
1412 10 570 842 434 
1413 9 418 842 570 
2 10 3 4
1414 27 587 843 434 
1415 28 450 843 587 
1416 11 571 843 450 
1417 10 434 843 571 
2 11 3 4
1418 28 588 844 450 
1419 29 466 844 588 
1420 12 572 844 466 
1421 11 450 844 572 
2 12 3 4
1422 29 589 845 466 
1423 30 482 845 589 
1424 13 573 845 482 
1425 12 466 845 573 
2 13 3 4
1426 30 590 846 482 
1427 31 498 846 590 
1428 14 574 846 498 
1429 13 482 846 574 
2 14 3 4
1430 31 591 847 498 
1431 32 514 847 591 
1432 15 575 847 514 
1433 14 498 847 575 
2 15 3 4
1434 32 592 848 514 
1435 33 530 848 592 
1436 16 576 848 530 
1437 15 514 848 576 
2 16 3 4
1438 33 593 849 530 
1439 34 546 849 593 
1440 17 577 849 546 
1441 16 530 849 577 
2 17 3 4
1442 35 594 850 291 
1443 36 307 850 594 
1444 19 578 850 307 
1445 18 291 850 578 
2 18 3 4
1446 36 595 851 307 
1447 37 323 851 595 
1448 20 579 851 323 
1449 19 307 851 579 
2 19 3 4
1450 37 596 852 323 
1451 38 339 852 596 
1452 21 580 852 339 
1453 20 323 852 580 
2 20 3 4
1454 38 597 853 339 
1455 39 355 853 597 
1456 22 581 853 355 
1457 21 339 853 581 
2 21 3 4
1458 39 598 854 355 
1459 40 371 854 598 
1460 23 582 854 371 
1461 22 355 854 582 
2 22 3 4
1462 40 599 855 371 
1463 41 387 855 599 
1464 24 583 855 387 
1465 23 371 855 583 
2 23 3 4
1466 41 600 856 387 
1467 42 403 856 600 
1468 25 584 856 403 
1469 24 387 856 584 
2 24 3 4
1470 42 601 857 403 
1471 43 419 857 601 
1472 26 585 857 419 
1473 25 403 857 585 
2 25 3 4
1474 43 602 858 419 
1475 44 435 858 602 
1476 27 586 858 435 
1477 26 419 858 586 
2 26 3 4
1478 44 603 859 435 
1479 45 451 859 603 
1480 28 587 859 451 
1481 27 435 859 587 
2 27 3 4
1482 45 604 860 451 
1483 46 467 860 604 
1484 29 588 860 467 
1485 28 451 860 588 
2 28 3 4
1486 46 605 861 467 
1487 47 483 861 605 
1488 30 589 861 483 
1489 29 467 861 589 
2 29 3 4
1490 47 606 862 483 
1491 48 499 862 606 
1492 31 590 862 499 
1493 30 483 862 590 
2 30 3 4
1494 48 607 863 499 
1495 49 515 863 607 
1496 32 591 863 515 
1497 31 499 863 591 
2 31 3 4
1498 49 608 864 515 
1499 50 531 864 608 
1500 33 592 864 531 
1501 32 515 864 592 
2 32 3 4
1502 50 609 865 531 
1503 51 547 865 609 
1504 34 593 865 547 
1505 33 531 865 593 
2 33 3 4
1506 52 610 866 292 
1507 53 308 866 610 
1508 36 594 866 308 
1509 35 292 866 594 
2 34 3 4
1510 53 611 867 308 
1511 54 324 867 611 
1512 37 595 867 324 
1513 36 308 867 595 
2 35 3 4
1514 54 612 868 324 
1515 55 340 868 612 
1516 38 596 868 340 
1517 37 324 868 596 
2 36 3 4
1518 55 613 869 340 
1519 56 356 869 613 
1520 39 597 869 356 
1521 38 340 869 597 
2 37 3 4
1522 56 614 870 356 
1523 57 372 870 614 
1524 40 598 870 372 
1525 39 356 870 598 
2 38 3 4
1526 57 615 871 372 
1527 58 388 871 615 
1528 41 599 871 388 
1529 40 372 871 599 
2 39 3 4
1530 58 616 872 388 
1531 59 404 872 616 
1532 42 600 872 404 
1533 41 388 872 600 
2 40 3 4
1534 59 617 873 404 
1535 60 420 873 617 
1536 43 601 873 420 
1537 42 404 873 601 
2 41 3 4
1538 60 618 874 420 
1539 61 436 874 618 
1540 44 602 874 436 
1541 43 420 874 602 
2 42 3 4
1542 61 619 875 436 
1543 62 452 875 619 
1544 45 603 875 452 
1545 44 436 875 603 
2 43 3 4
1546 62 620 876 452 
1547 63 468 876 620 
1548 46 604 876 468 
1549 45 452 876 604 
2 44 3 4
1550 63 621 877 468 
1551 64 484 877 621 
1552 47 605 877 484 
1553 46 468 877 605 
2 45 3 4
1554 64 622 878 484 
1555 65 500 878 622 
1556 48 606 878 500 
1557 47 484 878 606 
2 46 3 4
1558 65 623 879 500 
1559 66 516 879 623 
1560 49 607 879 516 
1561 48 500 879 607 
2 47 3 4
1562 66 624 880 516 
1563 67 532 880 624 
1564 50 608 880 532 
1565 49 516 880 608 
2 48 3 4
1566 67 625 881 532 
1567 68 548 881 625 
1568 51 609 881 548 
1569 50 532 881 609 
2 49 3 4
1570 69 626 882 293 
1571 70 309 882 626 
1572 53 610 882 309 
1573 52 293 882 610 
2 50 3 4
1574 70 627 883 309 
1575 71 325 883 627 
1576 54 611 883 325 
1577 53 309 883 611 
2 51 3 4
1578 71 628 884 325 
1579 72 341 884 628 
1580 55 612 884 341 
1581 54 325 884 612 
2 52 3 4
1582 72 629 885 341 
1583 73 357 885 629 
1584 56 613 885 357 
1585 55 341 885 613 
2 53 3 4
1586 73 630 886 357 
1587 74 373 886 630 
1588 57 614 886 373 
1589 56 357 886 614 
2 54 3 4
1590 74 631 887 373 
1591 75 389 887 631 
1592 58 615 887 389 
1593 57 373 887 615 
2 55 3 4
1594 75 632 888 389 
1595 76 405 888 632 
1596 59 616 888 405 
1597 58 389 888 616 
2 56 3 4
1598 76 633 889 405 
1599 77 421 889 633 
1600 60 617 889 421 
1601 59 405 889 617 
2 57 3 4
1602 77 634 890 421 
1603 78 437 890 634 
1604 61 618 890 437 
1605 60 421 890 618 
2 58 3 4
1606 78 635 891 437 
1607 79 453 891 635 
1608 62 619 891 453 
1609 61 437 891 619 
2 59 3 4
1610 79 636 892 453 
1611 80 469 892 636 
1612 63 620 892 469 
1613 62 453 892 620 
2 60 3 4
1614 80 637 893 469 
1615 81 485 893 637 
1616 64 621 893 485 
1617 63 469 893 621 
2 61 3 4
1618 81 638 894 485 
1619 82 501 894 638 
1620 65 622 894 501 
1621 64 485 894 622 
2 62 3 4
1622 82 639 895 501 
1623 83 517 895 639 
1624 66 623 895 517 
1625 65 501 895 623 
2 63 3 4
1626 83 640 896 517 
1627 84 533 896 640 
1628 67 624 896 533 
1629 66 517 896 624 
2 64 3 4
1630 84 641 897 533 
1631 85 549 897 641 
1632 68 625 897 549 
1633 67 533 897 625 
2 65 3 4
1634 86 642 898 294 
1635 87 310 898 642 
1636 70 626 898 310 
1637 69 294 898 626 
2 66 3 4
1638 87 643 899 310 
1639 88 326 899 643 
1640 71 627 899 326 
1641 70 310 899 627 
2 67 3 4
1642 88 644 900 326 
1643 89 342 900 644 
1644 72 628 900 342 
1645 71 326 900 628 
2 68 3 4
1646 89 645 901 342 
1647 90 358 901 645 
1648 73 629 901 358 
1649 72 342 901 629 
2 69 3 4
1650 90 646 902 358 
1651 91 374 902 646 
1652 74 630 902 374 
1653 73 358 902 630 
2 70 3 4
1654 91 647 903 374 
1655 92 390 903 647 
1656 75 631 903 390 
1657 74 374 903 631 
2 71 3 4
1658 92 648 904 390 
1659 93 406 904 648 
1660 76 632 904 406 
1661 75 390 904 632 
2 72 3 4
1662 93 649 905 406 
1663 94 422 905 649 
1664 77 633 905 422 
1665 76 406 905 633 
2 73 3 4
1666 94 650 906 422 
1667 95 438 906 650 
1668 78 634 906 438 
1669 77 422 906 634 
2 74 3 4
1670 95 651 907 438 
1671 96 454 907 651 
1672 79 635 907 454 
1673 78 438 907 635 
2 75 3 4
1674 96 652 908 454 
1675 97 470 908 652 
1676 80 636 908 470 
1677 79 454 908 636 
2 76 3 4
1678 97 653 909 470 
1679 98 486 909 653 
1680 81 637 909 486 
1681 80 470 909 637 
2 77 3 4
1682 98 654 910 486 
1683 99 502 910 654 
1684 82 638 910 502 
1685 81 486 910 638 
2 78 3 4
1686 99 655 911 502 
1687 100 518 911 655 
1688 83 639 911 518 
1689 82 502 911 639 
2 79 3 4
1690 100 656 912 518 
1691 101 534 912 656 
1692 84 640 912 534 
1693 83 518 912 640 
2 80 3 4
1694 101 657 913 534 
1695 102 550 913 657 
1696 85 641 913 550 
1697 84 534 913 641 
2 81 3 4
1698 103 658 914 295 
1699 104 311 914 658 
1700 87 642 914 311 
1701 86 295 914 642 
2 82 3 4
1702 104 659 915 311 
1703 105 327 915 659 
1704 88 643 915 327 
1705 87 311 915 643 
2 83 3 4
1706 105 660 916 327 
1707 106 343 916 660 
1708 89 644 916 343 
1709 88 327 916 644 
2 84 3 4
1710 106 661 917 343 
1711 107 359 917 661 
1712 90 645 917 359 
1713 89 343 917 645 
2 85 3 4
1714 107 662 918 359 
1715 108 375 918 662 
1716 91 646 918 375 
1717 90 359 918 646 
2 86 3 4
1718 108 663 919 375 
1719 109 391 919 663 
1720 92 647 919 391 
1721 91 375 919 647 
2 87 3 4
1722 109 664 920 391 
1723 110 407 920 664 
1724 93 648 920 407 
1725 92 391 920 648 
2 88 3 4
1726 110 665 921 407 
1727 111 423 921 665 
1728 94 649 921 423 
1729 93 407 921 649 
2 89 3 4
1730 111 666 922 423 
1731 112 439 922 666 
1732 95 650 922 439 
1733 94 423 922 650 
2 90 3 4
1734 112 667 923 439 
1735 113 455 923 667 
1736 96 651 923 455 
1737 95 439 923 651 
2 91 3 4
1738 113 668 924 455 
1739 114 471 924 668 
1740 97 652 924 471 
1741 96 455 924 652 
2 92 3 4
1742 114 669 925 471 
1743 115 487 925 669 
1744 98 653 925 487 
1745 97 471 925 653 
2 93 3 4
1746 115 670 926 487 
1747 116 503 926 670 
1748 99 654 926 503 
1749 98 487 926 654 
2 94 3 4
1750 116 671 927 503 
1751 117 519 927 671 
1752 100 655 927 519 
1753 99 503 927 655 
2 95 3 4
1754 117 672 928 519 
1755 118 535 928 672 
1756 101 656 928 535 
1757 100 519 928 656 
2 96 3 4
1758 118 673 929 535 
1759 119 551 929 673 
1760 102 657 929 551 
1761 101 535 929 657 
2 97 3 4
1762 120 674 930 296 
1763 121 312 930 674 
1764 104 658 930 312 
1765 103 296 930 658 
2 98 3 4
1766 121 675 931 312 
1767 122 328 931 675 
1768 105 659 931 328 
1769 104 312 931 659 
2 99 3 4
1770 122 676 932 328 
1771 123 344 932 676 
1772 106 660 932 344 
1773 105 328 932 660 
2 100 3 4
1774 123 677 933 344 
1775 124 360 933 677 
1776 107 661 933 360 
1777 106 344 933 661 
2 101 3 4
1778 124 678 934 360 
1779 125 376 934 678 
1780 108 662 934 376 
1781 107 360 934 662 
2 102 3 4
1782 125 679 935 376 
1783 126 392 935 679 
1784 109 663 935 392 
1785 108 376 935 663 
2 103 3 4
1786 126 680 936 392 
1787 127 408 936 680 
1788 110 664 936 408 
1789 109 392 936 664 
2 104 3 4
1790 127 681 937 408 
1791 128 424 937 681 
1792 111 665 937 424 
1793 110 408 937 665 
2 105 3 4
1794 128 682 938 424 
1795 129 440 938 682 
1796 112 666 938 440 
1797 111 424 938 666 
2 106 3 4
1798 129 683 939 440 
1799 130 456 939 683 
1800 113 667 939 456 
1801 112 440 939 667 
2 107 3 4
1802 130 684 940 456 
1803 131 472 940 684 
1804 114 668 940 472 
1805 113 456 940 668 
2 108 3 4
1806 131 685 941 472 
1807 132 488 941 685 
1808 115 669 941 488 
1809 114 472 941 669 
2 109 3 4
1810 132 686 942 488 
1811 133 504 942 686 
1812 116 670 942 504 
1813 115 488 942 670 
2 110 3 4
1814 133 687 943 504 
1815 134 520 943 687 
1816 117 671 943 520 
1817 116 504 943 671 
2 111 3 4
1818 134 688 944 520 
1819 135 536 944 688 
1820 118 672 944 536 
1821 117 520 944 672 
2 112 3 4
1822 135 689 945 536 
1823 136 552 945 689 
1824 119 673 945 552 
1825 118 536 945 673 
2 113 3 4
1826 137 690 946 297 
1827 138 313 946 690 
1828 121 674 946 313 
1829 120 297 946 674 
2 114 3 4
1830 138 691 947 313 
1831 139 329 947 691 
1832 122 675 947 329 
1833 121 313 947 675 
2 115 3 4
1834 139 692 948 329 
1835 140 345 948 692 
1836 123 676 948 345 
1837 122 329 948 676 
2 116 3 4
1838 140 693 949 345 
1839 141 361 949 693 
1840 124 677 949 361 
1841 123 345 949 677 
2 117 3 4
1842 141 694 950 361 
1843 142 377 950 694 
1844 125 678 950 377 
1845 124 361 950 678 
2 118 3 4
1846 142 695 951 377 
1847 143 393 951 695 
1848 126 679 951 393 
1849 125 377 951 679 
2 119 3 4
1850 143 696 952 393 
1851 144 409 952 696 
1852 127 680 952 409 
1853 126 393 952 680 
2 120 3 4
1854 144 697 953 409 
1855 145 425 953 697 
1856 128 681 953 425 
1857 127 409 953 681 
2 121 3 4
1858 145 698 954 425 
1859 146 441 954 698 
1860 129 682 954 441 
1861 128 425 954 682 
2 122 3 4
1862 146 699 955 441 
1863 147 457 955 699 
1864 130 683 955 457 
1865 129 441 955 683 
2 123 3 4
1866 147 700 956 457 
1867 148 473 956 700 
1868 131 684 956 473 
1869 130 457 956 684 
2 124 3 4
1870 148 701 957 473 
1871 149 489 957 701 
1872 132 685 957 489 
1873 131 473 957 685 
2 125 3 4
1874 149 702 958 489 
1875 150 505 958 702 
1876 133 686 958 505 
1877 132 489 958 686 
2 126 3 4
1878 150 703 959 505 
1879 151 521 959 703 
1880 134 687 959 521 
1881 133 505 959 687 
2 127 3 4
1882 151 704 960 521 
1883 152 537 960 704 
1884 135 688 960 537 
1885 134 521 960 688 
2 128 3 4
1886 152 705 961 537 
1887 153 553 961 705 
1888 136 689 961 553 
1889 135 537 961 689 
2 129 3 4
1890 154 706 962 298 
1891 155 314 962 706 
1892 138 690 962 314 
1893 137 298 962 690 
2 130 3 4
1894 155 707 963 314 
1895 156 330 963 707 
1896 139 691 963 330 
1897 138 314 963 691 
2 131 3 4
1898 156 708 964 330 
1899 157 346 964 708 
1900 140 692 964 346 
1901 139 330 964 692 
2 132 3 4
1902 157 709 965 346 
1903 158 362 965 709 
1904 141 693 965 362 
1905 140 346 965 693 
2 133 3 4
1906 158 710 966 362 
1907 159 378 966 710 
1908 142 694 966 378 
1909 141 362 966 694 
2 134 3 4
1910 159 711 967 378 
1911 160 394 967 711 
1912 143 695 967 394 
1913 142 378 967 695 
2 135 3 4
1914 160 712 968 394 
1915 161 410 968 712 
1916 144 696 968 410 
1917 143 394 968 696 
2 136 3 4
1918 161 713 969 410 
1919 162 426 969 713 
1920 145 697 969 426 
1921 144 410 969 697 
2 137 3 4
1922 162 714 970 426 
1923 163 442 970 714 
1924 146 698 970 442 
1925 145 426 970 698 
2 138 3 4
1926 163 715 971 442 
1927 164 458 971 715 
1928 147 699 971 458 
1929 146 442 971 699 
2 139 3 4
1930 164 716 972 458 
1931 165 474 972 716 
1932 148 700 972 474 
1933 147 458 972 700 
2 140 3 4
1934 165 717 973 474 
1935 166 490 973 717 
1936 149 701 973 490 
1937 148 474 973 701 
2 141 3 4
1938 166 718 974 490 
1939 167 506 974 718 
1940 150 702 974 506 
1941 149 490 974 702 
2 142 3 4
1942 167 719 975 506 
1943 168 522 975 719 
1944 151 703 975 522 
1945 150 506 975 703 
2 143 3 4
1946 168 720 976 522 
1947 169 538 976 720 
1948 152 704 976 538 
1949 151 522 976 704 
2 144 3 4
1950 169 721 977 538 
1951 170 554 977 721 
1952 153 705 977 554 
1953 152 538 977 705 
2 145 3 4
1954 171 722 978 299 
1955 172 315 978 722 
1956 155 706 978 315 
1957 154 299 978 706 
2 146 3 4
1958 172 723 979 315 
1959 173 331 979 723 
1960 156 707 979 331 
1961 155 315 979 707 
2 147 3 4
1962 173 724 980 331 
1963 174 347 980 724 
1964 157 708 980 347 
1965 156 331 980 708 
2 148 3 4
1966 174 725 981 347 
1967 175 363 981 725 
1968 158 709 981 363 
1969 157 347 981 709 
2 149 3 4
1970 175 726 982 363 
1971 176 379 982 726 
1972 159 710 982 379 
1973 158 363 982 710 
2 150 3 4
1974 176 727 983 379 
1975 177 395 983 727 
1976 160 711 983 395 
1977 159 379 983 711 
2 151 3 4
1978 177 728 984 395 
1979 178 411 984 728 
1980 161 712 984 411 
1981 160 395 984 712 
2 152 3 4
1982 178 729 985 411 
1983 179 427 985 729 
1984 162 713 985 427 
1985 161 411 985 713 
2 153 3 4
1986 179 730 986 427 
1987 180 443 986 730 
1988 163 714 986 443 
1989 162 427 986 714 
2 154 3 4
1990 180 731 987 443 
1991 181 459 987 731 
1992 164 715 987 459 
1993 163 443 987 715 
2 155 3 4
1994 181 732 988 459 
1995 182 475 988 732 
1996 165 716 988 475 
1997 164 459 988 716 
2 156 3 4
1998 182 733 989 475 
1999 183 491 989 733 
2000 166 717 989 491 
2001 165 475 989 717 
2 157 3 4
2002 183 734 990 491 
2003 184 507 990 734 
2004 167 718 990 507 
2005 166 491 990 718 
2 158 3 4
2006 184 735 991 507 
2007 185 523 991 735 
2008 168 719 991 523 
2009 167 507 991 719 
2 159 3 4
2010 185 736 992 523 
2011 186 539 992 736 
2012 169 720 992 539 
2013 168 523 992 720 
2 160 3 4
2014 186 737 993 539 
2015 187 555 993 737 
2016 170 721 993 555 
2017 169 539 993 721 
2 161 3 4
2018 188 738 994 300 
2019 189 316 994 738 
2020 172 722 994 316 
2021 171 300 994 722 
2 162 3 4
2022 189 739 995 316 
2023 190 332 995 739 
2024 173 723 995 332 
2025 172 316 995 723 
2 163 3 4
2026 190 740 996 332 
2027 191 348 996 740 
2028 174 724 996 348 
2029 173 332 996 724 
2 164 3 4
2030 191 741 997 348 
2031 192 364 997 741 
2032 175 725 997 364 
2033 174 348 997 725 
2 165 3 4
2034 192 742 998 364 
2035 193 380 998 742 
2036 176 726 998 380 
2037 175 364 998 726 
2 166 3 4
2038 193 743 999 380 
2039 194 396 999 743 
2040 177 727 999 396 
2041 176 380 999 727 
2 167 3 4
2042 194 744 1000 396 
2043 195 412 1000 744 
2044 178 728 1000 412 
2045 177 396 1000 728 
2 168 3 4
2046 195 745 1001 412 
2047 196 428 1001 745 
2048 179 729 1001 428 
2049 178 412 1001 729 
2 169 3 4
2050 196 746 1002 428 
2051 197 444 1002 746 
2052 180 730 1002 444 
2053 179 428 1002 730 
2 170 3 4
2054 197 747 1003 444 
2055 198 460 1003 747 
2056 181 731 1003 460 
2057 180 444 1003 731 
2 171 3 4
2058 198 748 1004 460 
2059 199 476 1004 748 
2060 182 732 1004 476 
2061 181 460 1004 732 
2 172 3 4
2062 199 749 1005 476 
2063 200 492 1005 749 
2064 183 733 1005 492 
2065 182 476 1005 733 
2 173 3 4
2066 200 750 1006 492 
2067 201 508 1006 750 
2068 184 734 1006 508 
2069 183 492 1006 734 
2 174 3 4
2070 201 751 1007 508 
2071 202 524 1007 751 
2072 185 735 1007 524 
2073 184 508 1007 735 
2 175 3 4
2074 202 752 1008 524 
2075 203 540 1008 752 
2076 186 736 1008 540 
2077 185 524 1008 736 
2 176 3 4
2078 203 753 1009 540 
2079 204 556 1009 753 
2080 187 737 1009 556 
2081 186 540 1009 737 
2 177 3 4
2082 205 754 1010 301 
2083 206 317 1010 754 
2084 189 738 1010 317 
2085 188 301 1010 738 
2 178 3 4
2086 206 755 1011 317 
2087 207 333 1011 755 
2088 190 739 1011 333 
2089 189 317 1011 739 
2 179 3 4
2090 207 756 1012 333 
2091 208 349 1012 756 
2092 191 740 1012 349 
2093 190 333 1012 740 
2 180 3 4
2094 208 757 1013 349 
2095 209 365 1013 757 
2096 192 741 1013 365 
2097 191 349 1013 741 
2 181 3 4
2098 209 758 1014 365 
2099 210 381 1014 758 
2100 193 742 1014 381 
2101 192 365 1014 742 
2 182 3 4
2102 210 759 1015 381 
2103 211 397 1015 759 
2104 194 743 1015 397 
2105 193 381 1015 743 
2 183 3 4
2106 211 760 1016 397 
2107 212 413 1016 760 
2108 195 744 1016 413 
2109 194 397 1016 744 
2 184 3 4
2110 212 761 1017 413 
2111 213 429 1017 761 
2112 196 745 1017 429 
2113 195 413 1017 745 
2 185 3 4
2114 213 762 1018 429 
2115 214 445 1018 762 
2116 197 746 1018 445 
2117 196 429 1018 746 
2 186 3 4
2118 214 763 1019 445 
2119 215 461 1019 763 
2120 198 747 1019 461 
2121 197 445 1019 747 
2 187 3 4
2122 215 764 1020 461 
2123 216 477 1020 764 
2124 199 748 1020 477 
2125 198 461 1020 748 
2 188 3 4
2126 216 765 1021 477 
2127 217 493 1021 765 
2128 200 749 1021 493 
2129 199 477 1021 749 
2 189 3 4
2130 217 766 1022 493 
2131 218 509 1022 766 
2132 201 750 1022 509 
2133 200 493 1022 750 
2 190 3 4
2134 218 767 1023 509 
2135 219 525 1023 767 
2136 202 751 1023 525 
2137 201 509 1023 751 
2 191 3 4
2138 219 768 1024 525 
2139 220 541 1024 768 
2140 203 752 1024 541 
2141 202 525 1024 752 
2 192 3 4
2142 220 769 1025 541 
2143 221 557 1025 769 
2144 204 753 1025 557 
2145 203 541 1025 753 
2 193 3 4
2146 222 770 1026 302 
2147 223 318 1026 770 
2148 206 754 1026 318 
2149 205 302 1026 754 
2 194 3 4
2150 223 771 1027 318 
2151 224 334 1027 771 
2152 207 755 1027 334 
2153 206 318 1027 755 
2 195 3 4
2154 224 772 1028 334 
2155 225 350 1028 772 
2156 208 756 1028 350 
2157 207 334 1028 756 
2 196 3 4
2158 225 773 1029 350 
2159 226 366 1029 773 
2160 209 757 1029 366 
2161 208 350 1029 757 
2 197 3 4
2162 226 774 1030 366 
2163 227 382 1030 774 
2164 210 758 1030 382 
2165 209 366 1030 758 
2 198 3 4
2166 227 775 1031 382 
2167 228 398 1031 775 
2168 211 759 1031 398 
2169 210 382 1031 759 
2 199 3 4
2170 228 776 1032 398 
2171 229 414 1032 776 
2172 212 760 1032 414 
2173 211 398 1032 760 
2 200 3 4
2174 229 777 1033 414 
2175 230 430 1033 777 
2176 213 761 1033 430 
2177 212 414 1033 761 
2 201 3 4
2178 230 778 1034 430 
2179 231 446 1034 778 
2180 214 762 1034 446 
2181 213 430 1034 762 
2 202 3 4
2182 231 779 1035 446 
2183 232 462 1035 779 
2184 215 763 1035 462 
2185 214 446 1035 763 
2 203 3 4
2186 232 780 1036 462 
2187 233 478 1036 780 
2188 216 764 1036 478 
2189 215 462 1036 764 
2 204 3 4
2190 233 781 1037 478 
2191 234 494 1037 781 
2192 217 765 1037 494 
2193 216 478 1037 765 
2 205 3 4
2194 234 782 1038 494 
2195 235 510 1038 782 
2196 218 766 1038 510 
2197 217 494 1038 766 
2 206 3 4
2198 235 783 1039 510 
2199 236 526 1039 783 
2200 219 767 1039 526 
2201 218 510 1039 767 
2 207 3 4
2202 236 784 1040 526 
2203 237 542 1040 784 
2204 220 768 1040 542 
2205 219 526 1040 768 
2 208 3 4
2206 237 785 1041 542 
2207 238 558 1041 785 
2208 221 769 1041 558 
2209 220 542 1041 769 
2 209 3 4
2210 239 786 1042 303 
2211 240 319 1042 786 
2212 223 770 1042 319 
2213 222 303 1042 770 
2 210 3 4
2214 240 787 1043 319 
2215 241 335 1043 787 
2216 224 771 1043 335 
2217 223 319 1043 771 
2 211 3 4
2218 241 788 1044 335 
2219 242 351 1044 788 
2220 225 772 1044 351 
2221 224 335 1044 772 
2 212 3 4
2222 242 789 1045 351 
2223 243 367 1045 789 
2224 226 773 1045 367 
2225 225 351 1045 773 
2 213 3 4
2226 243 790 1046 367 
2227 244 383 1046 790 
2228 227 774 1046 383 
2229 226 367 1046 774 
2 214 3 4
2230 244 791 1047 383 
2231 245 399 1047 791 
2232 228 775 1047 399 
2233 227 383 1047 775 
2 215 3 4
2234 245 792 1048 399 
2235 246 415 1048 792 
2236 229 776 1048 415 
2237 228 399 1048 776 
2 216 3 4
2238 246 793 1049 415 
2239 247 431 1049 793 
2240 230 777 1049 431 
2241 229 415 1049 777 
2 217 3 4
2242 247 794 1050 431 
2243 248 447 1050 794 
2244 231 778 1050 447 
2245 230 431 1050 778 
2 218 3 4
2246 248 795 1051 447 
2247 249 463 1051 795 
2248 232 779 1051 463 
2249 231 447 1051 779 
2 219 3 4
2250 249 796 1052 463 
2251 250 479 1052 796 
2252 233 780 1052 479 
2253 232 463 1052 780 
2 220 3 4
2254 250 797 1053 479 
2255 251 495 1053 797 
2256 234 781 1053 495 
2257 233 479 1053 781 
2 221 3 4
2258 251 798 1054 495 
2259 252 511 1054 798 
2260 235 782 1054 511 
2261 234 495 1054 782 
2 222 3 4
2262 252 799 1055 511 
2263 253 527 1055 799 
2264 236 783 1055 527 
2265 235 511 1055 783 
2 223 3 4
2266 253 800 1056 527 
2267 254 543 1056 800 
2268 237 784 1056 543 
2269 236 527 1056 784 
2 224 3 4
2270 254 801 1057 543 
2271 255 559 1057 801 
2272 238 785 1057 559 
2273 237 543 1057 785 
2 225 3 4
2274 256 802 1058 304 
2275 257 320 1058 802 
2276 240 786 1058 320 
2277 239 304 1058 786 
2 226 3 4
2278 257 803 1059 320 
2279 258 336 1059 803 
2280 241 787 1059 336 
2281 240 320 1059 787 
2 227 3 4
2282 258 804 1060 336 
2283 259 352 1060 804 
2284 242 788 1060 352 
2285 241 336 1060 788 
2 228 3 4
2286 259 805 1061 352 
2287 260 368 1061 805 
2288 243 789 1061 368 
2289 242 352 1061 789 
2 229 3 4
2290 260 806 1062 368 
2291 261 384 1062 806 
2292 244 790 1062 384 
2293 243 368 1062 790 
2 230 3 4
2294 261 807 1063 384 
2295 262 400 1063 807 
2296 245 791 1063 400 
2297 244 384 1063 791 
2 231 3 4
2298 262 808 1064 400 
2299 263 416 1064 808 
2300 246 792 1064 416 
2301 245 400 1064 792 
2 232 3 4
2302 263 809 1065 416 
2303 264 432 1065 809 
2304 247 793 1065 432 
2305 246 416 1065 793 
2 233 3 4
2306 264 810 1066 432 
2307 265 448 1066 810 
2308 248 794 1066 448 
2309 247 432 1066 794 
2 234 3 4
2310 265 811 1067 448 
2311 266 464 1067 811 
2312 249 795 1067 464 
2313 248 448 1067 795 
2 235 3 4
2314 266 812 1068 464 
2315 267 480 1068 812 
2316 250 796 1068 480 
2317 249 464 1068 796 
2 236 3 4
2318 267 813 1069 480 
2319 268 496 1069 813 
2320 251 797 1069 496 
2321 250 480 1069 797 
2 237 3 4
2322 268 814 1070 496 
2323 269 512 1070 814 
2324 252 798 1070 512 
2325 251 496 1070 798 
2 238 3 4
2326 269 815 1071 512 
2327 270 528 1071 815 
2328 253 799 1071 528 
2329 252 512 1071 799 
2 239 3 4
2330 270 816 1072 528 
2331 271 544 1072 816 
2332 254 800 1072 544 
2333 253 528 1072 800 
2 240 3 4
2334 271 817 1073 544 
2335 272 560 1073 817 
2336 255 801 1073 560 
2337 254 544 1073 801 
2 241 3 4
2338 273 818 1074 305 
2339 274 321 1074 818 
2340 257 802 1074 321 
2341 256 305 1074 802 
2 242 3 4
2342 274 819 1075 321 
2343 275 337 1075 819 
2344 258 803 1075 337 
2345 257 321 1075 803 
2 243 3 4
2346 275 820 1076 337 
2347 276 353 1076 820 
2348 259 804 1076 353 
2349 258 337 1076 804 
2 244 3 4
2350 276 821 1077 353 
2351 277 369 1077 821 
2352 260 805 1077 369 
2353 259 353 1077 805 
2 245 3 4
2354 277 822 1078 369 
2355 278 385 1078 822 
2356 261 806 1078 385 
2357 260 369 1078 806 
2 246 3 4
2358 278 823 1079 385 
2359 279 401 1079 823 
2360 262 807 1079 401 
2361 261 385 1079 807 
2 247 3 4
2362 279 824 1080 401 
2363 280 417 1080 824 
2364 263 808 1080 417 
2365 262 401 1080 808 
2 248 3 4
2366 280 825 1081 417 
2367 281 433 1081 825 
2368 264 809 1081 433 
2369 263 417 1081 809 
2 249 3 4
2370 281 826 1082 433 
2371 282 449 1082 826 
2372 265 810 1082 449 
2373 264 433 1082 810 
2 250 3 4
2374 282 827 1083 449 
2375 283 465 1083 827 
2376 266 811 1083 465 
2377 265 449 1083 811 
2 251 3 4
2378 283 828 1084 465 
2379 284 481 1084 828 
2380 267 812 1084 481 
2381 266 465 1084 812 
2 252 3 4
2382 284 829 1085 481 
2383 285 497 1085 829 
2384 268 813 1085 497 
2385 267 481 1085 813 
2 253 3 4
2386 285 830 1086 497 
2387 286 513 1086 830 
2388 269 814 1086 513 
2389 268 497 1086 814 
2 254 3 4
2390 286 831 1087 513 
2391 287 529 1087 831 
2392 270 815 1087 529 
2393 269 513 1087 815 
2 255 3 4
2394 287 832 1088 529 
2395 288 545 1088 832 
2396 271 816 1088 545 
2397 270 529 1088 816 
2 256 3 4
2398 288 833 1089 545 
2399 289 561 1089 833 
2400 272 817 1089 561 
2401 271 545 1089 817 
$EndElements
