NODES 10465
0 0
0 0.03125
0 0.0625
0 0.09375
0 0.125
0 0.15625
0 0.1875
0 0.21875
0 0.25
0 0.28125
0 0.3125
0 0.34375
0 0.375
0 0.40625
0 0.4375
0 0.46875
0 0.5
0 0.53125
0 0.5625
0 0.59375
0 0.625
0 0.65625
0 0.6875
0 0.71875
0 0.75
0 0.78125
0 0.8125
0 0.84375
0 0.875
0 0.90625
0 0.9375
0 0.96875
0 1
0.03125 0
0.03125 0.03125
0.03125 0.0625
0.03125 0.09375
0.03125 0.125
0.03125 0.15625
0.03125 0.1875
0.03125 0.21875
0.03125 0.25
0.03125 0.28125
0.03125 0.3125
0.03125 0.34375
0.03125 0.375
0.03125 0.40625
0.03125 0.4375
0.03125 0.46875
0.03125 0.5
0.03125 0.53125
0.03125 0.5625
0.03125 0.59375
0.03125 0.625
0.03125 0.65625
0.03125 0.6875
0.03125 0.71875
0.03125 0.75
0.03125 0.78125
0.03125 0.8125
0.03125 0.84375
0.03125 0.875
0.03125 0.90625
0.03125 0.9375
0.03125 0.96875
0.03125 1
0.0625 0
0.0625 0.03125
0.0625 0.0625
0.0625 0.09375
0.0625 0.125
0.0625 0.15625
0.0625 0.1875
0.0625 0.21875
0.0625 0.25
0.0625 0.28125
0.0625 0.3125
0.0625 0.34375
0.0625 0.375
0.0625 0.40625
0.0625 0.4375
0.0625 0.46875
0.0625 0.5
0.0625 0.53125
0.0625 0.5625
0.0625 0.59375
0.0625 0.625
0.0625 0.65625
0.0625 0.6875
0.0625 0.71875
0.0625 0.75
0.0625 0.78125
0.0625 0.8125
0.0625 0.84375
0.0625 0.875
0.0625 0.90625
0.0625 0.9375
0.0625 0.96875
0.0625 1
0.09375 0
0.09375 0.03125
0.09375 0.0625
0.09375 0.09375
0.09375 0.125
0.09375 0.15625
0.09375 0.1875
0.09375 0.21875
0.09375 0.25
0.09375 0.28125
0.09375 0.3125
0.09375 0.34375
0.09375 0.375
0.09375 0.40625
0.09375 0.4375
0.09375 0.46875
0.09375 0.5
0.09375 0.53125
0.09375 0.5625
0.09375 0.59375
0.09375 0.625
0.09375 0.65625
0.09375 0.6875
0.09375 0.71875
0.09375 0.75
0.09375 0.78125
0.09375 0.8125
0.09375 0.84375
0.09375 0.875
0.09375 0.90625
0.09375 0.9375
0.09375 0.96875
0.09375 1
0.125 0
0.125 0.03125
0.125 0.0625
0.125 0.09375
0.125 0.125
0.125 0.15625
0.125 0.1875
0.125 0.21875
0.125 0.25
0.125 0.28125
0.125 0.3125
0.125 0.34375
0.125 0.375
0.125 0.40625
0.125 0.4375
0.125 0.46875
0.125 0.5
0.125 0.53125
0.125 0.5625
0.125 0.59375
0.125 0.625
0.125 0.65625
0.125 0.6875
0.125 0.71875
0.125 0.75
0.125 0.78125
0.125 0.8125
0.125 0.84375
0.125 0.875
0.125 0.90625
0.125 0.9375
0.125 0.96875
0.125 1
0.15625 0
0.15625 0.03125
0.15625 0.0625
0.15625 0.09375
0.15625 0.125
0.15625 0.15625
0.15625 0.1875
0.15625 0.21875
0.15625 0.25
0.15625 0.28125
0.15625 0.3125
0.15625 0.34375
0.15625 0.375
0.15625 0.40625
0.15625 0.4375
0.15625 0.46875
0.15625 0.5
0.15625 0.53125
0.15625 0.5625
0.15625 0.59375
0.15625 0.625
0.15625 0.65625
0.15625 0.6875
0.15625 0.71875
0.15625 0.75
0.15625 0.78125
0.15625 0.8125
0.15625 0.84375
0.15625 0.875
0.15625 0.90625
0.15625 0.9375
0.15625 0.96875
0.15625 1
0.1875 0
0.1875 0.03125
0.1875 0.0625
0.1875 0.09375
0.1875 0.125
0.1875 0.15625
0.1875 0.1875
0.1875 0.21875
0.1875 0.25
0.1875 0.28125
0.1875 0.3125
0.1875 0.34375
0.1875 0.375
0.1875 0.40625
0.1875 0.4375
0.1875 0.46875
0.1875 0.5
0.1875 0.53125
0.1875 0.5625
0.1875 0.59375
0.1875 0.625
0.1875 0.65625
0.1875 0.6875
0.1875 0.71875
0.1875 0.75
0.1875 0.78125
0.1875 0.8125
0.1875 0.84375
0.1875 0.875
0.1875 0.90625
0.1875 0.9375
0.1875 0.96875
0.1875 1
0.21875 0
0.21875 0.03125
0.21875 0.0625
0.21875 0.09375
0.21875 0.125
0.21875 0.15625
0.21875 0.1875
0.21875 0.21875
0.21875 0.25
0.21875 0.28125
0.21875 0.3125
0.21875 0.34375
0.21875 0.375
0.21875 0.40625
0.21875 0.4375
0.21875 0.46875
0.21875 0.5
0.21875 0.53125
0.21875 0.5625
0.21875 0.59375
0.21875 0.625
0.21875 0.65625
0.21875 0.6875
0.21875 0.71875
0.21875 0.75
0.21875 0.78125
0.21875 0.8125
0.21875 0.84375
0.21875 0.875
0.21875 0.90625
0.21875 0.9375
0.21875 0.96875
0.21875 1
0.25 0
0.25 0.03125
0.25 0.0625
0.25 0.09375
0.25 0.125
0.25 0.15625
0.25 0.1875
0.25 0.21875
0.25 0.25
0.25 0.28125
0.25 0.3125
0.25 0.34375
0.25 0.375
0.25 0.40625
0.25 0.4375
0.25 0.46875
0.25 0.5
0.25 0.53125
0.25 0.5625
0.25 0.59375
0.25 0.625
0.25 0.65625
0.25 0.6875
0.25 0.71875
0.25 0.75
0.25 0.78125
0.25 0.8125
0.25 0.84375
0.25 0.875
0.25 0.90625
0.25 0.9375
0.25 0.96875
0.25 1
0.28125 0
0.28125 0.03125
0.28125 0.0625
0.28125 0.09375
0.28125 0.125
0.28125 0.15625
0.28125 0.1875
0.28125 0.21875
0.28125 0.25
0.28125 0.28125
0.28125 0.3125
0.28125 0.34375
0.28125 0.375
0.28125 0.40625
0.28125 0.4375
0.28125 0.46875
0.28125 0.5
0.28125 0.53125
0.28125 0.5625
0.28125 0.59375
0.28125 0.625
0.28125 0.65625
0.28125 0.6875
0.28125 0.71875
0.28125 0.75
0.28125 0.78125
0.28125 0.8125
0.28125 0.84375
0.28125 0.875
0.28125 0.90625
0.28125 0.9375
0.28125 0.96875
0.28125 1
0.3125 0
0.3125 0.03125
0.3125 0.0625
0.3125 0.09375
0.3125 0.125
0.3125 0.15625
0.3125 0.1875
0.3125 0.21875
0.3125 0.25
0.3125 0.28125
0.3125 0.3125
0.3125 0.34375
0.3125 0.375
0.3125 0.40625
0.3125 0.4375
0.3125 0.46875
0.3125 0.5
0.3125 0.53125
0.3125 0.5625
0.3125 0.59375
0.3125 0.625
0.3125 0.65625
0.3125 0.6875
0.3125 0.71875
0.3125 0.75
0.3125 0.78125
0.3125 0.8125
0.3125 0.84375
0.3125 0.875
0.3125 0.90625
0.3125 0.9375
0.3125 0.96875
0.3125 1
0.34375 0
0.34375 0.03125
0.34375 0.0625
0.34375 0.09375
0.34375 0.125
0.34375 0.15625
0.34375 0.1875
0.34375 0.21875
0.34375 0.25
0.34375 0.28125
0.34375 0.3125
0.34375 0.34375
0.34375 0.375
0.34375 0.40625
0.34375 0.4375
0.34375 0.46875
0.34375 0.5
0.34375 0.53125
0.34375 0.5625
0.34375 0.59375
0.34375 0.625
0.34375 0.65625
0.34375 0.6875
0.34375 0.71875
0.34375 0.75
0.34375 0.78125
0.34375 0.8125
0.34375 0.84375
0.34375 0.875
0.34375 0.90625
0.34375 0.9375
0.34375 0.96875
0.34375 1
0.375 0
0.375 0.03125
0.375 0.0625
0.375 0.09375
0.375 0.125
0.375 0.15625
0.375 0.1875
0.375 0.21875
0.375 0.25
0.375 0.28125
0.375 0.3125
0.375 0.34375
0.375 0.375
0.375 0.40625
0.375 0.4375
0.375 0.46875
0.375 0.5
0.375 0.53125
0.375 0.5625
0.375 0.59375
0.375 0.625
0.375 0.65625
0.375 0.6875
0.375 0.71875
0.375 0.75
0.375 0.78125
0.375 0.8125
0.375 0.84375
0.375 0.875
0.375 0.90625
0.375 0.9375
0.375 0.96875
0.375 1
0.40625 0
0.40625 0.03125
0.40625 0.0625
0.40625 0.09375
0.40625 0.125
0.40625 0.15625
0.40625 0.1875
0.40625 0.21875
0.40625 0.25
0.40625 0.28125
0.40625 0.3125
0.40625 0.34375
0.40625 0.375
0.40625 0.40625
0.40625 0.4375
0.40625 0.46875
0.40625 0.5
0.40625 0.53125
0.40625 0.5625
0.40625 0.59375
0.40625 0.625
0.40625 0.65625
0.40625 0.6875
0.40625 0.71875
0.40625 0.75
0.40625 0.78125
0.40625 0.8125
0.40625 0.84375
0.40625 0.875
0.40625 0.90625
0.40625 0.9375
0.40625 0.96875
0.40625 1
0.4375 0
0.4375 0.03125
0.4375 0.0625
0.4375 0.09375
0.4375 0.125
0.4375 0.15625
0.4375 0.1875
0.4375 0.21875
0.4375 0.25
0.4375 0.28125
0.4375 0.3125
0.4375 0.34375
0.4375 0.375
0.4375 0.40625
0.4375 0.4375
0.4375 0.46875
0.4375 0.5
0.4375 0.53125
0.4375 0.5625
0.4375 0.59375
0.4375 0.625
0.4375 0.65625
0.4375 0.6875
0.4375 0.71875
0.4375 0.75
0.4375 0.78125
0.4375 0.8125
0.4375 0.84375
0.4375 0.875
0.4375 0.90625
0.4375 0.9375
0.4375 0.96875
0.4375 1
0.46875 0
0.46875 0.03125
0.46875 0.0625
0.46875 0.09375
0.46875 0.125
0.46875 0.15625
0.46875 0.1875
0.46875 0.21875
0.46875 0.25
0.46875 0.28125
0.46875 0.3125
0.46875 0.34375
0.46875 0.375
0.46875 0.40625
0.46875 0.4375
0.46875 0.46875
0.46875 0.5
0.46875 0.53125
0.46875 0.5625
0.46875 0.59375
0.46875 0.625
0.46875 0.65625
0.46875 0.6875
0.46875 0.71875
0.46875 0.75
0.46875 0.78125
0.46875 0.8125
0.46875 0.84375
0.46875 0.875
0.46875 0.90625
0.46875 0.9375
0.46875 0.96875
0.46875 1
0.5 0
0.5 0.03125
0.5 0.0625
0.5 0.09375
0.5 0.125
0.5 0.15625
0.5 0.1875
0.5 0.21875
0.5 0.25
0.5 0.28125
0.5 0.3125
0.5 0.34375
0.5 0.375
0.5 0.40625
0.5 0.4375
0.5 0.46875
0.5 0.5
0.5 0.53125
0.5 0.5625
0.5 0.59375
0.5 0.625
0.5 0.65625
0.5 0.6875
0.5 0.71875
0.5 0.75
0.5 0.78125
0.5 0.8125
0.5 0.84375
0.5 0.875
0.5 0.90625
0.5 0.9375
0.5 0.96875
0.5 1
0.53125 0
0.53125 0.03125
0.53125 0.0625
0.53125 0.09375
0.53125 0.125
0.53125 0.15625
0.53125 0.1875
0.53125 0.21875
0.53125 0.25
0.53125 0.28125
0.53125 0.3125
0.53125 0.34375
0.53125 0.375
0.53125 0.40625
0.53125 0.4375
0.53125 0.46875
0.53125 0.5
0.53125 0.53125
0.53125 0.5625
0.53125 0.59375
0.53125 0.625
0.53125 0.65625
0.53125 0.6875
0.53125 0.71875
0.53125 0.75
0.53125 0.78125
0.53125 0.8125
0.53125 0.84375
0.53125 0.875
0.53125 0.90625
0.53125 0.9375
0.53125 0.96875
0.53125 1
0.5625 0
0.5625 0.03125
0.5625 0.0625
0.5625 0.09375
0.5625 0.125
0.5625 0.15625
0.5625 0.1875
0.5625 0.21875
0.5625 0.25
0.5625 0.28125
0.5625 0.3125
0.5625 0.34375
0.5625 0.375
0.5625 0.40625
0.5625 0.4375
0.5625 0.46875
0.5625 0.5
0.5625 0.53125
0.5625 0.5625
0.5625 0.59375
0.5625 0.625
0.5625 0.65625
0.5625 0.6875
0.5625 0.71875
0.5625 0.75
0.5625 0.78125
0.5625 0.8125
0.5625 0.84375
0.5625 0.875
0.5625 0.90625
0.5625 0.9375
0.5625 0.96875
0.5625 1
0.59375 0
0.59375 0.03125
0.59375 0.0625
0.59375 0.09375
0.59375 0.125
0.59375 0.15625
0.59375 0.1875
0.59375 0.21875
0.59375 0.25
0.59375 0.28125
0.59375 0.3125
0.59375 0.34375
0.59375 0.375
0.59375 0.40625
0.59375 0.4375
0.59375 0.46875
0.59375 0.5
0.59375 0.53125
0.59375 0.5625
0.59375 0.59375
0.59375 0.625
0.59375 0.65625
0.59375 0.6875
0.59375 0.71875
0.59375 0.75
0.59375 0.78125
0.59375 0.8125
0.59375 0.84375
0.59375 0.875
0.59375 0.90625
0.59375 0.9375
0.59375 0.96875
0.59375 1
0.625 0
0.625 0.03125
0.625 0.0625
0.625 0.09375
0.625 0.125
0.625 0.15625
0.625 0.1875
0.625 0.21875
0.625 0.25
0.625 0.28125
0.625 0.3125
0.625 0.34375
0.625 0.375
0.625 0.40625
0.625 0.4375
0.625 0.46875
0.625 0.5
0.625 0.53125
0.625 0.5625
0.625 0.59375
0.625 0.625
0.625 0.65625
0.625 0.6875
0.625 0.71875
0.625 0.75
0.625 0.78125
0.625 0.8125
0.625 0.84375
0.625 0.875
0.625 0.90625
0.625 0.9375
0.625 0.96875
0.625 1
0.65625 0
0.65625 0.03125
0.65625 0.0625
0.65625 0.09375
0.65625 0.125
0.65625 0.15625
0.65625 0.1875
0.65625 0.21875
0.65625 0.25
0.65625 0.28125
0.65625 0.3125
0.65625 0.34375
0.65625 0.375
0.65625 0.40625
0.65625 0.4375
0.65625 0.46875
0.65625 0.5
0.65625 0.53125
0.65625 0.5625
0.65625 0.59375
0.65625 0.625
0.65625 0.65625
0.65625 0.6875
0.65625 0.71875
0.65625 0.75
0.65625 0.78125
0.65625 0.8125
0.65625 0.84375
0.65625 0.875
0.65625 0.90625
0.65625 0.9375
0.65625 0.96875
0.65625 1
0.6875 0
0.6875 0.03125
0.6875 0.0625
0.6875 0.09375
0.6875 0.125
0.6875 0.15625
0.6875 0.1875
0.6875 0.21875
0.6875 0.25
0.6875 0.28125
0.6875 0.3125
0.6875 0.34375
0.6875 0.375
0.6875 0.40625
0.6875 0.4375
0.6875 0.46875
0.6875 0.5
0.6875 0.53125
0.6875 0.5625
0.6875 0.59375
0.6875 0.625
0.6875 0.65625
0.6875 0.6875
0.6875 0.71875
0.6875 0.75
0.6875 0.78125
0.6875 0.8125
0.6875 0.84375
0.6875 0.875
0.6875 0.90625
0.6875 0.9375
0.6875 0.96875
0.6875 1
0.71875 0
0.71875 0.03125
0.71875 0.0625
0.71875 0.09375
0.71875 0.125
0.71875 0.15625
0.71875 0.1875
0.71875 0.21875
0.71875 0.25
0.71875 0.28125
0.71875 0.3125
0.71875 0.34375
0.71875 0.375
0.71875 0.40625
0.71875 0.4375
0.71875 0.46875
0.71875 0.5
0.71875 0.53125
0.71875 0.5625
0.71875 0.59375
0.71875 0.625
0.71875 0.65625
0.71875 0.6875
0.71875 0.71875
0.71875 0.75
0.71875 0.78125
0.71875 0.8125
0.71875 0.84375
0.71875 0.875
0.71875 0.90625
0.71875 0.9375
0.71875 0.96875
0.71875 1
0.75 0
0.75 0.03125
0.75 0.0625
0.75 0.09375
0.75 0.125
0.75 0.15625
0.75 0.1875
0.75 0.21875
0.75 0.25
0.75 0.28125
0.75 0.3125
0.75 0.34375
0.75 0.375
0.75 0.40625
0.75 0.4375
0.75 0.46875
0.75 0.5
0.75 0.53125
0.75 0.5625
0.75 0.59375
0.75 0.625
0.75 0.65625
0.75 0.6875
0.75 0.71875
0.75 0.75
0.75 0.78125
0.75 0.8125
0.75 0.84375
0.75 0.875
0.75 0.90625
0.75 0.9375
0.75 0.96875
0.75 1
0.78125 0
0.78125 0.03125
0.78125 0.0625
0.78125 0.09375
0.78125 0.125
0.78125 0.15625
0.78125 0.1875
0.78125 0.21875
0.78125 0.25
0.78125 0.28125
0.78125 0.3125
0.78125 0.34375
0.78125 0.375
0.78125 0.40625
0.78125 0.4375
0.78125 0.46875
0.78125 0.5
0.78125 0.53125
0.78125 0.5625
0.78125 0.59375
0.78125 0.625
0.78125 0.65625
0.78125 0.6875
0.78125 0.71875
0.78125 0.75
0.78125 0.78125
0.78125 0.8125
0.78125 0.84375
0.78125 0.875
0.78125 0.90625
0.78125 0.9375
0.78125 0.96875
0.78125 1
0.8125 0
0.8125 0.03125
0.8125 0.0625
0.8125 0.09375
0.8125 0.125
0.8125 0.15625
0.8125 0.1875
0.8125 0.21875
0.8125 0.25
0.8125 0.28125
0.8125 0.3125
0.8125 0.34375
0.8125 0.375
0.8125 0.40625
0.8125 0.4375
0.8125 0.46875
0.8125 0.5
0.8125 0.53125
0.8125 0.5625
0.8125 0.59375
0.8125 0.625
0.8125 0.65625
0.8125 0.6875
0.8125 0.71875
0.8125 0.75
0.8125 0.78125
0.8125 0.8125
0.8125 0.84375
0.8125 0.875
0.8125 0.90625
0.8125 0.9375
0.8125 0.96875
0.8125 1
0.84375 0
0.84375 0.03125
0.84375 0.0625
0.84375 0.09375
0.84375 0.125
0.84375 0.15625
0.84375 0.1875
0.84375 0.21875
0.84375 0.25
0.84375 0.28125
0.84375 0.3125
0.84375 0.34375
0.84375 0.375
0.84375 0.40625
0.84375 0.4375
0.84375 0.46875
0.84375 0.5
0.84375 0.53125
0.84375 0.5625
0.84375 0.59375
0.84375 0.625
0.84375 0.65625
0.84375 0.6875
0.84375 0.71875
0.84375 0.75
0.84375 0.78125
0.84375 0.8125
0.84375 0.84375
0.84375 0.875
0.84375 0.90625
0.84375 0.9375
0.84375 0.96875
0.84375 1
0.875 0
0.875 0.03125
0.875 0.0625
0.875 0.09375
0.875 0.125
0.875 0.15625
0.875 0.1875
0.875 0.21875
0.875 0.25
0.875 0.28125
0.875 0.3125
0.875 0.34375
0.875 0.375
0.875 0.40625
0.875 0.4375
0.875 0.46875
0.875 0.5
0.875 0.53125
0.875 0.5625
0.875 0.59375
0.875 0.625
0.875 0.65625
0.875 0.6875
0.875 0.71875
0.875 0.75
0.875 0.78125
0.875 0.8125
0.875 0.84375
0.875 0.875
0.875 0.90625
0.875 0.9375
0.875 0.96875
0.875 1
0.90625 0
0.90625 0.03125
0.90625 0.0625
0.90625 0.09375
0.90625 0.125
0.90625 0.15625
0.90625 0.1875
0.90625 0.21875
0.90625 0.25
0.90625 0.28125
0.90625 0.3125
0.90625 0.34375
0.90625 0.375
0.90625 0.40625
0.90625 0.4375
0.90625 0.46875
0.90625 0.5
0.90625 0.53125
0.90625 0.5625
0.90625 0.59375
0.90625 0.625
0.90625 0.65625
0.90625 0.6875
0.90625 0.71875
0.90625 0.75
0.90625 0.78125
0.90625 0.8125
0.90625 0.84375
0.90625 0.875
0.90625 0.90625
0.90625 0.9375
0.90625 0.96875
0.90625 1
0.9375 0
0.9375 0.03125
0.9375 0.0625
0.9375 0.09375
0.9375 0.125
0.9375 0.15625
0.9375 0.1875
0.9375 0.21875
0.9375 0.25
0.9375 0.28125
0.9375 0.3125
0.9375 0.34375
0.9375 0.375
0.9375 0.40625
0.9375 0.4375
0.9375 0.46875
0.9375 0.5
0.9375 0.53125
0.9375 0.5625
0.9375 0.59375
0.9375 0.625
0.9375 0.65625
0.9375 0.6875
0.9375 0.71875
0.9375 0.75
0.9375 0.78125
0.9375 0.8125
0.9375 0.84375
0.9375 0.875
0.9375 0.90625
0.9375 0.9375
0.9375 0.96875
0.9375 1
0.96875 0
0.96875 0.03125
0.96875 0.0625
0.96875 0.09375
0.96875 0.125
0.96875 0.15625
0.96875 0.1875
0.96875 0.21875
0.96875 0.25
0.96875 0.28125
0.96875 0.3125
0.96875 0.34375
0.96875 0.375
0.96875 0.40625
0.96875 0.4375
0.96875 0.46875
0.96875 0.5
0.96875 0.53125
0.96875 0.5625
0.96875 0.59375
0.96875 0.625
0.96875 0.65625
0.96875 0.6875
0.96875 0.71875
0.96875 0.75
0.96875 0.78125
0.96875 0.8125
0.96875 0.84375
0.96875 0.875
0.96875 0.90625
0.96875 0.9375
0.96875 0.96875
0.96875 1
1 0
1 0.03125
1 0.0625
1 0.09375
1 0.125
1 0.15625
1 0.1875
1 0.21875
1 0.25
1 0.28125
1 0.3125
1 0.34375
1 0.375
1 0.40625
1 0.4375
1 0.46875
1 0.5
1 0.53125
1 0.5625
1 0.59375
1 0.625
1 0.65625
1 0.6875
1 0.71875
1 0.75
1 0.78125
1 0.8125
1 0.84375
1 0.875
1 0.90625
1 0.9375
1 0.96875
1 1
0.015624999999959199 0
0.046874999999999993 0
0.078124999999999986 0
0.109375 0
0.140625 0
0.171875 0
0.203125 0
0.234375 0
0.265625 0
0.296875 0
0.328125 0
0.359375 0
0.390625 0
0.421875 0
0.453125 0
0.484375 0
0.515625 0
0.546875 0
0.578125 0
0.609375 0
0.640625 0
0.671875 0
0.703125 0
0.734375 0
0.765625 0
0.796875 0
0.828125 0
0.859375 0
0.890625 0
0.921875 0
0.953125 0
0.984375 0
0.015624999999959199 0.03125
0.046874999999999993 0.03125
0.078124999999999986 0.03125
0.109375 0.03125
0.140625 0.03125
0.171875 0.03125
0.203125 0.03125
0.234375 0.03125
0.265625 0.03125
0.296875 0.03125
0.328125 0.03125
0.359375 0.03125
0.390625 0.03125
0.421875 0.03125
0.453125 0.03125
0.484375 0.03125
0.515625 0.03125
0.546875 0.03125
0.578125 0.03125
0.609375 0.03125
0.640625 0.03125
0.671875 0.03125
0.703125 0.03125
0.734375 0.03125
0.765625 0.03125
0.796875 0.03125
0.828125 0.03125
0.859375 0.03125
0.890625 0.03125
0.921875 0.03125
0.953125 0.03125
0.984375 0.03125
0.015624999999959199 0.0625
0.046874999999999993 0.0625
0.078124999999999986 0.0625
0.109375 0.0625
0.140625 0.0625
0.171875 0.0625
0.203125 0.0625
0.234375 0.0625
0.265625 0.0625
0.296875 0.0625
0.328125 0.0625
0.359375 0.0625
0.390625 0.0625
0.421875 0.0625
0.453125 0.0625
0.484375 0.0625
0.515625 0.0625
0.546875 0.0625
0.578125 0.0625
0.609375 0.0625
0.640625 0.0625
0.671875 0.0625
0.703125 0.0625
0.734375 0.0625
0.765625 0.0625
0.796875 0.0625
0.828125 0.0625
0.859375 0.0625
0.890625 0.0625
0.921875 0.0625
0.953125 0.0625
0.984375 0.0625
0.015624999999959199 0.09375
0.046874999999999993 0.09375
0.078124999999999986 0.09375
0.109375 0.09375
0.140625 0.09375
0.171875 0.09375
0.203125 0.09375
0.234375 0.09375
0.265625 0.09375
0.296875 0.09375
0.328125 0.09375
0.359375 0.09375
0.390625 0.09375
0.421875 0.09375
0.453125 0.09375
0.484375 0.09375
0.515625 0.09375
0.546875 0.09375
0.578125 0.09375
0.609375 0.09375
0.640625 0.09375
0.671875 0.09375
0.703125 0.09375
0.734375 0.09375
0.765625 0.09375
0.796875 0.09375
0.828125 0.09375
0.859375 0.09375
0.890625 0.09375
0.921875 0.09375
0.953125 0.09375
0.984375 0.09375
0.015624999999959199 0.125
0.046874999999999993 0.125
0.078124999999999986 0.125
0.109375 0.125
0.140625 0.125
0.171875 0.125
0.203125 0.125
0.234375 0.125
0.265625 0.125
0.296875 0.125
0.328125 0.125
0.359375 0.125
0.390625 0.125
0.421875 0.125
0.453125 0.125
0.484375 0.125
0.515625 0.125
0.546875 0.125
0.578125 0.125
0.609375 0.125
0.640625 0.125
0.671875 0.125
0.703125 0.125
0.734375 0.125
0.765625 0.125
0.796875 0.125
0.828125 0.125
0.859375 0.125
0.890625 0.125
0.921875 0.125
0.953125 0.125
0.984375 0.125
0.015624999999959199 0.15625
0.046874999999999993 0.15625
0.078124999999999986 0.15625
0.109375 0.15625
0.140625 0.15625
0.171875 0.15625
0.203125 0.15625
0.234375 0.15625
0.265625 0.15625
0.296875 0.15625
0.328125 0.15625
0.359375 0.15625
0.390625 0.15625
0.421875 0.15625
0.453125 0.15625
0.484375 0.15625
0.515625 0.15625
0.546875 0.15625
0.578125 0.15625
0.609375 0.15625
0.640625 0.15625
0.671875 0.15625
0.703125 0.15625
0.734375 0.15625
0.765625 0.15625
0.796875 0.15625
0.828125 0.15625
0.859375 0.15625
0.890625 0.15625
0.921875 0.15625
0.953125 0.15625
0.984375 0.15625
0.015624999999959199 0.1875
0.046874999999999993 0.1875
0.078124999999999986 0.1875
0.109375 0.1875
0.140625 0.1875
0.171875 0.1875
0.203125 0.1875
0.234375 0.1875
0.265625 0.1875
0.296875 0.1875
0.328125 0.1875
0.359375 0.1875
0.390625 0.1875
0.421875 0.1875
0.453125 0.1875
0.484375 0.1875
0.515625 0.1875
0.546875 0.1875
0.578125 0.1875
0.609375 0.1875
0.640625 0.1875
0.671875 0.1875
0.703125 0.1875
0.734375 0.1875
0.765625 0.1875
0.796875 0.1875
0.828125 0.1875
0.859375 0.1875
0.890625 0.1875
0.921875 0.1875
0.953125 0.1875
0.984375 0.1875
0.015624999999959199 0.21875
0.046874999999999993 0.21875
0.078124999999999986 0.21875
0.109375 0.21875
0.140625 0.21875
0.171875 0.21875
0.203125 0.21875
0.234375 0.21875
0.265625 0.21875
0.296875 0.21875
0.328125 0.21875
0.359375 0.21875
0.390625 0.21875
0.421875 0.21875
0.453125 0.21875
0.484375 0.21875
0.515625 0.21875
0.546875 0.21875
0.578125 0.21875
0.609375 0.21875
0.640625 0.21875
0.671875 0.21875
0.703125 0.21875
0.734375 0.21875
0.765625 0.21875
0.796875 0.21875
0.828125 0.21875
0.859375 0.21875
0.890625 0.21875
0.921875 0.21875
0.953125 0.21875
0.984375 0.21875
0.015624999999959199 0.25
0.046874999999999993 0.25
0.078124999999999986 0.25
0.109375 0.25
0.140625 0.25
0.171875 0.25
0.203125 0.25
0.234375 0.25
0.265625 0.25
0.296875 0.25
0.328125 0.25
0.359375 0.25
0.390625 0.25
0.421875 0.25
0.453125 0.25
0.484375 0.25
0.515625 0.25
0.546875 0.25
0.578125 0.25
0.609375 0.25
0.640625 0.25
0.671875 0.25
0.703125 0.25
0.734375 0.25
0.765625 0.25
0.796875 0.25
0.828125 0.25
0.859375 0.25
0.890625 0.25
0.921875 0.25
0.953125 0.25
0.984375 0.25
0.015624999999959199 0.28125
0.046874999999999993 0.28125
0.078124999999999986 0.28125
0.109375 0.28125
0.140625 0.28125
0.171875 0.28125
0.203125 0.28125
0.234375 0.28125
0.265625 0.28125
0.296875 0.28125
0.328125 0.28125
0.359375 0.28125
0.390625 0.28125
0.421875 0.28125
0.453125 0.28125
0.484375 0.28125
0.515625 0.28125
0.546875 0.28125
0.578125 0.28125
0.609375 0.28125
0.640625 0.28125
0.671875 0.28125
0.703125 0.28125
0.734375 0.28125
0.765625 0.28125
0.796875 0.28125
0.828125 0.28125
0.859375 0.28125
0.890625 0.28125
0.921875 0.28125
0.953125 0.28125
0.984375 0.28125
0.015624999999959199 0.3125
0.046874999999999993 0.3125
0.078124999999999986 0.3125
0.109375 0.3125
0.140625 0.3125
0.171875 0.3125
0.203125 0.3125
0.234375 0.3125
0.265625 0.3125
0.296875 0.3125
0.328125 0.3125
0.359375 0.3125
0.390625 0.3125
0.421875 0.3125
0.453125 0.3125
0.484375 0.3125
0.515625 0.3125
0.546875 0.3125
0.578125 0.3125
0.609375 0.3125
0.640625 0.3125
0.671875 0.3125
0.703125 0.3125
0.734375 0.3125
0.765625 0.3125
0.796875 0.3125
0.828125 0.3125
0.859375 0.3125
0.890625 0.3125
0.921875 0.3125
0.953125 0.3125
0.984375 0.3125
0.015624999999959199 0.34375
0.046874999999999993 0.34375
0.078124999999999986 0.34375
0.109375 0.34375
0.140625 0.34375
0.171875 0.34375
0.203125 0.34375
0.234375 0.34375
0.265625 0.34375
0.296875 0.34375
0.328125 0.34375
0.359375 0.34375
0.390625 0.34375
0.421875 0.34375
0.453125 0.34375
0.484375 0.34375
0.515625 0.34375
0.546875 0.34375
0.578125 0.34375
0.609375 0.34375
0.640625 0.34375
0.671875 0.34375
0.703125 0.34375
0.734375 0.34375
0.765625 0.34375
0.796875 0.34375
0.828125 0.34375
0.859375 0.34375
0.890625 0.34375
0.921875 0.34375
0.953125 0.34375
0.984375 0.34375
0.015624999999959199 0.375
0.046874999999999993 0.375
0.078124999999999986 0.375
0.109375 0.375
0.140625 0.375
0.171875 0.375
0.203125 0.375
0.234375 0.375
0.265625 0.375
0.296875 0.375
0.328125 0.375
0.359375 0.375
0.390625 0.375
0.421875 0.375
0.453125 0.375
0.484375 0.375
0.515625 0.375
0.546875 0.375
0.578125 0.375
0.609375 0.375
0.640625 0.375
0.671875 0.375
0.703125 0.375
0.734375 0.375
0.765625 0.375
0.796875 0.375
0.828125 0.375
0.859375 0.375
0.890625 0.375
0.921875 0.375
0.953125 0.375
0.984375 0.375
0.015624999999959199 0.40625
0.046874999999999993 0.40625
0.078124999999999986 0.40625
0.109375 0.40625
0.140625 0.40625
0.171875 0.40625
0.203125 0.40625
0.234375 0.40625
0.265625 0.40625
0.296875 0.40625
0.328125 0.40625
0.359375 0.40625
0.390625 0.40625
0.421875 0.40625
0.453125 0.40625
0.484375 0.40625
0.515625 0.40625
0.546875 0.40625
0.578125 0.40625
0.609375 0.40625
0.640625 0.40625
0.671875 0.40625
0.703125 0.40625
0.734375 0.40625
0.765625 0.40625
0.796875 0.40625
0.828125 0.40625
0.859375 0.40625
0.890625 0.40625
0.921875 0.40625
0.953125 0.40625
0.984375 0.40625
0.015624999999959199 0.4375
0.046874999999999993 0.4375
0.078124999999999986 0.4375
0.109375 0.4375
0.140625 0.4375
0.171875 0.4375
0.203125 0.4375
0.234375 0.4375
0.265625 0.4375
0.296875 0.4375
0.328125 0.4375
0.359375 0.4375
0.390625 0.4375
0.421875 0.4375
0.453125 0.4375
0.484375 0.4375
0.515625 0.4375
0.546875 0.4375
0.578125 0.4375
0.609375 0.4375
0.640625 0.4375
0.671875 0.4375
0.703125 0.4375
0.734375 0.4375
0.765625 0.4375
0.796875 0.4375
0.828125 0.4375
0.859375 0.4375
0.890625 0.4375
0.921875 0.4375
0.953125 0.4375
0.984375 0.4375
0.015624999999959199 0.46875
0.046874999999999993 0.46875
0.078124999999999986 0.46875
0.109375 0.46875
0.140625 0.46875
0.171875 0.46875
0.203125 0.46875
0.234375 0.46875
0.265625 0.46875
0.296875 0.46875
0.328125 0.46875
0.359375 0.46875
0.390625 0.46875
0.421875 0.46875
0.453125 0.46875
0.484375 0.46875
0.515625 0.46875
0.546875 0.46875
0.578125 0.46875
0.609375 0.46875
0.640625 0.46875
0.671875 0.46875
0.703125 0.46875
0.734375 0.46875
0.765625 0.46875
0.796875 0.46875
0.828125 0.46875
0.859375 0.46875
0.890625 0.46875
0.921875 0.46875
0.953125 0.46875
0.984375 0.46875
0.015624999999959199 0.5
0.046874999999999993 0.5
0.078124999999999986 0.5
0.109375 0.5
0.140625 0.5
0.171875 0.5
0.203125 0.5
0.234375 0.5
0.265625 0.5
0.296875 0.5
0.328125 0.5
0.359375 0.5
0.390625 0.5
0.421875 0.5
0.453125 0.5
0.484375 0.5
0.515625 0.5
0.546875 0.5
0.578125 0.5
0.609375 0.5
0.640625 0.5
0.671875 0.5
0.703125 0.5
0.734375 0.5
0.765625 0.5
0.796875 0.5
0.828125 0.5
0.859375 0.5
0.890625 0.5
0.921875 0.5
0.953125 0.5
0.984375 0.5
0.015624999999959199 0.53125
0.046874999999999993 0.53125
0.078124999999999986 0.53125
0.109375 0.53125
0.140625 0.53125
0.171875 0.53125
0.203125 0.53125
0.234375 0.53125
0.265625 0.53125
0.296875 0.53125
0.328125 0.53125
0.359375 0.53125
0.390625 0.53125
0.421875 0.53125
0.453125 0.53125
0.484375 0.53125
0.515625 0.53125
0.546875 0.53125
0.578125 0.53125
0.609375 0.53125
0.640625 0.53125
0.671875 0.53125
0.703125 0.53125
0.734375 0.53125
0.765625 0.53125
0.796875 0.53125
0.828125 0.53125
0.859375 0.53125
0.890625 0.53125
0.921875 0.53125
0.953125 0.53125
0.984375 0.53125
0.015624999999959199 0.5625
0.046874999999999993 0.5625
0.078124999999999986 0.5625
0.109375 0.5625
0.140625 0.5625
0.171875 0.5625
0.203125 0.5625
0.234375 0.5625
0.265625 0.5625
0.296875 0.5625
0.328125 0.5625
0.359375 0.5625
0.390625 0.5625
0.421875 0.5625
0.453125 0.5625
0.484375 0.5625
0.515625 0.5625
0.546875 0.5625
0.578125 0.5625
0.609375 0.5625
0.640625 0.5625
0.671875 0.5625
0.703125 0.5625
0.734375 0.5625
0.765625 0.5625
0.796875 0.5625
0.828125 0.5625
0.859375 0.5625
0.890625 0.5625
0.921875 0.5625
0.953125 0.5625
0.984375 0.5625
0.015624999999959199 0.59375
0.046874999999999993 0.59375
0.078124999999999986 0.59375
0.109375 0.59375
0.140625 0.59375
0.171875 0.59375
0.203125 0.59375
0.234375 0.59375
0.265625 0.59375
0.296875 0.59375
0.328125 0.59375
0.359375 0.59375
0.390625 0.59375
0.421875 0.59375
0.453125 0.59375
0.484375 0.59375
0.515625 0.59375
0.546875 0.59375
0.578125 0.59375
0.609375 0.59375
0.640625 0.59375
0.671875 0.59375
0.703125 0.59375
0.734375 0.59375
0.765625 0.59375
0.796875 0.59375
0.828125 0.59375
0.859375 0.59375
0.890625 0.59375
0.921875 0.59375
0.953125 0.59375
0.984375 0.59375
0.015624999999959199 0.625
0.046874999999999993 0.625
0.078124999999999986 0.625
0.109375 0.625
0.140625 0.625
0.171875 0.625
0.203125 0.625
0.234375 0.625
0.265625 0.625
0.296875 0.625
0.328125 0.625
0.359375 0.625
0.390625 0.625
0.421875 0.625
0.453125 0.625
0.484375 0.625
0.515625 0.625
0.546875 0.625
0.578125 0.625
0.609375 0.625
0.640625 0.625
0.671875 0.625
0.703125 0.625
0.734375 0.625
0.765625 0.625
0.796875 0.625
0.828125 0.625
0.859375 0.625
0.890625 0.625
0.921875 0.625
0.953125 0.625
0.984375 0.625
0.015624999999959199 0.65625
0.046874999999999993 0.65625
0.078124999999999986 0.65625
0.109375 0.65625
0.140625 0.65625
0.171875 0.65625
0.203125 0.65625
0.234375 0.65625
0.265625 0.65625
0.296875 0.65625
0.328125 0.65625
0.359375 0.65625
0.390625 0.65625
0.421875 0.65625
0.453125 0.65625
0.484375 0.65625
0.515625 0.65625
0.546875 0.65625
0.578125 0.65625
0.609375 0.65625
0.640625 0.65625
0.671875 0.65625
0.703125 0.65625
0.734375 0.65625
0.765625 0.65625
0.796875 0.65625
0.828125 0.65625
0.859375 0.65625
0.890625 0.65625
0.921875 0.65625
0.953125 0.65625
0.984375 0.65625
0.015624999999959199 0.6875
0.046874999999999993 0.6875
0.078124999999999986 0.6875
0.109375 0.6875
0.140625 0.6875
0.171875 0.6875
0.203125 0.6875
0.234375 0.6875
0.265625 0.6875
0.296875 0.6875
0.328125 0.6875
0.359375 0.6875
0.390625 0.6875
0.421875 0.6875
0.453125 0.6875
0.484375 0.6875
0.515625 0.6875
0.546875 0.6875
0.578125 0.6875
0.609375 0.6875
0.640625 0.6875
0.671875 0.6875
0.703125 0.6875
0.734375 0.6875
0.765625 0.6875
0.796875 0.6875
0.828125 0.6875
0.859375 0.6875
0.890625 0.6875
0.921875 0.6875
0.953125 0.6875
0.984375 0.6875
0.015624999999959199 0.71875
0.046874999999999993 0.71875
0.078124999999999986 0.71875
0.109375 0.71875
0.140625 0.71875
0.171875 0.71875
0.203125 0.71875
0.234375 0.71875
0.265625 0.71875
0.296875 0.71875
0.328125 0.71875
0.359375 0.71875
0.390625 0.71875
0.421875 0.71875
0.453125 0.71875
0.484375 0.71875
0.515625 0.71875
0.546875 0.71875
0.578125 0.71875
0.609375 0.71875
0.640625 0.71875
0.671875 0.71875
0.703125 0.71875
0.734375 0.71875
0.765625 0.71875
0.796875 0.71875
0.828125 0.71875
0.859375 0.71875
0.890625 0.71875
0.921875 0.71875
0.953125 0.71875
0.984375 0.71875
0.015624999999959199 0.75
0.046874999999999993 0.75
0.078124999999999986 0.75
0.109375 0.75
0.140625 0.75
0.171875 0.75
0.203125 0.75
0.234375 0.75
0.265625 0.75
0.296875 0.75
0.328125 0.75
0.359375 0.75
0.390625 0.75
0.421875 0.75
0.453125 0.75
0.484375 0.75
0.515625 0.75
0.546875 0.75
0.578125 0.75
0.609375 0.75
0.640625 0.75
0.671875 0.75
0.703125 0.75
0.734375 0.75
0.765625 0.75
0.796875 0.75
0.828125 0.75
0.859375 0.75
0.890625 0.75
0.921875 0.75
0.953125 0.75
0.984375 0.75
0.015624999999959199 0.78125
0.046874999999999993 0.78125
0.078124999999999986 0.78125
0.109375 0.78125
0.140625 0.78125
0.171875 0.78125
0.203125 0.78125
0.234375 0.78125
0.265625 0.78125
0.296875 0.78125
0.328125 0.78125
0.359375 0.78125
0.390625 0.78125
0.421875 0.78125
0.453125 0.78125
0.484375 0.78125
0.515625 0.78125
0.546875 0.78125
0.578125 0.78125
0.609375 0.78125
0.640625 0.78125
0.671875 0.78125
0.703125 0.78125
0.734375 0.78125
0.765625 0.78125
0.796875 0.78125
0.828125 0.78125
0.859375 0.78125
0.890625 0.78125
0.921875 0.78125
0.953125 0.78125
0.984375 0.78125
0.015624999999959199 0.8125
0.046874999999999993 0.8125
0.078124999999999986 0.8125
0.109375 0.8125
0.140625 0.8125
0.171875 0.8125
0.203125 0.8125
0.234375 0.8125
0.265625 0.8125
0.296875 0.8125
0.328125 0.8125
0.359375 0.8125
0.390625 0.8125
0.421875 0.8125
0.453125 0.8125
0.484375 0.8125
0.515625 0.8125
0.546875 0.8125
0.578125 0.8125
0.609375 0.8125
0.640625 0.8125
0.671875 0.8125
0.703125 0.8125
0.734375 0.8125
0.765625 0.8125
0.796875 0.8125
0.828125 0.8125
0.859375 0.8125
0.890625 0.8125
0.921875 0.8125
0.953125 0.8125
0.984375 0.8125
0.015624999999959199 0.84375
0.046874999999999993 0.84375
0.078124999999999986 0.84375
0.109375 0.84375
0.140625 0.84375
0.171875 0.84375
0.203125 0.84375
0.234375 0.84375
0.265625 0.84375
0.296875 0.84375
0.328125 0.84375
0.359375 0.84375
0.390625 0.84375
0.421875 0.84375
0.453125 0.84375
0.484375 0.84375
0.515625 0.84375
0.546875 0.84375
0.578125 0.84375
0.609375 0.84375
0.640625 0.84375
0.671875 0.84375
0.703125 0.84375
0.734375 0.84375
0.765625 0.84375
0.796875 0.84375
0.828125 0.84375
0.859375 0.84375
0.890625 0.84375
0.921875 0.84375
0.953125 0.84375
0.984375 0.84375
0.015624999999959199 0.875
0.046874999999999993 0.875
0.078124999999999986 0.875
0.109375 0.875
0.140625 0.875
0.171875 0.875
0.203125 0.875
0.234375 0.875
0.265625 0.875
0.296875 0.875
0.328125 0.875
0.359375 0.875
0.390625 0.875
0.421875 0.875
0.453125 0.875
0.484375 0.875
0.515625 0.875
0.546875 0.875
0.578125 0.875
0.609375 0.875
0.640625 0.875
0.671875 0.875
0.703125 0.875
0.734375 0.875
0.765625 0.875
0.796875 0.875
0.828125 0.875
0.859375 0.875
0.890625 0.875
0.921875 0.875
0.953125 0.875
0.984375 0.875
0.015624999999959199 0.90625
0.046874999999999993 0.90625
0.078124999999999986 0.90625
0.109375 0.90625
0.140625 0.90625
0.171875 0.90625
0.203125 0.90625
0.234375 0.90625
0.265625 0.90625
0.296875 0.90625
0.328125 0.90625
0.359375 0.90625
0.390625 0.90625
0.421875 0.90625
0.453125 0.90625
0.484375 0.90625
0.515625 0.90625
0.546875 0.90625
0.578125 0.90625
0.609375 0.90625
0.640625 0.90625
0.671875 0.90625
0.703125 0.90625
0.734375 0.90625
0.765625 0.90625
0.796875 0.90625
0.828125 0.90625
0.859375 0.90625
0.890625 0.90625
0.921875 0.90625
0.953125 0.90625
0.984375 0.90625
0.015624999999959199 0.9375
0.046874999999999993 0.9375
0.078124999999999986 0.9375
0.109375 0.9375
0.140625 0.9375
0.171875 0.9375
0.203125 0.9375
0.234375 0.9375
0.265625 0.9375
0.296875 0.9375
0.328125 0.9375
0.359375 0.9375
0.390625 0.9375
0.421875 0.9375
0.453125 0.9375
0.484375 0.9375
0.515625 0.9375
0.546875 0.9375
0.578125 0.9375
0.609375 0.9375
0.640625 0.9375
0.671875 0.9375
0.703125 0.9375
0.734375 0.9375
0.765625 0.9375
0.796875 0.9375
0.828125 0.9375
0.859375 0.9375
0.890625 0.9375
0.921875 0.9375
0.953125 0.9375
0.984375 0.9375
0.015624999999959199 0.96875
0.046874999999999993 0.96875
0.078124999999999986 0.96875
0.109375 0.96875
0.140625 0.96875
0.171875 0.96875
0.203125 0.96875
0.234375 0.96875
0.265625 0.96875
0.296875 0.96875
0.328125 0.96875
0.359375 0.96875
0.390625 0.96875
0.421875 0.96875
0.453125 0.96875
0.484375 0.96875
0.515625 0.96875
0.546875 0.96875
0.578125 0.96875
0.609375 0.96875
0.640625 0.96875
0.671875 0.96875
0.703125 0.96875
0.734375 0.96875
0.765625 0.96875
0.796875 0.96875
0.828125 0.96875
0.859375 0.96875
0.890625 0.96875
0.921875 0.96875
0.953125 0.96875
0.984375 0.96875
0.015624999999959199 1
0.046874999999999993 1
0.078124999999999986 1
0.109375 1
0.140625 1
0.171875 1
0.203125 1
0.234375 1
0.265625 1
0.296875 1
0.328125 1
0.359375 1
0.390625 1
0.421875 1
0.453125 1
0.484375 1
0.515625 1
0.546875 1
0.578125 1
0.609375 1
0.640625 1
0.671875 1
0.703125 1
0.734375 1
0.765625 1
0.796875 1
0.828125 1
0.859375 1
0.890625 1
0.921875 1
0.953125 1
0.984375 1
0 0.015624999999959199
0 0.046874999999999993
0 0.078124999999999986
0 0.109375
0 0.140625
0 0.171875
0 0.203125
0 0.234375
0 0.265625
0 0.296875
0 0.328125
0 0.359375
0 0.390625
0 0.421875
0 0.453125
0 0.484375
0 0.515625
0 0.546875
0 0.578125
0 0.609375
0 0.640625
0 0.671875
0 0.703125
0 0.734375
0 0.765625
0 0.796875
0 0.828125
0 0.859375
0 0.890625
0 0.921875
0 0.953125
0 0.984375
0.03125 0.015624999999959199
0.03125 0.046874999999999993
0.03125 0.078124999999999986
0.03125 0.109375
0.03125 0.140625
0.03125 0.171875
0.03125 0.203125
0.03125 0.234375
0.03125 0.265625
0.03125 0.296875
0.03125 0.328125
0.03125 0.359375
0.03125 0.390625
0.03125 0.421875
0.03125 0.453125
0.03125 0.484375
0.03125 0.515625
0.03125 0.546875
0.03125 0.578125
0.03125 0.609375
0.03125 0.640625
0.03125 0.671875
0.03125 0.703125
0.03125 0.734375
0.03125 0.765625
0.03125 0.796875
0.03125 0.828125
0.03125 0.859375
0.03125 0.890625
0.03125 0.921875
0.03125 0.953125
0.03125 0.984375
0.0625 0.015624999999959199
0.0625 0.046874999999999993
0.0625 0.078124999999999986
0.0625 0.109375
0.0625 0.140625
0.0625 0.171875
0.0625 0.203125
0.0625 0.234375
0.0625 0.265625
0.0625 0.296875
0.0625 0.328125
0.0625 0.359375
0.0625 0.390625
0.0625 0.421875
0.0625 0.453125
0.0625 0.484375
0.0625 0.515625
0.0625 0.546875
0.0625 0.578125
0.0625 0.609375
0.0625 0.640625
0.0625 0.671875
0.0625 0.703125
0.0625 0.734375
0.0625 0.765625
0.0625 0.796875
0.0625 0.828125
0.0625 0.859375
0.0625 0.890625
0.0625 0.921875
0.0625 0.953125
0.0625 0.984375
0.09375 0.015624999999959199
0.09375 0.046874999999999993
0.09375 0.078124999999999986
0.09375 0.109375
0.09375 0.140625
0.09375 0.171875
0.09375 0.203125
0.09375 0.234375
0.09375 0.265625
0.09375 0.296875
0.09375 0.328125
0.09375 0.359375
0.09375 0.390625
0.09375 0.421875
0.09375 0.453125
0.09375 0.484375
0.09375 0.515625
0.09375 0.546875
0.09375 0.578125
0.09375 0.609375
0.09375 0.640625
0.09375 0.671875
0.09375 0.703125
0.09375 0.734375
0.09375 0.765625
0.09375 0.796875
0.09375 0.828125
0.09375 0.859375
0.09375 0.890625
0.09375 0.921875
0.09375 0.953125
0.09375 0.984375
0.125 0.015624999999959199
0.125 0.046874999999999993
0.125 0.078124999999999986
0.125 0.109375
0.125 0.140625
0.125 0.171875
0.125 0.203125
0.125 0.234375
0.125 0.265625
0.125 0.296875
0.125 0.328125
0.125 0.359375
0.125 0.390625
0.125 0.421875
0.125 0.453125
0.125 0.484375
0.125 0.515625
0.125 0.546875
0.125 0.578125
0.125 0.609375
0.125 0.640625
0.125 0.671875
0.125 0.703125
0.125 0.734375
0.125 0.765625
0.125 0.796875
0.125 0.828125
0.125 0.859375
0.125 0.890625
0.125 0.921875
0.125 0.953125
0.125 0.984375
0.15625 0.015624999999959199
0.15625 0.046874999999999993
0.15625 0.078124999999999986
0.15625 0.109375
0.15625 0.140625
0.15625 0.171875
0.15625 0.203125
0.15625 0.234375
0.15625 0.265625
0.15625 0.296875
0.15625 0.328125
0.15625 0.359375
0.15625 0.390625
0.15625 0.421875
0.15625 0.453125
0.15625 0.484375
0.15625 0.515625
0.15625 0.546875
0.15625 0.578125
0.15625 0.609375
0.15625 0.640625
0.15625 0.671875
0.15625 0.703125
0.15625 0.734375
0.15625 0.765625
0.15625 0.796875
0.15625 0.828125
0.15625 0.859375
0.15625 0.890625
0.15625 0.921875
0.15625 0.953125
0.15625 0.984375
0.1875 0.015624999999959199
0.1875 0.046874999999999993
0.1875 0.078124999999999986
0.1875 0.109375
0.1875 0.140625
0.1875 0.171875
0.1875 0.203125
0.1875 0.234375
0.1875 0.265625
0.1875 0.296875
0.1875 0.328125
0.1875 0.359375
0.1875 0.390625
0.1875 0.421875
0.1875 0.453125
0.1875 0.484375
0.1875 0.515625
0.1875 0.546875
0.1875 0.578125
0.1875 0.609375
0.1875 0.640625
0.1875 0.671875
0.1875 0.703125
0.1875 0.734375
0.1875 0.765625
0.1875 0.796875
0.1875 0.828125
0.1875 0.859375
0.1875 0.890625
0.1875 0.921875
0.1875 0.953125
0.1875 0.984375
0.21875 0.015624999999959199
0.21875 0.046874999999999993
0.21875 0.078124999999999986
0.21875 0.109375
0.21875 0.140625
0.21875 0.171875
0.21875 0.203125
0.21875 0.234375
0.21875 0.265625
0.21875 0.296875
0.21875 0.328125
0.21875 0.359375
0.21875 0.390625
0.21875 0.421875
0.21875 0.453125
0.21875 0.484375
0.21875 0.515625
0.21875 0.546875
0.21875 0.578125
0.21875 0.609375
0.21875 0.640625
0.21875 0.671875
0.21875 0.703125
0.21875 0.734375
0.21875 0.765625
0.21875 0.796875
0.21875 0.828125
0.21875 0.859375
0.21875 0.890625
0.21875 0.921875
0.21875 0.953125
0.21875 0.984375
0.25 0.015624999999959199
0.25 0.046874999999999993
0.25 0.078124999999999986
0.25 0.109375
0.25 0.140625
0.25 0.171875
0.25 0.203125
0.25 0.234375
0.25 0.265625
0.25 0.296875
0.25 0.328125
0.25 0.359375
0.25 0.390625
0.25 0.421875
0.25 0.453125
0.25 0.484375
0.25 0.515625
0.25 0.546875
0.25 0.578125
0.25 0.609375
0.25 0.640625
0.25 0.671875
0.25 0.703125
0.25 0.734375
0.25 0.765625
0.25 0.796875
0.25 0.828125
0.25 0.859375
0.25 0.890625
0.25 0.921875
0.25 0.953125
0.25 0.984375
0.28125 0.015624999999959199
0.28125 0.046874999999999993
0.28125 0.078124999999999986
0.28125 0.109375
0.28125 0.140625
0.28125 0.171875
0.28125 0.203125
0.28125 0.234375
0.28125 0.265625
0.28125 0.296875
0.28125 0.328125
0.28125 0.359375
0.28125 0.390625
0.28125 0.421875
0.28125 0.453125
0.28125 0.484375
0.28125 0.515625
0.28125 0.546875
0.28125 0.578125
0.28125 0.609375
0.28125 0.640625
0.28125 0.671875
0.28125 0.703125
0.28125 0.734375
0.28125 0.765625
0.28125 0.796875
0.28125 0.828125
0.28125 0.859375
0.28125 0.890625
0.28125 0.921875
0.28125 0.953125
0.28125 0.984375
0.3125 0.015624999999959199
0.3125 0.046874999999999993
0.3125 0.078124999999999986
0.3125 0.109375
0.3125 0.140625
0.3125 0.171875
0.3125 0.203125
0.3125 0.234375
0.3125 0.265625
0.3125 0.296875
0.3125 0.328125
0.3125 0.359375
0.3125 0.390625
0.3125 0.421875
0.3125 0.453125
0.3125 0.484375
0.3125 0.515625
0.3125 0.546875
0.3125 0.578125
0.3125 0.609375
0.3125 0.640625
0.3125 0.671875
0.3125 0.703125
0.3125 0.734375
0.3125 0.765625
0.3125 0.796875
0.3125 0.828125
0.3125 0.859375
0.3125 0.890625
0.3125 0.921875
0.3125 0.953125
0.3125 0.984375
0.34375 0.015624999999959199
0.34375 0.046874999999999993
0.34375 0.078124999999999986
0.34375 0.109375
0.34375 0.140625
0.34375 0.171875
0.34375 0.203125
0.34375 0.234375
0.34375 0.265625
0.34375 0.296875
0.34375 0.328125
0.34375 0.359375
0.34375 0.390625
0.34375 0.421875
0.34375 0.453125
0.34375 0.484375
0.34375 0.515625
0.34375 0.546875
0.34375 0.578125
0.34375 0.609375
0.34375 0.640625
0.34375 0.671875
0.34375 0.703125
0.34375 0.734375
0.34375 0.765625
0.34375 0.796875
0.34375 0.828125
0.34375 0.859375
0.34375 0.890625
0.34375 0.921875
0.34375 0.953125
0.34375 0.984375
0.375 0.015624999999959199
0.375 0.046874999999999993
0.375 0.078124999999999986
0.375 0.109375
0.375 0.140625
0.375 0.171875
0.375 0.203125
0.375 0.234375
0.375 0.265625
0.375 0.296875
0.375 0.328125
0.375 0.359375
0.375 0.390625
0.375 0.421875
0.375 0.453125
0.375 0.484375
0.375 0.515625
0.375 0.546875
0.375 0.578125
0.375 0.609375
0.375 0.640625
0.375 0.671875
0.375 0.703125
0.375 0.734375
0.375 0.765625
0.375 0.796875
0.375 0.828125
0.375 0.859375
0.375 0.890625
0.375 0.921875
0.375 0.953125
0.375 0.984375
0.40625 0.015624999999959199
0.40625 0.046874999999999993
0.40625 0.078124999999999986
0.40625 0.109375
0.40625 0.140625
0.40625 0.171875
0.40625 0.203125
0.40625 0.234375
0.40625 0.265625
0.40625 0.296875
0.40625 0.328125
0.40625 0.359375
0.40625 0.390625
0.40625 0.421875
0.40625 0.453125
0.40625 0.484375
0.40625 0.515625
0.40625 0.546875
0.40625 0.578125
0.40625 0.609375
0.40625 0.640625
0.40625 0.671875
0.40625 0.703125
0.40625 0.734375
0.40625 0.765625
0.40625 0.796875
0.40625 0.828125
0.40625 0.859375
0.40625 0.890625
0.40625 0.921875
0.40625 0.953125
0.40625 0.984375
0.4375 0.015624999999959199
0.4375 0.046874999999999993
0.4375 0.078124999999999986
0.4375 0.109375
0.4375 0.140625
0.4375 0.171875
0.4375 0.203125
0.4375 0.234375
0.4375 0.265625
0.4375 0.296875
0.4375 0.328125
0.4375 0.359375
0.4375 0.390625
0.4375 0.421875
0.4375 0.453125
0.4375 0.484375
0.4375 0.515625
0.4375 0.546875
0.4375 0.578125
0.4375 0.609375
0.4375 0.640625
0.4375 0.671875
0.4375 0.703125
0.4375 0.734375
0.4375 0.765625
0.4375 0.796875
0.4375 0.828125
0.4375 0.859375
0.4375 0.890625
0.4375 0.921875
0.4375 0.953125
0.4375 0.984375
0.46875 0.015624999999959199
0.46875 0.046874999999999993
0.46875 0.078124999999999986
0.46875 0.109375
0.46875 0.140625
0.46875 0.171875
0.46875 0.203125
0.46875 0.234375
0.46875 0.265625
0.46875 0.296875
0.46875 0.328125
0.46875 0.359375
0.46875 0.390625
0.46875 0.421875
0.46875 0.453125
0.46875 0.484375
0.46875 0.515625
0.46875 0.546875
0.46875 0.578125
0.46875 0.609375
0.46875 0.640625
0.46875 0.671875
0.46875 0.703125
0.46875 0.734375
0.46875 0.765625
0.46875 0.796875
0.46875 0.828125
0.46875 0.859375
0.46875 0.890625
0.46875 0.921875
0.46875 0.953125
0.46875 0.984375
0.5 0.015624999999959199
0.5 0.046874999999999993
0.5 0.078124999999999986
0.5 0.109375
0.5 0.140625
0.5 0.171875
0.5 0.203125
0.5 0.234375
0.5 0.265625
0.5 0.296875
0.5 0.328125
0.5 0.359375
0.5 0.390625
0.5 0.421875
0.5 0.453125
0.5 0.484375
0.5 0.515625
0.5 0.546875
0.5 0.578125
0.5 0.609375
0.5 0.640625
0.5 0.671875
0.5 0.703125
0.5 0.734375
0.5 0.765625
0.5 0.796875
0.5 0.828125
0.5 0.859375
0.5 0.890625
0.5 0.921875
0.5 0.953125
0.5 0.984375
0.53125 0.015624999999959199
0.53125 0.046874999999999993
0.53125 0.078124999999999986
0.53125 0.109375
0.53125 0.140625
0.53125 0.171875
0.53125 0.203125
0.53125 0.234375
0.53125 0.265625
0.53125 0.296875
0.53125 0.328125
0.53125 0.359375
0.53125 0.390625
0.53125 0.421875
0.53125 0.453125
0.53125 0.484375
0.53125 0.515625
0.53125 0.546875
0.53125 0.578125
0.53125 0.609375
0.53125 0.640625
0.53125 0.671875
0.53125 0.703125
0.53125 0.734375
0.53125 0.765625
0.53125 0.796875
0.53125 0.828125
0.53125 0.859375
0.53125 0.890625
0.53125 0.921875
0.53125 0.953125
0.53125 0.984375
0.5625 0.015624999999959199
0.5625 0.046874999999999993
0.5625 0.078124999999999986
0.5625 0.109375
0.5625 0.140625
0.5625 0.171875
0.5625 0.203125
0.5625 0.234375
0.5625 0.265625
0.5625 0.296875
0.5625 0.328125
0.5625 0.359375
0.5625 0.390625
0.5625 0.421875
0.5625 0.453125
0.5625 0.484375
0.5625 0.515625
0.5625 0.546875
0.5625 0.578125
0.5625 0.609375
0.5625 0.640625
0.5625 0.671875
0.5625 0.703125
0.5625 0.734375
0.5625 0.765625
0.5625 0.796875
0.5625 0.828125
0.5625 0.859375
0.5625 0.890625
0.5625 0.921875
0.5625 0.953125
0.5625 0.984375
0.59375 0.015624999999959199
0.59375 0.046874999999999993
0.59375 0.078124999999999986
0.59375 0.109375
0.59375 0.140625
0.59375 0.171875
0.59375 0.203125
0.59375 0.234375
0.59375 0.265625
0.59375 0.296875
0.59375 0.328125
0.59375 0.359375
0.59375 0.390625
0.59375 0.421875
0.59375 0.453125
0.59375 0.484375
0.59375 0.515625
0.59375 0.546875
0.59375 0.578125
0.59375 0.609375
0.59375 0.640625
0.59375 0.671875
0.59375 0.703125
0.59375 0.734375
0.59375 0.765625
0.59375 0.796875
0.59375 0.828125
0.59375 0.859375
0.59375 0.890625
0.59375 0.921875
0.59375 0.953125
0.59375 0.984375
0.625 0.015624999999959199
0.625 0.046874999999999993
0.625 0.078124999999999986
0.625 0.109375
0.625 0.140625
0.625 0.171875
0.625 0.203125
0.625 0.234375
0.625 0.265625
0.625 0.296875
0.625 0.328125
0.625 0.359375
0.625 0.390625
0.625 0.421875
0.625 0.453125
0.625 0.484375
0.625 0.515625
0.625 0.546875
0.625 0.578125
0.625 0.609375
0.625 0.640625
0.625 0.671875
0.625 0.703125
0.625 0.734375
0.625 0.765625
0.625 0.796875
0.625 0.828125
0.625 0.859375
0.625 0.890625
0.625 0.921875
0.625 0.953125
0.625 0.984375
0.65625 0.015624999999959199
0.65625 0.046874999999999993
0.65625 0.078124999999999986
0.65625 0.109375
0.65625 0.140625
0.65625 0.171875
0.65625 0.203125
0.65625 0.234375
0.65625 0.265625
0.65625 0.296875
0.65625 0.328125
0.65625 0.359375
0.65625 0.390625
0.65625 0.421875
0.65625 0.453125
0.65625 0.484375
0.65625 0.515625
0.65625 0.546875
0.65625 0.578125
0.65625 0.609375
0.65625 0.640625
0.65625 0.671875
0.65625 0.703125
0.65625 0.734375
0.65625 0.765625
0.65625 0.796875
0.65625 0.828125
0.65625 0.859375
0.65625 0.890625
0.65625 0.921875
0.65625 0.953125
0.65625 0.984375
0.6875 0.015624999999959199
0.6875 0.046874999999999993
0.6875 0.078124999999999986
0.6875 0.109375
0.6875 0.140625
0.6875 0.171875
0.6875 0.203125
0.6875 0.234375
0.6875 0.265625
0.6875 0.296875
0.6875 0.328125
0.6875 0.359375
0.6875 0.390625
0.6875 0.421875
0.6875 0.453125
0.6875 0.484375
0.6875 0.515625
0.6875 0.546875
0.6875 0.578125
0.6875 0.609375
0.6875 0.640625
0.6875 0.671875
0.6875 0.703125
0.6875 0.734375
0.6875 0.765625
0.6875 0.796875
0.6875 0.828125
0.6875 0.859375
0.6875 0.890625
0.6875 0.921875
0.6875 0.953125
0.6875 0.984375
0.71875 0.015624999999959199
0.71875 0.046874999999999993
0.71875 0.078124999999999986
0.71875 0.109375
0.71875 0.140625
0.71875 0.171875
0.71875 0.203125
0.71875 0.234375
0.71875 0.265625
0.71875 0.296875
0.71875 0.328125
0.71875 0.359375
0.71875 0.390625
0.71875 0.421875
0.71875 0.453125
0.71875 0.484375
0.71875 0.515625
0.71875 0.546875
0.71875 0.578125
0.71875 0.609375
0.71875 0.640625
0.71875 0.671875
0.71875 0.703125
0.71875 0.734375
0.71875 0.765625
0.71875 0.796875
0.71875 0.828125
0.71875 0.859375
0.71875 0.890625
0.71875 0.921875
0.71875 0.953125
0.71875 0.984375
0.75 0.015624999999959199
0.75 0.046874999999999993
0.75 0.078124999999999986
0.75 0.109375
0.75 0.140625
0.75 0.171875
0.75 0.203125
0.75 0.234375
0.75 0.265625
0.75 0.296875
0.75 0.328125
0.75 0.359375
0.75 0.390625
0.75 0.421875
0.75 0.453125
0.75 0.484375
0.75 0.515625
0.75 0.546875
0.75 0.578125
0.75 0.609375
0.75 0.640625
0.75 0.671875
0.75 0.703125
0.75 0.734375
0.75 0.765625
0.75 0.796875
0.75 0.828125
0.75 0.859375
0.75 0.890625
0.75 0.921875
0.75 0.953125
0.75 0.984375
0.78125 0.015624999999959199
0.78125 0.046874999999999993
0.78125 0.078124999999999986
0.78125 0.109375
0.78125 0.140625
0.78125 0.171875
0.78125 0.203125
0.78125 0.234375
0.78125 0.265625
0.78125 0.296875
0.78125 0.328125
0.78125 0.359375
0.78125 0.390625
0.78125 0.421875
0.78125 0.453125
0.78125 0.484375
0.78125 0.515625
0.78125 0.546875
0.78125 0.578125
0.78125 0.609375
0.78125 0.640625
0.78125 0.671875
0.78125 0.703125
0.78125 0.734375
0.78125 0.765625
0.78125 0.796875
0.78125 0.828125
0.78125 0.859375
0.78125 0.890625
0.78125 0.921875
0.78125 0.953125
0.78125 0.984375
0.8125 0.015624999999959199
0.8125 0.046874999999999993
0.8125 0.078124999999999986
0.8125 0.109375
0.8125 0.140625
0.8125 0.171875
0.8125 0.203125
0.8125 0.234375
0.8125 0.265625
0.8125 0.296875
0.8125 0.328125
0.8125 0.359375
0.8125 0.390625
0.8125 0.421875
0.8125 0.453125
0.8125 0.484375
0.8125 0.515625
0.8125 0.546875
0.8125 0.578125
0.8125 0.609375
0.8125 0.640625
0.8125 0.671875
0.8125 0.703125
0.8125 0.734375
0.8125 0.765625
0.8125 0.796875
0.8125 0.828125
0.8125 0.859375
0.8125 0.890625
0.8125 0.921875
0.8125 0.953125
0.8125 0.984375
0.84375 0.015624999999959199
0.84375 0.046874999999999993
0.84375 0.078124999999999986
0.84375 0.109375
0.84375 0.140625
0.84375 0.171875
0.84375 0.203125
0.84375 0.234375
0.84375 0.265625
0.84375 0.296875
0.84375 0.328125
0.84375 0.359375
0.84375 0.390625
0.84375 0.421875
0.84375 0.453125
0.84375 0.484375
0.84375 0.515625
0.84375 0.546875
0.84375 0.578125
0.84375 0.609375
0.84375 0.640625
0.84375 0.671875
0.84375 0.703125
0.84375 0.734375
0.84375 0.765625
0.84375 0.796875
0.84375 0.828125
0.84375 0.859375
0.84375 0.890625
0.84375 0.921875
0.84375 0.953125
0.84375 0.984375
0.875 0.015624999999959199
0.875 0.046874999999999993
0.875 0.078124999999999986
0.875 0.109375
0.875 0.140625
0.875 0.171875
0.875 0.203125
0.875 0.234375
0.875 0.265625
0.875 0.296875
0.875 0.328125
0.875 0.359375
0.875 0.390625
0.875 0.421875
0.875 0.453125
0.875 0.484375
0.875 0.515625
0.875 0.546875
0.875 0.578125
0.875 0.609375
0.875 0.640625
0.875 0.671875
0.875 0.703125
0.875 0.734375
0.875 0.765625
0.875 0.796875
0.875 0.828125
0.875 0.859375
0.875 0.890625
0.875 0.921875
0.875 0.953125
0.875 0.984375
0.90625 0.015624999999959199
0.90625 0.046874999999999993
0.90625 0.078124999999999986
0.90625 0.109375
0.90625 0.140625
0.90625 0.171875
0.90625 0.203125
0.90625 0.234375
0.90625 0.265625
0.90625 0.296875
0.90625 0.328125
0.90625 0.359375
0.90625 0.390625
0.90625 0.421875
0.90625 0.453125
0.90625 0.484375
0.90625 0.515625
0.90625 0.546875
0.90625 0.578125
0.90625 0.609375
0.90625 0.640625
0.90625 0.671875
0.90625 0.703125
0.90625 0.734375
0.90625 0.765625
0.90625 0.796875
0.90625 0.828125
0.90625 0.859375
0.90625 0.890625
0.90625 0.921875
0.90625 0.953125
0.90625 0.984375
0.9375 0.015624999999959199
0.9375 0.046874999999999993
0.9375 0.078124999999999986
0.9375 0.109375
0.9375 0.140625
0.9375 0.171875
0.9375 0.203125
0.9375 0.234375
0.9375 0.265625
0.9375 0.296875
0.9375 0.328125
0.9375 0.359375
0.9375 0.390625
0.9375 0.421875
0.9375 0.453125
0.9375 0.484375
0.9375 0.515625
0.9375 0.546875
0.9375 0.578125
0.9375 0.609375
0.9375 0.640625
0.9375 0.671875
0.9375 0.703125
0.9375 0.734375
0.9375 0.765625
0.9375 0.796875
0.9375 0.828125
0.9375 0.859375
0.9375 0.890625
0.9375 0.921875
0.9375 0.953125
0.9375 0.984375
0.96875 0.015624999999959199
0.96875 0.046874999999999993
0.96875 0.078124999999999986
0.96875 0.109375
0.96875 0.140625
0.96875 0.171875
0.96875 0.203125
0.96875 0.234375
0.96875 0.265625
0.96875 0.296875
0.96875 0.328125
0.96875 0.359375
0.96875 0.390625
0.96875 0.421875
0.96875 0.453125
0.96875 0.484375
0.96875 0.515625
0.96875 0.546875
0.96875 0.578125
0.96875 0.609375
0.96875 0.640625
0.96875 0.671875
0.96875 0.703125
0.96875 0.734375
0.96875 0.765625
0.96875 0.796875
0.96875 0.828125
0.96875 0.859375
0.96875 0.890625
0.96875 0.921875
0.96875 0.953125
0.96875 0.984375
1 0.015624999999959199
1 0.046874999999999993
1 0.078124999999999986
1 0.109375
1 0.140625
1 0.171875
1 0.203125
1 0.234375
1 0.265625
1 0.296875
1 0.328125
1 0.359375
1 0.390625
1 0.421875
1 0.453125
1 0.484375
1 0.515625
1 0.546875
1 0.578125
1 0.609375
1 0.640625
1 0.671875
1 0.703125
1 0.734375
1 0.765625
1 0.796875
1 0.828125
1 0.859375
1 0.890625
1 0.921875
1 0.953125
1 0.984375
0.0156249999999796 0.0156249999999796
0.0156249999999796 0.046875
0.0156249999999796 0.078125
0.0156249999999796 0.109375
0.0156249999999796 0.140625
0.0156249999999796 0.171875
0.0156249999999796 0.203125
0.0156249999999796 0.234375
0.0156249999999796 0.265625
0.0156249999999796 0.296875
0.0156249999999796 0.328125
0.0156249999999796 0.359375
0.0156249999999796 0.390625
0.0156249999999796 0.421875
0.0156249999999796 0.453125
0.0156249999999796 0.484375
0.0156249999999796 0.515625
0.0156249999999796 0.546875
0.0156249999999796 0.578125
0.0156249999999796 0.609375
0.0156249999999796 0.640625
0.0156249999999796 0.671875
0.0156249999999796 0.703125
0.0156249999999796 0.734375
0.0156249999999796 0.765625
0.0156249999999796 0.796875
0.0156249999999796 0.828125
0.0156249999999796 0.859375
0.0156249999999796 0.890625
0.0156249999999796 0.921875
0.0156249999999796 0.953125
0.0156249999999796 0.984375
0.046875 0.0156249999999796
0.046875 0.046875
0.046875 0.078125
0.046875 0.109375
0.046875 0.140625
0.046875 0.171875
0.046875 0.203125
0.046875 0.234375
0.046875 0.265625
0.046875 0.296875
0.046875 0.328125
0.046875 0.359375
0.046875 0.390625
0.046875 0.421875
0.046875 0.453125
0.046875 0.484375
0.046875 0.515625
0.046875 0.546875
0.046875 0.578125
0.046875 0.609375
0.046875 0.640625
0.046875 0.671875
0.046875 0.703125
0.046875 0.734375
0.046875 0.765625
0.046875 0.796875
0.046875 0.828125
0.046875 0.859375
0.046875 0.890625
0.046875 0.921875
0.046875 0.953125
0.046875 0.984375
0.078125 0.0156249999999796
0.078125 0.046875
0.078125 0.078125
0.078125 0.109375
0.078125 0.140625
0.078125 0.171875
0.078125 0.203125
0.078125 0.234375
0.078125 0.265625
0.078125 0.296875
0.078125 0.328125
0.078125 0.359375
0.078125 0.390625
0.078125 0.421875
0.078125 0.453125
0.078125 0.484375
0.078125 0.515625
0.078125 0.546875
0.078125 0.578125
0.078125 0.609375
0.078125 0.640625
0.078125 0.671875
0.078125 0.703125
0.078125 0.734375
0.078125 0.765625
0.078125 0.796875
0.078125 0.828125
0.078125 0.859375
0.078125 0.890625
0.078125 0.921875
0.078125 0.953125
0.078125 0.984375
0.109375 0.0156249999999796
0.109375 0.046875
0.109375 0.078125
0.109375 0.109375
0.109375 0.140625
0.109375 0.171875
0.109375 0.203125
0.109375 0.234375
0.109375 0.265625
0.109375 0.296875
0.109375 0.328125
0.109375 0.359375
0.109375 0.390625
0.109375 0.421875
0.109375 0.453125
0.109375 0.484375
0.109375 0.515625
0.109375 0.546875
0.109375 0.578125
0.109375 0.609375
0.109375 0.640625
0.109375 0.671875
0.109375 0.703125
0.109375 0.734375
0.109375 0.765625
0.109375 0.796875
0.109375 0.828125
0.109375 0.859375
0.109375 0.890625
0.109375 0.921875
0.109375 0.953125
0.109375 0.984375
0.140625 0.0156249999999796
0.140625 0.046875
0.140625 0.078125
0.140625 0.109375
0.140625 0.140625
0.140625 0.171875
0.140625 0.203125
0.140625 0.234375
0.140625 0.265625
0.140625 0.296875
0.140625 0.328125
0.140625 0.359375
0.140625 0.390625
0.140625 0.421875
0.140625 0.453125
0.140625 0.484375
0.140625 0.515625
0.140625 0.546875
0.140625 0.578125
0.140625 0.609375
0.140625 0.640625
0.140625 0.671875
0.140625 0.703125
0.140625 0.734375
0.140625 0.765625
0.140625 0.796875
0.140625 0.828125
0.140625 0.859375
0.140625 0.890625
0.140625 0.921875
0.140625 0.953125
0.140625 0.984375
0.171875 0.0156249999999796
0.171875 0.046875
0.171875 0.078125
0.171875 0.109375
0.171875 0.140625
0.171875 0.171875
0.171875 0.203125
0.171875 0.234375
0.171875 0.265625
0.171875 0.296875
0.171875 0.328125
0.171875 0.359375
0.171875 0.390625
0.171875 0.421875
0.171875 0.453125
0.171875 0.484375
0.171875 0.515625
0.171875 0.546875
0.171875 0.578125
0.171875 0.609375
0.171875 0.640625
0.171875 0.671875
0.171875 0.703125
0.171875 0.734375
0.171875 0.765625
0.171875 0.796875
0.171875 0.828125
0.171875 0.859375
0.171875 0.890625
0.171875 0.921875
0.171875 0.953125
0.171875 0.984375
0.203125 0.0156249999999796
0.203125 0.046875
0.203125 0.078125
0.203125 0.109375
0.203125 0.140625
0.203125 0.171875
0.203125 0.203125
0.203125 0.234375
0.203125 0.265625
0.203125 0.296875
0.203125 0.328125
0.203125 0.359375
0.203125 0.390625
0.203125 0.421875
0.203125 0.453125
0.203125 0.484375
0.203125 0.515625
0.203125 0.546875
0.203125 0.578125
0.203125 0.609375
0.203125 0.640625
0.203125 0.671875
0.203125 0.703125
0.203125 0.734375
0.203125 0.765625
0.203125 0.796875
0.203125 0.828125
0.203125 0.859375
0.203125 0.890625
0.203125 0.921875
0.203125 0.953125
0.203125 0.984375
0.234375 0.0156249999999796
0.234375 0.046875
0.234375 0.078125
0.234375 0.109375
0.234375 0.140625
0.234375 0.171875
0.234375 0.203125
0.234375 0.234375
0.234375 0.265625
0.234375 0.296875
0.234375 0.328125
0.234375 0.359375
0.234375 0.390625
0.234375 0.421875
0.234375 0.453125
0.234375 0.484375
0.234375 0.515625
0.234375 0.546875
0.234375 0.578125
0.234375 0.609375
0.234375 0.640625
0.234375 0.671875
0.234375 0.703125
0.234375 0.734375
0.234375 0.765625
0.234375 0.796875
0.234375 0.828125
0.234375 0.859375
0.234375 0.890625
0.234375 0.921875
0.234375 0.953125
0.234375 0.984375
0.265625 0.0156249999999796
0.265625 0.046875
0.265625 0.078125
0.265625 0.109375
0.265625 0.140625
0.265625 0.171875
0.265625 0.203125
0.265625 0.234375
0.265625 0.265625
0.265625 0.296875
0.265625 0.328125
0.265625 0.359375
0.265625 0.390625
0.265625 0.421875
0.265625 0.453125
0.265625 0.484375
0.265625 0.515625
0.265625 0.546875
0.265625 0.578125
0.265625 0.609375
0.265625 0.640625
0.265625 0.671875
0.265625 0.703125
0.265625 0.734375
0.265625 0.765625
0.265625 0.796875
0.265625 0.828125
0.265625 0.859375
0.265625 0.890625
0.265625 0.921875
0.265625 0.953125
0.265625 0.984375
0.296875 0.0156249999999796
0.296875 0.046875
0.296875 0.078125
0.296875 0.109375
0.296875 0.140625
0.296875 0.171875
0.296875 0.203125
0.296875 0.234375
0.296875 0.265625
0.296875 0.296875
0.296875 0.328125
0.296875 0.359375
0.296875 0.390625
0.296875 0.421875
0.296875 0.453125
0.296875 0.484375
0.296875 0.515625
0.296875 0.546875
0.296875 0.578125
0.296875 0.609375
0.296875 0.640625
0.296875 0.671875
0.296875 0.703125
0.296875 0.734375
0.296875 0.765625
0.296875 0.796875
0.296875 0.828125
0.296875 0.859375
0.296875 0.890625
0.296875 0.921875
0.296875 0.953125
0.296875 0.984375
0.328125 0.0156249999999796
0.328125 0.046875
0.328125 0.078125
0.328125 0.109375
0.328125 0.140625
0.328125 0.171875
0.328125 0.203125
0.328125 0.234375
0.328125 0.265625
0.328125 0.296875
0.328125 0.328125
0.328125 0.359375
0.328125 0.390625
0.328125 0.421875
0.328125 0.453125
0.328125 0.484375
0.328125 0.515625
0.328125 0.546875
0.328125 0.578125
0.328125 0.609375
0.328125 0.640625
0.328125 0.671875
0.328125 0.703125
0.328125 0.734375
0.328125 0.765625
0.328125 0.796875
0.328125 0.828125
0.328125 0.859375
0.328125 0.890625
0.328125 0.921875
0.328125 0.953125
0.328125 0.984375
0.359375 0.0156249999999796
0.359375 0.046875
0.359375 0.078125
0.359375 0.109375
0.359375 0.140625
0.359375 0.171875
0.359375 0.203125
0.359375 0.234375
0.359375 0.265625
0.359375 0.296875
0.359375 0.328125
0.359375 0.359375
0.359375 0.390625
0.359375 0.421875
0.359375 0.453125
0.359375 0.484375
0.359375 0.515625
0.359375 0.546875
0.359375 0.578125
0.359375 0.609375
0.359375 0.640625
0.359375 0.671875
0.359375 0.703125
0.359375 0.734375
0.359375 0.765625
0.359375 0.796875
0.359375 0.828125
0.359375 0.859375
0.359375 0.890625
0.359375 0.921875
0.359375 0.953125
0.359375 0.984375
0.390625 0.0156249999999796
0.390625 0.046875
0.390625 0.078125
0.390625 0.109375
0.390625 0.140625
0.390625 0.171875
0.390625 0.203125
0.390625 0.234375
0.390625 0.265625
0.390625 0.296875
0.390625 0.328125
0.390625 0.359375
0.390625 0.390625
0.390625 0.421875
0.390625 0.453125
0.390625 0.484375
0.390625 0.515625
0.390625 0.546875
0.390625 0.578125
0.390625 0.609375
0.390625 0.640625
0.390625 0.671875
0.390625 0.703125
0.390625 0.734375
0.390625 0.765625
0.390625 0.796875
0.390625 0.828125
0.390625 0.859375
0.390625 0.890625
0.390625 0.921875
0.390625 0.953125
0.390625 0.984375
0.421875 0.0156249999999796
0.421875 0.046875
0.421875 0.078125
0.421875 0.109375
0.421875 0.140625
0.421875 0.171875
0.421875 0.203125
0.421875 0.234375
0.421875 0.265625
0.421875 0.296875
0.421875 0.328125
0.421875 0.359375
0.421875 0.390625
0.421875 0.421875
0.421875 0.453125
0.421875 0.484375
0.421875 0.515625
0.421875 0.546875
0.421875 0.578125
0.421875 0.609375
0.421875 0.640625
0.421875 0.671875
0.421875 0.703125
0.421875 0.734375
0.421875 0.765625
0.421875 0.796875
0.421875 0.828125
0.421875 0.859375
0.421875 0.890625
0.421875 0.921875
0.421875 0.953125
0.421875 0.984375
0.453125 0.0156249999999796
0.453125 0.046875
0.453125 0.078125
0.453125 0.109375
0.453125 0.140625
0.453125 0.171875
0.453125 0.203125
0.453125 0.234375
0.453125 0.265625
0.453125 0.296875
0.453125 0.328125
0.453125 0.359375
0.453125 0.390625
0.453125 0.421875
0.453125 0.453125
0.453125 0.484375
0.453125 0.515625
0.453125 0.546875
0.453125 0.578125
0.453125 0.609375
0.453125 0.640625
0.453125 0.671875
0.453125 0.703125
0.453125 0.734375
0.453125 0.765625
0.453125 0.796875
0.453125 0.828125
0.453125 0.859375
0.453125 0.890625
0.453125 0.921875
0.453125 0.953125
0.453125 0.984375
0.484375 0.0156249999999796
0.484375 0.046875
0.484375 0.078125
0.484375 0.109375
0.484375 0.140625
0.484375 0.171875
0.484375 0.203125
0.484375 0.234375
0.484375 0.265625
0.484375 0.296875
0.484375 0.328125
0.484375 0.359375
0.484375 0.390625
0.484375 0.421875
0.484375 0.453125
0.484375 0.484375
0.484375 0.515625
0.484375 0.546875
0.484375 0.578125
0.484375 0.609375
0.484375 0.640625
0.484375 0.671875
0.484375 0.703125
0.484375 0.734375
0.484375 0.765625
0.484375 0.796875
0.484375 0.828125
0.484375 0.859375
0.484375 0.890625
0.484375 0.921875
0.484375 0.953125
0.484375 0.984375
0.515625 0.0156249999999796
0.515625 0.046875
0.515625 0.078125
0.515625 0.109375
0.515625 0.140625
0.515625 0.171875
0.515625 0.203125
0.515625 0.234375
0.515625 0.265625
0.515625 0.296875
0.515625 0.328125
0.515625 0.359375
0.515625 0.390625
0.515625 0.421875
0.515625 0.453125
0.515625 0.484375
0.515625 0.515625
0.515625 0.546875
0.515625 0.578125
0.515625 0.609375
0.515625 0.640625
0.515625 0.671875
0.515625 0.703125
0.515625 0.734375
0.515625 0.765625
0.515625 0.796875
0.515625 0.828125
0.515625 0.859375
0.515625 0.890625
0.515625 0.921875
0.515625 0.953125
0.515625 0.984375
0.546875 0.0156249999999796
0.546875 0.046875
0.546875 0.078125
0.546875 0.109375
0.546875 0.140625
0.546875 0.171875
0.546875 0.203125
0.546875 0.234375
0.546875 0.265625
0.546875 0.296875
0.546875 0.328125
0.546875 0.359375
0.546875 0.390625
0.546875 0.421875
0.546875 0.453125
0.546875 0.484375
0.546875 0.515625
0.546875 0.546875
0.546875 0.578125
0.546875 0.609375
0.546875 0.640625
0.546875 0.671875
0.546875 0.703125
0.546875 0.734375
0.546875 0.765625
0.546875 0.796875
0.546875 0.828125
0.546875 0.859375
0.546875 0.890625
0.546875 0.921875
0.546875 0.953125
0.546875 0.984375
0.578125 0.0156249999999796
0.578125 0.046875
0.578125 0.078125
0.578125 0.109375
0.578125 0.140625
0.578125 0.171875
0.578125 0.203125
0.578125 0.234375
0.578125 0.265625
0.578125 0.296875
0.578125 0.328125
0.578125 0.359375
0.578125 0.390625
0.578125 0.421875
0.578125 0.453125
0.578125 0.484375
0.578125 0.515625
0.578125 0.546875
0.578125 0.578125
0.578125 0.609375
0.578125 0.640625
0.578125 0.671875
0.578125 0.703125
0.578125 0.734375
0.578125 0.765625
0.578125 0.796875
0.578125 0.828125
0.578125 0.859375
0.578125 0.890625
0.578125 0.921875
0.578125 0.953125
0.578125 0.984375
0.609375 0.0156249999999796
0.609375 0.046875
0.609375 0.078125
0.609375 0.109375
0.609375 0.140625
0.609375 0.171875
0.609375 0.203125
0.609375 0.234375
0.609375 0.265625
0.609375 0.296875
0.609375 0.328125
0.609375 0.359375
0.609375 0.390625
0.609375 0.421875
0.609375 0.453125
0.609375 0.484375
0.609375 0.515625
0.609375 0.546875
0.609375 0.578125
0.609375 0.609375
0.609375 0.640625
0.609375 0.671875
0.609375 0.703125
0.609375 0.734375
0.609375 0.765625
0.609375 0.796875
0.609375 0.828125
0.609375 0.859375
0.609375 0.890625
0.609375 0.921875
0.609375 0.953125
0.609375 0.984375
0.640625 0.0156249999999796
0.640625 0.046875
0.640625 0.078125
0.640625 0.109375
0.640625 0.140625
0.640625 0.171875
0.640625 0.203125
0.640625 0.234375
0.640625 0.265625
0.640625 0.296875
0.640625 0.328125
0.640625 0.359375
0.640625 0.390625
0.640625 0.421875
0.640625 0.453125
0.640625 0.484375
0.640625 0.515625
0.640625 0.546875
0.640625 0.578125
0.640625 0.609375
0.640625 0.640625
0.640625 0.671875
0.640625 0.703125
0.640625 0.734375
0.640625 0.765625
0.640625 0.796875
0.640625 0.828125
0.640625 0.859375
0.640625 0.890625
0.640625 0.921875
0.640625 0.953125
0.640625 0.984375
0.671875 0.0156249999999796
0.671875 0.046875
0.671875 0.078125
0.671875 0.109375
0.671875 0.140625
0.671875 0.171875
0.671875 0.203125
0.671875 0.234375
0.671875 0.265625
0.671875 0.296875
0.671875 0.328125
0.671875 0.359375
0.671875 0.390625
0.671875 0.421875
0.671875 0.453125
0.671875 0.484375
0.671875 0.515625
0.671875 0.546875
0.671875 0.578125
0.671875 0.609375
0.671875 0.640625
0.671875 0.671875
0.671875 0.703125
0.671875 0.734375
0.671875 0.765625
0.671875 0.796875
0.671875 0.828125
0.671875 0.859375
0.671875 0.890625
0.671875 0.921875
0.671875 0.953125
0.671875 0.984375
0.703125 0.0156249999999796
0.703125 0.046875
0.703125 0.078125
0.703125 0.109375
0.703125 0.140625
0.703125 0.171875
0.703125 0.203125
0.703125 0.234375
0.703125 0.265625
0.703125 0.296875
0.703125 0.328125
0.703125 0.359375
0.703125 0.390625
0.703125 0.421875
0.703125 0.453125
0.703125 0.484375
0.703125 0.515625
0.703125 0.546875
0.703125 0.578125
0.703125 0.609375
0.703125 0.640625
0.703125 0.671875
0.703125 0.703125
0.703125 0.734375
0.703125 0.765625
0.703125 0.796875
0.703125 0.828125
0.703125 0.859375
0.703125 0.890625
0.703125 0.921875
0.703125 0.953125
0.703125 0.984375
0.734375 0.0156249999999796
0.734375 0.046875
0.734375 0.078125
0.734375 0.109375
0.734375 0.140625
0.734375 0.171875
0.734375 0.203125
0.734375 0.234375
0.734375 0.265625
0.734375 0.296875
0.734375 0.328125
0.734375 0.359375
0.734375 0.390625
0.734375 0.421875
0.734375 0.453125
0.734375 0.484375
0.734375 0.515625
0.734375 0.546875
0.734375 0.578125
0.734375 0.609375
0.734375 0.640625
0.734375 0.671875
0.734375 0.703125
0.734375 0.734375
0.734375 0.765625
0.734375 0.796875
0.734375 0.828125
0.734375 0.859375
0.734375 0.890625
0.734375 0.921875
0.734375 0.953125
0.734375 0.984375
0.765625 0.0156249999999796
0.765625 0.046875
0.765625 0.078125
0.765625 0.109375
0.765625 0.140625
0.765625 0.171875
0.765625 0.203125
0.765625 0.234375
0.765625 0.265625
0.765625 0.296875
0.765625 0.328125
0.765625 0.359375
0.765625 0.390625
0.765625 0.421875
0.765625 0.453125
0.765625 0.484375
0.765625 0.515625
0.765625 0.546875
0.765625 0.578125
0.765625 0.609375
0.765625 0.640625
0.765625 0.671875
0.765625 0.703125
0.765625 0.734375
0.765625 0.765625
0.765625 0.796875
0.765625 0.828125
0.765625 0.859375
0.765625 0.890625
0.765625 0.921875
0.765625 0.953125
0.765625 0.984375
0.796875 0.0156249999999796
0.796875 0.046875
0.796875 0.078125
0.796875 0.109375
0.796875 0.140625
0.796875 0.171875
0.796875 0.203125
0.796875 0.234375
0.796875 0.265625
0.796875 0.296875
0.796875 0.328125
0.796875 0.359375
0.796875 0.390625
0.796875 0.421875
0.796875 0.453125
0.796875 0.484375
0.796875 0.515625
0.796875 0.546875
0.796875 0.578125
0.796875 0.609375
0.796875 0.640625
0.796875 0.671875
0.796875 0.703125
0.796875 0.734375
0.796875 0.765625
0.796875 0.796875
0.796875 0.828125
0.796875 0.859375
0.796875 0.890625
0.796875 0.921875
0.796875 0.953125
0.796875 0.984375
0.828125 0.0156249999999796
0.828125 0.046875
0.828125 0.078125
0.828125 0.109375
0.828125 0.140625
0.828125 0.171875
0.828125 0.203125
0.828125 0.234375
0.828125 0.265625
0.828125 0.296875
0.828125 0.328125
0.828125 0.359375
0.828125 0.390625
0.828125 0.421875
0.828125 0.453125
0.828125 0.484375
0.828125 0.515625
0.828125 0.546875
0.828125 0.578125
0.828125 0.609375
0.828125 0.640625
0.828125 0.671875
0.828125 0.703125
0.828125 0.734375
0.828125 0.765625
0.828125 0.796875
0.828125 0.828125
0.828125 0.859375
0.828125 0.890625
0.828125 0.921875
0.828125 0.953125
0.828125 0.984375
0.859375 0.0156249999999796
0.859375 0.046875
0.859375 0.078125
0.859375 0.109375
0.859375 0.140625
0.859375 0.171875
0.859375 0.203125
0.859375 0.234375
0.859375 0.265625
0.859375 0.296875
0.859375 0.328125
0.859375 0.359375
0.859375 0.390625
0.859375 0.421875
0.859375 0.453125
0.859375 0.484375
0.859375 0.515625
0.859375 0.546875
0.859375 0.578125
0.859375 0.609375
0.859375 0.640625
0.859375 0.671875
0.859375 0.703125
0.859375 0.734375
0.859375 0.765625
0.859375 0.796875
0.859375 0.828125
0.859375 0.859375
0.859375 0.890625
0.859375 0.921875
0.859375 0.953125
0.859375 0.984375
0.890625 0.0156249999999796
0.890625 0.046875
0.890625 0.078125
0.890625 0.109375
0.890625 0.140625
0.890625 0.171875
0.890625 0.203125
0.890625 0.234375
0.890625 0.265625
0.890625 0.296875
0.890625 0.328125
0.890625 0.359375
0.890625 0.390625
0.890625 0.421875
0.890625 0.453125
0.890625 0.484375
0.890625 0.515625
0.890625 0.546875
0.890625 0.578125
0.890625 0.609375
0.890625 0.640625
0.890625 0.671875
0.890625 0.703125
0.890625 0.734375
0.890625 0.765625
0.890625 0.796875
0.890625 0.828125
0.890625 0.859375
0.890625 0.890625
0.890625 0.921875
0.890625 0.953125
0.890625 0.984375
0.921875 0.0156249999999796
0.921875 0.046875
0.921875 0.078125
0.921875 0.109375
0.921875 0.140625
0.921875 0.171875
0.921875 0.203125
0.921875 0.234375
0.921875 0.265625
0.921875 0.296875
0.921875 0.328125
0.921875 0.359375
0.921875 0.390625
0.921875 0.421875
0.921875 0.453125
0.921875 0.484375
0.921875 0.515625
0.921875 0.546875
0.921875 0.578125
0.921875 0.609375
0.921875 0.640625
0.921875 0.671875
0.921875 0.703125
0.921875 0.734375
0.921875 0.765625
0.921875 0.796875
0.921875 0.828125
0.921875 0.859375
0.921875 0.890625
0.921875 0.921875
0.921875 0.953125
0.921875 0.984375
0.953125 0.0156249999999796
0.953125 0.046875
0.953125 0.078125
0.953125 0.109375
0.953125 0.140625
0.953125 0.171875
0.953125 0.203125
0.953125 0.234375
0.953125 0.265625
0.953125 0.296875
0.953125 0.328125
0.953125 0.359375
0.953125 0.390625
0.953125 0.421875
0.953125 0.453125
0.953125 0.484375
0.953125 0.515625
0.953125 0.546875
0.953125 0.578125
0.953125 0.609375
0.953125 0.640625
0.953125 0.671875
0.953125 0.703125
0.953125 0.734375
0.953125 0.765625
0.953125 0.796875
0.953125 0.828125
0.953125 0.859375
0.953125 0.890625
0.953125 0.921875
0.953125 0.953125
0.953125 0.984375
0.984375 0.0156249999999796
0.984375 0.046875
0.984375 0.078125
0.984375 0.109375
0.984375 0.140625
0.984375 0.171875
0.984375 0.203125
0.984375 0.234375
0.984375 0.265625
0.984375 0.296875
0.984375 0.328125
0.984375 0.359375
0.984375 0.390625
0.984375 0.421875
0.984375 0.453125
0.984375 0.484375
0.984375 0.515625
0.984375 0.546875
0.984375 0.578125
0.984375 0.609375
0.984375 0.640625
0.984375 0.671875
0.984375 0.703125
0.984375 0.734375
0.984375 0.765625
0.984375 0.796875
0.984375 0.828125
0.984375 0.859375
0.984375 0.890625
0.984375 0.921875
0.984375 0.953125
0.984375 0.984375
0.28125 0.0078124999999795997
0.2734375 0.015624999999969399
0.265625 0.0078124999999897998
0.2734375 0
0.2734375 0.03125
0.265625 0.0234374999999898
0.28125 0.0234374999999796
0.25 0.0234374999999796
0.2578125 0.015624999999969399
0.2578125 0.03125
0.2578125 0
0.25 0.0078124999999795997
0.28125 0.0390625
0.2734375 0.046875
0.265625 0.0390625
0.2734375 0.0625
0.265625 0.0546875
0.28125 0.0546875
0.25 0.0546875
0.2578125 0.046875
0.2578125 0.0625
0.25 0.0390625
0.28125 0.0703125
0.2734375 0.078125
0.265625 0.0703125
0.2734375 0.09375
0.265625 0.0859375
0.28125 0.0859375
0.25 0.0859375
0.2578125 0.078125
0.2578125 0.09375
0.25 0.0703125
0.28125 0.1015625
0.2734375 0.109375
0.265625 0.1015625
0.2734375 0.125
0.265625 0.1171875
0.28125 0.1171875
0.25 0.1171875
0.2578125 0.109375
0.2578125 0.125
0.25 0.1015625
0.28125 0.1328125
0.2734375 0.140625
0.265625 0.1328125
0.2734375 0.15625
0.265625 0.1484375
0.28125 0.1484375
0.25 0.1484375
0.2578125 0.140625
0.2578125 0.15625
0.25 0.1328125
0.28125 0.1640625
0.2734375 0.171875
0.265625 0.1640625
0.2734375 0.1875
0.265625 0.1796875
0.28125 0.1796875
0.25 0.1796875
0.2578125 0.171875
0.2578125 0.1875
0.25 0.1640625
0.28125 0.1953125
0.2734375 0.203125
0.265625 0.1953125
0.2734375 0.21875
0.265625 0.2109375
0.28125 0.2109375
0.25 0.2109375
0.2578125 0.203125
0.2578125 0.21875
0.25 0.1953125
0.28125 0.2265625
0.2734375 0.234375
0.265625 0.2265625
0.2734375 0.25
0.265625 0.2421875
0.28125 0.2421875
0.25 0.2421875
0.2578125 0.234375
0.2578125 0.25
0.25 0.2265625
0.28125 0.2578125
0.2734375 0.265625
0.265625 0.2578125
0.2734375 0.28125
0.265625 0.2734375
0.28125 0.2734375
0.25 0.2734375
0.2578125 0.265625
0.2578125 0.28125
0.25 0.2578125
0.28125 0.2890625
0.2734375 0.296875
0.265625 0.2890625
0.2734375 0.3125
0.265625 0.3046875
0.28125 0.3046875
0.25 0.3046875
0.2578125 0.296875
0.2578125 0.3125
0.25 0.2890625
0.28125 0.3203125
0.2734375 0.328125
0.265625 0.3203125
0.2734375 0.34375
0.265625 0.3359375
0.28125 0.3359375
0.25 0.3359375
0.2578125 0.328125
0.2578125 0.34375
0.25 0.3203125
0.28125 0.3515625
0.2734375 0.359375
0.265625 0.3515625
0.2734375 0.375
0.265625 0.3671875
0.28125 0.3671875
0.25 0.3671875
0.2578125 0.359375
0.2578125 0.375
0.25 0.3515625
0.28125 0.3828125
0.2734375 0.390625
0.265625 0.3828125
0.2734375 0.40625
0.265625 0.3984375
0.28125 0.3984375
0.25 0.3984375
0.2578125 0.390625
0.2578125 0.40625
0.25 0.3828125
0.28125 0.4140625
0.2734375 0.421875
0.265625 0.4140625
0.2734375 0.4375
0.265625 0.4296875
0.28125 0.4296875
0.25 0.4296875
0.2578125 0.421875
0.2578125 0.4375
0.25 0.4140625
0.28125 0.4453125
0.2734375 0.453125
0.265625 0.4453125
0.2734375 0.46875
0.265625 0.4609375
0.28125 0.4609375
0.25 0.4609375
0.2578125 0.453125
0.2578125 0.46875
0.25 0.4453125
0.28125 0.4765625
0.2734375 0.484375
0.265625 0.4765625
0.2734375 0.5
0.265625 0.4921875
0.28125 0.4921875
0.25 0.4921875
0.2578125 0.484375
0.2578125 0.5
0.25 0.4765625
0.28125 0.5078125
0.2734375 0.515625
0.265625 0.5078125
0.2734375 0.53125
0.265625 0.5234375
0.28125 0.5234375
0.25 0.5234375
0.2578125 0.515625
0.2578125 0.53125
0.25 0.5078125
0.28125 0.5390625
0.2734375 0.546875
0.265625 0.5390625
0.2734375 0.5625
0.265625 0.5546875
0.28125 0.5546875
0.25 0.5546875
0.2578125 0.546875
0.2578125 0.5625
0.25 0.5390625
0.28125 0.5703125
0.2734375 0.578125
0.265625 0.5703125
0.2734375 0.59375
0.265625 0.5859375
0.28125 0.5859375
0.25 0.5859375
0.2578125 0.578125
0.2578125 0.59375
0.25 0.5703125
0.28125 0.6015625
0.2734375 0.609375
0.265625 0.6015625
0.2734375 0.625
0.265625 0.6171875
0.28125 0.6171875
0.25 0.6171875
0.2578125 0.609375
0.2578125 0.625
0.25 0.6015625
0.28125 0.6328125
0.2734375 0.640625
0.265625 0.6328125
0.2734375 0.65625
0.265625 0.6484375
0.28125 0.6484375
0.25 0.6484375
0.2578125 0.640625
0.2578125 0.65625
0.25 0.6328125
0.28125 0.6640625
0.2734375 0.671875
0.265625 0.6640625
0.2734375 0.6875
0.265625 0.6796875
0.28125 0.6796875
0.25 0.6796875
0.2578125 0.671875
0.2578125 0.6875
0.25 0.6640625
0.28125 0.6953125
0.2734375 0.703125
0.265625 0.6953125
0.2734375 0.71875
0.265625 0.7109375
0.28125 0.7109375
0.25 0.7109375
0.2578125 0.703125
0.2578125 0.71875
0.25 0.6953125
0.28125 0.7265625
0.2734375 0.734375
0.265625 0.7265625
0.2734375 0.75
0.265625 0.7421875
0.28125 0.7421875
0.25 0.7421875
0.2578125 0.734375
0.2578125 0.75
0.25 0.7265625
0.28125 0.7578125
0.2734375 0.765625
0.265625 0.7578125
0.2734375 0.78125
0.265625 0.7734375
0.28125 0.7734375
0.25 0.7734375
0.2578125 0.765625
0.2578125 0.78125
0.25 0.7578125
0.28125 0.7890625
0.2734375 0.796875
0.265625 0.7890625
0.2734375 0.8125
0.265625 0.8046875
0.28125 0.8046875
0.25 0.8046875
0.2578125 0.796875
0.2578125 0.8125
0.25 0.7890625
0.28125 0.8203125
0.2734375 0.828125
0.265625 0.8203125
0.2734375 0.84375
0.265625 0.8359375
0.28125 0.8359375
0.25 0.8359375
0.2578125 0.828125
0.2578125 0.84375
0.25 0.8203125
0.28125 0.8515625
0.2734375 0.859375
0.265625 0.8515625
0.2734375 0.875
0.265625 0.8671875
0.28125 0.8671875
0.25 0.8671875
0.2578125 0.859375
0.2578125 0.875
0.25 0.8515625
0.28125 0.8828125
0.2734375 0.890625
0.265625 0.8828125
0.2734375 0.90625
0.265625 0.8984375
0.28125 0.8984375
0.25 0.8984375
0.2578125 0.890625
0.2578125 0.90625
0.25 0.8828125
0.28125 0.9140625
0.2734375 0.921875
0.265625 0.9140625
0.2734375 0.9375
0.265625 0.9296875
0.28125 0.9296875
0.25 0.9296875
0.2578125 0.921875
0.2578125 0.9375
0.25 0.9140625
0.28125 0.9453125
0.2734375 0.953125
0.265625 0.9453125
0.2734375 0.96875
0.265625 0.9609375
0.28125 0.9609375
0.25 0.9609375
0.2578125 0.953125
0.2578125 0.96875
0.25 0.9453125
0.28125 0.9765625
0.2734375 0.984375
0.265625 0.9765625
0.2734375 1
0.265625 0.9921875
0.28125 0.9921875
0.25 0.9921875
0.2578125 0.984375
0.2578125 1
0.25 0.9765625
0.3125 0.0078124999999795997
0.3046875 0.015624999999969399
0.296875 0.0078124999999897998
0.3046875 0
0.3046875 0.03125
0.296875 0.0234374999999898
0.3125 0.0234374999999796
0.2890625 0.015624999999969399
0.2890625 0.03125
0.2890625 0
0.3125 0.0390625
0.3046875 0.046875
0.296875 0.0390625
0.3046875 0.0625
0.296875 0.0546875
0.3125 0.0546875
0.2890625 0.046875
0.2890625 0.0625
0.3125 0.0703125
0.3046875 0.078125
0.296875 0.0703125
0.3046875 0.09375
0.296875 0.0859375
0.3125 0.0859375
0.2890625 0.078125
0.2890625 0.09375
0.3125 0.1015625
0.3046875 0.109375
0.296875 0.1015625
0.3046875 0.125
0.296875 0.1171875
0.3125 0.1171875
0.2890625 0.109375
0.2890625 0.125
0.3125 0.1328125
0.3046875 0.140625
0.296875 0.1328125
0.3046875 0.15625
0.296875 0.1484375
0.3125 0.1484375
0.2890625 0.140625
0.2890625 0.15625
0.3125 0.1640625
0.3046875 0.171875
0.296875 0.1640625
0.3046875 0.1875
0.296875 0.1796875
0.3125 0.1796875
0.2890625 0.171875
0.2890625 0.1875
0.3125 0.1953125
0.3046875 0.203125
0.296875 0.1953125
0.3046875 0.21875
0.296875 0.2109375
0.3125 0.2109375
0.2890625 0.203125
0.2890625 0.21875
0.3125 0.2265625
0.3046875 0.234375
0.296875 0.2265625
0.3046875 0.25
0.296875 0.2421875
0.3125 0.2421875
0.2890625 0.234375
0.2890625 0.25
0.3125 0.2578125
0.3046875 0.265625
0.296875 0.2578125
0.3046875 0.28125
0.296875 0.2734375
0.3125 0.2734375
0.2890625 0.265625
0.2890625 0.28125
0.3125 0.2890625
0.3046875 0.296875
0.296875 0.2890625
0.3046875 0.3125
0.296875 0.3046875
0.3125 0.3046875
0.2890625 0.296875
0.2890625 0.3125
0.3125 0.3203125
0.3046875 0.328125
0.296875 0.3203125
0.3046875 0.34375
0.296875 0.3359375
0.3125 0.3359375
0.2890625 0.328125
0.2890625 0.34375
0.3125 0.3515625
0.3046875 0.359375
0.296875 0.3515625
0.3046875 0.375
0.296875 0.3671875
0.3125 0.3671875
0.2890625 0.359375
0.2890625 0.375
0.3125 0.3828125
0.3046875 0.390625
0.296875 0.3828125
0.3046875 0.40625
0.296875 0.3984375
0.3125 0.3984375
0.2890625 0.390625
0.2890625 0.40625
0.3125 0.4140625
0.3046875 0.421875
0.296875 0.4140625
0.3046875 0.4375
0.296875 0.4296875
0.3125 0.4296875
0.2890625 0.421875
0.2890625 0.4375
0.3125 0.4453125
0.3046875 0.453125
0.296875 0.4453125
0.3046875 0.46875
0.296875 0.4609375
0.3125 0.4609375
0.2890625 0.453125
0.2890625 0.46875
0.3125 0.4765625
0.3046875 0.484375
0.296875 0.4765625
0.3046875 0.5
0.296875 0.4921875
0.3125 0.4921875
0.2890625 0.484375
0.2890625 0.5
0.3125 0.5078125
0.3046875 0.515625
0.296875 0.5078125
0.3046875 0.53125
0.296875 0.5234375
0.3125 0.5234375
0.2890625 0.515625
0.2890625 0.53125
0.3125 0.5390625
0.3046875 0.546875
0.296875 0.5390625
0.3046875 0.5625
0.296875 0.5546875
0.3125 0.5546875
0.2890625 0.546875
0.2890625 0.5625
0.3125 0.5703125
0.3046875 0.578125
0.296875 0.5703125
0.3046875 0.59375
0.296875 0.5859375
0.3125 0.5859375
0.2890625 0.578125
0.2890625 0.59375
0.3125 0.6015625
0.3046875 0.609375
0.296875 0.6015625
0.3046875 0.625
0.296875 0.6171875
0.3125 0.6171875
0.2890625 0.609375
0.2890625 0.625
0.3125 0.6328125
0.3046875 0.640625
0.296875 0.6328125
0.3046875 0.65625
0.296875 0.6484375
0.3125 0.6484375
0.2890625 0.640625
0.2890625 0.65625
0.3125 0.6640625
0.3046875 0.671875
0.296875 0.6640625
0.3046875 0.6875
0.296875 0.6796875
0.3125 0.6796875
0.2890625 0.671875
0.2890625 0.6875
0.3125 0.6953125
0.3046875 0.703125
0.296875 0.6953125
0.3046875 0.71875
0.296875 0.7109375
0.3125 0.7109375
0.2890625 0.703125
0.2890625 0.71875
0.3125 0.7265625
0.3046875 0.734375
0.296875 0.7265625
0.3046875 0.75
0.296875 0.7421875
0.3125 0.7421875
0.2890625 0.734375
0.2890625 0.75
0.3125 0.7578125
0.3046875 0.765625
0.296875 0.7578125
0.3046875 0.78125
0.296875 0.7734375
0.3125 0.7734375
0.2890625 0.765625
0.2890625 0.78125
0.3125 0.7890625
0.3046875 0.796875
0.296875 0.7890625
0.3046875 0.8125
0.296875 0.8046875
0.3125 0.8046875
0.2890625 0.796875
0.2890625 0.8125
0.3125 0.8203125
0.3046875 0.828125
0.296875 0.8203125
0.3046875 0.84375
0.296875 0.8359375
0.3125 0.8359375
0.2890625 0.828125
0.2890625 0.84375
0.3125 0.8515625
0.3046875 0.859375
0.296875 0.8515625
0.3046875 0.875
0.296875 0.8671875
0.3125 0.8671875
0.2890625 0.859375
0.2890625 0.875
0.3125 0.8828125
0.3046875 0.890625
0.296875 0.8828125
0.3046875 0.90625
0.296875 0.8984375
0.3125 0.8984375
0.2890625 0.890625
0.2890625 0.90625
0.3125 0.9140625
0.3046875 0.921875
0.296875 0.9140625
0.3046875 0.9375
0.296875 0.9296875
0.3125 0.9296875
0.2890625 0.921875
0.2890625 0.9375
0.3125 0.9453125
0.3046875 0.953125
0.296875 0.9453125
0.3046875 0.96875
0.296875 0.9609375
0.3125 0.9609375
0.2890625 0.953125
0.2890625 0.96875
0.3125 0.9765625
0.3046875 0.984375
0.296875 0.9765625
0.3046875 1
0.296875 0.9921875
0.3125 0.9921875
0.2890625 0.984375
0.2890625 1
0.34375 0.0078124999999795997
0.3359375 0.015624999999969399
0.328125 0.0078124999999897998
0.3359375 0
0.3359375 0.03125
0.328125 0.0234374999999898
0.34375 0.0234374999999796
0.3203125 0.015624999999969399
0.3203125 0.03125
0.3203125 0
0.34375 0.0390625
0.3359375 0.046875
0.328125 0.0390625
0.3359375 0.0625
0.328125 0.0546875
0.34375 0.0546875
0.3203125 0.046875
0.3203125 0.0625
0.34375 0.0703125
0.3359375 0.078125
0.328125 0.0703125
0.3359375 0.09375
0.328125 0.0859375
0.34375 0.0859375
0.3203125 0.078125
0.3203125 0.09375
0.34375 0.1015625
0.3359375 0.109375
0.328125 0.1015625
0.3359375 0.125
0.328125 0.1171875
0.34375 0.1171875
0.3203125 0.109375
0.3203125 0.125
0.34375 0.1328125
0.3359375 0.140625
0.328125 0.1328125
0.3359375 0.15625
0.328125 0.1484375
0.34375 0.1484375
0.3203125 0.140625
0.3203125 0.15625
0.34375 0.1640625
0.3359375 0.171875
0.328125 0.1640625
0.3359375 0.1875
0.328125 0.1796875
0.34375 0.1796875
0.3203125 0.171875
0.3203125 0.1875
0.34375 0.1953125
0.3359375 0.203125
0.328125 0.1953125
0.3359375 0.21875
0.328125 0.2109375
0.34375 0.2109375
0.3203125 0.203125
0.3203125 0.21875
0.34375 0.2265625
0.3359375 0.234375
0.328125 0.2265625
0.3359375 0.25
0.328125 0.2421875
0.34375 0.2421875
0.3203125 0.234375
0.3203125 0.25
0.34375 0.2578125
0.3359375 0.265625
0.328125 0.2578125
0.3359375 0.28125
0.328125 0.2734375
0.34375 0.2734375
0.3203125 0.265625
0.3203125 0.28125
0.34375 0.2890625
0.3359375 0.296875
0.328125 0.2890625
0.3359375 0.3125
0.328125 0.3046875
0.34375 0.3046875
0.3203125 0.296875
0.3203125 0.3125
0.34375 0.3203125
0.3359375 0.328125
0.328125 0.3203125
0.3359375 0.34375
0.328125 0.3359375
0.34375 0.3359375
0.3203125 0.328125
0.3203125 0.34375
0.34375 0.3515625
0.3359375 0.359375
0.328125 0.3515625
0.3359375 0.375
0.328125 0.3671875
0.34375 0.3671875
0.3203125 0.359375
0.3203125 0.375
0.34375 0.3828125
0.3359375 0.390625
0.328125 0.3828125
0.3359375 0.40625
0.328125 0.3984375
0.34375 0.3984375
0.3203125 0.390625
0.3203125 0.40625
0.34375 0.4140625
0.3359375 0.421875
0.328125 0.4140625
0.3359375 0.4375
0.328125 0.4296875
0.34375 0.4296875
0.3203125 0.421875
0.3203125 0.4375
0.34375 0.4453125
0.3359375 0.453125
0.328125 0.4453125
0.3359375 0.46875
0.328125 0.4609375
0.34375 0.4609375
0.3203125 0.453125
0.3203125 0.46875
0.34375 0.4765625
0.3359375 0.484375
0.328125 0.4765625
0.3359375 0.5
0.328125 0.4921875
0.34375 0.4921875
0.3203125 0.484375
0.3203125 0.5
0.34375 0.5078125
0.3359375 0.515625
0.328125 0.5078125
0.3359375 0.53125
0.328125 0.5234375
0.34375 0.5234375
0.3203125 0.515625
0.3203125 0.53125
0.34375 0.5390625
0.3359375 0.546875
0.328125 0.5390625
0.3359375 0.5625
0.328125 0.5546875
0.34375 0.5546875
0.3203125 0.546875
0.3203125 0.5625
0.34375 0.5703125
0.3359375 0.578125
0.328125 0.5703125
0.3359375 0.59375
0.328125 0.5859375
0.34375 0.5859375
0.3203125 0.578125
0.3203125 0.59375
0.34375 0.6015625
0.3359375 0.609375
0.328125 0.6015625
0.3359375 0.625
0.328125 0.6171875
0.34375 0.6171875
0.3203125 0.609375
0.3203125 0.625
0.34375 0.6328125
0.3359375 0.640625
0.328125 0.6328125
0.3359375 0.65625
0.328125 0.6484375
0.34375 0.6484375
0.3203125 0.640625
0.3203125 0.65625
0.34375 0.6640625
0.3359375 0.671875
0.328125 0.6640625
0.3359375 0.6875
0.328125 0.6796875
0.34375 0.6796875
0.3203125 0.671875
0.3203125 0.6875
0.34375 0.6953125
0.3359375 0.703125
0.328125 0.6953125
0.3359375 0.71875
0.328125 0.7109375
0.34375 0.7109375
0.3203125 0.703125
0.3203125 0.71875
0.34375 0.7265625
0.3359375 0.734375
0.328125 0.7265625
0.3359375 0.75
0.328125 0.7421875
0.34375 0.7421875
0.3203125 0.734375
0.3203125 0.75
0.34375 0.7578125
0.3359375 0.765625
0.328125 0.7578125
0.3359375 0.78125
0.328125 0.7734375
0.34375 0.7734375
0.3203125 0.765625
0.3203125 0.78125
0.34375 0.7890625
0.3359375 0.796875
0.328125 0.7890625
0.3359375 0.8125
0.328125 0.8046875
0.34375 0.8046875
0.3203125 0.796875
0.3203125 0.8125
0.34375 0.8203125
0.3359375 0.828125
0.328125 0.8203125
0.3359375 0.84375
0.328125 0.8359375
0.34375 0.8359375
0.3203125 0.828125
0.3203125 0.84375
0.34375 0.8515625
0.3359375 0.859375
0.328125 0.8515625
0.3359375 0.875
0.328125 0.8671875
0.34375 0.8671875
0.3203125 0.859375
0.3203125 0.875
0.34375 0.8828125
0.3359375 0.890625
0.328125 0.8828125
0.3359375 0.90625
0.328125 0.8984375
0.34375 0.8984375
0.3203125 0.890625
0.3203125 0.90625
0.34375 0.9140625
0.3359375 0.921875
0.328125 0.9140625
0.3359375 0.9375
0.328125 0.9296875
0.34375 0.9296875
0.3203125 0.921875
0.3203125 0.9375
0.34375 0.9453125
0.3359375 0.953125
0.328125 0.9453125
0.3359375 0.96875
0.328125 0.9609375
0.34375 0.9609375
0.3203125 0.953125
0.3203125 0.96875
0.34375 0.9765625
0.3359375 0.984375
0.328125 0.9765625
0.3359375 1
0.328125 0.9921875
0.34375 0.9921875
0.3203125 0.984375
0.3203125 1
0.375 0.0078124999999795997
0.3671875 0.015624999999969399
0.359375 0.0078124999999897998
0.3671875 0
0.3671875 0.03125
0.359375 0.0234374999999898
0.375 0.0234374999999796
0.3515625 0.015624999999969399
0.3515625 0.03125
0.3515625 0
0.375 0.0390625
0.3671875 0.046875
0.359375 0.0390625
0.3671875 0.0625
0.359375 0.0546875
0.375 0.0546875
0.3515625 0.046875
0.3515625 0.0625
0.375 0.0703125
0.3671875 0.078125
0.359375 0.0703125
0.3671875 0.09375
0.359375 0.0859375
0.375 0.0859375
0.3515625 0.078125
0.3515625 0.09375
0.375 0.1015625
0.3671875 0.109375
0.359375 0.1015625
0.3671875 0.125
0.359375 0.1171875
0.375 0.1171875
0.3515625 0.109375
0.3515625 0.125
0.375 0.1328125
0.3671875 0.140625
0.359375 0.1328125
0.3671875 0.15625
0.359375 0.1484375
0.375 0.1484375
0.3515625 0.140625
0.3515625 0.15625
0.375 0.1640625
0.3671875 0.171875
0.359375 0.1640625
0.3671875 0.1875
0.359375 0.1796875
0.375 0.1796875
0.3515625 0.171875
0.3515625 0.1875
0.375 0.1953125
0.3671875 0.203125
0.359375 0.1953125
0.3671875 0.21875
0.359375 0.2109375
0.375 0.2109375
0.3515625 0.203125
0.3515625 0.21875
0.375 0.2265625
0.3671875 0.234375
0.359375 0.2265625
0.3671875 0.25
0.359375 0.2421875
0.375 0.2421875
0.3515625 0.234375
0.3515625 0.25
0.375 0.2578125
0.3671875 0.265625
0.359375 0.2578125
0.3671875 0.28125
0.359375 0.2734375
0.375 0.2734375
0.3515625 0.265625
0.3515625 0.28125
0.375 0.2890625
0.3671875 0.296875
0.359375 0.2890625
0.3671875 0.3125
0.359375 0.3046875
0.375 0.3046875
0.3515625 0.296875
0.3515625 0.3125
0.375 0.3203125
0.3671875 0.328125
0.359375 0.3203125
0.3671875 0.34375
0.359375 0.3359375
0.375 0.3359375
0.3515625 0.328125
0.3515625 0.34375
0.375 0.3515625
0.3671875 0.359375
0.359375 0.3515625
0.3671875 0.375
0.359375 0.3671875
0.375 0.3671875
0.3515625 0.359375
0.3515625 0.375
0.375 0.3828125
0.3671875 0.390625
0.359375 0.3828125
0.3671875 0.40625
0.359375 0.3984375
0.375 0.3984375
0.3515625 0.390625
0.3515625 0.40625
0.375 0.4140625
0.3671875 0.421875
0.359375 0.4140625
0.3671875 0.4375
0.359375 0.4296875
0.375 0.4296875
0.3515625 0.421875
0.3515625 0.4375
0.375 0.4453125
0.3671875 0.453125
0.359375 0.4453125
0.3671875 0.46875
0.359375 0.4609375
0.375 0.4609375
0.3515625 0.453125
0.3515625 0.46875
0.375 0.4765625
0.3671875 0.484375
0.359375 0.4765625
0.3671875 0.5
0.359375 0.4921875
0.375 0.4921875
0.3515625 0.484375
0.3515625 0.5
0.375 0.5078125
0.3671875 0.515625
0.359375 0.5078125
0.3671875 0.53125
0.359375 0.5234375
0.375 0.5234375
0.3515625 0.515625
0.3515625 0.53125
0.375 0.5390625
0.3671875 0.546875
0.359375 0.5390625
0.3671875 0.5625
0.359375 0.5546875
0.375 0.5546875
0.3515625 0.546875
0.3515625 0.5625
0.375 0.5703125
0.3671875 0.578125
0.359375 0.5703125
0.3671875 0.59375
0.359375 0.5859375
0.375 0.5859375
0.3515625 0.578125
0.3515625 0.59375
0.375 0.6015625
0.3671875 0.609375
0.359375 0.6015625
0.3671875 0.625
0.359375 0.6171875
0.375 0.6171875
0.3515625 0.609375
0.3515625 0.625
0.375 0.6328125
0.3671875 0.640625
0.359375 0.6328125
0.3671875 0.65625
0.359375 0.6484375
0.375 0.6484375
0.3515625 0.640625
0.3515625 0.65625
0.375 0.6640625
0.3671875 0.671875
0.359375 0.6640625
0.3671875 0.6875
0.359375 0.6796875
0.375 0.6796875
0.3515625 0.671875
0.3515625 0.6875
0.375 0.6953125
0.3671875 0.703125
0.359375 0.6953125
0.3671875 0.71875
0.359375 0.7109375
0.375 0.7109375
0.3515625 0.703125
0.3515625 0.71875
0.375 0.7265625
0.3671875 0.734375
0.359375 0.7265625
0.3671875 0.75
0.359375 0.7421875
0.375 0.7421875
0.3515625 0.734375
0.3515625 0.75
0.375 0.7578125
0.3671875 0.765625
0.359375 0.7578125
0.3671875 0.78125
0.359375 0.7734375
0.375 0.7734375
0.3515625 0.765625
0.3515625 0.78125
0.375 0.7890625
0.3671875 0.796875
0.359375 0.7890625
0.3671875 0.8125
0.359375 0.8046875
0.375 0.8046875
0.3515625 0.796875
0.3515625 0.8125
0.375 0.8203125
0.3671875 0.828125
0.359375 0.8203125
0.3671875 0.84375
0.359375 0.8359375
0.375 0.8359375
0.3515625 0.828125
0.3515625 0.84375
0.375 0.8515625
0.3671875 0.859375
0.359375 0.8515625
0.3671875 0.875
0.359375 0.8671875
0.375 0.8671875
0.3515625 0.859375
0.3515625 0.875
0.375 0.8828125
0.3671875 0.890625
0.359375 0.8828125
0.3671875 0.90625
0.359375 0.8984375
0.375 0.8984375
0.3515625 0.890625
0.3515625 0.90625
0.375 0.9140625
0.3671875 0.921875
0.359375 0.9140625
0.3671875 0.9375
0.359375 0.9296875
0.375 0.9296875
0.3515625 0.921875
0.3515625 0.9375
0.375 0.9453125
0.3671875 0.953125
0.359375 0.9453125
0.3671875 0.96875
0.359375 0.9609375
0.375 0.9609375
0.3515625 0.953125
0.3515625 0.96875
0.375 0.9765625
0.3671875 0.984375
0.359375 0.9765625
0.3671875 1
0.359375 0.9921875
0.375 0.9921875
0.3515625 0.984375
0.3515625 1
0.40625 0.0078124999999795997
0.3984375 0.015624999999969399
0.390625 0.0078124999999897998
0.3984375 0
0.3984375 0.03125
0.390625 0.0234374999999898
0.40625 0.0234374999999796
0.3828125 0.015624999999969399
0.3828125 0.03125
0.3828125 0
0.40625 0.0390625
0.3984375 0.046875
0.390625 0.0390625
0.3984375 0.0625
0.390625 0.0546875
0.40625 0.0546875
0.3828125 0.046875
0.3828125 0.0625
0.40625 0.0703125
0.3984375 0.078125
0.390625 0.0703125
0.3984375 0.09375
0.390625 0.0859375
0.40625 0.0859375
0.3828125 0.078125
0.3828125 0.09375
0.40625 0.1015625
0.3984375 0.109375
0.390625 0.1015625
0.3984375 0.125
0.390625 0.1171875
0.40625 0.1171875
0.3828125 0.109375
0.3828125 0.125
0.40625 0.1328125
0.3984375 0.140625
0.390625 0.1328125
0.3984375 0.15625
0.390625 0.1484375
0.40625 0.1484375
0.3828125 0.140625
0.3828125 0.15625
0.40625 0.1640625
0.3984375 0.171875
0.390625 0.1640625
0.3984375 0.1875
0.390625 0.1796875
0.40625 0.1796875
0.3828125 0.171875
0.3828125 0.1875
0.40625 0.1953125
0.3984375 0.203125
0.390625 0.1953125
0.3984375 0.21875
0.390625 0.2109375
0.40625 0.2109375
0.3828125 0.203125
0.3828125 0.21875
0.40625 0.2265625
0.3984375 0.234375
0.390625 0.2265625
0.3984375 0.25
0.390625 0.2421875
0.40625 0.2421875
0.3828125 0.234375
0.3828125 0.25
0.40625 0.2578125
0.3984375 0.265625
0.390625 0.2578125
0.3984375 0.28125
0.390625 0.2734375
0.40625 0.2734375
0.3828125 0.265625
0.3828125 0.28125
0.40625 0.2890625
0.3984375 0.296875
0.390625 0.2890625
0.3984375 0.3125
0.390625 0.3046875
0.40625 0.3046875
0.3828125 0.296875
0.3828125 0.3125
0.40625 0.3203125
0.3984375 0.328125
0.390625 0.3203125
0.3984375 0.34375
0.390625 0.3359375
0.40625 0.3359375
0.3828125 0.328125
0.3828125 0.34375
0.40625 0.3515625
0.3984375 0.359375
0.390625 0.3515625
0.3984375 0.375
0.390625 0.3671875
0.40625 0.3671875
0.3828125 0.359375
0.3828125 0.375
0.40625 0.3828125
0.3984375 0.390625
0.390625 0.3828125
0.3984375 0.40625
0.390625 0.3984375
0.40625 0.3984375
0.3828125 0.390625
0.3828125 0.40625
0.40625 0.4140625
0.3984375 0.421875
0.390625 0.4140625
0.3984375 0.4375
0.390625 0.4296875
0.40625 0.4296875
0.3828125 0.421875
0.3828125 0.4375
0.40625 0.4453125
0.3984375 0.453125
0.390625 0.4453125
0.3984375 0.46875
0.390625 0.4609375
0.40625 0.4609375
0.3828125 0.453125
0.3828125 0.46875
0.40625 0.4765625
0.3984375 0.484375
0.390625 0.4765625
0.3984375 0.5
0.390625 0.4921875
0.40625 0.4921875
0.3828125 0.484375
0.3828125 0.5
0.40625 0.5078125
0.3984375 0.515625
0.390625 0.5078125
0.3984375 0.53125
0.390625 0.5234375
0.40625 0.5234375
0.3828125 0.515625
0.3828125 0.53125
0.40625 0.5390625
0.3984375 0.546875
0.390625 0.5390625
0.3984375 0.5625
0.390625 0.5546875
0.40625 0.5546875
0.3828125 0.546875
0.3828125 0.5625
0.40625 0.5703125
0.3984375 0.578125
0.390625 0.5703125
0.3984375 0.59375
0.390625 0.5859375
0.40625 0.5859375
0.3828125 0.578125
0.3828125 0.59375
0.40625 0.6015625
0.3984375 0.609375
0.390625 0.6015625
0.3984375 0.625
0.390625 0.6171875
0.40625 0.6171875
0.3828125 0.609375
0.3828125 0.625
0.40625 0.6328125
0.3984375 0.640625
0.390625 0.6328125
0.3984375 0.65625
0.390625 0.6484375
0.40625 0.6484375
0.3828125 0.640625
0.3828125 0.65625
0.40625 0.6640625
0.3984375 0.671875
0.390625 0.6640625
0.3984375 0.6875
0.390625 0.6796875
0.40625 0.6796875
0.3828125 0.671875
0.3828125 0.6875
0.40625 0.6953125
0.3984375 0.703125
0.390625 0.6953125
0.3984375 0.71875
0.390625 0.7109375
0.40625 0.7109375
0.3828125 0.703125
0.3828125 0.71875
0.40625 0.7265625
0.3984375 0.734375
0.390625 0.7265625
0.3984375 0.75
0.390625 0.7421875
0.40625 0.7421875
0.3828125 0.734375
0.3828125 0.75
0.40625 0.7578125
0.3984375 0.765625
0.390625 0.7578125
0.3984375 0.78125
0.390625 0.7734375
0.40625 0.7734375
0.3828125 0.765625
0.3828125 0.78125
0.40625 0.7890625
0.3984375 0.796875
0.390625 0.7890625
0.3984375 0.8125
0.390625 0.8046875
0.40625 0.8046875
0.3828125 0.796875
0.3828125 0.8125
0.40625 0.8203125
0.3984375 0.828125
0.390625 0.8203125
0.3984375 0.84375
0.390625 0.8359375
0.40625 0.8359375
0.3828125 0.828125
0.3828125 0.84375
0.40625 0.8515625
0.3984375 0.859375
0.390625 0.8515625
0.3984375 0.875
0.390625 0.8671875
0.40625 0.8671875
0.3828125 0.859375
0.3828125 0.875
0.40625 0.8828125
0.3984375 0.890625
0.390625 0.8828125
0.3984375 0.90625
0.390625 0.8984375
0.40625 0.8984375
0.3828125 0.890625
0.3828125 0.90625
0.40625 0.9140625
0.3984375 0.921875
0.390625 0.9140625
0.3984375 0.9375
0.390625 0.9296875
0.40625 0.9296875
0.3828125 0.921875
0.3828125 0.9375
0.40625 0.9453125
0.3984375 0.953125
0.390625 0.9453125
0.3984375 0.96875
0.390625 0.9609375
0.40625 0.9609375
0.3828125 0.953125
0.3828125 0.96875
0.40625 0.9765625
0.3984375 0.984375
0.390625 0.9765625
0.3984375 1
0.390625 0.9921875
0.40625 0.9921875
0.3828125 0.984375
0.3828125 1
0.4375 0.0078124999999795997
0.4296875 0.015624999999969399
0.421875 0.0078124999999897998
0.4296875 0
0.4296875 0.03125
0.421875 0.0234374999999898
0.4375 0.0234374999999796
0.4140625 0.015624999999969399
0.4140625 0.03125
0.4140625 0
0.4375 0.0390625
0.4296875 0.046875
0.421875 0.0390625
0.4296875 0.0625
0.421875 0.0546875
0.4375 0.0546875
0.4140625 0.046875
0.4140625 0.0625
0.4375 0.0703125
0.4296875 0.078125
0.421875 0.0703125
0.4296875 0.09375
0.421875 0.0859375
0.4375 0.0859375
0.4140625 0.078125
0.4140625 0.09375
0.4375 0.1015625
0.4296875 0.109375
0.421875 0.1015625
0.4296875 0.125
0.421875 0.1171875
0.4375 0.1171875
0.4140625 0.109375
0.4140625 0.125
0.4375 0.1328125
0.4296875 0.140625
0.421875 0.1328125
0.4296875 0.15625
0.421875 0.1484375
0.4375 0.1484375
0.4140625 0.140625
0.4140625 0.15625
0.4375 0.1640625
0.4296875 0.171875
0.421875 0.1640625
0.4296875 0.1875
0.421875 0.1796875
0.4375 0.1796875
0.4140625 0.171875
0.4140625 0.1875
0.4375 0.1953125
0.4296875 0.203125
0.421875 0.1953125
0.4296875 0.21875
0.421875 0.2109375
0.4375 0.2109375
0.4140625 0.203125
0.4140625 0.21875
0.4375 0.2265625
0.4296875 0.234375
0.421875 0.2265625
0.4296875 0.25
0.421875 0.2421875
0.4375 0.2421875
0.4140625 0.234375
0.4140625 0.25
0.4375 0.2578125
0.4296875 0.265625
0.421875 0.2578125
0.4296875 0.28125
0.421875 0.2734375
0.4375 0.2734375
0.4140625 0.265625
0.4140625 0.28125
0.4375 0.2890625
0.4296875 0.296875
0.421875 0.2890625
0.4296875 0.3125
0.421875 0.3046875
0.4375 0.3046875
0.4140625 0.296875
0.4140625 0.3125
0.4375 0.3203125
0.4296875 0.328125
0.421875 0.3203125
0.4296875 0.34375
0.421875 0.3359375
0.4375 0.3359375
0.4140625 0.328125
0.4140625 0.34375
0.4375 0.3515625
0.4296875 0.359375
0.421875 0.3515625
0.4296875 0.375
0.421875 0.3671875
0.4375 0.3671875
0.4140625 0.359375
0.4140625 0.375
0.4375 0.3828125
0.4296875 0.390625
0.421875 0.3828125
0.4296875 0.40625
0.421875 0.3984375
0.4375 0.3984375
0.4140625 0.390625
0.4140625 0.40625
0.4375 0.4140625
0.4296875 0.421875
0.421875 0.4140625
0.4296875 0.4375
0.421875 0.4296875
0.4375 0.4296875
0.4140625 0.421875
0.4140625 0.4375
0.4375 0.4453125
0.4296875 0.453125
0.421875 0.4453125
0.4296875 0.46875
0.421875 0.4609375
0.4375 0.4609375
0.4140625 0.453125
0.4140625 0.46875
0.4375 0.4765625
0.4296875 0.484375
0.421875 0.4765625
0.4296875 0.5
0.421875 0.4921875
0.4375 0.4921875
0.4140625 0.484375
0.4140625 0.5
0.4375 0.5078125
0.4296875 0.515625
0.421875 0.5078125
0.4296875 0.53125
0.421875 0.5234375
0.4375 0.5234375
0.4140625 0.515625
0.4140625 0.53125
0.4375 0.5390625
0.4296875 0.546875
0.421875 0.5390625
0.4296875 0.5625
0.421875 0.5546875
0.4375 0.5546875
0.4140625 0.546875
0.4140625 0.5625
0.4375 0.5703125
0.4296875 0.578125
0.421875 0.5703125
0.4296875 0.59375
0.421875 0.5859375
0.4375 0.5859375
0.4140625 0.578125
0.4140625 0.59375
0.4375 0.6015625
0.4296875 0.609375
0.421875 0.6015625
0.4296875 0.625
0.421875 0.6171875
0.4375 0.6171875
0.4140625 0.609375
0.4140625 0.625
0.4375 0.6328125
0.4296875 0.640625
0.421875 0.6328125
0.4296875 0.65625
0.421875 0.6484375
0.4375 0.6484375
0.4140625 0.640625
0.4140625 0.65625
0.4375 0.6640625
0.4296875 0.671875
0.421875 0.6640625
0.4296875 0.6875
0.421875 0.6796875
0.4375 0.6796875
0.4140625 0.671875
0.4140625 0.6875
0.4375 0.6953125
0.4296875 0.703125
0.421875 0.6953125
0.4296875 0.71875
0.421875 0.7109375
0.4375 0.7109375
0.4140625 0.703125
0.4140625 0.71875
0.4375 0.7265625
0.4296875 0.734375
0.421875 0.7265625
0.4296875 0.75
0.421875 0.7421875
0.4375 0.7421875
0.4140625 0.734375
0.4140625 0.75
0.4375 0.7578125
0.4296875 0.765625
0.421875 0.7578125
0.4296875 0.78125
0.421875 0.7734375
0.4375 0.7734375
0.4140625 0.765625
0.4140625 0.78125
0.4375 0.7890625
0.4296875 0.796875
0.421875 0.7890625
0.4296875 0.8125
0.421875 0.8046875
0.4375 0.8046875
0.4140625 0.796875
0.4140625 0.8125
0.4375 0.8203125
0.4296875 0.828125
0.421875 0.8203125
0.4296875 0.84375
0.421875 0.8359375
0.4375 0.8359375
0.4140625 0.828125
0.4140625 0.84375
0.4375 0.8515625
0.4296875 0.859375
0.421875 0.8515625
0.4296875 0.875
0.421875 0.8671875
0.4375 0.8671875
0.4140625 0.859375
0.4140625 0.875
0.4375 0.8828125
0.4296875 0.890625
0.421875 0.8828125
0.4296875 0.90625
0.421875 0.8984375
0.4375 0.8984375
0.4140625 0.890625
0.4140625 0.90625
0.4375 0.9140625
0.4296875 0.921875
0.421875 0.9140625
0.4296875 0.9375
0.421875 0.9296875
0.4375 0.9296875
0.4140625 0.921875
0.4140625 0.9375
0.4375 0.9453125
0.4296875 0.953125
0.421875 0.9453125
0.4296875 0.96875
0.421875 0.9609375
0.4375 0.9609375
0.4140625 0.953125
0.4140625 0.96875
0.4375 0.9765625
0.4296875 0.984375
0.421875 0.9765625
0.4296875 1
0.421875 0.9921875
0.4375 0.9921875
0.4140625 0.984375
0.4140625 1
0.46875 0.0078124999999795997
0.4609375 0.015624999999969399
0.453125 0.0078124999999897998
0.4609375 0
0.4609375 0.03125
0.453125 0.0234374999999898
0.46875 0.0234374999999796
0.4453125 0.015624999999969399
0.4453125 0.03125
0.4453125 0
0.46875 0.0390625
0.4609375 0.046875
0.453125 0.0390625
0.4609375 0.0625
0.453125 0.0546875
0.46875 0.0546875
0.4453125 0.046875
0.4453125 0.0625
0.46875 0.0703125
0.4609375 0.078125
0.453125 0.0703125
0.4609375 0.09375
0.453125 0.0859375
0.46875 0.0859375
0.4453125 0.078125
0.4453125 0.09375
0.46875 0.1015625
0.4609375 0.109375
0.453125 0.1015625
0.4609375 0.125
0.453125 0.1171875
0.46875 0.1171875
0.4453125 0.109375
0.4453125 0.125
0.46875 0.1328125
0.4609375 0.140625
0.453125 0.1328125
0.4609375 0.15625
0.453125 0.1484375
0.46875 0.1484375
0.4453125 0.140625
0.4453125 0.15625
0.46875 0.1640625
0.4609375 0.171875
0.453125 0.1640625
0.4609375 0.1875
0.453125 0.1796875
0.46875 0.1796875
0.4453125 0.171875
0.4453125 0.1875
0.46875 0.1953125
0.4609375 0.203125
0.453125 0.1953125
0.4609375 0.21875
0.453125 0.2109375
0.46875 0.2109375
0.4453125 0.203125
0.4453125 0.21875
0.46875 0.2265625
0.4609375 0.234375
0.453125 0.2265625
0.4609375 0.25
0.453125 0.2421875
0.46875 0.2421875
0.4453125 0.234375
0.4453125 0.25
0.46875 0.2578125
0.4609375 0.265625
0.453125 0.2578125
0.4609375 0.28125
0.453125 0.2734375
0.46875 0.2734375
0.4453125 0.265625
0.4453125 0.28125
0.46875 0.2890625
0.4609375 0.296875
0.453125 0.2890625
0.4609375 0.3125
0.453125 0.3046875
0.46875 0.3046875
0.4453125 0.296875
0.4453125 0.3125
0.46875 0.3203125
0.4609375 0.328125
0.453125 0.3203125
0.4609375 0.34375
0.453125 0.3359375
0.46875 0.3359375
0.4453125 0.328125
0.4453125 0.34375
0.46875 0.3515625
0.4609375 0.359375
0.453125 0.3515625
0.4609375 0.375
0.453125 0.3671875
0.46875 0.3671875
0.4453125 0.359375
0.4453125 0.375
0.46875 0.3828125
0.4609375 0.390625
0.453125 0.3828125
0.4609375 0.40625
0.453125 0.3984375
0.46875 0.3984375
0.4453125 0.390625
0.4453125 0.40625
0.46875 0.4140625
0.4609375 0.421875
0.453125 0.4140625
0.4609375 0.4375
0.453125 0.4296875
0.46875 0.4296875
0.4453125 0.421875
0.4453125 0.4375
0.46875 0.4453125
0.4609375 0.453125
0.453125 0.4453125
0.4609375 0.46875
0.453125 0.4609375
0.46875 0.4609375
0.4453125 0.453125
0.4453125 0.46875
0.46875 0.4765625
0.4609375 0.484375
0.453125 0.4765625
0.4609375 0.5
0.453125 0.4921875
0.46875 0.4921875
0.4453125 0.484375
0.4453125 0.5
0.46875 0.5078125
0.4609375 0.515625
0.453125 0.5078125
0.4609375 0.53125
0.453125 0.5234375
0.46875 0.5234375
0.4453125 0.515625
0.4453125 0.53125
0.46875 0.5390625
0.4609375 0.546875
0.453125 0.5390625
0.4609375 0.5625
0.453125 0.5546875
0.46875 0.5546875
0.4453125 0.546875
0.4453125 0.5625
0.46875 0.5703125
0.4609375 0.578125
0.453125 0.5703125
0.4609375 0.59375
0.453125 0.5859375
0.46875 0.5859375
0.4453125 0.578125
0.4453125 0.59375
0.46875 0.6015625
0.4609375 0.609375
0.453125 0.6015625
0.4609375 0.625
0.453125 0.6171875
0.46875 0.6171875
0.4453125 0.609375
0.4453125 0.625
0.46875 0.6328125
0.4609375 0.640625
0.453125 0.6328125
0.4609375 0.65625
0.453125 0.6484375
0.46875 0.6484375
0.4453125 0.640625
0.4453125 0.65625
0.46875 0.6640625
0.4609375 0.671875
0.453125 0.6640625
0.4609375 0.6875
0.453125 0.6796875
0.46875 0.6796875
0.4453125 0.671875
0.4453125 0.6875
0.46875 0.6953125
0.4609375 0.703125
0.453125 0.6953125
0.4609375 0.71875
0.453125 0.7109375
0.46875 0.7109375
0.4453125 0.703125
0.4453125 0.71875
0.46875 0.7265625
0.4609375 0.734375
0.453125 0.7265625
0.4609375 0.75
0.453125 0.7421875
0.46875 0.7421875
0.4453125 0.734375
0.4453125 0.75
0.46875 0.7578125
0.4609375 0.765625
0.453125 0.7578125
0.4609375 0.78125
0.453125 0.7734375
0.46875 0.7734375
0.4453125 0.765625
0.4453125 0.78125
0.46875 0.7890625
0.4609375 0.796875
0.453125 0.7890625
0.4609375 0.8125
0.453125 0.8046875
0.46875 0.8046875
0.4453125 0.796875
0.4453125 0.8125
0.46875 0.8203125
0.4609375 0.828125
0.453125 0.8203125
0.4609375 0.84375
0.453125 0.8359375
0.46875 0.8359375
0.4453125 0.828125
0.4453125 0.84375
0.46875 0.8515625
0.4609375 0.859375
0.453125 0.8515625
0.4609375 0.875
0.453125 0.8671875
0.46875 0.8671875
0.4453125 0.859375
0.4453125 0.875
0.46875 0.8828125
0.4609375 0.890625
0.453125 0.8828125
0.4609375 0.90625
0.453125 0.8984375
0.46875 0.8984375
0.4453125 0.890625
0.4453125 0.90625
0.46875 0.9140625
0.4609375 0.921875
0.453125 0.9140625
0.4609375 0.9375
0.453125 0.9296875
0.46875 0.9296875
0.4453125 0.921875
0.4453125 0.9375
0.46875 0.9453125
0.4609375 0.953125
0.453125 0.9453125
0.4609375 0.96875
0.453125 0.9609375
0.46875 0.9609375
0.4453125 0.953125
0.4453125 0.96875
0.46875 0.9765625
0.4609375 0.984375
0.453125 0.9765625
0.4609375 1
0.453125 0.9921875
0.46875 0.9921875
0.4453125 0.984375
0.4453125 1
0.5 0.0078124999999795997
0.4921875 0.015624999999969399
0.484375 0.0078124999999897998
0.4921875 0
0.4921875 0.03125
0.484375 0.0234374999999898
0.5 0.0234374999999796
0.4765625 0.015624999999969399
0.4765625 0.03125
0.4765625 0
0.5 0.0390625
0.4921875 0.046875
0.484375 0.0390625
0.4921875 0.0625
0.484375 0.0546875
0.5 0.0546875
0.4765625 0.046875
0.4765625 0.0625
0.5 0.0703125
0.4921875 0.078125
0.484375 0.0703125
0.4921875 0.09375
0.484375 0.0859375
0.5 0.0859375
0.4765625 0.078125
0.4765625 0.09375
0.5 0.1015625
0.4921875 0.109375
0.484375 0.1015625
0.4921875 0.125
0.484375 0.1171875
0.5 0.1171875
0.4765625 0.109375
0.4765625 0.125
0.5 0.1328125
0.4921875 0.140625
0.484375 0.1328125
0.4921875 0.15625
0.484375 0.1484375
0.5 0.1484375
0.4765625 0.140625
0.4765625 0.15625
0.5 0.1640625
0.4921875 0.171875
0.484375 0.1640625
0.4921875 0.1875
0.484375 0.1796875
0.5 0.1796875
0.4765625 0.171875
0.4765625 0.1875
0.5 0.1953125
0.4921875 0.203125
0.484375 0.1953125
0.4921875 0.21875
0.484375 0.2109375
0.5 0.2109375
0.4765625 0.203125
0.4765625 0.21875
0.5 0.2265625
0.4921875 0.234375
0.484375 0.2265625
0.4921875 0.25
0.484375 0.2421875
0.5 0.2421875
0.4765625 0.234375
0.4765625 0.25
0.5 0.2578125
0.4921875 0.265625
0.484375 0.2578125
0.4921875 0.28125
0.484375 0.2734375
0.5 0.2734375
0.4765625 0.265625
0.4765625 0.28125
0.5 0.2890625
0.4921875 0.296875
0.484375 0.2890625
0.4921875 0.3125
0.484375 0.3046875
0.5 0.3046875
0.4765625 0.296875
0.4765625 0.3125
0.5 0.3203125
0.4921875 0.328125
0.484375 0.3203125
0.4921875 0.34375
0.484375 0.3359375
0.5 0.3359375
0.4765625 0.328125
0.4765625 0.34375
0.5 0.3515625
0.4921875 0.359375
0.484375 0.3515625
0.4921875 0.375
0.484375 0.3671875
0.5 0.3671875
0.4765625 0.359375
0.4765625 0.375
0.5 0.3828125
0.4921875 0.390625
0.484375 0.3828125
0.4921875 0.40625
0.484375 0.3984375
0.5 0.3984375
0.4765625 0.390625
0.4765625 0.40625
0.5 0.4140625
0.4921875 0.421875
0.484375 0.4140625
0.4921875 0.4375
0.484375 0.4296875
0.5 0.4296875
0.4765625 0.421875
0.4765625 0.4375
0.5 0.4453125
0.4921875 0.453125
0.484375 0.4453125
0.4921875 0.46875
0.484375 0.4609375
0.5 0.4609375
0.4765625 0.453125
0.4765625 0.46875
0.5 0.4765625
0.4921875 0.484375
0.484375 0.4765625
0.4921875 0.5
0.484375 0.4921875
0.5 0.4921875
0.4765625 0.484375
0.4765625 0.5
0.5 0.5078125
0.4921875 0.515625
0.484375 0.5078125
0.4921875 0.53125
0.484375 0.5234375
0.5 0.5234375
0.4765625 0.515625
0.4765625 0.53125
0.5 0.5390625
0.4921875 0.546875
0.484375 0.5390625
0.4921875 0.5625
0.484375 0.5546875
0.5 0.5546875
0.4765625 0.546875
0.4765625 0.5625
0.5 0.5703125
0.4921875 0.578125
0.484375 0.5703125
0.4921875 0.59375
0.484375 0.5859375
0.5 0.5859375
0.4765625 0.578125
0.4765625 0.59375
0.5 0.6015625
0.4921875 0.609375
0.484375 0.6015625
0.4921875 0.625
0.484375 0.6171875
0.5 0.6171875
0.4765625 0.609375
0.4765625 0.625
0.5 0.6328125
0.4921875 0.640625
0.484375 0.6328125
0.4921875 0.65625
0.484375 0.6484375
0.5 0.6484375
0.4765625 0.640625
0.4765625 0.65625
0.5 0.6640625
0.4921875 0.671875
0.484375 0.6640625
0.4921875 0.6875
0.484375 0.6796875
0.5 0.6796875
0.4765625 0.671875
0.4765625 0.6875
0.5 0.6953125
0.4921875 0.703125
0.484375 0.6953125
0.4921875 0.71875
0.484375 0.7109375
0.5 0.7109375
0.4765625 0.703125
0.4765625 0.71875
0.5 0.7265625
0.4921875 0.734375
0.484375 0.7265625
0.4921875 0.75
0.484375 0.7421875
0.5 0.7421875
0.4765625 0.734375
0.4765625 0.75
0.5 0.7578125
0.4921875 0.765625
0.484375 0.7578125
0.4921875 0.78125
0.484375 0.7734375
0.5 0.7734375
0.4765625 0.765625
0.4765625 0.78125
0.5 0.7890625
0.4921875 0.796875
0.484375 0.7890625
0.4921875 0.8125
0.484375 0.8046875
0.5 0.8046875
0.4765625 0.796875
0.4765625 0.8125
0.5 0.8203125
0.4921875 0.828125
0.484375 0.8203125
0.4921875 0.84375
0.484375 0.8359375
0.5 0.8359375
0.4765625 0.828125
0.4765625 0.84375
0.5 0.8515625
0.4921875 0.859375
0.484375 0.8515625
0.4921875 0.875
0.484375 0.8671875
0.5 0.8671875
0.4765625 0.859375
0.4765625 0.875
0.5 0.8828125
0.4921875 0.890625
0.484375 0.8828125
0.4921875 0.90625
0.484375 0.8984375
0.5 0.8984375
0.4765625 0.890625
0.4765625 0.90625
0.5 0.9140625
0.4921875 0.921875
0.484375 0.9140625
0.4921875 0.9375
0.484375 0.9296875
0.5 0.9296875
0.4765625 0.921875
0.4765625 0.9375
0.5 0.9453125
0.4921875 0.953125
0.484375 0.9453125
0.4921875 0.96875
0.484375 0.9609375
0.5 0.9609375
0.4765625 0.953125
0.4765625 0.96875
0.5 0.9765625
0.4921875 0.984375
0.484375 0.9765625
0.4921875 1
0.484375 0.9921875
0.5 0.9921875
0.4765625 0.984375
0.4765625 1
0.53125 0.0078124999999795997
0.5234375 0.015624999999969399
0.515625 0.0078124999999897998
0.5234375 0
0.5234375 0.03125
0.515625 0.0234374999999898
0.53125 0.0234374999999796
0.5078125 0.015624999999969399
0.5078125 0.03125
0.5078125 0
0.53125 0.0390625
0.5234375 0.046875
0.515625 0.0390625
0.5234375 0.0625
0.515625 0.0546875
0.53125 0.0546875
0.5078125 0.046875
0.5078125 0.0625
0.53125 0.0703125
0.5234375 0.078125
0.515625 0.0703125
0.5234375 0.09375
0.515625 0.0859375
0.53125 0.0859375
0.5078125 0.078125
0.5078125 0.09375
0.53125 0.1015625
0.5234375 0.109375
0.515625 0.1015625
0.5234375 0.125
0.515625 0.1171875
0.53125 0.1171875
0.5078125 0.109375
0.5078125 0.125
0.53125 0.1328125
0.5234375 0.140625
0.515625 0.1328125
0.5234375 0.15625
0.515625 0.1484375
0.53125 0.1484375
0.5078125 0.140625
0.5078125 0.15625
0.53125 0.1640625
0.5234375 0.171875
0.515625 0.1640625
0.5234375 0.1875
0.515625 0.1796875
0.53125 0.1796875
0.5078125 0.171875
0.5078125 0.1875
0.53125 0.1953125
0.5234375 0.203125
0.515625 0.1953125
0.5234375 0.21875
0.515625 0.2109375
0.53125 0.2109375
0.5078125 0.203125
0.5078125 0.21875
0.53125 0.2265625
0.5234375 0.234375
0.515625 0.2265625
0.5234375 0.25
0.515625 0.2421875
0.53125 0.2421875
0.5078125 0.234375
0.5078125 0.25
0.53125 0.2578125
0.5234375 0.265625
0.515625 0.2578125
0.5234375 0.28125
0.515625 0.2734375
0.53125 0.2734375
0.5078125 0.265625
0.5078125 0.28125
0.53125 0.2890625
0.5234375 0.296875
0.515625 0.2890625
0.5234375 0.3125
0.515625 0.3046875
0.53125 0.3046875
0.5078125 0.296875
0.5078125 0.3125
0.53125 0.3203125
0.5234375 0.328125
0.515625 0.3203125
0.5234375 0.34375
0.515625 0.3359375
0.53125 0.3359375
0.5078125 0.328125
0.5078125 0.34375
0.53125 0.3515625
0.5234375 0.359375
0.515625 0.3515625
0.5234375 0.375
0.515625 0.3671875
0.53125 0.3671875
0.5078125 0.359375
0.5078125 0.375
0.53125 0.3828125
0.5234375 0.390625
0.515625 0.3828125
0.5234375 0.40625
0.515625 0.3984375
0.53125 0.3984375
0.5078125 0.390625
0.5078125 0.40625
0.53125 0.4140625
0.5234375 0.421875
0.515625 0.4140625
0.5234375 0.4375
0.515625 0.4296875
0.53125 0.4296875
0.5078125 0.421875
0.5078125 0.4375
0.53125 0.4453125
0.5234375 0.453125
0.515625 0.4453125
0.5234375 0.46875
0.515625 0.4609375
0.53125 0.4609375
0.5078125 0.453125
0.5078125 0.46875
0.53125 0.4765625
0.5234375 0.484375
0.515625 0.4765625
0.5234375 0.5
0.515625 0.4921875
0.53125 0.4921875
0.5078125 0.484375
0.5078125 0.5
0.53125 0.5078125
0.5234375 0.515625
0.515625 0.5078125
0.5234375 0.53125
0.515625 0.5234375
0.53125 0.5234375
0.5078125 0.515625
0.5078125 0.53125
0.53125 0.5390625
0.5234375 0.546875
0.515625 0.5390625
0.5234375 0.5625
0.515625 0.5546875
0.53125 0.5546875
0.5078125 0.546875
0.5078125 0.5625
0.53125 0.5703125
0.5234375 0.578125
0.515625 0.5703125
0.5234375 0.59375
0.515625 0.5859375
0.53125 0.5859375
0.5078125 0.578125
0.5078125 0.59375
0.53125 0.6015625
0.5234375 0.609375
0.515625 0.6015625
0.5234375 0.625
0.515625 0.6171875
0.53125 0.6171875
0.5078125 0.609375
0.5078125 0.625
0.53125 0.6328125
0.5234375 0.640625
0.515625 0.6328125
0.5234375 0.65625
0.515625 0.6484375
0.53125 0.6484375
0.5078125 0.640625
0.5078125 0.65625
0.53125 0.6640625
0.5234375 0.671875
0.515625 0.6640625
0.5234375 0.6875
0.515625 0.6796875
0.53125 0.6796875
0.5078125 0.671875
0.5078125 0.6875
0.53125 0.6953125
0.5234375 0.703125
0.515625 0.6953125
0.5234375 0.71875
0.515625 0.7109375
0.53125 0.7109375
0.5078125 0.703125
0.5078125 0.71875
0.53125 0.7265625
0.5234375 0.734375
0.515625 0.7265625
0.5234375 0.75
0.515625 0.7421875
0.53125 0.7421875
0.5078125 0.734375
0.5078125 0.75
0.53125 0.7578125
0.5234375 0.765625
0.515625 0.7578125
0.5234375 0.78125
0.515625 0.7734375
0.53125 0.7734375
0.5078125 0.765625
0.5078125 0.78125
0.53125 0.7890625
0.5234375 0.796875
0.515625 0.7890625
0.5234375 0.8125
0.515625 0.8046875
0.53125 0.8046875
0.5078125 0.796875
0.5078125 0.8125
0.53125 0.8203125
0.5234375 0.828125
0.515625 0.8203125
0.5234375 0.84375
0.515625 0.8359375
0.53125 0.8359375
0.5078125 0.828125
0.5078125 0.84375
0.53125 0.8515625
0.5234375 0.859375
0.515625 0.8515625
0.5234375 0.875
0.515625 0.8671875
0.53125 0.8671875
0.5078125 0.859375
0.5078125 0.875
0.53125 0.8828125
0.5234375 0.890625
0.515625 0.8828125
0.5234375 0.90625
0.515625 0.8984375
0.53125 0.8984375
0.5078125 0.890625
0.5078125 0.90625
0.53125 0.9140625
0.5234375 0.921875
0.515625 0.9140625
0.5234375 0.9375
0.515625 0.9296875
0.53125 0.9296875
0.5078125 0.921875
0.5078125 0.9375
0.53125 0.9453125
0.5234375 0.953125
0.515625 0.9453125
0.5234375 0.96875
0.515625 0.9609375
0.53125 0.9609375
0.5078125 0.953125
0.5078125 0.96875
0.53125 0.9765625
0.5234375 0.984375
0.515625 0.9765625
0.5234375 1
0.515625 0.9921875
0.53125 0.9921875
0.5078125 0.984375
0.5078125 1
0.5625 0.0078124999999795997
0.5546875 0.015624999999969399
0.546875 0.0078124999999897998
0.5546875 0
0.5546875 0.03125
0.546875 0.0234374999999898
0.5625 0.0234374999999796
0.5390625 0.015624999999969399
0.5390625 0.03125
0.5390625 0
0.5625 0.0390625
0.5546875 0.046875
0.546875 0.0390625
0.5546875 0.0625
0.546875 0.0546875
0.5625 0.0546875
0.5390625 0.046875
0.5390625 0.0625
0.5625 0.0703125
0.5546875 0.078125
0.546875 0.0703125
0.5546875 0.09375
0.546875 0.0859375
0.5625 0.0859375
0.5390625 0.078125
0.5390625 0.09375
0.5625 0.1015625
0.5546875 0.109375
0.546875 0.1015625
0.5546875 0.125
0.546875 0.1171875
0.5625 0.1171875
0.5390625 0.109375
0.5390625 0.125
0.5625 0.1328125
0.5546875 0.140625
0.546875 0.1328125
0.5546875 0.15625
0.546875 0.1484375
0.5625 0.1484375
0.5390625 0.140625
0.5390625 0.15625
0.5625 0.1640625
0.5546875 0.171875
0.546875 0.1640625
0.5546875 0.1875
0.546875 0.1796875
0.5625 0.1796875
0.5390625 0.171875
0.5390625 0.1875
0.5625 0.1953125
0.5546875 0.203125
0.546875 0.1953125
0.5546875 0.21875
0.546875 0.2109375
0.5625 0.2109375
0.5390625 0.203125
0.5390625 0.21875
0.5625 0.2265625
0.5546875 0.234375
0.546875 0.2265625
0.5546875 0.25
0.546875 0.2421875
0.5625 0.2421875
0.5390625 0.234375
0.5390625 0.25
0.5625 0.2578125
0.5546875 0.265625
0.546875 0.2578125
0.5546875 0.28125
0.546875 0.2734375
0.5625 0.2734375
0.5390625 0.265625
0.5390625 0.28125
0.5625 0.2890625
0.5546875 0.296875
0.546875 0.2890625
0.5546875 0.3125
0.546875 0.3046875
0.5625 0.3046875
0.5390625 0.296875
0.5390625 0.3125
0.5625 0.3203125
0.5546875 0.328125
0.546875 0.3203125
0.5546875 0.34375
0.546875 0.3359375
0.5625 0.3359375
0.5390625 0.328125
0.5390625 0.34375
0.5625 0.3515625
0.5546875 0.359375
0.546875 0.3515625
0.5546875 0.375
0.546875 0.3671875
0.5625 0.3671875
0.5390625 0.359375
0.5390625 0.375
0.5625 0.3828125
0.5546875 0.390625
0.546875 0.3828125
0.5546875 0.40625
0.546875 0.3984375
0.5625 0.3984375
0.5390625 0.390625
0.5390625 0.40625
0.5625 0.4140625
0.5546875 0.421875
0.546875 0.4140625
0.5546875 0.4375
0.546875 0.4296875
0.5625 0.4296875
0.5390625 0.421875
0.5390625 0.4375
0.5625 0.4453125
0.5546875 0.453125
0.546875 0.4453125
0.5546875 0.46875
0.546875 0.4609375
0.5625 0.4609375
0.5390625 0.453125
0.5390625 0.46875
0.5625 0.4765625
0.5546875 0.484375
0.546875 0.4765625
0.5546875 0.5
0.546875 0.4921875
0.5625 0.4921875
0.5390625 0.484375
0.5390625 0.5
0.5625 0.5078125
0.5546875 0.515625
0.546875 0.5078125
0.5546875 0.53125
0.546875 0.5234375
0.5625 0.5234375
0.5390625 0.515625
0.5390625 0.53125
0.5625 0.5390625
0.5546875 0.546875
0.546875 0.5390625
0.5546875 0.5625
0.546875 0.5546875
0.5625 0.5546875
0.5390625 0.546875
0.5390625 0.5625
0.5625 0.5703125
0.5546875 0.578125
0.546875 0.5703125
0.5546875 0.59375
0.546875 0.5859375
0.5625 0.5859375
0.5390625 0.578125
0.5390625 0.59375
0.5625 0.6015625
0.5546875 0.609375
0.546875 0.6015625
0.5546875 0.625
0.546875 0.6171875
0.5625 0.6171875
0.5390625 0.609375
0.5390625 0.625
0.5625 0.6328125
0.5546875 0.640625
0.546875 0.6328125
0.5546875 0.65625
0.546875 0.6484375
0.5625 0.6484375
0.5390625 0.640625
0.5390625 0.65625
0.5625 0.6640625
0.5546875 0.671875
0.546875 0.6640625
0.5546875 0.6875
0.546875 0.6796875
0.5625 0.6796875
0.5390625 0.671875
0.5390625 0.6875
0.5625 0.6953125
0.5546875 0.703125
0.546875 0.6953125
0.5546875 0.71875
0.546875 0.7109375
0.5625 0.7109375
0.5390625 0.703125
0.5390625 0.71875
0.5625 0.7265625
0.5546875 0.734375
0.546875 0.7265625
0.5546875 0.75
0.546875 0.7421875
0.5625 0.7421875
0.5390625 0.734375
0.5390625 0.75
0.5625 0.7578125
0.5546875 0.765625
0.546875 0.7578125
0.5546875 0.78125
0.546875 0.7734375
0.5625 0.7734375
0.5390625 0.765625
0.5390625 0.78125
0.5625 0.7890625
0.5546875 0.796875
0.546875 0.7890625
0.5546875 0.8125
0.546875 0.8046875
0.5625 0.8046875
0.5390625 0.796875
0.5390625 0.8125
0.5625 0.8203125
0.5546875 0.828125
0.546875 0.8203125
0.5546875 0.84375
0.546875 0.8359375
0.5625 0.8359375
0.5390625 0.828125
0.5390625 0.84375
0.5625 0.8515625
0.5546875 0.859375
0.546875 0.8515625
0.5546875 0.875
0.546875 0.8671875
0.5625 0.8671875
0.5390625 0.859375
0.5390625 0.875
0.5625 0.8828125
0.5546875 0.890625
0.546875 0.8828125
0.5546875 0.90625
0.546875 0.8984375
0.5625 0.8984375
0.5390625 0.890625
0.5390625 0.90625
0.5625 0.9140625
0.5546875 0.921875
0.546875 0.9140625
0.5546875 0.9375
0.546875 0.9296875
0.5625 0.9296875
0.5390625 0.921875
0.5390625 0.9375
0.5625 0.9453125
0.5546875 0.953125
0.546875 0.9453125
0.5546875 0.96875
0.546875 0.9609375
0.5625 0.9609375
0.5390625 0.953125
0.5390625 0.96875
0.5625 0.9765625
0.5546875 0.984375
0.546875 0.9765625
0.5546875 1
0.546875 0.9921875
0.5625 0.9921875
0.5390625 0.984375
0.5390625 1
0.59375 0.0078124999999795997
0.5859375 0.015624999999969399
0.578125 0.0078124999999897998
0.5859375 0
0.5859375 0.03125
0.578125 0.0234374999999898
0.59375 0.0234374999999796
0.5703125 0.015624999999969399
0.5703125 0.03125
0.5703125 0
0.59375 0.0390625
0.5859375 0.046875
0.578125 0.0390625
0.5859375 0.0625
0.578125 0.0546875
0.59375 0.0546875
0.5703125 0.046875
0.5703125 0.0625
0.59375 0.0703125
0.5859375 0.078125
0.578125 0.0703125
0.5859375 0.09375
0.578125 0.0859375
0.59375 0.0859375
0.5703125 0.078125
0.5703125 0.09375
0.59375 0.1015625
0.5859375 0.109375
0.578125 0.1015625
0.5859375 0.125
0.578125 0.1171875
0.59375 0.1171875
0.5703125 0.109375
0.5703125 0.125
0.59375 0.1328125
0.5859375 0.140625
0.578125 0.1328125
0.5859375 0.15625
0.578125 0.1484375
0.59375 0.1484375
0.5703125 0.140625
0.5703125 0.15625
0.59375 0.1640625
0.5859375 0.171875
0.578125 0.1640625
0.5859375 0.1875
0.578125 0.1796875
0.59375 0.1796875
0.5703125 0.171875
0.5703125 0.1875
0.59375 0.1953125
0.5859375 0.203125
0.578125 0.1953125
0.5859375 0.21875
0.578125 0.2109375
0.59375 0.2109375
0.5703125 0.203125
0.5703125 0.21875
0.59375 0.2265625
0.5859375 0.234375
0.578125 0.2265625
0.5859375 0.25
0.578125 0.2421875
0.59375 0.2421875
0.5703125 0.234375
0.5703125 0.25
0.59375 0.2578125
0.5859375 0.265625
0.578125 0.2578125
0.5859375 0.28125
0.578125 0.2734375
0.59375 0.2734375
0.5703125 0.265625
0.5703125 0.28125
0.59375 0.2890625
0.5859375 0.296875
0.578125 0.2890625
0.5859375 0.3125
0.578125 0.3046875
0.59375 0.3046875
0.5703125 0.296875
0.5703125 0.3125
0.59375 0.3203125
0.5859375 0.328125
0.578125 0.3203125
0.5859375 0.34375
0.578125 0.3359375
0.59375 0.3359375
0.5703125 0.328125
0.5703125 0.34375
0.59375 0.3515625
0.5859375 0.359375
0.578125 0.3515625
0.5859375 0.375
0.578125 0.3671875
0.59375 0.3671875
0.5703125 0.359375
0.5703125 0.375
0.59375 0.3828125
0.5859375 0.390625
0.578125 0.3828125
0.5859375 0.40625
0.578125 0.3984375
0.59375 0.3984375
0.5703125 0.390625
0.5703125 0.40625
0.59375 0.4140625
0.5859375 0.421875
0.578125 0.4140625
0.5859375 0.4375
0.578125 0.4296875
0.59375 0.4296875
0.5703125 0.421875
0.5703125 0.4375
0.59375 0.4453125
0.5859375 0.453125
0.578125 0.4453125
0.5859375 0.46875
0.578125 0.4609375
0.59375 0.4609375
0.5703125 0.453125
0.5703125 0.46875
0.59375 0.4765625
0.5859375 0.484375
0.578125 0.4765625
0.5859375 0.5
0.578125 0.4921875
0.59375 0.4921875
0.5703125 0.484375
0.5703125 0.5
0.59375 0.5078125
0.5859375 0.515625
0.578125 0.5078125
0.5859375 0.53125
0.578125 0.5234375
0.59375 0.5234375
0.5703125 0.515625
0.5703125 0.53125
0.59375 0.5390625
0.5859375 0.546875
0.578125 0.5390625
0.5859375 0.5625
0.578125 0.5546875
0.59375 0.5546875
0.5703125 0.546875
0.5703125 0.5625
0.59375 0.5703125
0.5859375 0.578125
0.578125 0.5703125
0.5859375 0.59375
0.578125 0.5859375
0.59375 0.5859375
0.5703125 0.578125
0.5703125 0.59375
0.59375 0.6015625
0.5859375 0.609375
0.578125 0.6015625
0.5859375 0.625
0.578125 0.6171875
0.59375 0.6171875
0.5703125 0.609375
0.5703125 0.625
0.59375 0.6328125
0.5859375 0.640625
0.578125 0.6328125
0.5859375 0.65625
0.578125 0.6484375
0.59375 0.6484375
0.5703125 0.640625
0.5703125 0.65625
0.59375 0.6640625
0.5859375 0.671875
0.578125 0.6640625
0.5859375 0.6875
0.578125 0.6796875
0.59375 0.6796875
0.5703125 0.671875
0.5703125 0.6875
0.59375 0.6953125
0.5859375 0.703125
0.578125 0.6953125
0.5859375 0.71875
0.578125 0.7109375
0.59375 0.7109375
0.5703125 0.703125
0.5703125 0.71875
0.59375 0.7265625
0.5859375 0.734375
0.578125 0.7265625
0.5859375 0.75
0.578125 0.7421875
0.59375 0.7421875
0.5703125 0.734375
0.5703125 0.75
0.59375 0.7578125
0.5859375 0.765625
0.578125 0.7578125
0.5859375 0.78125
0.578125 0.7734375
0.59375 0.7734375
0.5703125 0.765625
0.5703125 0.78125
0.59375 0.7890625
0.5859375 0.796875
0.578125 0.7890625
0.5859375 0.8125
0.578125 0.8046875
0.59375 0.8046875
0.5703125 0.796875
0.5703125 0.8125
0.59375 0.8203125
0.5859375 0.828125
0.578125 0.8203125
0.5859375 0.84375
0.578125 0.8359375
0.59375 0.8359375
0.5703125 0.828125
0.5703125 0.84375
0.59375 0.8515625
0.5859375 0.859375
0.578125 0.8515625
0.5859375 0.875
0.578125 0.8671875
0.59375 0.8671875
0.5703125 0.859375
0.5703125 0.875
0.59375 0.8828125
0.5859375 0.890625
0.578125 0.8828125
0.5859375 0.90625
0.578125 0.8984375
0.59375 0.8984375
0.5703125 0.890625
0.5703125 0.90625
0.59375 0.9140625
0.5859375 0.921875
0.578125 0.9140625
0.5859375 0.9375
0.578125 0.9296875
0.59375 0.9296875
0.5703125 0.921875
0.5703125 0.9375
0.59375 0.9453125
0.5859375 0.953125
0.578125 0.9453125
0.5859375 0.96875
0.578125 0.9609375
0.59375 0.9609375
0.5703125 0.953125
0.5703125 0.96875
0.59375 0.9765625
0.5859375 0.984375
0.578125 0.9765625
0.5859375 1
0.578125 0.9921875
0.59375 0.9921875
0.5703125 0.984375
0.5703125 1
0.625 0.0078124999999795997
0.6171875 0.015624999999969399
0.609375 0.0078124999999897998
0.6171875 0
0.6171875 0.03125
0.609375 0.0234374999999898
0.625 0.0234374999999796
0.6015625 0.015624999999969399
0.6015625 0.03125
0.6015625 0
0.625 0.0390625
0.6171875 0.046875
0.609375 0.0390625
0.6171875 0.0625
0.609375 0.0546875
0.625 0.0546875
0.6015625 0.046875
0.6015625 0.0625
0.625 0.0703125
0.6171875 0.078125
0.609375 0.0703125
0.6171875 0.09375
0.609375 0.0859375
0.625 0.0859375
0.6015625 0.078125
0.6015625 0.09375
0.625 0.1015625
0.6171875 0.109375
0.609375 0.1015625
0.6171875 0.125
0.609375 0.1171875
0.625 0.1171875
0.6015625 0.109375
0.6015625 0.125
0.625 0.1328125
0.6171875 0.140625
0.609375 0.1328125
0.6171875 0.15625
0.609375 0.1484375
0.625 0.1484375
0.6015625 0.140625
0.6015625 0.15625
0.625 0.1640625
0.6171875 0.171875
0.609375 0.1640625
0.6171875 0.1875
0.609375 0.1796875
0.625 0.1796875
0.6015625 0.171875
0.6015625 0.1875
0.625 0.1953125
0.6171875 0.203125
0.609375 0.1953125
0.6171875 0.21875
0.609375 0.2109375
0.625 0.2109375
0.6015625 0.203125
0.6015625 0.21875
0.625 0.2265625
0.6171875 0.234375
0.609375 0.2265625
0.6171875 0.25
0.609375 0.2421875
0.625 0.2421875
0.6015625 0.234375
0.6015625 0.25
0.625 0.2578125
0.6171875 0.265625
0.609375 0.2578125
0.6171875 0.28125
0.609375 0.2734375
0.625 0.2734375
0.6015625 0.265625
0.6015625 0.28125
0.625 0.2890625
0.6171875 0.296875
0.609375 0.2890625
0.6171875 0.3125
0.609375 0.3046875
0.625 0.3046875
0.6015625 0.296875
0.6015625 0.3125
0.625 0.3203125
0.6171875 0.328125
0.609375 0.3203125
0.6171875 0.34375
0.609375 0.3359375
0.625 0.3359375
0.6015625 0.328125
0.6015625 0.34375
0.625 0.3515625
0.6171875 0.359375
0.609375 0.3515625
0.6171875 0.375
0.609375 0.3671875
0.625 0.3671875
0.6015625 0.359375
0.6015625 0.375
0.625 0.3828125
0.6171875 0.390625
0.609375 0.3828125
0.6171875 0.40625
0.609375 0.3984375
0.625 0.3984375
0.6015625 0.390625
0.6015625 0.40625
0.625 0.4140625
0.6171875 0.421875
0.609375 0.4140625
0.6171875 0.4375
0.609375 0.4296875
0.625 0.4296875
0.6015625 0.421875
0.6015625 0.4375
0.625 0.4453125
0.6171875 0.453125
0.609375 0.4453125
0.6171875 0.46875
0.609375 0.4609375
0.625 0.4609375
0.6015625 0.453125
0.6015625 0.46875
0.625 0.4765625
0.6171875 0.484375
0.609375 0.4765625
0.6171875 0.5
0.609375 0.4921875
0.625 0.4921875
0.6015625 0.484375
0.6015625 0.5
0.625 0.5078125
0.6171875 0.515625
0.609375 0.5078125
0.6171875 0.53125
0.609375 0.5234375
0.625 0.5234375
0.6015625 0.515625
0.6015625 0.53125
0.625 0.5390625
0.6171875 0.546875
0.609375 0.5390625
0.6171875 0.5625
0.609375 0.5546875
0.625 0.5546875
0.6015625 0.546875
0.6015625 0.5625
0.625 0.5703125
0.6171875 0.578125
0.609375 0.5703125
0.6171875 0.59375
0.609375 0.5859375
0.625 0.5859375
0.6015625 0.578125
0.6015625 0.59375
0.625 0.6015625
0.6171875 0.609375
0.609375 0.6015625
0.6171875 0.625
0.609375 0.6171875
0.625 0.6171875
0.6015625 0.609375
0.6015625 0.625
0.625 0.6328125
0.6171875 0.640625
0.609375 0.6328125
0.6171875 0.65625
0.609375 0.6484375
0.625 0.6484375
0.6015625 0.640625
0.6015625 0.65625
0.625 0.6640625
0.6171875 0.671875
0.609375 0.6640625
0.6171875 0.6875
0.609375 0.6796875
0.625 0.6796875
0.6015625 0.671875
0.6015625 0.6875
0.625 0.6953125
0.6171875 0.703125
0.609375 0.6953125
0.6171875 0.71875
0.609375 0.7109375
0.625 0.7109375
0.6015625 0.703125
0.6015625 0.71875
0.625 0.7265625
0.6171875 0.734375
0.609375 0.7265625
0.6171875 0.75
0.609375 0.7421875
0.625 0.7421875
0.6015625 0.734375
0.6015625 0.75
0.625 0.7578125
0.6171875 0.765625
0.609375 0.7578125
0.6171875 0.78125
0.609375 0.7734375
0.625 0.7734375
0.6015625 0.765625
0.6015625 0.78125
0.625 0.7890625
0.6171875 0.796875
0.609375 0.7890625
0.6171875 0.8125
0.609375 0.8046875
0.625 0.8046875
0.6015625 0.796875
0.6015625 0.8125
0.625 0.8203125
0.6171875 0.828125
0.609375 0.8203125
0.6171875 0.84375
0.609375 0.8359375
0.625 0.8359375
0.6015625 0.828125
0.6015625 0.84375
0.625 0.8515625
0.6171875 0.859375
0.609375 0.8515625
0.6171875 0.875
0.609375 0.8671875
0.625 0.8671875
0.6015625 0.859375
0.6015625 0.875
0.625 0.8828125
0.6171875 0.890625
0.609375 0.8828125
0.6171875 0.90625
0.609375 0.8984375
0.625 0.8984375
0.6015625 0.890625
0.6015625 0.90625
0.625 0.9140625
0.6171875 0.921875
0.609375 0.9140625
0.6171875 0.9375
0.609375 0.9296875
0.625 0.9296875
0.6015625 0.921875
0.6015625 0.9375
0.625 0.9453125
0.6171875 0.953125
0.609375 0.9453125
0.6171875 0.96875
0.609375 0.9609375
0.625 0.9609375
0.6015625 0.953125
0.6015625 0.96875
0.625 0.9765625
0.6171875 0.984375
0.609375 0.9765625
0.6171875 1
0.609375 0.9921875
0.625 0.9921875
0.6015625 0.984375
0.6015625 1
0.65625 0.0078124999999795997
0.6484375 0.015624999999969399
0.640625 0.0078124999999897998
0.6484375 0
0.6484375 0.03125
0.640625 0.0234374999999898
0.65625 0.0234374999999796
0.6328125 0.015624999999969399
0.6328125 0.03125
0.6328125 0
0.65625 0.0390625
0.6484375 0.046875
0.640625 0.0390625
0.6484375 0.0625
0.640625 0.0546875
0.65625 0.0546875
0.6328125 0.046875
0.6328125 0.0625
0.65625 0.0703125
0.6484375 0.078125
0.640625 0.0703125
0.6484375 0.09375
0.640625 0.0859375
0.65625 0.0859375
0.6328125 0.078125
0.6328125 0.09375
0.65625 0.1015625
0.6484375 0.109375
0.640625 0.1015625
0.6484375 0.125
0.640625 0.1171875
0.65625 0.1171875
0.6328125 0.109375
0.6328125 0.125
0.65625 0.1328125
0.6484375 0.140625
0.640625 0.1328125
0.6484375 0.15625
0.640625 0.1484375
0.65625 0.1484375
0.6328125 0.140625
0.6328125 0.15625
0.65625 0.1640625
0.6484375 0.171875
0.640625 0.1640625
0.6484375 0.1875
0.640625 0.1796875
0.65625 0.1796875
0.6328125 0.171875
0.6328125 0.1875
0.65625 0.1953125
0.6484375 0.203125
0.640625 0.1953125
0.6484375 0.21875
0.640625 0.2109375
0.65625 0.2109375
0.6328125 0.203125
0.6328125 0.21875
0.65625 0.2265625
0.6484375 0.234375
0.640625 0.2265625
0.6484375 0.25
0.640625 0.2421875
0.65625 0.2421875
0.6328125 0.234375
0.6328125 0.25
0.65625 0.2578125
0.6484375 0.265625
0.640625 0.2578125
0.6484375 0.28125
0.640625 0.2734375
0.65625 0.2734375
0.6328125 0.265625
0.6328125 0.28125
0.65625 0.2890625
0.6484375 0.296875
0.640625 0.2890625
0.6484375 0.3125
0.640625 0.3046875
0.65625 0.3046875
0.6328125 0.296875
0.6328125 0.3125
0.65625 0.3203125
0.6484375 0.328125
0.640625 0.3203125
0.6484375 0.34375
0.640625 0.3359375
0.65625 0.3359375
0.6328125 0.328125
0.6328125 0.34375
0.65625 0.3515625
0.6484375 0.359375
0.640625 0.3515625
0.6484375 0.375
0.640625 0.3671875
0.65625 0.3671875
0.6328125 0.359375
0.6328125 0.375
0.65625 0.3828125
0.6484375 0.390625
0.640625 0.3828125
0.6484375 0.40625
0.640625 0.3984375
0.65625 0.3984375
0.6328125 0.390625
0.6328125 0.40625
0.65625 0.4140625
0.6484375 0.421875
0.640625 0.4140625
0.6484375 0.4375
0.640625 0.4296875
0.65625 0.4296875
0.6328125 0.421875
0.6328125 0.4375
0.65625 0.4453125
0.6484375 0.453125
0.640625 0.4453125
0.6484375 0.46875
0.640625 0.4609375
0.65625 0.4609375
0.6328125 0.453125
0.6328125 0.46875
0.65625 0.4765625
0.6484375 0.484375
0.640625 0.4765625
0.6484375 0.5
0.640625 0.4921875
0.65625 0.4921875
0.6328125 0.484375
0.6328125 0.5
0.65625 0.5078125
0.6484375 0.515625
0.640625 0.5078125
0.6484375 0.53125
0.640625 0.5234375
0.65625 0.5234375
0.6328125 0.515625
0.6328125 0.53125
0.65625 0.5390625
0.6484375 0.546875
0.640625 0.5390625
0.6484375 0.5625
0.640625 0.5546875
0.65625 0.5546875
0.6328125 0.546875
0.6328125 0.5625
0.65625 0.5703125
0.6484375 0.578125
0.640625 0.5703125
0.6484375 0.59375
0.640625 0.5859375
0.65625 0.5859375
0.6328125 0.578125
0.6328125 0.59375
0.65625 0.6015625
0.6484375 0.609375
0.640625 0.6015625
0.6484375 0.625
0.640625 0.6171875
0.65625 0.6171875
0.6328125 0.609375
0.6328125 0.625
0.65625 0.6328125
0.6484375 0.640625
0.640625 0.6328125
0.6484375 0.65625
0.640625 0.6484375
0.65625 0.6484375
0.6328125 0.640625
0.6328125 0.65625
0.65625 0.6640625
0.6484375 0.671875
0.640625 0.6640625
0.6484375 0.6875
0.640625 0.6796875
0.65625 0.6796875
0.6328125 0.671875
0.6328125 0.6875
0.65625 0.6953125
0.6484375 0.703125
0.640625 0.6953125
0.6484375 0.71875
0.640625 0.7109375
0.65625 0.7109375
0.6328125 0.703125
0.6328125 0.71875
0.65625 0.7265625
0.6484375 0.734375
0.640625 0.7265625
0.6484375 0.75
0.640625 0.7421875
0.65625 0.7421875
0.6328125 0.734375
0.6328125 0.75
0.65625 0.7578125
0.6484375 0.765625
0.640625 0.7578125
0.6484375 0.78125
0.640625 0.7734375
0.65625 0.7734375
0.6328125 0.765625
0.6328125 0.78125
0.65625 0.7890625
0.6484375 0.796875
0.640625 0.7890625
0.6484375 0.8125
0.640625 0.8046875
0.65625 0.8046875
0.6328125 0.796875
0.6328125 0.8125
0.65625 0.8203125
0.6484375 0.828125
0.640625 0.8203125
0.6484375 0.84375
0.640625 0.8359375
0.65625 0.8359375
0.6328125 0.828125
0.6328125 0.84375
0.65625 0.8515625
0.6484375 0.859375
0.640625 0.8515625
0.6484375 0.875
0.640625 0.8671875
0.65625 0.8671875
0.6328125 0.859375
0.6328125 0.875
0.65625 0.8828125
0.6484375 0.890625
0.640625 0.8828125
0.6484375 0.90625
0.640625 0.8984375
0.65625 0.8984375
0.6328125 0.890625
0.6328125 0.90625
0.65625 0.9140625
0.6484375 0.921875
0.640625 0.9140625
0.6484375 0.9375
0.640625 0.9296875
0.65625 0.9296875
0.6328125 0.921875
0.6328125 0.9375
0.65625 0.9453125
0.6484375 0.953125
0.640625 0.9453125
0.6484375 0.96875
0.640625 0.9609375
0.65625 0.9609375
0.6328125 0.953125
0.6328125 0.96875
0.65625 0.9765625
0.6484375 0.984375
0.640625 0.9765625
0.6484375 1
0.640625 0.9921875
0.65625 0.9921875
0.6328125 0.984375
0.6328125 1
0.6875 0.0078124999999795997
0.6796875 0.015624999999969399
0.671875 0.0078124999999897998
0.6796875 0
0.6796875 0.03125
0.671875 0.0234374999999898
0.6875 0.0234374999999796
0.6640625 0.015624999999969399
0.6640625 0.03125
0.6640625 0
0.6875 0.0390625
0.6796875 0.046875
0.671875 0.0390625
0.6796875 0.0625
0.671875 0.0546875
0.6875 0.0546875
0.6640625 0.046875
0.6640625 0.0625
0.6875 0.0703125
0.6796875 0.078125
0.671875 0.0703125
0.6796875 0.09375
0.671875 0.0859375
0.6875 0.0859375
0.6640625 0.078125
0.6640625 0.09375
0.6875 0.1015625
0.6796875 0.109375
0.671875 0.1015625
0.6796875 0.125
0.671875 0.1171875
0.6875 0.1171875
0.6640625 0.109375
0.6640625 0.125
0.6875 0.1328125
0.6796875 0.140625
0.671875 0.1328125
0.6796875 0.15625
0.671875 0.1484375
0.6875 0.1484375
0.6640625 0.140625
0.6640625 0.15625
0.6875 0.1640625
0.6796875 0.171875
0.671875 0.1640625
0.6796875 0.1875
0.671875 0.1796875
0.6875 0.1796875
0.6640625 0.171875
0.6640625 0.1875
0.6875 0.1953125
0.6796875 0.203125
0.671875 0.1953125
0.6796875 0.21875
0.671875 0.2109375
0.6875 0.2109375
0.6640625 0.203125
0.6640625 0.21875
0.6875 0.2265625
0.6796875 0.234375
0.671875 0.2265625
0.6796875 0.25
0.671875 0.2421875
0.6875 0.2421875
0.6640625 0.234375
0.6640625 0.25
0.6875 0.2578125
0.6796875 0.265625
0.671875 0.2578125
0.6796875 0.28125
0.671875 0.2734375
0.6875 0.2734375
0.6640625 0.265625
0.6640625 0.28125
0.6875 0.2890625
0.6796875 0.296875
0.671875 0.2890625
0.6796875 0.3125
0.671875 0.3046875
0.6875 0.3046875
0.6640625 0.296875
0.6640625 0.3125
0.6875 0.3203125
0.6796875 0.328125
0.671875 0.3203125
0.6796875 0.34375
0.671875 0.3359375
0.6875 0.3359375
0.6640625 0.328125
0.6640625 0.34375
0.6875 0.3515625
0.6796875 0.359375
0.671875 0.3515625
0.6796875 0.375
0.671875 0.3671875
0.6875 0.3671875
0.6640625 0.359375
0.6640625 0.375
0.6875 0.3828125
0.6796875 0.390625
0.671875 0.3828125
0.6796875 0.40625
0.671875 0.3984375
0.6875 0.3984375
0.6640625 0.390625
0.6640625 0.40625
0.6875 0.4140625
0.6796875 0.421875
0.671875 0.4140625
0.6796875 0.4375
0.671875 0.4296875
0.6875 0.4296875
0.6640625 0.421875
0.6640625 0.4375
0.6875 0.4453125
0.6796875 0.453125
0.671875 0.4453125
0.6796875 0.46875
0.671875 0.4609375
0.6875 0.4609375
0.6640625 0.453125
0.6640625 0.46875
0.6875 0.4765625
0.6796875 0.484375
0.671875 0.4765625
0.6796875 0.5
0.671875 0.4921875
0.6875 0.4921875
0.6640625 0.484375
0.6640625 0.5
0.6875 0.5078125
0.6796875 0.515625
0.671875 0.5078125
0.6796875 0.53125
0.671875 0.5234375
0.6875 0.5234375
0.6640625 0.515625
0.6640625 0.53125
0.6875 0.5390625
0.6796875 0.546875
0.671875 0.5390625
0.6796875 0.5625
0.671875 0.5546875
0.6875 0.5546875
0.6640625 0.546875
0.6640625 0.5625
0.6875 0.5703125
0.6796875 0.578125
0.671875 0.5703125
0.6796875 0.59375
0.671875 0.5859375
0.6875 0.5859375
0.6640625 0.578125
0.6640625 0.59375
0.6875 0.6015625
0.6796875 0.609375
0.671875 0.6015625
0.6796875 0.625
0.671875 0.6171875
0.6875 0.6171875
0.6640625 0.609375
0.6640625 0.625
0.6875 0.6328125
0.6796875 0.640625
0.671875 0.6328125
0.6796875 0.65625
0.671875 0.6484375
0.6875 0.6484375
0.6640625 0.640625
0.6640625 0.65625
0.6875 0.6640625
0.6796875 0.671875
0.671875 0.6640625
0.6796875 0.6875
0.671875 0.6796875
0.6875 0.6796875
0.6640625 0.671875
0.6640625 0.6875
0.6875 0.6953125
0.6796875 0.703125
0.671875 0.6953125
0.6796875 0.71875
0.671875 0.7109375
0.6875 0.7109375
0.6640625 0.703125
0.6640625 0.71875
0.6875 0.7265625
0.6796875 0.734375
0.671875 0.7265625
0.6796875 0.75
0.671875 0.7421875
0.6875 0.7421875
0.6640625 0.734375
0.6640625 0.75
0.6875 0.7578125
0.6796875 0.765625
0.671875 0.7578125
0.6796875 0.78125
0.671875 0.7734375
0.6875 0.7734375
0.6640625 0.765625
0.6640625 0.78125
0.6875 0.7890625
0.6796875 0.796875
0.671875 0.7890625
0.6796875 0.8125
0.671875 0.8046875
0.6875 0.8046875
0.6640625 0.796875
0.6640625 0.8125
0.6875 0.8203125
0.6796875 0.828125
0.671875 0.8203125
0.6796875 0.84375
0.671875 0.8359375
0.6875 0.8359375
0.6640625 0.828125
0.6640625 0.84375
0.6875 0.8515625
0.6796875 0.859375
0.671875 0.8515625
0.6796875 0.875
0.671875 0.8671875
0.6875 0.8671875
0.6640625 0.859375
0.6640625 0.875
0.6875 0.8828125
0.6796875 0.890625
0.671875 0.8828125
0.6796875 0.90625
0.671875 0.8984375
0.6875 0.8984375
0.6640625 0.890625
0.6640625 0.90625
0.6875 0.9140625
0.6796875 0.921875
0.671875 0.9140625
0.6796875 0.9375
0.671875 0.9296875
0.6875 0.9296875
0.6640625 0.921875
0.6640625 0.9375
0.6875 0.9453125
0.6796875 0.953125
0.671875 0.9453125
0.6796875 0.96875
0.671875 0.9609375
0.6875 0.9609375
0.6640625 0.953125
0.6640625 0.96875
0.6875 0.9765625
0.6796875 0.984375
0.671875 0.9765625
0.6796875 1
0.671875 0.9921875
0.6875 0.9921875
0.6640625 0.984375
0.6640625 1
0.71875 0.0078124999999795997
0.7109375 0.015624999999969399
0.703125 0.0078124999999897998
0.7109375 0
0.7109375 0.03125
0.703125 0.0234374999999898
0.71875 0.0234374999999796
0.6953125 0.015624999999969399
0.6953125 0.03125
0.6953125 0
0.71875 0.0390625
0.7109375 0.046875
0.703125 0.0390625
0.7109375 0.0625
0.703125 0.0546875
0.71875 0.0546875
0.6953125 0.046875
0.6953125 0.0625
0.71875 0.0703125
0.7109375 0.078125
0.703125 0.0703125
0.7109375 0.09375
0.703125 0.0859375
0.71875 0.0859375
0.6953125 0.078125
0.6953125 0.09375
0.71875 0.1015625
0.7109375 0.109375
0.703125 0.1015625
0.7109375 0.125
0.703125 0.1171875
0.71875 0.1171875
0.6953125 0.109375
0.6953125 0.125
0.71875 0.1328125
0.7109375 0.140625
0.703125 0.1328125
0.7109375 0.15625
0.703125 0.1484375
0.71875 0.1484375
0.6953125 0.140625
0.6953125 0.15625
0.71875 0.1640625
0.7109375 0.171875
0.703125 0.1640625
0.7109375 0.1875
0.703125 0.1796875
0.71875 0.1796875
0.6953125 0.171875
0.6953125 0.1875
0.71875 0.1953125
0.7109375 0.203125
0.703125 0.1953125
0.7109375 0.21875
0.703125 0.2109375
0.71875 0.2109375
0.6953125 0.203125
0.6953125 0.21875
0.71875 0.2265625
0.7109375 0.234375
0.703125 0.2265625
0.7109375 0.25
0.703125 0.2421875
0.71875 0.2421875
0.6953125 0.234375
0.6953125 0.25
0.71875 0.2578125
0.7109375 0.265625
0.703125 0.2578125
0.7109375 0.28125
0.703125 0.2734375
0.71875 0.2734375
0.6953125 0.265625
0.6953125 0.28125
0.71875 0.2890625
0.7109375 0.296875
0.703125 0.2890625
0.7109375 0.3125
0.703125 0.3046875
0.71875 0.3046875
0.6953125 0.296875
0.6953125 0.3125
0.71875 0.3203125
0.7109375 0.328125
0.703125 0.3203125
0.7109375 0.34375
0.703125 0.3359375
0.71875 0.3359375
0.6953125 0.328125
0.6953125 0.34375
0.71875 0.3515625
0.7109375 0.359375
0.703125 0.3515625
0.7109375 0.375
0.703125 0.3671875
0.71875 0.3671875
0.6953125 0.359375
0.6953125 0.375
0.71875 0.3828125
0.7109375 0.390625
0.703125 0.3828125
0.7109375 0.40625
0.703125 0.3984375
0.71875 0.3984375
0.6953125 0.390625
0.6953125 0.40625
0.71875 0.4140625
0.7109375 0.421875
0.703125 0.4140625
0.7109375 0.4375
0.703125 0.4296875
0.71875 0.4296875
0.6953125 0.421875
0.6953125 0.4375
0.71875 0.4453125
0.7109375 0.453125
0.703125 0.4453125
0.7109375 0.46875
0.703125 0.4609375
0.71875 0.4609375
0.6953125 0.453125
0.6953125 0.46875
0.71875 0.4765625
0.7109375 0.484375
0.703125 0.4765625
0.7109375 0.5
0.703125 0.4921875
0.71875 0.4921875
0.6953125 0.484375
0.6953125 0.5
0.71875 0.5078125
0.7109375 0.515625
0.703125 0.5078125
0.7109375 0.53125
0.703125 0.5234375
0.71875 0.5234375
0.6953125 0.515625
0.6953125 0.53125
0.71875 0.5390625
0.7109375 0.546875
0.703125 0.5390625
0.7109375 0.5625
0.703125 0.5546875
0.71875 0.5546875
0.6953125 0.546875
0.6953125 0.5625
0.71875 0.5703125
0.7109375 0.578125
0.703125 0.5703125
0.7109375 0.59375
0.703125 0.5859375
0.71875 0.5859375
0.6953125 0.578125
0.6953125 0.59375
0.71875 0.6015625
0.7109375 0.609375
0.703125 0.6015625
0.7109375 0.625
0.703125 0.6171875
0.71875 0.6171875
0.6953125 0.609375
0.6953125 0.625
0.71875 0.6328125
0.7109375 0.640625
0.703125 0.6328125
0.7109375 0.65625
0.703125 0.6484375
0.71875 0.6484375
0.6953125 0.640625
0.6953125 0.65625
0.71875 0.6640625
0.7109375 0.671875
0.703125 0.6640625
0.7109375 0.6875
0.703125 0.6796875
0.71875 0.6796875
0.6953125 0.671875
0.6953125 0.6875
0.71875 0.6953125
0.7109375 0.703125
0.703125 0.6953125
0.7109375 0.71875
0.703125 0.7109375
0.71875 0.7109375
0.6953125 0.703125
0.6953125 0.71875
0.71875 0.7265625
0.7109375 0.734375
0.703125 0.7265625
0.7109375 0.75
0.703125 0.7421875
0.71875 0.7421875
0.6953125 0.734375
0.6953125 0.75
0.71875 0.7578125
0.7109375 0.765625
0.703125 0.7578125
0.7109375 0.78125
0.703125 0.7734375
0.71875 0.7734375
0.6953125 0.765625
0.6953125 0.78125
0.71875 0.7890625
0.7109375 0.796875
0.703125 0.7890625
0.7109375 0.8125
0.703125 0.8046875
0.71875 0.8046875
0.6953125 0.796875
0.6953125 0.8125
0.71875 0.8203125
0.7109375 0.828125
0.703125 0.8203125
0.7109375 0.84375
0.703125 0.8359375
0.71875 0.8359375
0.6953125 0.828125
0.6953125 0.84375
0.71875 0.8515625
0.7109375 0.859375
0.703125 0.8515625
0.7109375 0.875
0.703125 0.8671875
0.71875 0.8671875
0.6953125 0.859375
0.6953125 0.875
0.71875 0.8828125
0.7109375 0.890625
0.703125 0.8828125
0.7109375 0.90625
0.703125 0.8984375
0.71875 0.8984375
0.6953125 0.890625
0.6953125 0.90625
0.71875 0.9140625
0.7109375 0.921875
0.703125 0.9140625
0.7109375 0.9375
0.703125 0.9296875
0.71875 0.9296875
0.6953125 0.921875
0.6953125 0.9375
0.71875 0.9453125
0.7109375 0.953125
0.703125 0.9453125
0.7109375 0.96875
0.703125 0.9609375
0.71875 0.9609375
0.6953125 0.953125
0.6953125 0.96875
0.71875 0.9765625
0.7109375 0.984375
0.703125 0.9765625
0.7109375 1
0.703125 0.9921875
0.71875 0.9921875
0.6953125 0.984375
0.6953125 1
0.75 0.0078124999999795997
0.7421875 0.015624999999969399
0.734375 0.0078124999999897998
0.7421875 0
0.7421875 0.03125
0.734375 0.0234374999999898
0.75 0.0234374999999796
0.7265625 0.015624999999969399
0.7265625 0.03125
0.7265625 0
0.75 0.0390625
0.7421875 0.046875
0.734375 0.0390625
0.7421875 0.0625
0.734375 0.0546875
0.75 0.0546875
0.7265625 0.046875
0.7265625 0.0625
0.75 0.0703125
0.7421875 0.078125
0.734375 0.0703125
0.7421875 0.09375
0.734375 0.0859375
0.75 0.0859375
0.7265625 0.078125
0.7265625 0.09375
0.75 0.1015625
0.7421875 0.109375
0.734375 0.1015625
0.7421875 0.125
0.734375 0.1171875
0.75 0.1171875
0.7265625 0.109375
0.7265625 0.125
0.75 0.1328125
0.7421875 0.140625
0.734375 0.1328125
0.7421875 0.15625
0.734375 0.1484375
0.75 0.1484375
0.7265625 0.140625
0.7265625 0.15625
0.75 0.1640625
0.7421875 0.171875
0.734375 0.1640625
0.7421875 0.1875
0.734375 0.1796875
0.75 0.1796875
0.7265625 0.171875
0.7265625 0.1875
0.75 0.1953125
0.7421875 0.203125
0.734375 0.1953125
0.7421875 0.21875
0.734375 0.2109375
0.75 0.2109375
0.7265625 0.203125
0.7265625 0.21875
0.75 0.2265625
0.7421875 0.234375
0.734375 0.2265625
0.7421875 0.25
0.734375 0.2421875
0.75 0.2421875
0.7265625 0.234375
0.7265625 0.25
0.75 0.2578125
0.7421875 0.265625
0.734375 0.2578125
0.7421875 0.28125
0.734375 0.2734375
0.75 0.2734375
0.7265625 0.265625
0.7265625 0.28125
0.75 0.2890625
0.7421875 0.296875
0.734375 0.2890625
0.7421875 0.3125
0.734375 0.3046875
0.75 0.3046875
0.7265625 0.296875
0.7265625 0.3125
0.75 0.3203125
0.7421875 0.328125
0.734375 0.3203125
0.7421875 0.34375
0.734375 0.3359375
0.75 0.3359375
0.7265625 0.328125
0.7265625 0.34375
0.75 0.3515625
0.7421875 0.359375
0.734375 0.3515625
0.7421875 0.375
0.734375 0.3671875
0.75 0.3671875
0.7265625 0.359375
0.7265625 0.375
0.75 0.3828125
0.7421875 0.390625
0.734375 0.3828125
0.7421875 0.40625
0.734375 0.3984375
0.75 0.3984375
0.7265625 0.390625
0.7265625 0.40625
0.75 0.4140625
0.7421875 0.421875
0.734375 0.4140625
0.7421875 0.4375
0.734375 0.4296875
0.75 0.4296875
0.7265625 0.421875
0.7265625 0.4375
0.75 0.4453125
0.7421875 0.453125
0.734375 0.4453125
0.7421875 0.46875
0.734375 0.4609375
0.75 0.4609375
0.7265625 0.453125
0.7265625 0.46875
0.75 0.4765625
0.7421875 0.484375
0.734375 0.4765625
0.7421875 0.5
0.734375 0.4921875
0.75 0.4921875
0.7265625 0.484375
0.7265625 0.5
0.75 0.5078125
0.7421875 0.515625
0.734375 0.5078125
0.7421875 0.53125
0.734375 0.5234375
0.75 0.5234375
0.7265625 0.515625
0.7265625 0.53125
0.75 0.5390625
0.7421875 0.546875
0.734375 0.5390625
0.7421875 0.5625
0.734375 0.5546875
0.75 0.5546875
0.7265625 0.546875
0.7265625 0.5625
0.75 0.5703125
0.7421875 0.578125
0.734375 0.5703125
0.7421875 0.59375
0.734375 0.5859375
0.75 0.5859375
0.7265625 0.578125
0.7265625 0.59375
0.75 0.6015625
0.7421875 0.609375
0.734375 0.6015625
0.7421875 0.625
0.734375 0.6171875
0.75 0.6171875
0.7265625 0.609375
0.7265625 0.625
0.75 0.6328125
0.7421875 0.640625
0.734375 0.6328125
0.7421875 0.65625
0.734375 0.6484375
0.75 0.6484375
0.7265625 0.640625
0.7265625 0.65625
0.75 0.6640625
0.7421875 0.671875
0.734375 0.6640625
0.7421875 0.6875
0.734375 0.6796875
0.75 0.6796875
0.7265625 0.671875
0.7265625 0.6875
0.75 0.6953125
0.7421875 0.703125
0.734375 0.6953125
0.7421875 0.71875
0.734375 0.7109375
0.75 0.7109375
0.7265625 0.703125
0.7265625 0.71875
0.75 0.7265625
0.7421875 0.734375
0.734375 0.7265625
0.7421875 0.75
0.734375 0.7421875
0.75 0.7421875
0.7265625 0.734375
0.7265625 0.75
0.75 0.7578125
0.7421875 0.765625
0.734375 0.7578125
0.7421875 0.78125
0.734375 0.7734375
0.75 0.7734375
0.7265625 0.765625
0.7265625 0.78125
0.75 0.7890625
0.7421875 0.796875
0.734375 0.7890625
0.7421875 0.8125
0.734375 0.8046875
0.75 0.8046875
0.7265625 0.796875
0.7265625 0.8125
0.75 0.8203125
0.7421875 0.828125
0.734375 0.8203125
0.7421875 0.84375
0.734375 0.8359375
0.75 0.8359375
0.7265625 0.828125
0.7265625 0.84375
0.75 0.8515625
0.7421875 0.859375
0.734375 0.8515625
0.7421875 0.875
0.734375 0.8671875
0.75 0.8671875
0.7265625 0.859375
0.7265625 0.875
0.75 0.8828125
0.7421875 0.890625
0.734375 0.8828125
0.7421875 0.90625
0.734375 0.8984375
0.75 0.8984375
0.7265625 0.890625
0.7265625 0.90625
0.75 0.9140625
0.7421875 0.921875
0.734375 0.9140625
0.7421875 0.9375
0.734375 0.9296875
0.75 0.9296875
0.7265625 0.921875
0.7265625 0.9375
0.75 0.9453125
0.7421875 0.953125
0.734375 0.9453125
0.7421875 0.96875
0.734375 0.9609375
0.75 0.9609375
0.7265625 0.953125
0.7265625 0.96875
0.75 0.9765625
0.7421875 0.984375
0.734375 0.9765625
0.7421875 1
0.734375 0.9921875
0.75 0.9921875
0.7265625 0.984375
0.7265625 1
0.2734375 0.0078124999999846997
0.2734375 0.0234374999999847
0.2578125 0.0234374999999847
0.2578125 0.0078124999999846997
0.2734375 0.0390625
0.2734375 0.0546875
0.2578125 0.0546875
0.2578125 0.0390625
0.2734375 0.0703125
0.2734375 0.0859375
0.2578125 0.0859375
0.2578125 0.0703125
0.2734375 0.1015625
0.2734375 0.1171875
0.2578125 0.1171875
0.2578125 0.1015625
0.2734375 0.1328125
0.2734375 0.1484375
0.2578125 0.1484375
0.2578125 0.1328125
0.2734375 0.1640625
0.2734375 0.1796875
0.2578125 0.1796875
0.2578125 0.1640625
0.2734375 0.1953125
0.2734375 0.2109375
0.2578125 0.2109375
0.2578125 0.1953125
0.2734375 0.2265625
0.2734375 0.2421875
0.2578125 0.2421875
0.2578125 0.2265625
0.2734375 0.2578125
0.2734375 0.2734375
0.2578125 0.2734375
0.2578125 0.2578125
0.2734375 0.2890625
0.2734375 0.3046875
0.2578125 0.3046875
0.2578125 0.2890625
0.2734375 0.3203125
0.2734375 0.3359375
0.2578125 0.3359375
0.2578125 0.3203125
0.2734375 0.3515625
0.2734375 0.3671875
0.2578125 0.3671875
0.2578125 0.3515625
0.2734375 0.3828125
0.2734375 0.3984375
0.2578125 0.3984375
0.2578125 0.3828125
0.2734375 0.4140625
0.2734375 0.4296875
0.2578125 0.4296875
0.2578125 0.4140625
0.2734375 0.4453125
0.2734375 0.4609375
0.2578125 0.4609375
0.2578125 0.4453125
0.2734375 0.4765625
0.2734375 0.4921875
0.2578125 0.4921875
0.2578125 0.4765625
0.2734375 0.5078125
0.2734375 0.5234375
0.2578125 0.5234375
0.2578125 0.5078125
0.2734375 0.5390625
0.2734375 0.5546875
0.2578125 0.5546875
0.2578125 0.5390625
0.2734375 0.5703125
0.2734375 0.5859375
0.2578125 0.5859375
0.2578125 0.5703125
0.2734375 0.6015625
0.2734375 0.6171875
0.2578125 0.6171875
0.2578125 0.6015625
0.2734375 0.6328125
0.2734375 0.6484375
0.2578125 0.6484375
0.2578125 0.6328125
0.2734375 0.6640625
0.2734375 0.6796875
0.2578125 0.6796875
0.2578125 0.6640625
0.2734375 0.6953125
0.2734375 0.7109375
0.2578125 0.7109375
0.2578125 0.6953125
0.2734375 0.7265625
0.2734375 0.7421875
0.2578125 0.7421875
0.2578125 0.7265625
0.2734375 0.7578125
0.2734375 0.7734375
0.2578125 0.7734375
0.2578125 0.7578125
0.2734375 0.7890625
0.2734375 0.8046875
0.2578125 0.8046875
0.2578125 0.7890625
0.2734375 0.8203125
0.2734375 0.8359375
0.2578125 0.8359375
0.2578125 0.8203125
0.2734375 0.8515625
0.2734375 0.8671875
0.2578125 0.8671875
0.2578125 0.8515625
0.2734375 0.8828125
0.2734375 0.8984375
0.2578125 0.8984375
0.2578125 0.8828125
0.2734375 0.9140625
0.2734375 0.9296875
0.2578125 0.9296875
0.2578125 0.9140625
0.2734375 0.9453125
0.2734375 0.9609375
0.2578125 0.9609375
0.2578125 0.9453125
0.2734375 0.9765625
0.2734375 0.9921875
0.2578125 0.9921875
0.2578125 0.9765625
0.3046875 0.0078124999999846997
0.3046875 0.0234374999999847
0.2890625 0.0234374999999847
0.2890625 0.0078124999999846997
0.3046875 0.0390625
0.3046875 0.0546875
0.2890625 0.0546875
0.2890625 0.0390625
0.3046875 0.0703125
0.3046875 0.0859375
0.2890625 0.0859375
0.2890625 0.0703125
0.3046875 0.1015625
0.3046875 0.1171875
0.2890625 0.1171875
0.2890625 0.1015625
0.3046875 0.1328125
0.3046875 0.1484375
0.2890625 0.1484375
0.2890625 0.1328125
0.3046875 0.1640625
0.3046875 0.1796875
0.2890625 0.1796875
0.2890625 0.1640625
0.3046875 0.1953125
0.3046875 0.2109375
0.2890625 0.2109375
0.2890625 0.1953125
0.3046875 0.2265625
0.3046875 0.2421875
0.2890625 0.2421875
0.2890625 0.2265625
0.3046875 0.2578125
0.3046875 0.2734375
0.2890625 0.2734375
0.2890625 0.2578125
0.3046875 0.2890625
0.3046875 0.3046875
0.2890625 0.3046875
0.2890625 0.2890625
0.3046875 0.3203125
0.3046875 0.3359375
0.2890625 0.3359375
0.2890625 0.3203125
0.3046875 0.3515625
0.3046875 0.3671875
0.2890625 0.3671875
0.2890625 0.3515625
0.3046875 0.3828125
0.3046875 0.3984375
0.2890625 0.3984375
0.2890625 0.3828125
0.3046875 0.4140625
0.3046875 0.4296875
0.2890625 0.4296875
0.2890625 0.4140625
0.3046875 0.4453125
0.3046875 0.4609375
0.2890625 0.4609375
0.2890625 0.4453125
0.3046875 0.4765625
0.3046875 0.4921875
0.2890625 0.4921875
0.2890625 0.4765625
0.3046875 0.5078125
0.3046875 0.5234375
0.2890625 0.5234375
0.2890625 0.5078125
0.3046875 0.5390625
0.3046875 0.5546875
0.2890625 0.5546875
0.2890625 0.5390625
0.3046875 0.5703125
0.3046875 0.5859375
0.2890625 0.5859375
0.2890625 0.5703125
0.3046875 0.6015625
0.3046875 0.6171875
0.2890625 0.6171875
0.2890625 0.6015625
0.3046875 0.6328125
0.3046875 0.6484375
0.2890625 0.6484375
0.2890625 0.6328125
0.3046875 0.6640625
0.3046875 0.6796875
0.2890625 0.6796875
0.2890625 0.6640625
0.3046875 0.6953125
0.3046875 0.7109375
0.2890625 0.7109375
0.2890625 0.6953125
0.3046875 0.7265625
0.3046875 0.7421875
0.2890625 0.7421875
0.2890625 0.7265625
0.3046875 0.7578125
0.3046875 0.7734375
0.2890625 0.7734375
0.2890625 0.7578125
0.3046875 0.7890625
0.3046875 0.8046875
0.2890625 0.8046875
0.2890625 0.7890625
0.3046875 0.8203125
0.3046875 0.8359375
0.2890625 0.8359375
0.2890625 0.8203125
0.3046875 0.8515625
0.3046875 0.8671875
0.2890625 0.8671875
0.2890625 0.8515625
0.3046875 0.8828125
0.3046875 0.8984375
0.2890625 0.8984375
0.2890625 0.8828125
0.3046875 0.9140625
0.3046875 0.9296875
0.2890625 0.9296875
0.2890625 0.9140625
0.3046875 0.9453125
0.3046875 0.9609375
0.2890625 0.9609375
0.2890625 0.9453125
0.3046875 0.9765625
0.3046875 0.9921875
0.2890625 0.9921875
0.2890625 0.9765625
0.3359375 0.0078124999999846997
0.3359375 0.0234374999999847
0.3203125 0.0234374999999847
0.3203125 0.0078124999999846997
0.3359375 0.0390625
0.3359375 0.0546875
0.3203125 0.0546875
0.3203125 0.0390625
0.3359375 0.0703125
0.3359375 0.0859375
0.3203125 0.0859375
0.3203125 0.0703125
0.3359375 0.1015625
0.3359375 0.1171875
0.3203125 0.1171875
0.3203125 0.1015625
0.3359375 0.1328125
0.3359375 0.1484375
0.3203125 0.1484375
0.3203125 0.1328125
0.3359375 0.1640625
0.3359375 0.1796875
0.3203125 0.1796875
0.3203125 0.1640625
0.3359375 0.1953125
0.3359375 0.2109375
0.3203125 0.2109375
0.3203125 0.1953125
0.3359375 0.2265625
0.3359375 0.2421875
0.3203125 0.2421875
0.3203125 0.2265625
0.3359375 0.2578125
0.3359375 0.2734375
0.3203125 0.2734375
0.3203125 0.2578125
0.3359375 0.2890625
0.3359375 0.3046875
0.3203125 0.3046875
0.3203125 0.2890625
0.3359375 0.3203125
0.3359375 0.3359375
0.3203125 0.3359375
0.3203125 0.3203125
0.3359375 0.3515625
0.3359375 0.3671875
0.3203125 0.3671875
0.3203125 0.3515625
0.3359375 0.3828125
0.3359375 0.3984375
0.3203125 0.3984375
0.3203125 0.3828125
0.3359375 0.4140625
0.3359375 0.4296875
0.3203125 0.4296875
0.3203125 0.4140625
0.3359375 0.4453125
0.3359375 0.4609375
0.3203125 0.4609375
0.3203125 0.4453125
0.3359375 0.4765625
0.3359375 0.4921875
0.3203125 0.4921875
0.3203125 0.4765625
0.3359375 0.5078125
0.3359375 0.5234375
0.3203125 0.5234375
0.3203125 0.5078125
0.3359375 0.5390625
0.3359375 0.5546875
0.3203125 0.5546875
0.3203125 0.5390625
0.3359375 0.5703125
0.3359375 0.5859375
0.3203125 0.5859375
0.3203125 0.5703125
0.3359375 0.6015625
0.3359375 0.6171875
0.3203125 0.6171875
0.3203125 0.6015625
0.3359375 0.6328125
0.3359375 0.6484375
0.3203125 0.6484375
0.3203125 0.6328125
0.3359375 0.6640625
0.3359375 0.6796875
0.3203125 0.6796875
0.3203125 0.6640625
0.3359375 0.6953125
0.3359375 0.7109375
0.3203125 0.7109375
0.3203125 0.6953125
0.3359375 0.7265625
0.3359375 0.7421875
0.3203125 0.7421875
0.3203125 0.7265625
0.3359375 0.7578125
0.3359375 0.7734375
0.3203125 0.7734375
0.3203125 0.7578125
0.3359375 0.7890625
0.3359375 0.8046875
0.3203125 0.8046875
0.3203125 0.7890625
0.3359375 0.8203125
0.3359375 0.8359375
0.3203125 0.8359375
0.3203125 0.8203125
0.3359375 0.8515625
0.3359375 0.8671875
0.3203125 0.8671875
0.3203125 0.8515625
0.3359375 0.8828125
0.3359375 0.8984375
0.3203125 0.8984375
0.3203125 0.8828125
0.3359375 0.9140625
0.3359375 0.9296875
0.3203125 0.9296875
0.3203125 0.9140625
0.3359375 0.9453125
0.3359375 0.9609375
0.3203125 0.9609375
0.3203125 0.9453125
0.3359375 0.9765625
0.3359375 0.9921875
0.3203125 0.9921875
0.3203125 0.9765625
0.3671875 0.0078124999999846997
0.3671875 0.0234374999999847
0.3515625 0.0234374999999847
0.3515625 0.0078124999999846997
0.3671875 0.0390625
0.3671875 0.0546875
0.3515625 0.0546875
0.3515625 0.0390625
0.3671875 0.0703125
0.3671875 0.0859375
0.3515625 0.0859375
0.3515625 0.0703125
0.3671875 0.1015625
0.3671875 0.1171875
0.3515625 0.1171875
0.3515625 0.1015625
0.3671875 0.1328125
0.3671875 0.1484375
0.3515625 0.1484375
0.3515625 0.1328125
0.3671875 0.1640625
0.3671875 0.1796875
0.3515625 0.1796875
0.3515625 0.1640625
0.3671875 0.1953125
0.3671875 0.2109375
0.3515625 0.2109375
0.3515625 0.1953125
0.3671875 0.2265625
0.3671875 0.2421875
0.3515625 0.2421875
0.3515625 0.2265625
0.3671875 0.2578125
0.3671875 0.2734375
0.3515625 0.2734375
0.3515625 0.2578125
0.3671875 0.2890625
0.3671875 0.3046875
0.3515625 0.3046875
0.3515625 0.2890625
0.3671875 0.3203125
0.3671875 0.3359375
0.3515625 0.3359375
0.3515625 0.3203125
0.3671875 0.3515625
0.3671875 0.3671875
0.3515625 0.3671875
0.3515625 0.3515625
0.3671875 0.3828125
0.3671875 0.3984375
0.3515625 0.3984375
0.3515625 0.3828125
0.3671875 0.4140625
0.3671875 0.4296875
0.3515625 0.4296875
0.3515625 0.4140625
0.3671875 0.4453125
0.3671875 0.4609375
0.3515625 0.4609375
0.3515625 0.4453125
0.3671875 0.4765625
0.3671875 0.4921875
0.3515625 0.4921875
0.3515625 0.4765625
0.3671875 0.5078125
0.3671875 0.5234375
0.3515625 0.5234375
0.3515625 0.5078125
0.3671875 0.5390625
0.3671875 0.5546875
0.3515625 0.5546875
0.3515625 0.5390625
0.3671875 0.5703125
0.3671875 0.5859375
0.3515625 0.5859375
0.3515625 0.5703125
0.3671875 0.6015625
0.3671875 0.6171875
0.3515625 0.6171875
0.3515625 0.6015625
0.3671875 0.6328125
0.3671875 0.6484375
0.3515625 0.6484375
0.3515625 0.6328125
0.3671875 0.6640625
0.3671875 0.6796875
0.3515625 0.6796875
0.3515625 0.6640625
0.3671875 0.6953125
0.3671875 0.7109375
0.3515625 0.7109375
0.3515625 0.6953125
0.3671875 0.7265625
0.3671875 0.7421875
0.3515625 0.7421875
0.3515625 0.7265625
0.3671875 0.7578125
0.3671875 0.7734375
0.3515625 0.7734375
0.3515625 0.7578125
0.3671875 0.7890625
0.3671875 0.8046875
0.3515625 0.8046875
0.3515625 0.7890625
0.3671875 0.8203125
0.3671875 0.8359375
0.3515625 0.8359375
0.3515625 0.8203125
0.3671875 0.8515625
0.3671875 0.8671875
0.3515625 0.8671875
0.3515625 0.8515625
0.3671875 0.8828125
0.3671875 0.8984375
0.3515625 0.8984375
0.3515625 0.8828125
0.3671875 0.9140625
0.3671875 0.9296875
0.3515625 0.9296875
0.3515625 0.9140625
0.3671875 0.9453125
0.3671875 0.9609375
0.3515625 0.9609375
0.3515625 0.9453125
0.3671875 0.9765625
0.3671875 0.9921875
0.3515625 0.9921875
0.3515625 0.9765625
0.3984375 0.0078124999999846997
0.3984375 0.0234374999999847
0.3828125 0.0234374999999847
0.3828125 0.0078124999999846997
0.3984375 0.0390625
0.3984375 0.0546875
0.3828125 0.0546875
0.3828125 0.0390625
0.3984375 0.0703125
0.3984375 0.0859375
0.3828125 0.0859375
0.3828125 0.0703125
0.3984375 0.1015625
0.3984375 0.1171875
0.3828125 0.1171875
0.3828125 0.1015625
0.3984375 0.1328125
0.3984375 0.1484375
0.3828125 0.1484375
0.3828125 0.1328125
0.3984375 0.1640625
0.3984375 0.1796875
0.3828125 0.1796875
0.3828125 0.1640625
0.3984375 0.1953125
0.3984375 0.2109375
0.3828125 0.2109375
0.3828125 0.1953125
0.3984375 0.2265625
0.3984375 0.2421875
0.3828125 0.2421875
0.3828125 0.2265625
0.3984375 0.2578125
0.3984375 0.2734375
0.3828125 0.2734375
0.3828125 0.2578125
0.3984375 0.2890625
0.3984375 0.3046875
0.3828125 0.3046875
0.3828125 0.2890625
0.3984375 0.3203125
0.3984375 0.3359375
0.3828125 0.3359375
0.3828125 0.3203125
0.3984375 0.3515625
0.3984375 0.3671875
0.3828125 0.3671875
0.3828125 0.3515625
0.3984375 0.3828125
0.3984375 0.3984375
0.3828125 0.3984375
0.3828125 0.3828125
0.3984375 0.4140625
0.3984375 0.4296875
0.3828125 0.4296875
0.3828125 0.4140625
0.3984375 0.4453125
0.3984375 0.4609375
0.3828125 0.4609375
0.3828125 0.4453125
0.3984375 0.4765625
0.3984375 0.4921875
0.3828125 0.4921875
0.3828125 0.4765625
0.3984375 0.5078125
0.3984375 0.5234375
0.3828125 0.5234375
0.3828125 0.5078125
0.3984375 0.5390625
0.3984375 0.5546875
0.3828125 0.5546875
0.3828125 0.5390625
0.3984375 0.5703125
0.3984375 0.5859375
0.3828125 0.5859375
0.3828125 0.5703125
0.3984375 0.6015625
0.3984375 0.6171875
0.3828125 0.6171875
0.3828125 0.6015625
0.3984375 0.6328125
0.3984375 0.6484375
0.3828125 0.6484375
0.3828125 0.6328125
0.3984375 0.6640625
0.3984375 0.6796875
0.3828125 0.6796875
0.3828125 0.6640625
0.3984375 0.6953125
0.3984375 0.7109375
0.3828125 0.7109375
0.3828125 0.6953125
0.3984375 0.7265625
0.3984375 0.7421875
0.3828125 0.7421875
0.3828125 0.7265625
0.3984375 0.7578125
0.3984375 0.7734375
0.3828125 0.7734375
0.3828125 0.7578125
0.3984375 0.7890625
0.3984375 0.8046875
0.3828125 0.8046875
0.3828125 0.7890625
0.3984375 0.8203125
0.3984375 0.8359375
0.3828125 0.8359375
0.3828125 0.8203125
0.3984375 0.8515625
0.3984375 0.8671875
0.3828125 0.8671875
0.3828125 0.8515625
0.3984375 0.8828125
0.3984375 0.8984375
0.3828125 0.8984375
0.3828125 0.8828125
0.3984375 0.9140625
0.3984375 0.9296875
0.3828125 0.9296875
0.3828125 0.9140625
0.3984375 0.9453125
0.3984375 0.9609375
0.3828125 0.9609375
0.3828125 0.9453125
0.3984375 0.9765625
0.3984375 0.9921875
0.3828125 0.9921875
0.3828125 0.9765625
0.4296875 0.0078124999999846997
0.4296875 0.0234374999999847
0.4140625 0.0234374999999847
0.4140625 0.0078124999999846997
0.4296875 0.0390625
0.4296875 0.0546875
0.4140625 0.0546875
0.4140625 0.0390625
0.4296875 0.0703125
0.4296875 0.0859375
0.4140625 0.0859375
0.4140625 0.0703125
0.4296875 0.1015625
0.4296875 0.1171875
0.4140625 0.1171875
0.4140625 0.1015625
0.4296875 0.1328125
0.4296875 0.1484375
0.4140625 0.1484375
0.4140625 0.1328125
0.4296875 0.1640625
0.4296875 0.1796875
0.4140625 0.1796875
0.4140625 0.1640625
0.4296875 0.1953125
0.4296875 0.2109375
0.4140625 0.2109375
0.4140625 0.1953125
0.4296875 0.2265625
0.4296875 0.2421875
0.4140625 0.2421875
0.4140625 0.2265625
0.4296875 0.2578125
0.4296875 0.2734375
0.4140625 0.2734375
0.4140625 0.2578125
0.4296875 0.2890625
0.4296875 0.3046875
0.4140625 0.3046875
0.4140625 0.2890625
0.4296875 0.3203125
0.4296875 0.3359375
0.4140625 0.3359375
0.4140625 0.3203125
0.4296875 0.3515625
0.4296875 0.3671875
0.4140625 0.3671875
0.4140625 0.3515625
0.4296875 0.3828125
0.4296875 0.3984375
0.4140625 0.3984375
0.4140625 0.3828125
0.4296875 0.4140625
0.4296875 0.4296875
0.4140625 0.4296875
0.4140625 0.4140625
0.4296875 0.4453125
0.4296875 0.4609375
0.4140625 0.4609375
0.4140625 0.4453125
0.4296875 0.4765625
0.4296875 0.4921875
0.4140625 0.4921875
0.4140625 0.4765625
0.4296875 0.5078125
0.4296875 0.5234375
0.4140625 0.5234375
0.4140625 0.5078125
0.4296875 0.5390625
0.4296875 0.5546875
0.4140625 0.5546875
0.4140625 0.5390625
0.4296875 0.5703125
0.4296875 0.5859375
0.4140625 0.5859375
0.4140625 0.5703125
0.4296875 0.6015625
0.4296875 0.6171875
0.4140625 0.6171875
0.4140625 0.6015625
0.4296875 0.6328125
0.4296875 0.6484375
0.4140625 0.6484375
0.4140625 0.6328125
0.4296875 0.6640625
0.4296875 0.6796875
0.4140625 0.6796875
0.4140625 0.6640625
0.4296875 0.6953125
0.4296875 0.7109375
0.4140625 0.7109375
0.4140625 0.6953125
0.4296875 0.7265625
0.4296875 0.7421875
0.4140625 0.7421875
0.4140625 0.7265625
0.4296875 0.7578125
0.4296875 0.7734375
0.4140625 0.7734375
0.4140625 0.7578125
0.4296875 0.7890625
0.4296875 0.8046875
0.4140625 0.8046875
0.4140625 0.7890625
0.4296875 0.8203125
0.4296875 0.8359375
0.4140625 0.8359375
0.4140625 0.8203125
0.4296875 0.8515625
0.4296875 0.8671875
0.4140625 0.8671875
0.4140625 0.8515625
0.4296875 0.8828125
0.4296875 0.8984375
0.4140625 0.8984375
0.4140625 0.8828125
0.4296875 0.9140625
0.4296875 0.9296875
0.4140625 0.9296875
0.4140625 0.9140625
0.4296875 0.9453125
0.4296875 0.9609375
0.4140625 0.9609375
0.4140625 0.9453125
0.4296875 0.9765625
0.4296875 0.9921875
0.4140625 0.9921875
0.4140625 0.9765625
0.4609375 0.0078124999999846997
0.4609375 0.0234374999999847
0.4453125 0.0234374999999847
0.4453125 0.0078124999999846997
0.4609375 0.0390625
0.4609375 0.0546875
0.4453125 0.0546875
0.4453125 0.0390625
0.4609375 0.0703125
0.4609375 0.0859375
0.4453125 0.0859375
0.4453125 0.0703125
0.4609375 0.1015625
0.4609375 0.1171875
0.4453125 0.1171875
0.4453125 0.1015625
0.4609375 0.1328125
0.4609375 0.1484375
0.4453125 0.1484375
0.4453125 0.1328125
0.4609375 0.1640625
0.4609375 0.1796875
0.4453125 0.1796875
0.4453125 0.1640625
0.4609375 0.1953125
0.4609375 0.2109375
0.4453125 0.2109375
0.4453125 0.1953125
0.4609375 0.2265625
0.4609375 0.2421875
0.4453125 0.2421875
0.4453125 0.2265625
0.4609375 0.2578125
0.4609375 0.2734375
0.4453125 0.2734375
0.4453125 0.2578125
0.4609375 0.2890625
0.4609375 0.3046875
0.4453125 0.3046875
0.4453125 0.2890625
0.4609375 0.3203125
0.4609375 0.3359375
0.4453125 0.3359375
0.4453125 0.3203125
0.4609375 0.3515625
0.4609375 0.3671875
0.4453125 0.3671875
0.4453125 0.3515625
0.4609375 0.3828125
0.4609375 0.3984375
0.4453125 0.3984375
0.4453125 0.3828125
0.4609375 0.4140625
0.4609375 0.4296875
0.4453125 0.4296875
0.4453125 0.4140625
0.4609375 0.4453125
0.4609375 0.4609375
0.4453125 0.4609375
0.4453125 0.4453125
0.4609375 0.4765625
0.4609375 0.4921875
0.4453125 0.4921875
0.4453125 0.4765625
0.4609375 0.5078125
0.4609375 0.5234375
0.4453125 0.5234375
0.4453125 0.5078125
0.4609375 0.5390625
0.4609375 0.5546875
0.4453125 0.5546875
0.4453125 0.5390625
0.4609375 0.5703125
0.4609375 0.5859375
0.4453125 0.5859375
0.4453125 0.5703125
0.4609375 0.6015625
0.4609375 0.6171875
0.4453125 0.6171875
0.4453125 0.6015625
0.4609375 0.6328125
0.4609375 0.6484375
0.4453125 0.6484375
0.4453125 0.6328125
0.4609375 0.6640625
0.4609375 0.6796875
0.4453125 0.6796875
0.4453125 0.6640625
0.4609375 0.6953125
0.4609375 0.7109375
0.4453125 0.7109375
0.4453125 0.6953125
0.4609375 0.7265625
0.4609375 0.7421875
0.4453125 0.7421875
0.4453125 0.7265625
0.4609375 0.7578125
0.4609375 0.7734375
0.4453125 0.7734375
0.4453125 0.7578125
0.4609375 0.7890625
0.4609375 0.8046875
0.4453125 0.8046875
0.4453125 0.7890625
0.4609375 0.8203125
0.4609375 0.8359375
0.4453125 0.8359375
0.4453125 0.8203125
0.4609375 0.8515625
0.4609375 0.8671875
0.4453125 0.8671875
0.4453125 0.8515625
0.4609375 0.8828125
0.4609375 0.8984375
0.4453125 0.8984375
0.4453125 0.8828125
0.4609375 0.9140625
0.4609375 0.9296875
0.4453125 0.9296875
0.4453125 0.9140625
0.4609375 0.9453125
0.4609375 0.9609375
0.4453125 0.9609375
0.4453125 0.9453125
0.4609375 0.9765625
0.4609375 0.9921875
0.4453125 0.9921875
0.4453125 0.9765625
0.4921875 0.0078124999999846997
0.4921875 0.0234374999999847
0.4765625 0.0234374999999847
0.4765625 0.0078124999999846997
0.4921875 0.0390625
0.4921875 0.0546875
0.4765625 0.0546875
0.4765625 0.0390625
0.4921875 0.0703125
0.4921875 0.0859375
0.4765625 0.0859375
0.4765625 0.0703125
0.4921875 0.1015625
0.4921875 0.1171875
0.4765625 0.1171875
0.4765625 0.1015625
0.4921875 0.1328125
0.4921875 0.1484375
0.4765625 0.1484375
0.4765625 0.1328125
0.4921875 0.1640625
0.4921875 0.1796875
0.4765625 0.1796875
0.4765625 0.1640625
0.4921875 0.1953125
0.4921875 0.2109375
0.4765625 0.2109375
0.4765625 0.1953125
0.4921875 0.2265625
0.4921875 0.2421875
0.4765625 0.2421875
0.4765625 0.2265625
0.4921875 0.2578125
0.4921875 0.2734375
0.4765625 0.2734375
0.4765625 0.2578125
0.4921875 0.2890625
0.4921875 0.3046875
0.4765625 0.3046875
0.4765625 0.2890625
0.4921875 0.3203125
0.4921875 0.3359375
0.4765625 0.3359375
0.4765625 0.3203125
0.4921875 0.3515625
0.4921875 0.3671875
0.4765625 0.3671875
0.4765625 0.3515625
0.4921875 0.3828125
0.4921875 0.3984375
0.4765625 0.3984375
0.4765625 0.3828125
0.4921875 0.4140625
0.4921875 0.4296875
0.4765625 0.4296875
0.4765625 0.4140625
0.4921875 0.4453125
0.4921875 0.4609375
0.4765625 0.4609375
0.4765625 0.4453125
0.4921875 0.4765625
0.4921875 0.4921875
0.4765625 0.4921875
0.4765625 0.4765625
0.4921875 0.5078125
0.4921875 0.5234375
0.4765625 0.5234375
0.4765625 0.5078125
0.4921875 0.5390625
0.4921875 0.5546875
0.4765625 0.5546875
0.4765625 0.5390625
0.4921875 0.5703125
0.4921875 0.5859375
0.4765625 0.5859375
0.4765625 0.5703125
0.4921875 0.6015625
0.4921875 0.6171875
0.4765625 0.6171875
0.4765625 0.6015625
0.4921875 0.6328125
0.4921875 0.6484375
0.4765625 0.6484375
0.4765625 0.6328125
0.4921875 0.6640625
0.4921875 0.6796875
0.4765625 0.6796875
0.4765625 0.6640625
0.4921875 0.6953125
0.4921875 0.7109375
0.4765625 0.7109375
0.4765625 0.6953125
0.4921875 0.7265625
0.4921875 0.7421875
0.4765625 0.7421875
0.4765625 0.7265625
0.4921875 0.7578125
0.4921875 0.7734375
0.4765625 0.7734375
0.4765625 0.7578125
0.4921875 0.7890625
0.4921875 0.8046875
0.4765625 0.8046875
0.4765625 0.7890625
0.4921875 0.8203125
0.4921875 0.8359375
0.4765625 0.8359375
0.4765625 0.8203125
0.4921875 0.8515625
0.4921875 0.8671875
0.4765625 0.8671875
0.4765625 0.8515625
0.4921875 0.8828125
0.4921875 0.8984375
0.4765625 0.8984375
0.4765625 0.8828125
0.4921875 0.9140625
0.4921875 0.9296875
0.4765625 0.9296875
0.4765625 0.9140625
0.4921875 0.9453125
0.4921875 0.9609375
0.4765625 0.9609375
0.4765625 0.9453125
0.4921875 0.9765625
0.4921875 0.9921875
0.4765625 0.9921875
0.4765625 0.9765625
0.5234375 0.0078124999999846997
0.5234375 0.0234374999999847
0.5078125 0.0234374999999847
0.5078125 0.0078124999999846997
0.5234375 0.0390625
0.5234375 0.0546875
0.5078125 0.0546875
0.5078125 0.0390625
0.5234375 0.0703125
0.5234375 0.0859375
0.5078125 0.0859375
0.5078125 0.0703125
0.5234375 0.1015625
0.5234375 0.1171875
0.5078125 0.1171875
0.5078125 0.1015625
0.5234375 0.1328125
0.5234375 0.1484375
0.5078125 0.1484375
0.5078125 0.1328125
0.5234375 0.1640625
0.5234375 0.1796875
0.5078125 0.1796875
0.5078125 0.1640625
0.5234375 0.1953125
0.5234375 0.2109375
0.5078125 0.2109375
0.5078125 0.1953125
0.5234375 0.2265625
0.5234375 0.2421875
0.5078125 0.2421875
0.5078125 0.2265625
0.5234375 0.2578125
0.5234375 0.2734375
0.5078125 0.2734375
0.5078125 0.2578125
0.5234375 0.2890625
0.5234375 0.3046875
0.5078125 0.3046875
0.5078125 0.2890625
0.5234375 0.3203125
0.5234375 0.3359375
0.5078125 0.3359375
0.5078125 0.3203125
0.5234375 0.3515625
0.5234375 0.3671875
0.5078125 0.3671875
0.5078125 0.3515625
0.5234375 0.3828125
0.5234375 0.3984375
0.5078125 0.3984375
0.5078125 0.3828125
0.5234375 0.4140625
0.5234375 0.4296875
0.5078125 0.4296875
0.5078125 0.4140625
0.5234375 0.4453125
0.5234375 0.4609375
0.5078125 0.4609375
0.5078125 0.4453125
0.5234375 0.4765625
0.5234375 0.4921875
0.5078125 0.4921875
0.5078125 0.4765625
0.5234375 0.5078125
0.5234375 0.5234375
0.5078125 0.5234375
0.5078125 0.5078125
0.5234375 0.5390625
0.5234375 0.5546875
0.5078125 0.5546875
0.5078125 0.5390625
0.5234375 0.5703125
0.5234375 0.5859375
0.5078125 0.5859375
0.5078125 0.5703125
0.5234375 0.6015625
0.5234375 0.6171875
0.5078125 0.6171875
0.5078125 0.6015625
0.5234375 0.6328125
0.5234375 0.6484375
0.5078125 0.6484375
0.5078125 0.6328125
0.5234375 0.6640625
0.5234375 0.6796875
0.5078125 0.6796875
0.5078125 0.6640625
0.5234375 0.6953125
0.5234375 0.7109375
0.5078125 0.7109375
0.5078125 0.6953125
0.5234375 0.7265625
0.5234375 0.7421875
0.5078125 0.7421875
0.5078125 0.7265625
0.5234375 0.7578125
0.5234375 0.7734375
0.5078125 0.7734375
0.5078125 0.7578125
0.5234375 0.7890625
0.5234375 0.8046875
0.5078125 0.8046875
0.5078125 0.7890625
0.5234375 0.8203125
0.5234375 0.8359375
0.5078125 0.8359375
0.5078125 0.8203125
0.5234375 0.8515625
0.5234375 0.8671875
0.5078125 0.8671875
0.5078125 0.8515625
0.5234375 0.8828125
0.5234375 0.8984375
0.5078125 0.8984375
0.5078125 0.8828125
0.5234375 0.9140625
0.5234375 0.9296875
0.5078125 0.9296875
0.5078125 0.9140625
0.5234375 0.9453125
0.5234375 0.9609375
0.5078125 0.9609375
0.5078125 0.9453125
0.5234375 0.9765625
0.5234375 0.9921875
0.5078125 0.9921875
0.5078125 0.9765625
0.5546875 0.0078124999999846997
0.5546875 0.0234374999999847
0.5390625 0.0234374999999847
0.5390625 0.0078124999999846997
0.5546875 0.0390625
0.5546875 0.0546875
0.5390625 0.0546875
0.5390625 0.0390625
0.5546875 0.0703125
0.5546875 0.0859375
0.5390625 0.0859375
0.5390625 0.0703125
0.5546875 0.1015625
0.5546875 0.1171875
0.5390625 0.1171875
0.5390625 0.1015625
0.5546875 0.1328125
0.5546875 0.1484375
0.5390625 0.1484375
0.5390625 0.1328125
0.5546875 0.1640625
0.5546875 0.1796875
0.5390625 0.1796875
0.5390625 0.1640625
0.5546875 0.1953125
0.5546875 0.2109375
0.5390625 0.2109375
0.5390625 0.1953125
0.5546875 0.2265625
0.5546875 0.2421875
0.5390625 0.2421875
0.5390625 0.2265625
0.5546875 0.2578125
0.5546875 0.2734375
0.5390625 0.2734375
0.5390625 0.2578125
0.5546875 0.2890625
0.5546875 0.3046875
0.5390625 0.3046875
0.5390625 0.2890625
0.5546875 0.3203125
0.5546875 0.3359375
0.5390625 0.3359375
0.5390625 0.3203125
0.5546875 0.3515625
0.5546875 0.3671875
0.5390625 0.3671875
0.5390625 0.3515625
0.5546875 0.3828125
0.5546875 0.3984375
0.5390625 0.3984375
0.5390625 0.3828125
0.5546875 0.4140625
0.5546875 0.4296875
0.5390625 0.4296875
0.5390625 0.4140625
0.5546875 0.4453125
0.5546875 0.4609375
0.5390625 0.4609375
0.5390625 0.4453125
0.5546875 0.4765625
0.5546875 0.4921875
0.5390625 0.4921875
0.5390625 0.4765625
0.5546875 0.5078125
0.5546875 0.5234375
0.5390625 0.5234375
0.5390625 0.5078125
0.5546875 0.5390625
0.5546875 0.5546875
0.5390625 0.5546875
0.5390625 0.5390625
0.5546875 0.5703125
0.5546875 0.5859375
0.5390625 0.5859375
0.5390625 0.5703125
0.5546875 0.6015625
0.5546875 0.6171875
0.5390625 0.6171875
0.5390625 0.6015625
0.5546875 0.6328125
0.5546875 0.6484375
0.5390625 0.6484375
0.5390625 0.6328125
0.5546875 0.6640625
0.5546875 0.6796875
0.5390625 0.6796875
0.5390625 0.6640625
0.5546875 0.6953125
0.5546875 0.7109375
0.5390625 0.7109375
0.5390625 0.6953125
0.5546875 0.7265625
0.5546875 0.7421875
0.5390625 0.7421875
0.5390625 0.7265625
0.5546875 0.7578125
0.5546875 0.7734375
0.5390625 0.7734375
0.5390625 0.7578125
0.5546875 0.7890625
0.5546875 0.8046875
0.5390625 0.8046875
0.5390625 0.7890625
0.5546875 0.8203125
0.5546875 0.8359375
0.5390625 0.8359375
0.5390625 0.8203125
0.5546875 0.8515625
0.5546875 0.8671875
0.5390625 0.8671875
0.5390625 0.8515625
0.5546875 0.8828125
0.5546875 0.8984375
0.5390625 0.8984375
0.5390625 0.8828125
0.5546875 0.9140625
0.5546875 0.9296875
0.5390625 0.9296875
0.5390625 0.9140625
0.5546875 0.9453125
0.5546875 0.9609375
0.5390625 0.9609375
0.5390625 0.9453125
0.5546875 0.9765625
0.5546875 0.9921875
0.5390625 0.9921875
0.5390625 0.9765625
0.5859375 0.0078124999999846997
0.5859375 0.0234374999999847
0.5703125 0.0234374999999847
0.5703125 0.0078124999999846997
0.5859375 0.0390625
0.5859375 0.0546875
0.5703125 0.0546875
0.5703125 0.0390625
0.5859375 0.0703125
0.5859375 0.0859375
0.5703125 0.0859375
0.5703125 0.0703125
0.5859375 0.1015625
0.5859375 0.1171875
0.5703125 0.1171875
0.5703125 0.1015625
0.5859375 0.1328125
0.5859375 0.1484375
0.5703125 0.1484375
0.5703125 0.1328125
0.5859375 0.1640625
0.5859375 0.1796875
0.5703125 0.1796875
0.5703125 0.1640625
0.5859375 0.1953125
0.5859375 0.2109375
0.5703125 0.2109375
0.5703125 0.1953125
0.5859375 0.2265625
0.5859375 0.2421875
0.5703125 0.2421875
0.5703125 0.2265625
0.5859375 0.2578125
0.5859375 0.2734375
0.5703125 0.2734375
0.5703125 0.2578125
0.5859375 0.2890625
0.5859375 0.3046875
0.5703125 0.3046875
0.5703125 0.2890625
0.5859375 0.3203125
0.5859375 0.3359375
0.5703125 0.3359375
0.5703125 0.3203125
0.5859375 0.3515625
0.5859375 0.3671875
0.5703125 0.3671875
0.5703125 0.3515625
0.5859375 0.3828125
0.5859375 0.3984375
0.5703125 0.3984375
0.5703125 0.3828125
0.5859375 0.4140625
0.5859375 0.4296875
0.5703125 0.4296875
0.5703125 0.4140625
0.5859375 0.4453125
0.5859375 0.4609375
0.5703125 0.4609375
0.5703125 0.4453125
0.5859375 0.4765625
0.5859375 0.4921875
0.5703125 0.4921875
0.5703125 0.4765625
0.5859375 0.5078125
0.5859375 0.5234375
0.5703125 0.5234375
0.5703125 0.5078125
0.5859375 0.5390625
0.5859375 0.5546875
0.5703125 0.5546875
0.5703125 0.5390625
0.5859375 0.5703125
0.5859375 0.5859375
0.5703125 0.5859375
0.5703125 0.5703125
0.5859375 0.6015625
0.5859375 0.6171875
0.5703125 0.6171875
0.5703125 0.6015625
0.5859375 0.6328125
0.5859375 0.6484375
0.5703125 0.6484375
0.5703125 0.6328125
0.5859375 0.6640625
0.5859375 0.6796875
0.5703125 0.6796875
0.5703125 0.6640625
0.5859375 0.6953125
0.5859375 0.7109375
0.5703125 0.7109375
0.5703125 0.6953125
0.5859375 0.7265625
0.5859375 0.7421875
0.5703125 0.7421875
0.5703125 0.7265625
0.5859375 0.7578125
0.5859375 0.7734375
0.5703125 0.7734375
0.5703125 0.7578125
0.5859375 0.7890625
0.5859375 0.8046875
0.5703125 0.8046875
0.5703125 0.7890625
0.5859375 0.8203125
0.5859375 0.8359375
0.5703125 0.8359375
0.5703125 0.8203125
0.5859375 0.8515625
0.5859375 0.8671875
0.5703125 0.8671875
0.5703125 0.8515625
0.5859375 0.8828125
0.5859375 0.8984375
0.5703125 0.8984375
0.5703125 0.8828125
0.5859375 0.9140625
0.5859375 0.9296875
0.5703125 0.9296875
0.5703125 0.9140625
0.5859375 0.9453125
0.5859375 0.9609375
0.5703125 0.9609375
0.5703125 0.9453125
0.5859375 0.9765625
0.5859375 0.9921875
0.5703125 0.9921875
0.5703125 0.9765625
0.6171875 0.0078124999999846997
0.6171875 0.0234374999999847
0.6015625 0.0234374999999847
0.6015625 0.0078124999999846997
0.6171875 0.0390625
0.6171875 0.0546875
0.6015625 0.0546875
0.6015625 0.0390625
0.6171875 0.0703125
0.6171875 0.0859375
0.6015625 0.0859375
0.6015625 0.0703125
0.6171875 0.1015625
0.6171875 0.1171875
0.6015625 0.1171875
0.6015625 0.1015625
0.6171875 0.1328125
0.6171875 0.1484375
0.6015625 0.1484375
0.6015625 0.1328125
0.6171875 0.1640625
0.6171875 0.1796875
0.6015625 0.1796875
0.6015625 0.1640625
0.6171875 0.1953125
0.6171875 0.2109375
0.6015625 0.2109375
0.6015625 0.1953125
0.6171875 0.2265625
0.6171875 0.2421875
0.6015625 0.2421875
0.6015625 0.2265625
0.6171875 0.2578125
0.6171875 0.2734375
0.6015625 0.2734375
0.6015625 0.2578125
0.6171875 0.2890625
0.6171875 0.3046875
0.6015625 0.3046875
0.6015625 0.2890625
0.6171875 0.3203125
0.6171875 0.3359375
0.6015625 0.3359375
0.6015625 0.3203125
0.6171875 0.3515625
0.6171875 0.3671875
0.6015625 0.3671875
0.6015625 0.3515625
0.6171875 0.3828125
0.6171875 0.3984375
0.6015625 0.3984375
0.6015625 0.3828125
0.6171875 0.4140625
0.6171875 0.4296875
0.6015625 0.4296875
0.6015625 0.4140625
0.6171875 0.4453125
0.6171875 0.4609375
0.6015625 0.4609375
0.6015625 0.4453125
0.6171875 0.4765625
0.6171875 0.4921875
0.6015625 0.4921875
0.6015625 0.4765625
0.6171875 0.5078125
0.6171875 0.5234375
0.6015625 0.5234375
0.6015625 0.5078125
0.6171875 0.5390625
0.6171875 0.5546875
0.6015625 0.5546875
0.6015625 0.5390625
0.6171875 0.5703125
0.6171875 0.5859375
0.6015625 0.5859375
0.6015625 0.5703125
0.6171875 0.6015625
0.6171875 0.6171875
0.6015625 0.6171875
0.6015625 0.6015625
0.6171875 0.6328125
0.6171875 0.6484375
0.6015625 0.6484375
0.6015625 0.6328125
0.6171875 0.6640625
0.6171875 0.6796875
0.6015625 0.6796875
0.6015625 0.6640625
0.6171875 0.6953125
0.6171875 0.7109375
0.6015625 0.7109375
0.6015625 0.6953125
0.6171875 0.7265625
0.6171875 0.7421875
0.6015625 0.7421875
0.6015625 0.7265625
0.6171875 0.7578125
0.6171875 0.7734375
0.6015625 0.7734375
0.6015625 0.7578125
0.6171875 0.7890625
0.6171875 0.8046875
0.6015625 0.8046875
0.6015625 0.7890625
0.6171875 0.8203125
0.6171875 0.8359375
0.6015625 0.8359375
0.6015625 0.8203125
0.6171875 0.8515625
0.6171875 0.8671875
0.6015625 0.8671875
0.6015625 0.8515625
0.6171875 0.8828125
0.6171875 0.8984375
0.6015625 0.8984375
0.6015625 0.8828125
0.6171875 0.9140625
0.6171875 0.9296875
0.6015625 0.9296875
0.6015625 0.9140625
0.6171875 0.9453125
0.6171875 0.9609375
0.6015625 0.9609375
0.6015625 0.9453125
0.6171875 0.9765625
0.6171875 0.9921875
0.6015625 0.9921875
0.6015625 0.9765625
0.6484375 0.0078124999999846997
0.6484375 0.0234374999999847
0.6328125 0.0234374999999847
0.6328125 0.0078124999999846997
0.6484375 0.0390625
0.6484375 0.0546875
0.6328125 0.0546875
0.6328125 0.0390625
0.6484375 0.0703125
0.6484375 0.0859375
0.6328125 0.0859375
0.6328125 0.0703125
0.6484375 0.1015625
0.6484375 0.1171875
0.6328125 0.1171875
0.6328125 0.1015625
0.6484375 0.1328125
0.6484375 0.1484375
0.6328125 0.1484375
0.6328125 0.1328125
0.6484375 0.1640625
0.6484375 0.1796875
0.6328125 0.1796875
0.6328125 0.1640625
0.6484375 0.1953125
0.6484375 0.2109375
0.6328125 0.2109375
0.6328125 0.1953125
0.6484375 0.2265625
0.6484375 0.2421875
0.6328125 0.2421875
0.6328125 0.2265625
0.6484375 0.2578125
0.6484375 0.2734375
0.6328125 0.2734375
0.6328125 0.2578125
0.6484375 0.2890625
0.6484375 0.3046875
0.6328125 0.3046875
0.6328125 0.2890625
0.6484375 0.3203125
0.6484375 0.3359375
0.6328125 0.3359375
0.6328125 0.3203125
0.6484375 0.3515625
0.6484375 0.3671875
0.6328125 0.3671875
0.6328125 0.3515625
0.6484375 0.3828125
0.6484375 0.3984375
0.6328125 0.3984375
0.6328125 0.3828125
0.6484375 0.4140625
0.6484375 0.4296875
0.6328125 0.4296875
0.6328125 0.4140625
0.6484375 0.4453125
0.6484375 0.4609375
0.6328125 0.4609375
0.6328125 0.4453125
0.6484375 0.4765625
0.6484375 0.4921875
0.6328125 0.4921875
0.6328125 0.4765625
0.6484375 0.5078125
0.6484375 0.5234375
0.6328125 0.5234375
0.6328125 0.5078125
0.6484375 0.5390625
0.6484375 0.5546875
0.6328125 0.5546875
0.6328125 0.5390625
0.6484375 0.5703125
0.6484375 0.5859375
0.6328125 0.5859375
0.6328125 0.5703125
0.6484375 0.6015625
0.6484375 0.6171875
0.6328125 0.6171875
0.6328125 0.6015625
0.6484375 0.6328125
0.6484375 0.6484375
0.6328125 0.6484375
0.6328125 0.6328125
0.6484375 0.6640625
0.6484375 0.6796875
0.6328125 0.6796875
0.6328125 0.6640625
0.6484375 0.6953125
0.6484375 0.7109375
0.6328125 0.7109375
0.6328125 0.6953125
0.6484375 0.7265625
0.6484375 0.7421875
0.6328125 0.7421875
0.6328125 0.7265625
0.6484375 0.7578125
0.6484375 0.7734375
0.6328125 0.7734375
0.6328125 0.7578125
0.6484375 0.7890625
0.6484375 0.8046875
0.6328125 0.8046875
0.6328125 0.7890625
0.6484375 0.8203125
0.6484375 0.8359375
0.6328125 0.8359375
0.6328125 0.8203125
0.6484375 0.8515625
0.6484375 0.8671875
0.6328125 0.8671875
0.6328125 0.8515625
0.6484375 0.8828125
0.6484375 0.8984375
0.6328125 0.8984375
0.6328125 0.8828125
0.6484375 0.9140625
0.6484375 0.9296875
0.6328125 0.9296875
0.6328125 0.9140625
0.6484375 0.9453125
0.6484375 0.9609375
0.6328125 0.9609375
0.6328125 0.9453125
0.6484375 0.9765625
0.6484375 0.9921875
0.6328125 0.9921875
0.6328125 0.9765625
0.6796875 0.0078124999999846997
0.6796875 0.0234374999999847
0.6640625 0.0234374999999847
0.6640625 0.0078124999999846997
0.6796875 0.0390625
0.6796875 0.0546875
0.6640625 0.0546875
0.6640625 0.0390625
0.6796875 0.0703125
0.6796875 0.0859375
0.6640625 0.0859375
0.6640625 0.0703125
0.6796875 0.1015625
0.6796875 0.1171875
0.6640625 0.1171875
0.6640625 0.1015625
0.6796875 0.1328125
0.6796875 0.1484375
0.6640625 0.1484375
0.6640625 0.1328125
0.6796875 0.1640625
0.6796875 0.1796875
0.6640625 0.1796875
0.6640625 0.1640625
0.6796875 0.1953125
0.6796875 0.2109375
0.6640625 0.2109375
0.6640625 0.1953125
0.6796875 0.2265625
0.6796875 0.2421875
0.6640625 0.2421875
0.6640625 0.2265625
0.6796875 0.2578125
0.6796875 0.2734375
0.6640625 0.2734375
0.6640625 0.2578125
0.6796875 0.2890625
0.6796875 0.3046875
0.6640625 0.3046875
0.6640625 0.2890625
0.6796875 0.3203125
0.6796875 0.3359375
0.6640625 0.3359375
0.6640625 0.3203125
0.6796875 0.3515625
0.6796875 0.3671875
0.6640625 0.3671875
0.6640625 0.3515625
0.6796875 0.3828125
0.6796875 0.3984375
0.6640625 0.3984375
0.6640625 0.3828125
0.6796875 0.4140625
0.6796875 0.4296875
0.6640625 0.4296875
0.6640625 0.4140625
0.6796875 0.4453125
0.6796875 0.4609375
0.6640625 0.4609375
0.6640625 0.4453125
0.6796875 0.4765625
0.6796875 0.4921875
0.6640625 0.4921875
0.6640625 0.4765625
0.6796875 0.5078125
0.6796875 0.5234375
0.6640625 0.5234375
0.6640625 0.5078125
0.6796875 0.5390625
0.6796875 0.5546875
0.6640625 0.5546875
0.6640625 0.5390625
0.6796875 0.5703125
0.6796875 0.5859375
0.6640625 0.5859375
0.6640625 0.5703125
0.6796875 0.6015625
0.6796875 0.6171875
0.6640625 0.6171875
0.6640625 0.6015625
0.6796875 0.6328125
0.6796875 0.6484375
0.6640625 0.6484375
0.6640625 0.6328125
0.6796875 0.6640625
0.6796875 0.6796875
0.6640625 0.6796875
0.6640625 0.6640625
0.6796875 0.6953125
0.6796875 0.7109375
0.6640625 0.7109375
0.6640625 0.6953125
0.6796875 0.7265625
0.6796875 0.7421875
0.6640625 0.7421875
0.6640625 0.7265625
0.6796875 0.7578125
0.6796875 0.7734375
0.6640625 0.7734375
0.6640625 0.7578125
0.6796875 0.7890625
0.6796875 0.8046875
0.6640625 0.8046875
0.6640625 0.7890625
0.6796875 0.8203125
0.6796875 0.8359375
0.6640625 0.8359375
0.6640625 0.8203125
0.6796875 0.8515625
0.6796875 0.8671875
0.6640625 0.8671875
0.6640625 0.8515625
0.6796875 0.8828125
0.6796875 0.8984375
0.6640625 0.8984375
0.6640625 0.8828125
0.6796875 0.9140625
0.6796875 0.9296875
0.6640625 0.9296875
0.6640625 0.9140625
0.6796875 0.9453125
0.6796875 0.9609375
0.6640625 0.9609375
0.6640625 0.9453125
0.6796875 0.9765625
0.6796875 0.9921875
0.6640625 0.9921875
0.6640625 0.9765625
0.7109375 0.0078124999999846997
0.7109375 0.0234374999999847
0.6953125 0.0234374999999847
0.6953125 0.0078124999999846997
0.7109375 0.0390625
0.7109375 0.0546875
0.6953125 0.0546875
0.6953125 0.0390625
0.7109375 0.0703125
0.7109375 0.0859375
0.6953125 0.0859375
0.6953125 0.0703125
0.7109375 0.1015625
0.7109375 0.1171875
0.6953125 0.1171875
0.6953125 0.1015625
0.7109375 0.1328125
0.7109375 0.1484375
0.6953125 0.1484375
0.6953125 0.1328125
0.7109375 0.1640625
0.7109375 0.1796875
0.6953125 0.1796875
0.6953125 0.1640625
0.7109375 0.1953125
0.7109375 0.2109375
0.6953125 0.2109375
0.6953125 0.1953125
0.7109375 0.2265625
0.7109375 0.2421875
0.6953125 0.2421875
0.6953125 0.2265625
0.7109375 0.2578125
0.7109375 0.2734375
0.6953125 0.2734375
0.6953125 0.2578125
0.7109375 0.2890625
0.7109375 0.3046875
0.6953125 0.3046875
0.6953125 0.2890625
0.7109375 0.3203125
0.7109375 0.3359375
0.6953125 0.3359375
0.6953125 0.3203125
0.7109375 0.3515625
0.7109375 0.3671875
0.6953125 0.3671875
0.6953125 0.3515625
0.7109375 0.3828125
0.7109375 0.3984375
0.6953125 0.3984375
0.6953125 0.3828125
0.7109375 0.4140625
0.7109375 0.4296875
0.6953125 0.4296875
0.6953125 0.4140625
0.7109375 0.4453125
0.7109375 0.4609375
0.6953125 0.4609375
0.6953125 0.4453125
0.7109375 0.4765625
0.7109375 0.4921875
0.6953125 0.4921875
0.6953125 0.4765625
0.7109375 0.5078125
0.7109375 0.5234375
0.6953125 0.5234375
0.6953125 0.5078125
0.7109375 0.5390625
0.7109375 0.5546875
0.6953125 0.5546875
0.6953125 0.5390625
0.7109375 0.5703125
0.7109375 0.5859375
0.6953125 0.5859375
0.6953125 0.5703125
0.7109375 0.6015625
0.7109375 0.6171875
0.6953125 0.6171875
0.6953125 0.6015625
0.7109375 0.6328125
0.7109375 0.6484375
0.6953125 0.6484375
0.6953125 0.6328125
0.7109375 0.6640625
0.7109375 0.6796875
0.6953125 0.6796875
0.6953125 0.6640625
0.7109375 0.6953125
0.7109375 0.7109375
0.6953125 0.7109375
0.6953125 0.6953125
0.7109375 0.7265625
0.7109375 0.7421875
0.6953125 0.7421875
0.6953125 0.7265625
0.7109375 0.7578125
0.7109375 0.7734375
0.6953125 0.7734375
0.6953125 0.7578125
0.7109375 0.7890625
0.7109375 0.8046875
0.6953125 0.8046875
0.6953125 0.7890625
0.7109375 0.8203125
0.7109375 0.8359375
0.6953125 0.8359375
0.6953125 0.8203125
0.7109375 0.8515625
0.7109375 0.8671875
0.6953125 0.8671875
0.6953125 0.8515625
0.7109375 0.8828125
0.7109375 0.8984375
0.6953125 0.8984375
0.6953125 0.8828125
0.7109375 0.9140625
0.7109375 0.9296875
0.6953125 0.9296875
0.6953125 0.9140625
0.7109375 0.9453125
0.7109375 0.9609375
0.6953125 0.9609375
0.6953125 0.9453125
0.7109375 0.9765625
0.7109375 0.9921875
0.6953125 0.9921875
0.6953125 0.9765625
0.7421875 0.0078124999999846997
0.7421875 0.0234374999999847
0.7265625 0.0234374999999847
0.7265625 0.0078124999999846997
0.7421875 0.0390625
0.7421875 0.0546875
0.7265625 0.0546875
0.7265625 0.0390625
0.7421875 0.0703125
0.7421875 0.0859375
0.7265625 0.0859375
0.7265625 0.0703125
0.7421875 0.1015625
0.7421875 0.1171875
0.7265625 0.1171875
0.7265625 0.1015625
0.7421875 0.1328125
0.7421875 0.1484375
0.7265625 0.1484375
0.7265625 0.1328125
0.7421875 0.1640625
0.7421875 0.1796875
0.7265625 0.1796875
0.7265625 0.1640625
0.7421875 0.1953125
0.7421875 0.2109375
0.7265625 0.2109375
0.7265625 0.1953125
0.7421875 0.2265625
0.7421875 0.2421875
0.7265625 0.2421875
0.7265625 0.2265625
0.7421875 0.2578125
0.7421875 0.2734375
0.7265625 0.2734375
0.7265625 0.2578125
0.7421875 0.2890625
0.7421875 0.3046875
0.7265625 0.3046875
0.7265625 0.2890625
0.7421875 0.3203125
0.7421875 0.3359375
0.7265625 0.3359375
0.7265625 0.3203125
0.7421875 0.3515625
0.7421875 0.3671875
0.7265625 0.3671875
0.7265625 0.3515625
0.7421875 0.3828125
0.7421875 0.3984375
0.7265625 0.3984375
0.7265625 0.3828125
0.7421875 0.4140625
0.7421875 0.4296875
0.7265625 0.4296875
0.7265625 0.4140625
0.7421875 0.4453125
0.7421875 0.4609375
0.7265625 0.4609375
0.7265625 0.4453125
0.7421875 0.4765625
0.7421875 0.4921875
0.7265625 0.4921875
0.7265625 0.4765625
0.7421875 0.5078125
0.7421875 0.5234375
0.7265625 0.5234375
0.7265625 0.5078125
0.7421875 0.5390625
0.7421875 0.5546875
0.7265625 0.5546875
0.7265625 0.5390625
0.7421875 0.5703125
0.7421875 0.5859375
0.7265625 0.5859375
0.7265625 0.5703125
0.7421875 0.6015625
0.7421875 0.6171875
0.7265625 0.6171875
0.7265625 0.6015625
0.7421875 0.6328125
0.7421875 0.6484375
0.7265625 0.6484375
0.7265625 0.6328125
0.7421875 0.6640625
0.7421875 0.6796875
0.7265625 0.6796875
0.7265625 0.6640625
0.7421875 0.6953125
0.7421875 0.7109375
0.7265625 0.7109375
0.7265625 0.6953125
0.7421875 0.7265625
0.7421875 0.7421875
0.7265625 0.7421875
0.7265625 0.7265625
0.7421875 0.7578125
0.7421875 0.7734375
0.7265625 0.7734375
0.7265625 0.7578125
0.7421875 0.7890625
0.7421875 0.8046875
0.7265625 0.8046875
0.7265625 0.7890625
0.7421875 0.8203125
0.7421875 0.8359375
0.7265625 0.8359375
0.7265625 0.8203125
0.7421875 0.8515625
0.7421875 0.8671875
0.7265625 0.8671875
0.7265625 0.8515625
0.7421875 0.8828125
0.7421875 0.8984375
0.7265625 0.8984375
0.7265625 0.8828125
0.7421875 0.9140625
0.7421875 0.9296875
0.7265625 0.9296875
0.7265625 0.9140625
0.7421875 0.9453125
0.7421875 0.9609375
0.7265625 0.9609375
0.7265625 0.9453125
0.7421875 0.9765625
0.7421875 0.9921875
0.7265625 0.9921875
0.7265625 0.9765625
CELLS 10240
4 33 2177 3201 1089
4 34 1121 3201 2177
4 1 2145 3201 1121
4 0 1089 3201 2145
4 34 2178 3202 1121
4 35 1153 3202 2178
4 2 2146 3202 1153
4 1 1121 3202 2146
4 35 2179 3203 1153
4 36 1185 3203 2179
4 3 2147 3203 1185
4 2 1153 3203 2147
4 36 2180 3204 1185
4 37 1217 3204 2180
4 4 2148 3204 1217
4 3 1185 3204 2148
4 37 2181 3205 1217
4 38 1249 3205 2181
4 5 2149 3205 1249
4 4 1217 3205 2149
4 38 2182 3206 1249
4 39 1281 3206 2182
4 6 2150 3206 1281
4 5 1249 3206 2150
4 39 2183 3207 1281
4 40 1313 3207 2183
4 7 2151 3207 1313
4 6 1281 3207 2151
4 40 2184 3208 1313
4 41 1345 3208 2184
4 8 2152 3208 1345
4 7 1313 3208 2152
4 41 2185 3209 1345
4 42 1377 3209 2185
4 9 2153 3209 1377
4 8 1345 3209 2153
4 42 2186 3210 1377
4 43 1409 3210 2186
4 10 2154 3210 1409
4 9 1377 3210 2154
4 43 2187 3211 1409
4 44 1441 3211 2187
4 11 2155 3211 1441
4 10 1409 3211 2155
4 44 2188 3212 1441
4 45 1473 3212 2188
4 12 2156 3212 1473
4 11 1441 3212 2156
4 45 2189 3213 1473
4 46 1505 3213 2189
4 13 2157 3213 1505
4 12 1473 3213 2157
4 46 2190 3214 1505
4 47 1537 3214 2190
4 14 2158 3214 1537
4 13 1505 3214 2158
4 47 2191 3215 1537
4 48 1569 3215 2191
4 15 2159 3215 1569
4 14 1537 3215 2159
4 48 2192 3216 1569
4 49 1601 3216 2192
4 16 2160 3216 1601
4 15 1569 3216 2160
4 49 2193 3217 1601
4 50 1633 3217 2193
4 17 2161 3217 1633
4 16 1601 3217 2161
4 50 2194 3218 1633
4 51 1665 3218 2194
4 18 2162 3218 1665
4 17 1633 3218 2162
4 51 2195 3219 1665
4 52 1697 3219 2195
4 19 2163 3219 1697
4 18 1665 3219 2163
4 52 2196 3220 1697
4 53 1729 3220 2196
4 20 2164 3220 1729
4 19 1697 3220 2164
4 53 2197 3221 1729
4 54 1761 3221 2197
4 21 2165 3221 1761
4 20 1729 3221 2165
4 54 2198 3222 1761
4 55 1793 3222 2198
4 22 2166 3222 1793
4 21 1761 3222 2166
4 55 2199 3223 1793
4 56 1825 3223 2199
4 23 2167 3223 1825
4 22 1793 3223 2167
4 56 2200 3224 1825
4 57 1857 3224 2200
4 24 2168 3224 1857
4 23 1825 3224 2168
4 57 2201 3225 1857
4 58 1889 3225 2201
4 25 2169 3225 1889
4 24 1857 3225 2169
4 58 2202 3226 1889
4 59 1921 3226 2202
4 26 2170 3226 1921
4 25 1889 3226 2170
4 59 2203 3227 1921
4 60 1953 3227 2203
4 27 2171 3227 1953
4 26 1921 3227 2171
4 60 2204 3228 1953
4 61 1985 3228 2204
4 28 2172 3228 1985
4 27 1953 3228 2172
4 61 2205 3229 1985
4 62 2017 3229 2205
4 29 2173 3229 2017
4 28 1985 3229 2173
4 62 2206 3230 2017
4 63 2049 3230 2206
4 30 2174 3230 2049
4 29 2017 3230 2174
4 63 2207 3231 2049
4 64 2081 3231 2207
4 31 2175 3231 2081
4 30 2049 3231 2175
4 64 2208 3232 2081
4 65 2113 3232 2208
4 32 2176 3232 2113
4 31 2081 3232 2176
4 66 2209 3233 1090
4 67 1122 3233 2209
4 34 2177 3233 1122
4 33 1090 3233 2177
4 67 2210 3234 1122
4 68 1154 3234 2210
4 35 2178 3234 1154
4 34 1122 3234 2178
4 68 2211 3235 1154
4 69 1186 3235 2211
4 36 2179 3235 1186
4 35 1154 3235 2179
4 69 2212 3236 1186
4 70 1218 3236 2212
4 37 2180 3236 1218
4 36 1186 3236 2180
4 70 2213 3237 1218
4 71 1250 3237 2213
4 38 2181 3237 1250
4 37 1218 3237 2181
4 71 2214 3238 1250
4 72 1282 3238 2214
4 39 2182 3238 1282
4 38 1250 3238 2182
4 72 2215 3239 1282
4 73 1314 3239 2215
4 40 2183 3239 1314
4 39 1282 3239 2183
4 73 2216 3240 1314
4 74 1346 3240 2216
4 41 2184 3240 1346
4 40 1314 3240 2184
4 74 2217 3241 1346
4 75 1378 3241 2217
4 42 2185 3241 1378
4 41 1346 3241 2185
4 75 2218 3242 1378
4 76 1410 3242 2218
4 43 2186 3242 1410
4 42 1378 3242 2186
4 76 2219 3243 1410
4 77 1442 3243 2219
4 44 2187 3243 1442
4 43 1410 3243 2187
4 77 2220 3244 1442
4 78 1474 3244 2220
4 45 2188 3244 1474
4 44 1442 3244 2188
4 78 2221 3245 1474
4 79 1506 3245 2221
4 46 2189 3245 1506
4 45 1474 3245 2189
4 79 2222 3246 1506
4 80 1538 3246 2222
4 47 2190 3246 1538
4 46 1506 3246 2190
4 80 2223 3247 1538
4 81 1570 3247 2223
4 48 2191 3247 1570
4 47 1538 3247 2191
4 81 2224 3248 1570
4 82 1602 3248 2224
4 49 2192 3248 1602
4 48 1570 3248 2192
4 82 2225 3249 1602
4 83 1634 3249 2225
4 50 2193 3249 1634
4 49 1602 3249 2193
4 83 2226 3250 1634
4 84 1666 3250 2226
4 51 2194 3250 1666
4 50 1634 3250 2194
4 84 2227 3251 1666
4 85 1698 3251 2227
4 52 2195 3251 1698
4 51 1666 3251 2195
4 85 2228 3252 1698
4 86 1730 3252 2228
4 53 2196 3252 1730
4 52 1698 3252 2196
4 86 2229 3253 1730
4 87 1762 3253 2229
4 54 2197 3253 1762
4 53 1730 3253 2197
4 87 2230 3254 1762
4 88 1794 3254 2230
4 55 2198 3254 1794
4 54 1762 3254 2198
4 88 2231 3255 1794
4 89 1826 3255 2231
4 56 2199 3255 1826
4 55 1794 3255 2199
4 89 2232 3256 1826
4 90 1858 3256 2232
4 57 2200 3256 1858
4 56 1826 3256 2200
4 90 2233 3257 1858
4 91 1890 3257 2233
4 58 2201 3257 1890
4 57 1858 3257 2201
4 91 2234 3258 1890
4 92 1922 3258 2234
4 59 2202 3258 1922
4 58 1890 3258 2202
4 92 2235 3259 1922
4 93 1954 3259 2235
4 60 2203 3259 1954
4 59 1922 3259 2203
4 93 2236 3260 1954
4 94 1986 3260 2236
4 61 2204 3260 1986
4 60 1954 3260 2204
4 94 2237 3261 1986
4 95 2018 3261 2237
4 62 2205 3261 2018
4 61 1986 3261 2205
4 95 2238 3262 2018
4 96 2050 3262 2238
4 63 2206 3262 2050
4 62 2018 3262 2206
4 96 2239 3263 2050
4 97 2082 3263 2239
4 64 2207 3263 2082
4 63 2050 3263 2207
4 97 2240 3264 2082
4 98 2114 3264 2240
4 65 2208 3264 2114
4 64 2082 3264 2208
4 99 2241 3265 1091
4 100 1123 3265 2241
4 67 2209 3265 1123
4 66 1091 3265 2209
4 100 2242 3266 1123
4 101 1155 3266 2242
4 68 2210 3266 1155
4 67 1123 3266 2210
4 101 2243 3267 1155
4 102 1187 3267 2243
4 69 2211 3267 1187
4 68 1155 3267 2211
4 102 2244 3268 1187
4 103 1219 3268 2244
4 70 2212 3268 1219
4 69 1187 3268 2212
4 103 2245 3269 1219
4 104 1251 3269 2245
4 71 2213 3269 1251
4 70 1219 3269 2213
4 104 2246 3270 1251
4 105 1283 3270 2246
4 72 2214 3270 1283
4 71 1251 3270 2214
4 105 2247 3271 1283
4 106 1315 3271 2247
4 73 2215 3271 1315
4 72 1283 3271 2215
4 106 2248 3272 1315
4 107 1347 3272 2248
4 74 2216 3272 1347
4 73 1315 3272 2216
4 107 2249 3273 1347
4 108 1379 3273 2249
4 75 2217 3273 1379
4 74 1347 3273 2217
4 108 2250 3274 1379
4 109 1411 3274 2250
4 76 2218 3274 1411
4 75 1379 3274 2218
4 109 2251 3275 1411
4 110 1443 3275 2251
4 77 2219 3275 1443
4 76 1411 3275 2219
4 110 2252 3276 1443
4 111 1475 3276 2252
4 78 2220 3276 1475
4 77 1443 3276 2220
4 111 2253 3277 1475
4 112 1507 3277 2253
4 79 2221 3277 1507
4 78 1475 3277 2221
4 112 2254 3278 1507
4 113 1539 3278 2254
4 80 2222 3278 1539
4 79 1507 3278 2222
4 113 2255 3279 1539
4 114 1571 3279 2255
4 81 2223 3279 1571
4 80 1539 3279 2223
4 114 2256 3280 1571
4 115 1603 3280 2256
4 82 2224 3280 1603
4 81 1571 3280 2224
4 115 2257 3281 1603
4 116 1635 3281 2257
4 83 2225 3281 1635
4 82 1603 3281 2225
4 116 2258 3282 1635
4 117 1667 3282 2258
4 84 2226 3282 1667
4 83 1635 3282 2226
4 117 2259 3283 1667
4 118 1699 3283 2259
4 85 2227 3283 1699
4 84 1667 3283 2227
4 118 2260 3284 1699
4 119 1731 3284 2260
4 86 2228 3284 1731
4 85 1699 3284 2228
4 119 2261 3285 1731
4 120 1763 3285 2261
4 87 2229 3285 1763
4 86 1731 3285 2229
4 120 2262 3286 1763
4 121 1795 3286 2262
4 88 2230 3286 1795
4 87 1763 3286 2230
4 121 2263 3287 1795
4 122 1827 3287 2263
4 89 2231 3287 1827
4 88 1795 3287 2231
4 122 2264 3288 1827
4 123 1859 3288 2264
4 90 2232 3288 1859
4 89 1827 3288 2232
4 123 2265 3289 1859
4 124 1891 3289 2265
4 91 2233 3289 1891
4 90 1859 3289 2233
4 124 2266 3290 1891
4 125 1923 3290 2266
4 92 2234 3290 1923
4 91 1891 3290 2234
4 125 2267 3291 1923
4 126 1955 3291 2267
4 93 2235 3291 1955
4 92 1923 3291 2235
4 126 2268 3292 1955
4 127 1987 3292 2268
4 94 2236 3292 1987
4 93 1955 3292 2236
4 127 2269 3293 1987
4 128 2019 3293 2269
4 95 2237 3293 2019
4 94 1987 3293 2237
4 128 2270 3294 2019
4 129 2051 3294 2270
4 96 2238 3294 2051
4 95 2019 3294 2238
4 129 2271 3295 2051
4 130 2083 3295 2271
4 97 2239 3295 2083
4 96 2051 3295 2239
4 130 2272 3296 2083
4 131 2115 3296 2272
4 98 2240 3296 2115
4 97 2083 3296 2240
4 132 2273 3297 1092
4 133 1124 3297 2273
4 100 2241 3297 1124
4 99 1092 3297 2241
4 133 2274 3298 1124
4 134 1156 3298 2274
4 101 2242 3298 1156
4 100 1124 3298 2242
4 134 2275 3299 1156
4 135 1188 3299 2275
4 102 2243 3299 1188
4 101 1156 3299 2243
4 135 2276 3300 1188
4 136 1220 3300 2276
4 103 2244 3300 1220
4 102 1188 3300 2244
4 136 2277 3301 1220
4 137 1252 3301 2277
4 104 2245 3301 1252
4 103 1220 3301 2245
4 137 2278 3302 1252
4 138 1284 3302 2278
4 105 2246 3302 1284
4 104 1252 3302 2246
4 138 2279 3303 1284
4 139 1316 3303 2279
4 106 2247 3303 1316
4 105 1284 3303 2247
4 139 2280 3304 1316
4 140 1348 3304 2280
4 107 2248 3304 1348
4 106 1316 3304 2248
4 140 2281 3305 1348
4 141 1380 3305 2281
4 108 2249 3305 1380
4 107 1348 3305 2249
4 141 2282 3306 1380
4 142 1412 3306 2282
4 109 2250 3306 1412
4 108 1380 3306 2250
4 142 2283 3307 1412
4 143 1444 3307 2283
4 110 2251 3307 1444
4 109 1412 3307 2251
4 143 2284 3308 1444
4 144 1476 3308 2284
4 111 2252 3308 1476
4 110 1444 3308 2252
4 144 2285 3309 1476
4 145 1508 3309 2285
4 112 2253 3309 1508
4 111 1476 3309 2253
4 145 2286 3310 1508
4 146 1540 3310 2286
4 113 2254 3310 1540
4 112 1508 3310 2254
4 146 2287 3311 1540
4 147 1572 3311 2287
4 114 2255 3311 1572
4 113 1540 3311 2255
4 147 2288 3312 1572
4 148 1604 3312 2288
4 115 2256 3312 1604
4 114 1572 3312 2256
4 148 2289 3313 1604
4 149 1636 3313 2289
4 116 2257 3313 1636
4 115 1604 3313 2257
4 149 2290 3314 1636
4 150 1668 3314 2290
4 117 2258 3314 1668
4 116 1636 3314 2258
4 150 2291 3315 1668
4 151 1700 3315 2291
4 118 2259 3315 1700
4 117 1668 3315 2259
4 151 2292 3316 1700
4 152 1732 3316 2292
4 119 2260 3316 1732
4 118 1700 3316 2260
4 152 2293 3317 1732
4 153 1764 3317 2293
4 120 2261 3317 1764
4 119 1732 3317 2261
4 153 2294 3318 1764
4 154 1796 3318 2294
4 121 2262 3318 1796
4 120 1764 3318 2262
4 154 2295 3319 1796
4 155 1828 3319 2295
4 122 2263 3319 1828
4 121 1796 3319 2263
4 155 2296 3320 1828
4 156 1860 3320 2296
4 123 2264 3320 1860
4 122 1828 3320 2264
4 156 2297 3321 1860
4 157 1892 3321 2297
4 124 2265 3321 1892
4 123 1860 3321 2265
4 157 2298 3322 1892
4 158 1924 3322 2298
4 125 2266 3322 1924
4 124 1892 3322 2266
4 158 2299 3323 1924
4 159 1956 3323 2299
4 126 2267 3323 1956
4 125 1924 3323 2267
4 159 2300 3324 1956
4 160 1988 3324 2300
4 127 2268 3324 1988
4 126 1956 3324 2268
4 160 2301 3325 1988
4 161 2020 3325 2301
4 128 2269 3325 2020
4 127 1988 3325 2269
4 161 2302 3326 2020
4 162 2052 3326 2302
4 129 2270 3326 2052
4 128 2020 3326 2270
4 162 2303 3327 2052
4 163 2084 3327 2303
4 130 2271 3327 2084
4 129 2052 3327 2271
4 163 2304 3328 2084
4 164 2116 3328 2304
4 131 2272 3328 2116
4 130 2084 3328 2272
4 165 2305 3329 1093
4 166 1125 3329 2305
4 133 2273 3329 1125
4 132 1093 3329 2273
4 166 2306 3330 1125
4 167 1157 3330 2306
4 134 2274 3330 1157
4 133 1125 3330 2274
4 167 2307 3331 1157
4 168 1189 3331 2307
4 135 2275 3331 1189
4 134 1157 3331 2275
4 168 2308 3332 1189
4 169 1221 3332 2308
4 136 2276 3332 1221
4 135 1189 3332 2276
4 169 2309 3333 1221
4 170 1253 3333 2309
4 137 2277 3333 1253
4 136 1221 3333 2277
4 170 2310 3334 1253
4 171 1285 3334 2310
4 138 2278 3334 1285
4 137 1253 3334 2278
4 171 2311 3335 1285
4 172 1317 3335 2311
4 139 2279 3335 1317
4 138 1285 3335 2279
4 172 2312 3336 1317
4 173 1349 3336 2312
4 140 2280 3336 1349
4 139 1317 3336 2280
4 173 2313 3337 1349
4 174 1381 3337 2313
4 141 2281 3337 1381
4 140 1349 3337 2281
4 174 2314 3338 1381
4 175 1413 3338 2314
4 142 2282 3338 1413
4 141 1381 3338 2282
4 175 2315 3339 1413
4 176 1445 3339 2315
4 143 2283 3339 1445
4 142 1413 3339 2283
4 176 2316 3340 1445
4 177 1477 3340 2316
4 144 2284 3340 1477
4 143 1445 3340 2284
4 177 2317 3341 1477
4 178 1509 3341 2317
4 145 2285 3341 1509
4 144 1477 3341 2285
4 178 2318 3342 1509
4 179 1541 3342 2318
4 146 2286 3342 1541
4 145 1509 3342 2286
4 179 2319 3343 1541
4 180 1573 3343 2319
4 147 2287 3343 1573
4 146 1541 3343 2287
4 180 2320 3344 1573
4 181 1605 3344 2320
4 148 2288 3344 1605
4 147 1573 3344 2288
4 181 2321 3345 1605
4 182 1637 3345 2321
4 149 2289 3345 1637
4 148 1605 3345 2289
4 182 2322 3346 1637
4 183 1669 3346 2322
4 150 2290 3346 1669
4 149 1637 3346 2290
4 183 2323 3347 1669
4 184 1701 3347 2323
4 151 2291 3347 1701
4 150 1669 3347 2291
4 184 2324 3348 1701
4 185 1733 3348 2324
4 152 2292 3348 1733
4 151 1701 3348 2292
4 185 2325 3349 1733
4 186 1765 3349 2325
4 153 2293 3349 1765
4 152 1733 3349 2293
4 186 2326 3350 1765
4 187 1797 3350 2326
4 154 2294 3350 1797
4 153 1765 3350 2294
4 187 2327 3351 1797
4 188 1829 3351 2327
4 155 2295 3351 1829
4 154 1797 3351 2295
4 188 2328 3352 1829
4 189 1861 3352 2328
4 156 2296 3352 1861
4 155 1829 3352 2296
4 189 2329 3353 1861
4 190 1893 3353 2329
4 157 2297 3353 1893
4 156 1861 3353 2297
4 190 2330 3354 1893
4 191 1925 3354 2330
4 158 2298 3354 1925
4 157 1893 3354 2298
4 191 2331 3355 1925
4 192 1957 3355 2331
4 159 2299 3355 1957
4 158 1925 3355 2299
4 192 2332 3356 1957
4 193 1989 3356 2332
4 160 2300 3356 1989
4 159 1957 3356 2300
4 193 2333 3357 1989
4 194 2021 3357 2333
4 161 2301 3357 2021
4 160 1989 3357 2301
4 194 2334 3358 2021
4 195 2053 3358 2334
4 162 2302 3358 2053
4 161 2021 3358 2302
4 195 2335 3359 2053
4 196 2085 3359 2335
4 163 2303 3359 2085
4 162 2053 3359 2303
4 196 2336 3360 2085
4 197 2117 3360 2336
4 164 2304 3360 2117
4 163 2085 3360 2304
4 198 2337 3361 1094
4 199 1126 3361 2337
4 166 2305 3361 1126
4 165 1094 3361 2305
4 199 2338 3362 1126
4 200 1158 3362 2338
4 167 2306 3362 1158
4 166 1126 3362 2306
4 200 2339 3363 1158
4 201 1190 3363 2339
4 168 2307 3363 1190
4 167 1158 3363 2307
4 201 2340 3364 1190
4 202 1222 3364 2340
4 169 2308 3364 1222
4 168 1190 3364 2308
4 202 2341 3365 1222
4 203 1254 3365 2341
4 170 2309 3365 1254
4 169 1222 3365 2309
4 203 2342 3366 1254
4 204 1286 3366 2342
4 171 2310 3366 1286
4 170 1254 3366 2310
4 204 2343 3367 1286
4 205 1318 3367 2343
4 172 2311 3367 1318
4 171 1286 3367 2311
4 205 2344 3368 1318
4 206 1350 3368 2344
4 173 2312 3368 1350
4 172 1318 3368 2312
4 206 2345 3369 1350
4 207 1382 3369 2345
4 174 2313 3369 1382
4 173 1350 3369 2313
4 207 2346 3370 1382
4 208 1414 3370 2346
4 175 2314 3370 1414
4 174 1382 3370 2314
4 208 2347 3371 1414
4 209 1446 3371 2347
4 176 2315 3371 1446
4 175 1414 3371 2315
4 209 2348 3372 1446
4 210 1478 3372 2348
4 177 2316 3372 1478
4 176 1446 3372 2316
4 210 2349 3373 1478
4 211 1510 3373 2349
4 178 2317 3373 1510
4 177 1478 3373 2317
4 211 2350 3374 1510
4 212 1542 3374 2350
4 179 2318 3374 1542
4 178 1510 3374 2318
4 212 2351 3375 1542
4 213 1574 3375 2351
4 180 2319 3375 1574
4 179 1542 3375 2319
4 213 2352 3376 1574
4 214 1606 3376 2352
4 181 2320 3376 1606
4 180 1574 3376 2320
4 214 2353 3377 1606
4 215 1638 3377 2353
4 182 2321 3377 1638
4 181 1606 3377 2321
4 215 2354 3378 1638
4 216 1670 3378 2354
4 183 2322 3378 1670
4 182 1638 3378 2322
4 216 2355 3379 1670
4 217 1702 3379 2355
4 184 2323 3379 1702
4 183 1670 3379 2323
4 217 2356 3380 1702
4 218 1734 3380 2356
4 185 2324 3380 1734
4 184 1702 3380 2324
4 218 2357 3381 1734
4 219 1766 3381 2357
4 186 2325 3381 1766
4 185 1734 3381 2325
4 219 2358 3382 1766
4 220 1798 3382 2358
4 187 2326 3382 1798
4 186 1766 3382 2326
4 220 2359 3383 1798
4 221 1830 3383 2359
4 188 2327 3383 1830
4 187 1798 3383 2327
4 221 2360 3384 1830
4 222 1862 3384 2360
4 189 2328 3384 1862
4 188 1830 3384 2328
4 222 2361 3385 1862
4 223 1894 3385 2361
4 190 2329 3385 1894
4 189 1862 3385 2329
4 223 2362 3386 1894
4 224 1926 3386 2362
4 191 2330 3386 1926
4 190 1894 3386 2330
4 224 2363 3387 1926
4 225 1958 3387 2363
4 192 2331 3387 1958
4 191 1926 3387 2331
4 225 2364 3388 1958
4 226 1990 3388 2364
4 193 2332 3388 1990
4 192 1958 3388 2332
4 226 2365 3389 1990
4 227 2022 3389 2365
4 194 2333 3389 2022
4 193 1990 3389 2333
4 227 2366 3390 2022
4 228 2054 3390 2366
4 195 2334 3390 2054
4 194 2022 3390 2334
4 228 2367 3391 2054
4 229 2086 3391 2367
4 196 2335 3391 2086
4 195 2054 3391 2335
4 229 2368 3392 2086
4 230 2118 3392 2368
4 197 2336 3392 2118
4 196 2086 3392 2336
4 231 2369 3393 1095
4 232 1127 3393 2369
4 199 2337 3393 1127
4 198 1095 3393 2337
4 232 2370 3394 1127
4 233 1159 3394 2370
4 200 2338 3394 1159
4 199 1127 3394 2338
4 233 2371 3395 1159
4 234 1191 3395 2371
4 201 2339 3395 1191
4 200 1159 3395 2339
4 234 2372 3396 1191
4 235 1223 3396 2372
4 202 2340 3396 1223
4 201 1191 3396 2340
4 235 2373 3397 1223
4 236 1255 3397 2373
4 203 2341 3397 1255
4 202 1223 3397 2341
4 236 2374 3398 1255
4 237 1287 3398 2374
4 204 2342 3398 1287
4 203 1255 3398 2342
4 237 2375 3399 1287
4 238 1319 3399 2375
4 205 2343 3399 1319
4 204 1287 3399 2343
4 238 2376 3400 1319
4 239 1351 3400 2376
4 206 2344 3400 1351
4 205 1319 3400 2344
4 239 2377 3401 1351
4 240 1383 3401 2377
4 207 2345 3401 1383
4 206 1351 3401 2345
4 240 2378 3402 1383
4 241 1415 3402 2378
4 208 2346 3402 1415
4 207 1383 3402 2346
4 241 2379 3403 1415
4 242 1447 3403 2379
4 209 2347 3403 1447
4 208 1415 3403 2347
4 242 2380 3404 1447
4 243 1479 3404 2380
4 210 2348 3404 1479
4 209 1447 3404 2348
4 243 2381 3405 1479
4 244 1511 3405 2381
4 211 2349 3405 1511
4 210 1479 3405 2349
4 244 2382 3406 1511
4 245 1543 3406 2382
4 212 2350 3406 1543
4 211 1511 3406 2350
4 245 2383 3407 1543
4 246 1575 3407 2383
4 213 2351 3407 1575
4 212 1543 3407 2351
4 246 2384 3408 1575
4 247 1607 3408 2384
4 214 2352 3408 1607
4 213 1575 3408 2352
4 247 2385 3409 1607
4 248 1639 3409 2385
4 215 2353 3409 1639
4 214 1607 3409 2353
4 248 2386 3410 1639
4 249 1671 3410 2386
4 216 2354 3410 1671
4 215 1639 3410 2354
4 249 2387 3411 1671
4 250 1703 3411 2387
4 217 2355 3411 1703
4 216 1671 3411 2355
4 250 2388 3412 1703
4 251 1735 3412 2388
4 218 2356 3412 1735
4 217 1703 3412 2356
4 251 2389 3413 1735
4 252 1767 3413 2389
4 219 2357 3413 1767
4 218 1735 3413 2357
4 252 2390 3414 1767
4 253 1799 3414 2390
4 220 2358 3414 1799
4 219 1767 3414 2358
4 253 2391 3415 1799
4 254 1831 3415 2391
4 221 2359 3415 1831
4 220 1799 3415 2359
4 254 2392 3416 1831
4 255 1863 3416 2392
4 222 2360 3416 1863
4 221 1831 3416 2360
4 255 2393 3417 1863
4 256 1895 3417 2393
4 223 2361 3417 1895
4 222 1863 3417 2361
4 256 2394 3418 1895
4 257 1927 3418 2394
4 224 2362 3418 1927
4 223 1895 3418 2362
4 257 2395 3419 1927
4 258 1959 3419 2395
4 225 2363 3419 1959
4 224 1927 3419 2363
4 258 2396 3420 1959
4 259 1991 3420 2396
4 226 2364 3420 1991
4 225 1959 3420 2364
4 259 2397 3421 1991
4 260 2023 3421 2397
4 227 2365 3421 2023
4 226 1991 3421 2365
4 260 2398 3422 2023
4 261 2055 3422 2398
4 228 2366 3422 2055
4 227 2023 3422 2366
4 261 2399 3423 2055
4 262 2087 3423 2399
4 229 2367 3423 2087
4 228 2055 3423 2367
4 262 2400 3424 2087
4 263 2119 3424 2400
4 230 2368 3424 2119
4 229 2087 3424 2368
5 264 4236 2401 3425 1096
5 265 1128 3425 2401 4232
4 232 2369 3425 1128
4 231 1096 3425 2369
5 265 4246 2402 3426 1128
5 266 1160 3426 2402 4243
4 233 2370 3426 1160
4 232 1128 3426 2370
5 266 4256 2403 3427 1160
5 267 1192 3427 2403 4253
4 234 2371 3427 1192
4 233 1160 3427 2371
5 267 4266 2404 3428 1192
5 268 1224 3428 2404 4263
4 235 2372 3428 1224
4 234 1192 3428 2372
5 268 4276 2405 3429 1224
5 269 1256 3429 2405 4273
4 236 2373 3429 1256
4 235 1224 3429 2373
5 269 4286 2406 3430 1256
5 270 1288 3430 2406 4283
4 237 2374 3430 1288
4 236 1256 3430 2374
5 270 4296 2407 3431 1288
5 271 1320 3431 2407 4293
4 238 2375 3431 1320
4 237 1288 3431 2375
5 271 4306 2408 3432 1320
5 272 1352 3432 2408 4303
4 239 2376 3432 1352
4 238 1320 3432 2376
5 272 4316 2409 3433 1352
5 273 1384 3433 2409 4313
4 240 2377 3433 1384
4 239 1352 3433 2377
5 273 4326 2410 3434 1384
5 274 1416 3434 2410 4323
4 241 2378 3434 1416
4 240 1384 3434 2378
5 274 4336 2411 3435 1416
5 275 1448 3435 2411 4333
4 242 2379 3435 1448
4 241 1416 3435 2379
5 275 4346 2412 3436 1448
5 276 1480 3436 2412 4343
4 243 2380 3436 1480
4 242 1448 3436 2380
5 276 4356 2413 3437 1480
5 277 1512 3437 2413 4353
4 244 2381 3437 1512
4 243 1480 3437 2381
5 277 4366 2414 3438 1512
5 278 1544 3438 2414 4363
4 245 2382 3438 1544
4 244 1512 3438 2382
5 278 4376 2415 3439 1544
5 279 1576 3439 2415 4373
4 246 2383 3439 1576
4 245 1544 3439 2383
5 279 4386 2416 3440 1576
5 280 1608 3440 2416 4383
4 247 2384 3440 1608
4 246 1576 3440 2384
5 280 4396 2417 3441 1608
5 281 1640 3441 2417 4393
4 248 2385 3441 1640
4 247 1608 3441 2385
5 281 4406 2418 3442 1640
5 282 1672 3442 2418 4403
4 249 2386 3442 1672
4 248 1640 3442 2386
5 282 4416 2419 3443 1672
5 283 1704 3443 2419 4413
4 250 2387 3443 1704
4 249 1672 3443 2387
5 283 4426 2420 3444 1704
5 284 1736 3444 2420 4423
4 251 2388 3444 1736
4 250 1704 3444 2388
5 284 4436 2421 3445 1736
5 285 1768 3445 2421 4433
4 252 2389 3445 1768
4 251 1736 3445 2389
5 285 4446 2422 3446 1768
5 286 1800 3446 2422 4443
4 253 2390 3446 1800
4 252 1768 3446 2390
5 286 4456 2423 3447 1800
5 287 1832 3447 2423 4453
4 254 2391 3447 1832
4 253 1800 3447 2391
5 287 4466 2424 3448 1832
5 288 1864 3448 2424 4463
4 255 2392 3448 1864
4 254 1832 3448 2392
5 288 4476 2425 3449 1864
5 289 1896 3449 2425 4473
4 256 2393 3449 1896
4 255 1864 3449 2393
5 289 4486 2426 3450 1896
5 290 1928 3450 2426 4483
4 257 2394 3450 1928
4 256 1896 3450 2394
5 290 4496 2427 3451 1928
5 291 1960 3451 2427 4493
4 258 2395 3451 1960
4 257 1928 3451 2395
5 291 4506 2428 3452 1960
5 292 1992 3452 2428 4503
4 259 2396 3452 1992
4 258 1960 3452 2396
5 292 4516 2429 3453 1992
5 293 2024 3453 2429 4513
4 260 2397 3453 2024
4 259 1992 3453 2397
5 293 4526 2430 3454 2024
5 294 2056 3454 2430 4523
4 261 2398 3454 2056
4 260 2024 3454 2398
5 294 4536 2431 3455 2056
5 295 2088 3455 2431 4533
4 262 2399 3455 2088
4 261 2056 3455 2399
5 295 4546 2432 3456 2088
5 296 2120 3456 2432 4543
4 263 2400 3456 2120
4 262 2088 3456 2400
4 297 4225 8417 4228
4 4225 2433 4226 8417
4 8417 4226 3457 4227
4 4228 8417 4227 1097
4 298 4229 8418 4231
4 4229 1129 4230 8418
4 8418 4230 3457 4226
4 4231 8418 4226 2433
4 265 4232 8419 4234
4 4232 2401 4233 8419
4 8419 4233 3457 4230
4 4234 8419 4230 1129
4 264 4235 8420 4236
4 4235 1097 4227 8420
4 8420 4227 3457 4233
4 4236 8420 4233 2401
4 298 4237 8421 4229
4 4237 2434 4238 8421
4 8421 4238 3458 4239
4 4229 8421 4239 1129
4 299 4240 8422 4242
4 4240 1161 4241 8422
4 8422 4241 3458 4238
4 4242 8422 4238 2434
4 266 4243 8423 4245
4 4243 2402 4244 8423
4 8423 4244 3458 4241
4 4245 8423 4241 1161
4 265 4234 8424 4246
4 4234 1129 4239 8424
4 8424 4239 3458 4244
4 4246 8424 4244 2402
4 299 4247 8425 4240
4 4247 2435 4248 8425
4 8425 4248 3459 4249
4 4240 8425 4249 1161
4 300 4250 8426 4252
4 4250 1193 4251 8426
4 8426 4251 3459 4248
4 4252 8426 4248 2435
4 267 4253 8427 4255
4 4253 2403 4254 8427
4 8427 4254 3459 4251
4 4255 8427 4251 1193
4 266 4245 8428 4256
4 4245 1161 4249 8428
4 8428 4249 3459 4254
4 4256 8428 4254 2403
4 300 4257 8429 4250
4 4257 2436 4258 8429
4 8429 4258 3460 4259
4 4250 8429 4259 1193
4 301 4260 8430 4262
4 4260 1225 4261 8430
4 8430 4261 3460 4258
4 4262 8430 4258 2436
4 268 4263 8431 4265
4 4263 2404 4264 8431
4 8431 4264 3460 4261
4 4265 8431 4261 1225
4 267 4255 8432 4266
4 4255 1193 4259 8432
4 8432 4259 3460 4264
4 4266 8432 4264 2404
4 301 4267 8433 4260
4 4267 2437 4268 8433
4 8433 4268 3461 4269
4 4260 8433 4269 1225
4 302 4270 8434 4272
4 4270 1257 4271 8434
4 8434 4271 3461 4268
4 4272 8434 4268 2437
4 269 4273 8435 4275
4 4273 2405 4274 8435
4 8435 4274 3461 4271
4 4275 8435 4271 1257
4 268 4265 8436 4276
4 4265 1225 4269 8436
4 8436 4269 3461 4274
4 4276 8436 4274 2405
4 302 4277 8437 4270
4 4277 2438 4278 8437
4 8437 4278 3462 4279
4 4270 8437 4279 1257
4 303 4280 8438 4282
4 4280 1289 4281 8438
4 8438 4281 3462 4278
4 4282 8438 4278 2438
4 270 4283 8439 4285
4 4283 2406 4284 8439
4 8439 4284 3462 4281
4 4285 8439 4281 1289
4 269 4275 8440 4286
4 4275 1257 4279 8440
4 8440 4279 3462 4284
4 4286 8440 4284 2406
4 303 4287 8441 4280
4 4287 2439 4288 8441
4 8441 4288 3463 4289
4 4280 8441 4289 1289
4 304 4290 8442 4292
4 4290 1321 4291 8442
4 8442 4291 3463 4288
4 4292 8442 4288 2439
4 271 4293 8443 4295
4 4293 2407 4294 8443
4 8443 4294 3463 4291
4 4295 8443 4291 1321
4 270 4285 8444 4296
4 4285 1289 4289 8444
4 8444 4289 3463 4294
4 4296 8444 4294 2407
4 304 4297 8445 4290
4 4297 2440 4298 8445
4 8445 4298 3464 4299
4 4290 8445 4299 1321
4 305 4300 8446 4302
4 4300 1353 4301 8446
4 8446 4301 3464 4298
4 4302 8446 4298 2440
4 272 4303 8447 4305
4 4303 2408 4304 8447
4 8447 4304 3464 4301
4 4305 8447 4301 1353
4 271 4295 8448 4306
4 4295 1321 4299 8448
4 8448 4299 3464 4304
4 4306 8448 4304 2408
4 305 4307 8449 4300
4 4307 2441 4308 8449
4 8449 4308 3465 4309
4 4300 8449 4309 1353
4 306 4310 8450 4312
4 4310 1385 4311 8450
4 8450 4311 3465 4308
4 4312 8450 4308 2441
4 273 4313 8451 4315
4 4313 2409 4314 8451
4 8451 4314 3465 4311
4 4315 8451 4311 1385
4 272 4305 8452 4316
4 4305 1353 4309 8452
4 8452 4309 3465 4314
4 4316 8452 4314 2409
4 306 4317 8453 4310
4 4317 2442 4318 8453
4 8453 4318 3466 4319
4 4310 8453 4319 1385
4 307 4320 8454 4322
4 4320 1417 4321 8454
4 8454 4321 3466 4318
4 4322 8454 4318 2442
4 274 4323 8455 4325
4 4323 2410 4324 8455
4 8455 4324 3466 4321
4 4325 8455 4321 1417
4 273 4315 8456 4326
4 4315 1385 4319 8456
4 8456 4319 3466 4324
4 4326 8456 4324 2410
4 307 4327 8457 4320
4 4327 2443 4328 8457
4 8457 4328 3467 4329
4 4320 8457 4329 1417
4 308 4330 8458 4332
4 4330 1449 4331 8458
4 8458 4331 3467 4328
4 4332 8458 4328 2443
4 275 4333 8459 4335
4 4333 2411 4334 8459
4 8459 4334 3467 4331
4 4335 8459 4331 1449
4 274 4325 8460 4336
4 4325 1417 4329 8460
4 8460 4329 3467 4334
4 4336 8460 4334 2411
4 308 4337 8461 4330
4 4337 2444 4338 8461
4 8461 4338 3468 4339
4 4330 8461 4339 1449
4 309 4340 8462 4342
4 4340 1481 4341 8462
4 8462 4341 3468 4338
4 4342 8462 4338 2444
4 276 4343 8463 4345
4 4343 2412 4344 8463
4 8463 4344 3468 4341
4 4345 8463 4341 1481
4 275 4335 8464 4346
4 4335 1449 4339 8464
4 8464 4339 3468 4344
4 4346 8464 4344 2412
4 309 4347 8465 4340
4 4347 2445 4348 8465
4 8465 4348 3469 4349
4 4340 8465 4349 1481
4 310 4350 8466 4352
4 4350 1513 4351 8466
4 8466 4351 3469 4348
4 4352 8466 4348 2445
4 277 4353 8467 4355
4 4353 2413 4354 8467
4 8467 4354 3469 4351
4 4355 8467 4351 1513
4 276 4345 8468 4356
4 4345 1481 4349 8468
4 8468 4349 3469 4354
4 4356 8468 4354 2413
4 310 4357 8469 4350
4 4357 2446 4358 8469
4 8469 4358 3470 4359
4 4350 8469 4359 1513
4 311 4360 8470 4362
4 4360 1545 4361 8470
4 8470 4361 3470 4358
4 4362 8470 4358 2446
4 278 4363 8471 4365
4 4363 2414 4364 8471
4 8471 4364 3470 4361
4 4365 8471 4361 1545
4 277 4355 8472 4366
4 4355 1513 4359 8472
4 8472 4359 3470 4364
4 4366 8472 4364 2414
4 311 4367 8473 4360
4 4367 2447 4368 8473
4 8473 4368 3471 4369
4 4360 8473 4369 1545
4 312 4370 8474 4372
4 4370 1577 4371 8474
4 8474 4371 3471 4368
4 4372 8474 4368 2447
4 279 4373 8475 4375
4 4373 2415 4374 8475
4 8475 4374 3471 4371
4 4375 8475 4371 1577
4 278 4365 8476 4376
4 4365 1545 4369 8476
4 8476 4369 3471 4374
4 4376 8476 4374 2415
4 312 4377 8477 4370
4 4377 2448 4378 8477
4 8477 4378 3472 4379
4 4370 8477 4379 1577
4 313 4380 8478 4382
4 4380 1609 4381 8478
4 8478 4381 3472 4378
4 4382 8478 4378 2448
4 280 4383 8479 4385
4 4383 2416 4384 8479
4 8479 4384 3472 4381
4 4385 8479 4381 1609
4 279 4375 8480 4386
4 4375 1577 4379 8480
4 8480 4379 3472 4384
4 4386 8480 4384 2416
4 313 4387 8481 4380
4 4387 2449 4388 8481
4 8481 4388 3473 4389
4 4380 8481 4389 1609
4 314 4390 8482 4392
4 4390 1641 4391 8482
4 8482 4391 3473 4388
4 4392 8482 4388 2449
4 281 4393 8483 4395
4 4393 2417 4394 8483
4 8483 4394 3473 4391
4 4395 8483 4391 1641
4 280 4385 8484 4396
4 4385 1609 4389 8484
4 8484 4389 3473 4394
4 4396 8484 4394 2417
4 314 4397 8485 4390
4 4397 2450 4398 8485
4 8485 4398 3474 4399
4 4390 8485 4399 1641
4 315 4400 8486 4402
4 4400 1673 4401 8486
4 8486 4401 3474 4398
4 4402 8486 4398 2450
4 282 4403 8487 4405
4 4403 2418 4404 8487
4 8487 4404 3474 4401
4 4405 8487 4401 1673
4 281 4395 8488 4406
4 4395 1641 4399 8488
4 8488 4399 3474 4404
4 4406 8488 4404 2418
4 315 4407 8489 4400
4 4407 2451 4408 8489
4 8489 4408 3475 4409
4 4400 8489 4409 1673
4 316 4410 8490 4412
4 4410 1705 4411 8490
4 8490 4411 3475 4408
4 4412 8490 4408 2451
4 283 4413 8491 4415
4 4413 2419 4414 8491
4 8491 4414 3475 4411
4 4415 8491 4411 1705
4 282 4405 8492 4416
4 4405 1673 4409 8492
4 8492 4409 3475 4414
4 4416 8492 4414 2419
4 316 4417 8493 4410
4 4417 2452 4418 8493
4 8493 4418 3476 4419
4 4410 8493 4419 1705
4 317 4420 8494 4422
4 4420 1737 4421 8494
4 8494 4421 3476 4418
4 4422 8494 4418 2452
4 284 4423 8495 4425
4 4423 2420 4424 8495
4 8495 4424 3476 4421
4 4425 8495 4421 1737
4 283 4415 8496 4426
4 4415 1705 4419 8496
4 8496 4419 3476 4424
4 4426 8496 4424 2420
4 317 4427 8497 4420
4 4427 2453 4428 8497
4 8497 4428 3477 4429
4 4420 8497 4429 1737
4 318 4430 8498 4432
4 4430 1769 4431 8498
4 8498 4431 3477 4428
4 4432 8498 4428 2453
4 285 4433 8499 4435
4 4433 2421 4434 8499
4 8499 4434 3477 4431
4 4435 8499 4431 1769
4 284 4425 8500 4436
4 4425 1737 4429 8500
4 8500 4429 3477 4434
4 4436 8500 4434 2421
4 318 4437 8501 4430
4 4437 2454 4438 8501
4 8501 4438 3478 4439
4 4430 8501 4439 1769
4 319 4440 8502 4442
4 4440 1801 4441 8502
4 8502 4441 3478 4438
4 4442 8502 4438 2454
4 286 4443 8503 4445
4 4443 2422 4444 8503
4 8503 4444 3478 4441
4 4445 8503 4441 1801
4 285 4435 8504 4446
4 4435 1769 4439 8504
4 8504 4439 3478 4444
4 4446 8504 4444 2422
4 319 4447 8505 4440
4 4447 2455 4448 8505
4 8505 4448 3479 4449
4 4440 8505 4449 1801
4 320 4450 8506 4452
4 4450 1833 4451 8506
4 8506 4451 3479 4448
4 4452 8506 4448 2455
4 287 4453 8507 4455
4 4453 2423 4454 8507
4 8507 4454 3479 4451
4 4455 8507 4451 1833
4 286 4445 8508 4456
4 4445 1801 4449 8508
4 8508 4449 3479 4454
4 4456 8508 4454 2423
4 320 4457 8509 4450
4 4457 2456 4458 8509
4 8509 4458 3480 4459
4 4450 8509 4459 1833
4 321 4460 8510 4462
4 4460 1865 4461 8510
4 8510 4461 3480 4458
4 4462 8510 4458 2456
4 288 4463 8511 4465
4 4463 2424 4464 8511
4 8511 4464 3480 4461
4 4465 8511 4461 1865
4 287 4455 8512 4466
4 4455 1833 4459 8512
4 8512 4459 3480 4464
4 4466 8512 4464 2424
4 321 4467 8513 4460
4 4467 2457 4468 8513
4 8513 4468 3481 4469
4 4460 8513 4469 1865
4 322 4470 8514 4472
4 4470 1897 4471 8514
4 8514 4471 3481 4468
4 4472 8514 4468 2457
4 289 4473 8515 4475
4 4473 2425 4474 8515
4 8515 4474 3481 4471
4 4475 8515 4471 1897
4 288 4465 8516 4476
4 4465 1865 4469 8516
4 8516 4469 3481 4474
4 4476 8516 4474 2425
4 322 4477 8517 4470
4 4477 2458 4478 8517
4 8517 4478 3482 4479
4 4470 8517 4479 1897
4 323 4480 8518 4482
4 4480 1929 4481 8518
4 8518 4481 3482 4478
4 4482 8518 4478 2458
4 290 4483 8519 4485
4 4483 2426 4484 8519
4 8519 4484 3482 4481
4 4485 8519 4481 1929
4 289 4475 8520 4486
4 4475 1897 4479 8520
4 8520 4479 3482 4484
4 4486 8520 4484 2426
4 323 4487 8521 4480
4 4487 2459 4488 8521
4 8521 4488 3483 4489
4 4480 8521 4489 1929
4 324 4490 8522 4492
4 4490 1961 4491 8522
4 8522 4491 3483 4488
4 4492 8522 4488 2459
4 291 4493 8523 4495
4 4493 2427 4494 8523
4 8523 4494 3483 4491
4 4495 8523 4491 1961
4 290 4485 8524 4496
4 4485 1929 4489 8524
4 8524 4489 3483 4494
4 4496 8524 4494 2427
4 324 4497 8525 4490
4 4497 2460 4498 8525
4 8525 4498 3484 4499
4 4490 8525 4499 1961
4 325 4500 8526 4502
4 4500 1993 4501 8526
4 8526 4501 3484 4498
4 4502 8526 4498 2460
4 292 4503 8527 4505
4 4503 2428 4504 8527
4 8527 4504 3484 4501
4 4505 8527 4501 1993
4 291 4495 8528 4506
4 4495 1961 4499 8528
4 8528 4499 3484 4504
4 4506 8528 4504 2428
4 325 4507 8529 4500
4 4507 2461 4508 8529
4 8529 4508 3485 4509
4 4500 8529 4509 1993
4 326 4510 8530 4512
4 4510 2025 4511 8530
4 8530 4511 3485 4508
4 4512 8530 4508 2461
4 293 4513 8531 4515
4 4513 2429 4514 8531
4 8531 4514 3485 4511
4 4515 8531 4511 2025
4 292 4505 8532 4516
4 4505 1993 4509 8532
4 8532 4509 3485 4514
4 4516 8532 4514 2429
4 326 4517 8533 4510
4 4517 2462 4518 8533
4 8533 4518 3486 4519
4 4510 8533 4519 2025
4 327 4520 8534 4522
4 4520 2057 4521 8534
4 8534 4521 3486 4518
4 4522 8534 4518 2462
4 294 4523 8535 4525
4 4523 2430 4524 8535
4 8535 4524 3486 4521
4 4525 8535 4521 2057
4 293 4515 8536 4526
4 4515 2025 4519 8536
4 8536 4519 3486 4524
4 4526 8536 4524 2430
4 327 4527 8537 4520
4 4527 2463 4528 8537
4 8537 4528 3487 4529
4 4520 8537 4529 2057
4 328 4530 8538 4532
4 4530 2089 4531 8538
4 8538 4531 3487 4528
4 4532 8538 4528 2463
4 295 4533 8539 4535
4 4533 2431 4534 8539
4 8539 4534 3487 4531
4 4535 8539 4531 2089
4 294 4525 8540 4536
4 4525 2057 4529 8540
4 8540 4529 3487 4534
4 4536 8540 4534 2431
4 328 4537 8541 4530
4 4537 2464 4538 8541
4 8541 4538 3488 4539
4 4530 8541 4539 2089
4 329 4540 8542 4542
4 4540 2121 4541 8542
4 8542 4541 3488 4538
4 4542 8542 4538 2464
4 296 4543 8543 4545
4 4543 2432 4544 8543
4 8543 4544 3488 4541
4 4545 8543 4541 2121
4 295 4535 8544 4546
4 4535 2089 4539 8544
4 8544 4539 3488 4544
4 4546 8544 4544 2432
4 330 4547 8545 4550
4 4547 2465 4548 8545
4 8545 4548 3489 4549
4 4550 8545 4549 1098
4 331 4551 8546 4553
4 4551 1130 4552 8546
4 8546 4552 3489 4548
4 4553 8546 4548 2465
4 298 4231 8547 4555
4 4231 2433 4554 8547
4 8547 4554 3489 4552
4 4555 8547 4552 1130
4 297 4556 8548 4225
4 4556 1098 4549 8548
4 8548 4549 3489 4554
4 4225 8548 4554 2433
4 331 4557 8549 4551
4 4557 2466 4558 8549
4 8549 4558 3490 4559
4 4551 8549 4559 1130
4 332 4560 8550 4562
4 4560 1162 4561 8550
4 8550 4561 3490 4558
4 4562 8550 4558 2466
4 299 4242 8551 4564
4 4242 2434 4563 8551
4 8551 4563 3490 4561
4 4564 8551 4561 1162
4 298 4555 8552 4237
4 4555 1130 4559 8552
4 8552 4559 3490 4563
4 4237 8552 4563 2434
4 332 4565 8553 4560
4 4565 2467 4566 8553
4 8553 4566 3491 4567
4 4560 8553 4567 1162
4 333 4568 8554 4570
4 4568 1194 4569 8554
4 8554 4569 3491 4566
4 4570 8554 4566 2467
4 300 4252 8555 4572
4 4252 2435 4571 8555
4 8555 4571 3491 4569
4 4572 8555 4569 1194
4 299 4564 8556 4247
4 4564 1162 4567 8556
4 8556 4567 3491 4571
4 4247 8556 4571 2435
4 333 4573 8557 4568
4 4573 2468 4574 8557
4 8557 4574 3492 4575
4 4568 8557 4575 1194
4 334 4576 8558 4578
4 4576 1226 4577 8558
4 8558 4577 3492 4574
4 4578 8558 4574 2468
4 301 4262 8559 4580
4 4262 2436 4579 8559
4 8559 4579 3492 4577
4 4580 8559 4577 1226
4 300 4572 8560 4257
4 4572 1194 4575 8560
4 8560 4575 3492 4579
4 4257 8560 4579 2436
4 334 4581 8561 4576
4 4581 2469 4582 8561
4 8561 4582 3493 4583
4 4576 8561 4583 1226
4 335 4584 8562 4586
4 4584 1258 4585 8562
4 8562 4585 3493 4582
4 4586 8562 4582 2469
4 302 4272 8563 4588
4 4272 2437 4587 8563
4 8563 4587 3493 4585
4 4588 8563 4585 1258
4 301 4580 8564 4267
4 4580 1226 4583 8564
4 8564 4583 3493 4587
4 4267 8564 4587 2437
4 335 4589 8565 4584
4 4589 2470 4590 8565
4 8565 4590 3494 4591
4 4584 8565 4591 1258
4 336 4592 8566 4594
4 4592 1290 4593 8566
4 8566 4593 3494 4590
4 4594 8566 4590 2470
4 303 4282 8567 4596
4 4282 2438 4595 8567
4 8567 4595 3494 4593
4 4596 8567 4593 1290
4 302 4588 8568 4277
4 4588 1258 4591 8568
4 8568 4591 3494 4595
4 4277 8568 4595 2438
4 336 4597 8569 4592
4 4597 2471 4598 8569
4 8569 4598 3495 4599
4 4592 8569 4599 1290
4 337 4600 8570 4602
4 4600 1322 4601 8570
4 8570 4601 3495 4598
4 4602 8570 4598 2471
4 304 4292 8571 4604
4 4292 2439 4603 8571
4 8571 4603 3495 4601
4 4604 8571 4601 1322
4 303 4596 8572 4287
4 4596 1290 4599 8572
4 8572 4599 3495 4603
4 4287 8572 4603 2439
4 337 4605 8573 4600
4 4605 2472 4606 8573
4 8573 4606 3496 4607
4 4600 8573 4607 1322
4 338 4608 8574 4610
4 4608 1354 4609 8574
4 8574 4609 3496 4606
4 4610 8574 4606 2472
4 305 4302 8575 4612
4 4302 2440 4611 8575
4 8575 4611 3496 4609
4 4612 8575 4609 1354
4 304 4604 8576 4297
4 4604 1322 4607 8576
4 8576 4607 3496 4611
4 4297 8576 4611 2440
4 338 4613 8577 4608
4 4613 2473 4614 8577
4 8577 4614 3497 4615
4 4608 8577 4615 1354
4 339 4616 8578 4618
4 4616 1386 4617 8578
4 8578 4617 3497 4614
4 4618 8578 4614 2473
4 306 4312 8579 4620
4 4312 2441 4619 8579
4 8579 4619 3497 4617
4 4620 8579 4617 1386
4 305 4612 8580 4307
4 4612 1354 4615 8580
4 8580 4615 3497 4619
4 4307 8580 4619 2441
4 339 4621 8581 4616
4 4621 2474 4622 8581
4 8581 4622 3498 4623
4 4616 8581 4623 1386
4 340 4624 8582 4626
4 4624 1418 4625 8582
4 8582 4625 3498 4622
4 4626 8582 4622 2474
4 307 4322 8583 4628
4 4322 2442 4627 8583
4 8583 4627 3498 4625
4 4628 8583 4625 1418
4 306 4620 8584 4317
4 4620 1386 4623 8584
4 8584 4623 3498 4627
4 4317 8584 4627 2442
4 340 4629 8585 4624
4 4629 2475 4630 8585
4 8585 4630 3499 4631
4 4624 8585 4631 1418
4 341 4632 8586 4634
4 4632 1450 4633 8586
4 8586 4633 3499 4630
4 4634 8586 4630 2475
4 308 4332 8587 4636
4 4332 2443 4635 8587
4 8587 4635 3499 4633
4 4636 8587 4633 1450
4 307 4628 8588 4327
4 4628 1418 4631 8588
4 8588 4631 3499 4635
4 4327 8588 4635 2443
4 341 4637 8589 4632
4 4637 2476 4638 8589
4 8589 4638 3500 4639
4 4632 8589 4639 1450
4 342 4640 8590 4642
4 4640 1482 4641 8590
4 8590 4641 3500 4638
4 4642 8590 4638 2476
4 309 4342 8591 4644
4 4342 2444 4643 8591
4 8591 4643 3500 4641
4 4644 8591 4641 1482
4 308 4636 8592 4337
4 4636 1450 4639 8592
4 8592 4639 3500 4643
4 4337 8592 4643 2444
4 342 4645 8593 4640
4 4645 2477 4646 8593
4 8593 4646 3501 4647
4 4640 8593 4647 1482
4 343 4648 8594 4650
4 4648 1514 4649 8594
4 8594 4649 3501 4646
4 4650 8594 4646 2477
4 310 4352 8595 4652
4 4352 2445 4651 8595
4 8595 4651 3501 4649
4 4652 8595 4649 1514
4 309 4644 8596 4347
4 4644 1482 4647 8596
4 8596 4647 3501 4651
4 4347 8596 4651 2445
4 343 4653 8597 4648
4 4653 2478 4654 8597
4 8597 4654 3502 4655
4 4648 8597 4655 1514
4 344 4656 8598 4658
4 4656 1546 4657 8598
4 8598 4657 3502 4654
4 4658 8598 4654 2478
4 311 4362 8599 4660
4 4362 2446 4659 8599
4 8599 4659 3502 4657
4 4660 8599 4657 1546
4 310 4652 8600 4357
4 4652 1514 4655 8600
4 8600 4655 3502 4659
4 4357 8600 4659 2446
4 344 4661 8601 4656
4 4661 2479 4662 8601
4 8601 4662 3503 4663
4 4656 8601 4663 1546
4 345 4664 8602 4666
4 4664 1578 4665 8602
4 8602 4665 3503 4662
4 4666 8602 4662 2479
4 312 4372 8603 4668
4 4372 2447 4667 8603
4 8603 4667 3503 4665
4 4668 8603 4665 1578
4 311 4660 8604 4367
4 4660 1546 4663 8604
4 8604 4663 3503 4667
4 4367 8604 4667 2447
4 345 4669 8605 4664
4 4669 2480 4670 8605
4 8605 4670 3504 4671
4 4664 8605 4671 1578
4 346 4672 8606 4674
4 4672 1610 4673 8606
4 8606 4673 3504 4670
4 4674 8606 4670 2480
4 313 4382 8607 4676
4 4382 2448 4675 8607
4 8607 4675 3504 4673
4 4676 8607 4673 1610
4 312 4668 8608 4377
4 4668 1578 4671 8608
4 8608 4671 3504 4675
4 4377 8608 4675 2448
4 346 4677 8609 4672
4 4677 2481 4678 8609
4 8609 4678 3505 4679
4 4672 8609 4679 1610
4 347 4680 8610 4682
4 4680 1642 4681 8610
4 8610 4681 3505 4678
4 4682 8610 4678 2481
4 314 4392 8611 4684
4 4392 2449 4683 8611
4 8611 4683 3505 4681
4 4684 8611 4681 1642
4 313 4676 8612 4387
4 4676 1610 4679 8612
4 8612 4679 3505 4683
4 4387 8612 4683 2449
4 347 4685 8613 4680
4 4685 2482 4686 8613
4 8613 4686 3506 4687
4 4680 8613 4687 1642
4 348 4688 8614 4690
4 4688 1674 4689 8614
4 8614 4689 3506 4686
4 4690 8614 4686 2482
4 315 4402 8615 4692
4 4402 2450 4691 8615
4 8615 4691 3506 4689
4 4692 8615 4689 1674
4 314 4684 8616 4397
4 4684 1642 4687 8616
4 8616 4687 3506 4691
4 4397 8616 4691 2450
4 348 4693 8617 4688
4 4693 2483 4694 8617
4 8617 4694 3507 4695
4 4688 8617 4695 1674
4 349 4696 8618 4698
4 4696 1706 4697 8618
4 8618 4697 3507 4694
4 4698 8618 4694 2483
4 316 4412 8619 4700
4 4412 2451 4699 8619
4 8619 4699 3507 4697
4 4700 8619 4697 1706
4 315 4692 8620 4407
4 4692 1674 4695 8620
4 8620 4695 3507 4699
4 4407 8620 4699 2451
4 349 4701 8621 4696
4 4701 2484 4702 8621
4 8621 4702 3508 4703
4 4696 8621 4703 1706
4 350 4704 8622 4706
4 4704 1738 4705 8622
4 8622 4705 3508 4702
4 4706 8622 4702 2484
4 317 4422 8623 4708
4 4422 2452 4707 8623
4 8623 4707 3508 4705
4 4708 8623 4705 1738
4 316 4700 8624 4417
4 4700 1706 4703 8624
4 8624 4703 3508 4707
4 4417 8624 4707 2452
4 350 4709 8625 4704
4 4709 2485 4710 8625
4 8625 4710 3509 4711
4 4704 8625 4711 1738
4 351 4712 8626 4714
4 4712 1770 4713 8626
4 8626 4713 3509 4710
4 4714 8626 4710 2485
4 318 4432 8627 4716
4 4432 2453 4715 8627
4 8627 4715 3509 4713
4 4716 8627 4713 1770
4 317 4708 8628 4427
4 4708 1738 4711 8628
4 8628 4711 3509 4715
4 4427 8628 4715 2453
4 351 4717 8629 4712
4 4717 2486 4718 8629
4 8629 4718 3510 4719
4 4712 8629 4719 1770
4 352 4720 8630 4722
4 4720 1802 4721 8630
4 8630 4721 3510 4718
4 4722 8630 4718 2486
4 319 4442 8631 4724
4 4442 2454 4723 8631
4 8631 4723 3510 4721
4 4724 8631 4721 1802
4 318 4716 8632 4437
4 4716 1770 4719 8632
4 8632 4719 3510 4723
4 4437 8632 4723 2454
4 352 4725 8633 4720
4 4725 2487 4726 8633
4 8633 4726 3511 4727
4 4720 8633 4727 1802
4 353 4728 8634 4730
4 4728 1834 4729 8634
4 8634 4729 3511 4726
4 4730 8634 4726 2487
4 320 4452 8635 4732
4 4452 2455 4731 8635
4 8635 4731 3511 4729
4 4732 8635 4729 1834
4 319 4724 8636 4447
4 4724 1802 4727 8636
4 8636 4727 3511 4731
4 4447 8636 4731 2455
4 353 4733 8637 4728
4 4733 2488 4734 8637
4 8637 4734 3512 4735
4 4728 8637 4735 1834
4 354 4736 8638 4738
4 4736 1866 4737 8638
4 8638 4737 3512 4734
4 4738 8638 4734 2488
4 321 4462 8639 4740
4 4462 2456 4739 8639
4 8639 4739 3512 4737
4 4740 8639 4737 1866
4 320 4732 8640 4457
4 4732 1834 4735 8640
4 8640 4735 3512 4739
4 4457 8640 4739 2456
4 354 4741 8641 4736
4 4741 2489 4742 8641
4 8641 4742 3513 4743
4 4736 8641 4743 1866
4 355 4744 8642 4746
4 4744 1898 4745 8642
4 8642 4745 3513 4742
4 4746 8642 4742 2489
4 322 4472 8643 4748
4 4472 2457 4747 8643
4 8643 4747 3513 4745
4 4748 8643 4745 1898
4 321 4740 8644 4467
4 4740 1866 4743 8644
4 8644 4743 3513 4747
4 4467 8644 4747 2457
4 355 4749 8645 4744
4 4749 2490 4750 8645
4 8645 4750 3514 4751
4 4744 8645 4751 1898
4 356 4752 8646 4754
4 4752 1930 4753 8646
4 8646 4753 3514 4750
4 4754 8646 4750 2490
4 323 4482 8647 4756
4 4482 2458 4755 8647
4 8647 4755 3514 4753
4 4756 8647 4753 1930
4 322 4748 8648 4477
4 4748 1898 4751 8648
4 8648 4751 3514 4755
4 4477 8648 4755 2458
4 356 4757 8649 4752
4 4757 2491 4758 8649
4 8649 4758 3515 4759
4 4752 8649 4759 1930
4 357 4760 8650 4762
4 4760 1962 4761 8650
4 8650 4761 3515 4758
4 4762 8650 4758 2491
4 324 4492 8651 4764
4 4492 2459 4763 8651
4 8651 4763 3515 4761
4 4764 8651 4761 1962
4 323 4756 8652 4487
4 4756 1930 4759 8652
4 8652 4759 3515 4763
4 4487 8652 4763 2459
4 357 4765 8653 4760
4 4765 2492 4766 8653
4 8653 4766 3516 4767
4 4760 8653 4767 1962
4 358 4768 8654 4770
4 4768 1994 4769 8654
4 8654 4769 3516 4766
4 4770 8654 4766 2492
4 325 4502 8655 4772
4 4502 2460 4771 8655
4 8655 4771 3516 4769
4 4772 8655 4769 1994
4 324 4764 8656 4497
4 4764 1962 4767 8656
4 8656 4767 3516 4771
4 4497 8656 4771 2460
4 358 4773 8657 4768
4 4773 2493 4774 8657
4 8657 4774 3517 4775
4 4768 8657 4775 1994
4 359 4776 8658 4778
4 4776 2026 4777 8658
4 8658 4777 3517 4774
4 4778 8658 4774 2493
4 326 4512 8659 4780
4 4512 2461 4779 8659
4 8659 4779 3517 4777
4 4780 8659 4777 2026
4 325 4772 8660 4507
4 4772 1994 4775 8660
4 8660 4775 3517 4779
4 4507 8660 4779 2461
4 359 4781 8661 4776
4 4781 2494 4782 8661
4 8661 4782 3518 4783
4 4776 8661 4783 2026
4 360 4784 8662 4786
4 4784 2058 4785 8662
4 8662 4785 3518 4782
4 4786 8662 4782 2494
4 327 4522 8663 4788
4 4522 2462 4787 8663
4 8663 4787 3518 4785
4 4788 8663 4785 2058
4 326 4780 8664 4517
4 4780 2026 4783 8664
4 8664 4783 3518 4787
4 4517 8664 4787 2462
4 360 4789 8665 4784
4 4789 2495 4790 8665
4 8665 4790 3519 4791
4 4784 8665 4791 2058
4 361 4792 8666 4794
4 4792 2090 4793 8666
4 8666 4793 3519 4790
4 4794 8666 4790 2495
4 328 4532 8667 4796
4 4532 2463 4795 8667
4 8667 4795 3519 4793
4 4796 8667 4793 2090
4 327 4788 8668 4527
4 4788 2058 4791 8668
4 8668 4791 3519 4795
4 4527 8668 4795 2463
4 361 4797 8669 4792
4 4797 2496 4798 8669
4 8669 4798 3520 4799
4 4792 8669 4799 2090
4 362 4800 8670 4802
4 4800 2122 4801 8670
4 8670 4801 3520 4798
4 4802 8670 4798 2496
4 329 4542 8671 4804
4 4542 2464 4803 8671
4 8671 4803 3520 4801
4 4804 8671 4801 2122
4 328 4796 8672 4537
4 4796 2090 4799 8672
4 8672 4799 3520 4803
4 4537 8672 4803 2464
4 363 4805 8673 4808
4 4805 2497 4806 8673
4 8673 4806 3521 4807
4 4808 8673 4807 1099
4 364 4809 8674 4811
4 4809 1131 4810 8674
4 8674 4810 3521 4806
4 4811 8674 4806 2497
4 331 4553 8675 4813
4 4553 2465 4812 8675
4 8675 4812 3521 4810
4 4813 8675 4810 1131
4 330 4814 8676 4547
4 4814 1099 4807 8676
4 8676 4807 3521 4812
4 4547 8676 4812 2465
4 364 4815 8677 4809
4 4815 2498 4816 8677
4 8677 4816 3522 4817
4 4809 8677 4817 1131
4 365 4818 8678 4820
4 4818 1163 4819 8678
4 8678 4819 3522 4816
4 4820 8678 4816 2498
4 332 4562 8679 4822
4 4562 2466 4821 8679
4 8679 4821 3522 4819
4 4822 8679 4819 1163
4 331 4813 8680 4557
4 4813 1131 4817 8680
4 8680 4817 3522 4821
4 4557 8680 4821 2466
4 365 4823 8681 4818
4 4823 2499 4824 8681
4 8681 4824 3523 4825
4 4818 8681 4825 1163
4 366 4826 8682 4828
4 4826 1195 4827 8682
4 8682 4827 3523 4824
4 4828 8682 4824 2499
4 333 4570 8683 4830
4 4570 2467 4829 8683
4 8683 4829 3523 4827
4 4830 8683 4827 1195
4 332 4822 8684 4565
4 4822 1163 4825 8684
4 8684 4825 3523 4829
4 4565 8684 4829 2467
4 366 4831 8685 4826
4 4831 2500 4832 8685
4 8685 4832 3524 4833
4 4826 8685 4833 1195
4 367 4834 8686 4836
4 4834 1227 4835 8686
4 8686 4835 3524 4832
4 4836 8686 4832 2500
4 334 4578 8687 4838
4 4578 2468 4837 8687
4 8687 4837 3524 4835
4 4838 8687 4835 1227
4 333 4830 8688 4573
4 4830 1195 4833 8688
4 8688 4833 3524 4837
4 4573 8688 4837 2468
4 367 4839 8689 4834
4 4839 2501 4840 8689
4 8689 4840 3525 4841
4 4834 8689 4841 1227
4 368 4842 8690 4844
4 4842 1259 4843 8690
4 8690 4843 3525 4840
4 4844 8690 4840 2501
4 335 4586 8691 4846
4 4586 2469 4845 8691
4 8691 4845 3525 4843
4 4846 8691 4843 1259
4 334 4838 8692 4581
4 4838 1227 4841 8692
4 8692 4841 3525 4845
4 4581 8692 4845 2469
4 368 4847 8693 4842
4 4847 2502 4848 8693
4 8693 4848 3526 4849
4 4842 8693 4849 1259
4 369 4850 8694 4852
4 4850 1291 4851 8694
4 8694 4851 3526 4848
4 4852 8694 4848 2502
4 336 4594 8695 4854
4 4594 2470 4853 8695
4 8695 4853 3526 4851
4 4854 8695 4851 1291
4 335 4846 8696 4589
4 4846 1259 4849 8696
4 8696 4849 3526 4853
4 4589 8696 4853 2470
4 369 4855 8697 4850
4 4855 2503 4856 8697
4 8697 4856 3527 4857
4 4850 8697 4857 1291
4 370 4858 8698 4860
4 4858 1323 4859 8698
4 8698 4859 3527 4856
4 4860 8698 4856 2503
4 337 4602 8699 4862
4 4602 2471 4861 8699
4 8699 4861 3527 4859
4 4862 8699 4859 1323
4 336 4854 8700 4597
4 4854 1291 4857 8700
4 8700 4857 3527 4861
4 4597 8700 4861 2471
4 370 4863 8701 4858
4 4863 2504 4864 8701
4 8701 4864 3528 4865
4 4858 8701 4865 1323
4 371 4866 8702 4868
4 4866 1355 4867 8702
4 8702 4867 3528 4864
4 4868 8702 4864 2504
4 338 4610 8703 4870
4 4610 2472 4869 8703
4 8703 4869 3528 4867
4 4870 8703 4867 1355
4 337 4862 8704 4605
4 4862 1323 4865 8704
4 8704 4865 3528 4869
4 4605 8704 4869 2472
4 371 4871 8705 4866
4 4871 2505 4872 8705
4 8705 4872 3529 4873
4 4866 8705 4873 1355
4 372 4874 8706 4876
4 4874 1387 4875 8706
4 8706 4875 3529 4872
4 4876 8706 4872 2505
4 339 4618 8707 4878
4 4618 2473 4877 8707
4 8707 4877 3529 4875
4 4878 8707 4875 1387
4 338 4870 8708 4613
4 4870 1355 4873 8708
4 8708 4873 3529 4877
4 4613 8708 4877 2473
4 372 4879 8709 4874
4 4879 2506 4880 8709
4 8709 4880 3530 4881
4 4874 8709 4881 1387
4 373 4882 8710 4884
4 4882 1419 4883 8710
4 8710 4883 3530 4880
4 4884 8710 4880 2506
4 340 4626 8711 4886
4 4626 2474 4885 8711
4 8711 4885 3530 4883
4 4886 8711 4883 1419
4 339 4878 8712 4621
4 4878 1387 4881 8712
4 8712 4881 3530 4885
4 4621 8712 4885 2474
4 373 4887 8713 4882
4 4887 2507 4888 8713
4 8713 4888 3531 4889
4 4882 8713 4889 1419
4 374 4890 8714 4892
4 4890 1451 4891 8714
4 8714 4891 3531 4888
4 4892 8714 4888 2507
4 341 4634 8715 4894
4 4634 2475 4893 8715
4 8715 4893 3531 4891
4 4894 8715 4891 1451
4 340 4886 8716 4629
4 4886 1419 4889 8716
4 8716 4889 3531 4893
4 4629 8716 4893 2475
4 374 4895 8717 4890
4 4895 2508 4896 8717
4 8717 4896 3532 4897
4 4890 8717 4897 1451
4 375 4898 8718 4900
4 4898 1483 4899 8718
4 8718 4899 3532 4896
4 4900 8718 4896 2508
4 342 4642 8719 4902
4 4642 2476 4901 8719
4 8719 4901 3532 4899
4 4902 8719 4899 1483
4 341 4894 8720 4637
4 4894 1451 4897 8720
4 8720 4897 3532 4901
4 4637 8720 4901 2476
4 375 4903 8721 4898
4 4903 2509 4904 8721
4 8721 4904 3533 4905
4 4898 8721 4905 1483
4 376 4906 8722 4908
4 4906 1515 4907 8722
4 8722 4907 3533 4904
4 4908 8722 4904 2509
4 343 4650 8723 4910
4 4650 2477 4909 8723
4 8723 4909 3533 4907
4 4910 8723 4907 1515
4 342 4902 8724 4645
4 4902 1483 4905 8724
4 8724 4905 3533 4909
4 4645 8724 4909 2477
4 376 4911 8725 4906
4 4911 2510 4912 8725
4 8725 4912 3534 4913
4 4906 8725 4913 1515
4 377 4914 8726 4916
4 4914 1547 4915 8726
4 8726 4915 3534 4912
4 4916 8726 4912 2510
4 344 4658 8727 4918
4 4658 2478 4917 8727
4 8727 4917 3534 4915
4 4918 8727 4915 1547
4 343 4910 8728 4653
4 4910 1515 4913 8728
4 8728 4913 3534 4917
4 4653 8728 4917 2478
4 377 4919 8729 4914
4 4919 2511 4920 8729
4 8729 4920 3535 4921
4 4914 8729 4921 1547
4 378 4922 8730 4924
4 4922 1579 4923 8730
4 8730 4923 3535 4920
4 4924 8730 4920 2511
4 345 4666 8731 4926
4 4666 2479 4925 8731
4 8731 4925 3535 4923
4 4926 8731 4923 1579
4 344 4918 8732 4661
4 4918 1547 4921 8732
4 8732 4921 3535 4925
4 4661 8732 4925 2479
4 378 4927 8733 4922
4 4927 2512 4928 8733
4 8733 4928 3536 4929
4 4922 8733 4929 1579
4 379 4930 8734 4932
4 4930 1611 4931 8734
4 8734 4931 3536 4928
4 4932 8734 4928 2512
4 346 4674 8735 4934
4 4674 2480 4933 8735
4 8735 4933 3536 4931
4 4934 8735 4931 1611
4 345 4926 8736 4669
4 4926 1579 4929 8736
4 8736 4929 3536 4933
4 4669 8736 4933 2480
4 379 4935 8737 4930
4 4935 2513 4936 8737
4 8737 4936 3537 4937
4 4930 8737 4937 1611
4 380 4938 8738 4940
4 4938 1643 4939 8738
4 8738 4939 3537 4936
4 4940 8738 4936 2513
4 347 4682 8739 4942
4 4682 2481 4941 8739
4 8739 4941 3537 4939
4 4942 8739 4939 1643
4 346 4934 8740 4677
4 4934 1611 4937 8740
4 8740 4937 3537 4941
4 4677 8740 4941 2481
4 380 4943 8741 4938
4 4943 2514 4944 8741
4 8741 4944 3538 4945
4 4938 8741 4945 1643
4 381 4946 8742 4948
4 4946 1675 4947 8742
4 8742 4947 3538 4944
4 4948 8742 4944 2514
4 348 4690 8743 4950
4 4690 2482 4949 8743
4 8743 4949 3538 4947
4 4950 8743 4947 1675
4 347 4942 8744 4685
4 4942 1643 4945 8744
4 8744 4945 3538 4949
4 4685 8744 4949 2482
4 381 4951 8745 4946
4 4951 2515 4952 8745
4 8745 4952 3539 4953
4 4946 8745 4953 1675
4 382 4954 8746 4956
4 4954 1707 4955 8746
4 8746 4955 3539 4952
4 4956 8746 4952 2515
4 349 4698 8747 4958
4 4698 2483 4957 8747
4 8747 4957 3539 4955
4 4958 8747 4955 1707
4 348 4950 8748 4693
4 4950 1675 4953 8748
4 8748 4953 3539 4957
4 4693 8748 4957 2483
4 382 4959 8749 4954
4 4959 2516 4960 8749
4 8749 4960 3540 4961
4 4954 8749 4961 1707
4 383 4962 8750 4964
4 4962 1739 4963 8750
4 8750 4963 3540 4960
4 4964 8750 4960 2516
4 350 4706 8751 4966
4 4706 2484 4965 8751
4 8751 4965 3540 4963
4 4966 8751 4963 1739
4 349 4958 8752 4701
4 4958 1707 4961 8752
4 8752 4961 3540 4965
4 4701 8752 4965 2484
4 383 4967 8753 4962
4 4967 2517 4968 8753
4 8753 4968 3541 4969
4 4962 8753 4969 1739
4 384 4970 8754 4972
4 4970 1771 4971 8754
4 8754 4971 3541 4968
4 4972 8754 4968 2517
4 351 4714 8755 4974
4 4714 2485 4973 8755
4 8755 4973 3541 4971
4 4974 8755 4971 1771
4 350 4966 8756 4709
4 4966 1739 4969 8756
4 8756 4969 3541 4973
4 4709 8756 4973 2485
4 384 4975 8757 4970
4 4975 2518 4976 8757
4 8757 4976 3542 4977
4 4970 8757 4977 1771
4 385 4978 8758 4980
4 4978 1803 4979 8758
4 8758 4979 3542 4976
4 4980 8758 4976 2518
4 352 4722 8759 4982
4 4722 2486 4981 8759
4 8759 4981 3542 4979
4 4982 8759 4979 1803
4 351 4974 8760 4717
4 4974 1771 4977 8760
4 8760 4977 3542 4981
4 4717 8760 4981 2486
4 385 4983 8761 4978
4 4983 2519 4984 8761
4 8761 4984 3543 4985
4 4978 8761 4985 1803
4 386 4986 8762 4988
4 4986 1835 4987 8762
4 8762 4987 3543 4984
4 4988 8762 4984 2519
4 353 4730 8763 4990
4 4730 2487 4989 8763
4 8763 4989 3543 4987
4 4990 8763 4987 1835
4 352 4982 8764 4725
4 4982 1803 4985 8764
4 8764 4985 3543 4989
4 4725 8764 4989 2487
4 386 4991 8765 4986
4 4991 2520 4992 8765
4 8765 4992 3544 4993
4 4986 8765 4993 1835
4 387 4994 8766 4996
4 4994 1867 4995 8766
4 8766 4995 3544 4992
4 4996 8766 4992 2520
4 354 4738 8767 4998
4 4738 2488 4997 8767
4 8767 4997 3544 4995
4 4998 8767 4995 1867
4 353 4990 8768 4733
4 4990 1835 4993 8768
4 8768 4993 3544 4997
4 4733 8768 4997 2488
4 387 4999 8769 4994
4 4999 2521 5000 8769
4 8769 5000 3545 5001
4 4994 8769 5001 1867
4 388 5002 8770 5004
4 5002 1899 5003 8770
4 8770 5003 3545 5000
4 5004 8770 5000 2521
4 355 4746 8771 5006
4 4746 2489 5005 8771
4 8771 5005 3545 5003
4 5006 8771 5003 1899
4 354 4998 8772 4741
4 4998 1867 5001 8772
4 8772 5001 3545 5005
4 4741 8772 5005 2489
4 388 5007 8773 5002
4 5007 2522 5008 8773
4 8773 5008 3546 5009
4 5002 8773 5009 1899
4 389 5010 8774 5012
4 5010 1931 5011 8774
4 8774 5011 3546 5008
4 5012 8774 5008 2522
4 356 4754 8775 5014
4 4754 2490 5013 8775
4 8775 5013 3546 5011
4 5014 8775 5011 1931
4 355 5006 8776 4749
4 5006 1899 5009 8776
4 8776 5009 3546 5013
4 4749 8776 5013 2490
4 389 5015 8777 5010
4 5015 2523 5016 8777
4 8777 5016 3547 5017
4 5010 8777 5017 1931
4 390 5018 8778 5020
4 5018 1963 5019 8778
4 8778 5019 3547 5016
4 5020 8778 5016 2523
4 357 4762 8779 5022
4 4762 2491 5021 8779
4 8779 5021 3547 5019
4 5022 8779 5019 1963
4 356 5014 8780 4757
4 5014 1931 5017 8780
4 8780 5017 3547 5021
4 4757 8780 5021 2491
4 390 5023 8781 5018
4 5023 2524 5024 8781
4 8781 5024 3548 5025
4 5018 8781 5025 1963
4 391 5026 8782 5028
4 5026 1995 5027 8782
4 8782 5027 3548 5024
4 5028 8782 5024 2524
4 358 4770 8783 5030
4 4770 2492 5029 8783
4 8783 5029 3548 5027
4 5030 8783 5027 1995
4 357 5022 8784 4765
4 5022 1963 5025 8784
4 8784 5025 3548 5029
4 4765 8784 5029 2492
4 391 5031 8785 5026
4 5031 2525 5032 8785
4 8785 5032 3549 5033
4 5026 8785 5033 1995
4 392 5034 8786 5036
4 5034 2027 5035 8786
4 8786 5035 3549 5032
4 5036 8786 5032 2525
4 359 4778 8787 5038
4 4778 2493 5037 8787
4 8787 5037 3549 5035
4 5038 8787 5035 2027
4 358 5030 8788 4773
4 5030 1995 5033 8788
4 8788 5033 3549 5037
4 4773 8788 5037 2493
4 392 5039 8789 5034
4 5039 2526 5040 8789
4 8789 5040 3550 5041
4 5034 8789 5041 2027
4 393 5042 8790 5044
4 5042 2059 5043 8790
4 8790 5043 3550 5040
4 5044 8790 5040 2526
4 360 4786 8791 5046
4 4786 2494 5045 8791
4 8791 5045 3550 5043
4 5046 8791 5043 2059
4 359 5038 8792 4781
4 5038 2027 5041 8792
4 8792 5041 3550 5045
4 4781 8792 5045 2494
4 393 5047 8793 5042
4 5047 2527 5048 8793
4 8793 5048 3551 5049
4 5042 8793 5049 2059
4 394 5050 8794 5052
4 5050 2091 5051 8794
4 8794 5051 3551 5048
4 5052 8794 5048 2527
4 361 4794 8795 5054
4 4794 2495 5053 8795
4 8795 5053 3551 5051
4 5054 8795 5051 2091
4 360 5046 8796 4789
4 5046 2059 5049 8796
4 8796 5049 3551 5053
4 4789 8796 5053 2495
4 394 5055 8797 5050
4 5055 2528 5056 8797
4 8797 5056 3552 5057
4 5050 8797 5057 2091
4 395 5058 8798 5060
4 5058 2123 5059 8798
4 8798 5059 3552 5056
4 5060 8798 5056 2528
4 362 4802 8799 5062
4 4802 2496 5061 8799
4 8799 5061 3552 5059
4 5062 8799 5059 2123
4 361 5054 8800 4797
4 5054 2091 5057 8800
4 8800 5057 3552 5061
4 4797 8800 5061 2496
4 396 5063 8801 5066
4 5063 2529 5064 8801
4 8801 5064 3553 5065
4 5066 8801 5065 1100
4 397 5067 8802 5069
4 5067 1132 5068 8802
4 8802 5068 3553 5064
4 5069 8802 5064 2529
4 364 4811 8803 5071
4 4811 2497 5070 8803
4 8803 5070 3553 5068
4 5071 8803 5068 1132
4 363 5072 8804 4805
4 5072 1100 5065 8804
4 8804 5065 3553 5070
4 4805 8804 5070 2497
4 397 5073 8805 5067
4 5073 2530 5074 8805
4 8805 5074 3554 5075
4 5067 8805 5075 1132
4 398 5076 8806 5078
4 5076 1164 5077 8806
4 8806 5077 3554 5074
4 5078 8806 5074 2530
4 365 4820 8807 5080
4 4820 2498 5079 8807
4 8807 5079 3554 5077
4 5080 8807 5077 1164
4 364 5071 8808 4815
4 5071 1132 5075 8808
4 8808 5075 3554 5079
4 4815 8808 5079 2498
4 398 5081 8809 5076
4 5081 2531 5082 8809
4 8809 5082 3555 5083
4 5076 8809 5083 1164
4 399 5084 8810 5086
4 5084 1196 5085 8810
4 8810 5085 3555 5082
4 5086 8810 5082 2531
4 366 4828 8811 5088
4 4828 2499 5087 8811
4 8811 5087 3555 5085
4 5088 8811 5085 1196
4 365 5080 8812 4823
4 5080 1164 5083 8812
4 8812 5083 3555 5087
4 4823 8812 5087 2499
4 399 5089 8813 5084
4 5089 2532 5090 8813
4 8813 5090 3556 5091
4 5084 8813 5091 1196
4 400 5092 8814 5094
4 5092 1228 5093 8814
4 8814 5093 3556 5090
4 5094 8814 5090 2532
4 367 4836 8815 5096
4 4836 2500 5095 8815
4 8815 5095 3556 5093
4 5096 8815 5093 1228
4 366 5088 8816 4831
4 5088 1196 5091 8816
4 8816 5091 3556 5095
4 4831 8816 5095 2500
4 400 5097 8817 5092
4 5097 2533 5098 8817
4 8817 5098 3557 5099
4 5092 8817 5099 1228
4 401 5100 8818 5102
4 5100 1260 5101 8818
4 8818 5101 3557 5098
4 5102 8818 5098 2533
4 368 4844 8819 5104
4 4844 2501 5103 8819
4 8819 5103 3557 5101
4 5104 8819 5101 1260
4 367 5096 8820 4839
4 5096 1228 5099 8820
4 8820 5099 3557 5103
4 4839 8820 5103 2501
4 401 5105 8821 5100
4 5105 2534 5106 8821
4 8821 5106 3558 5107
4 5100 8821 5107 1260
4 402 5108 8822 5110
4 5108 1292 5109 8822
4 8822 5109 3558 5106
4 5110 8822 5106 2534
4 369 4852 8823 5112
4 4852 2502 5111 8823
4 8823 5111 3558 5109
4 5112 8823 5109 1292
4 368 5104 8824 4847
4 5104 1260 5107 8824
4 8824 5107 3558 5111
4 4847 8824 5111 2502
4 402 5113 8825 5108
4 5113 2535 5114 8825
4 8825 5114 3559 5115
4 5108 8825 5115 1292
4 403 5116 8826 5118
4 5116 1324 5117 8826
4 8826 5117 3559 5114
4 5118 8826 5114 2535
4 370 4860 8827 5120
4 4860 2503 5119 8827
4 8827 5119 3559 5117
4 5120 8827 5117 1324
4 369 5112 8828 4855
4 5112 1292 5115 8828
4 8828 5115 3559 5119
4 4855 8828 5119 2503
4 403 5121 8829 5116
4 5121 2536 5122 8829
4 8829 5122 3560 5123
4 5116 8829 5123 1324
4 404 5124 8830 5126
4 5124 1356 5125 8830
4 8830 5125 3560 5122
4 5126 8830 5122 2536
4 371 4868 8831 5128
4 4868 2504 5127 8831
4 8831 5127 3560 5125
4 5128 8831 5125 1356
4 370 5120 8832 4863
4 5120 1324 5123 8832
4 8832 5123 3560 5127
4 4863 8832 5127 2504
4 404 5129 8833 5124
4 5129 2537 5130 8833
4 8833 5130 3561 5131
4 5124 8833 5131 1356
4 405 5132 8834 5134
4 5132 1388 5133 8834
4 8834 5133 3561 5130
4 5134 8834 5130 2537
4 372 4876 8835 5136
4 4876 2505 5135 8835
4 8835 5135 3561 5133
4 5136 8835 5133 1388
4 371 5128 8836 4871
4 5128 1356 5131 8836
4 8836 5131 3561 5135
4 4871 8836 5135 2505
4 405 5137 8837 5132
4 5137 2538 5138 8837
4 8837 5138 3562 5139
4 5132 8837 5139 1388
4 406 5140 8838 5142
4 5140 1420 5141 8838
4 8838 5141 3562 5138
4 5142 8838 5138 2538
4 373 4884 8839 5144
4 4884 2506 5143 8839
4 8839 5143 3562 5141
4 5144 8839 5141 1420
4 372 5136 8840 4879
4 5136 1388 5139 8840
4 8840 5139 3562 5143
4 4879 8840 5143 2506
4 406 5145 8841 5140
4 5145 2539 5146 8841
4 8841 5146 3563 5147
4 5140 8841 5147 1420
4 407 5148 8842 5150
4 5148 1452 5149 8842
4 8842 5149 3563 5146
4 5150 8842 5146 2539
4 374 4892 8843 5152
4 4892 2507 5151 8843
4 8843 5151 3563 5149
4 5152 8843 5149 1452
4 373 5144 8844 4887
4 5144 1420 5147 8844
4 8844 5147 3563 5151
4 4887 8844 5151 2507
4 407 5153 8845 5148
4 5153 2540 5154 8845
4 8845 5154 3564 5155
4 5148 8845 5155 1452
4 408 5156 8846 5158
4 5156 1484 5157 8846
4 8846 5157 3564 5154
4 5158 8846 5154 2540
4 375 4900 8847 5160
4 4900 2508 5159 8847
4 8847 5159 3564 5157
4 5160 8847 5157 1484
4 374 5152 8848 4895
4 5152 1452 5155 8848
4 8848 5155 3564 5159
4 4895 8848 5159 2508
4 408 5161 8849 5156
4 5161 2541 5162 8849
4 8849 5162 3565 5163
4 5156 8849 5163 1484
4 409 5164 8850 5166
4 5164 1516 5165 8850
4 8850 5165 3565 5162
4 5166 8850 5162 2541
4 376 4908 8851 5168
4 4908 2509 5167 8851
4 8851 5167 3565 5165
4 5168 8851 5165 1516
4 375 5160 8852 4903
4 5160 1484 5163 8852
4 8852 5163 3565 5167
4 4903 8852 5167 2509
4 409 5169 8853 5164
4 5169 2542 5170 8853
4 8853 5170 3566 5171
4 5164 8853 5171 1516
4 410 5172 8854 5174
4 5172 1548 5173 8854
4 8854 5173 3566 5170
4 5174 8854 5170 2542
4 377 4916 8855 5176
4 4916 2510 5175 8855
4 8855 5175 3566 5173
4 5176 8855 5173 1548
4 376 5168 8856 4911
4 5168 1516 5171 8856
4 8856 5171 3566 5175
4 4911 8856 5175 2510
4 410 5177 8857 5172
4 5177 2543 5178 8857
4 8857 5178 3567 5179
4 5172 8857 5179 1548
4 411 5180 8858 5182
4 5180 1580 5181 8858
4 8858 5181 3567 5178
4 5182 8858 5178 2543
4 378 4924 8859 5184
4 4924 2511 5183 8859
4 8859 5183 3567 5181
4 5184 8859 5181 1580
4 377 5176 8860 4919
4 5176 1548 5179 8860
4 8860 5179 3567 5183
4 4919 8860 5183 2511
4 411 5185 8861 5180
4 5185 2544 5186 8861
4 8861 5186 3568 5187
4 5180 8861 5187 1580
4 412 5188 8862 5190
4 5188 1612 5189 8862
4 8862 5189 3568 5186
4 5190 8862 5186 2544
4 379 4932 8863 5192
4 4932 2512 5191 8863
4 8863 5191 3568 5189
4 5192 8863 5189 1612
4 378 5184 8864 4927
4 5184 1580 5187 8864
4 8864 5187 3568 5191
4 4927 8864 5191 2512
4 412 5193 8865 5188
4 5193 2545 5194 8865
4 8865 5194 3569 5195
4 5188 8865 5195 1612
4 413 5196 8866 5198
4 5196 1644 5197 8866
4 8866 5197 3569 5194
4 5198 8866 5194 2545
4 380 4940 8867 5200
4 4940 2513 5199 8867
4 8867 5199 3569 5197
4 5200 8867 5197 1644
4 379 5192 8868 4935
4 5192 1612 5195 8868
4 8868 5195 3569 5199
4 4935 8868 5199 2513
4 413 5201 8869 5196
4 5201 2546 5202 8869
4 8869 5202 3570 5203
4 5196 8869 5203 1644
4 414 5204 8870 5206
4 5204 1676 5205 8870
4 8870 5205 3570 5202
4 5206 8870 5202 2546
4 381 4948 8871 5208
4 4948 2514 5207 8871
4 8871 5207 3570 5205
4 5208 8871 5205 1676
4 380 5200 8872 4943
4 5200 1644 5203 8872
4 8872 5203 3570 5207
4 4943 8872 5207 2514
4 414 5209 8873 5204
4 5209 2547 5210 8873
4 8873 5210 3571 5211
4 5204 8873 5211 1676
4 415 5212 8874 5214
4 5212 1708 5213 8874
4 8874 5213 3571 5210
4 5214 8874 5210 2547
4 382 4956 8875 5216
4 4956 2515 5215 8875
4 8875 5215 3571 5213
4 5216 8875 5213 1708
4 381 5208 8876 4951
4 5208 1676 5211 8876
4 8876 5211 3571 5215
4 4951 8876 5215 2515
4 415 5217 8877 5212
4 5217 2548 5218 8877
4 8877 5218 3572 5219
4 5212 8877 5219 1708
4 416 5220 8878 5222
4 5220 1740 5221 8878
4 8878 5221 3572 5218
4 5222 8878 5218 2548
4 383 4964 8879 5224
4 4964 2516 5223 8879
4 8879 5223 3572 5221
4 5224 8879 5221 1740
4 382 5216 8880 4959
4 5216 1708 5219 8880
4 8880 5219 3572 5223
4 4959 8880 5223 2516
4 416 5225 8881 5220
4 5225 2549 5226 8881
4 8881 5226 3573 5227
4 5220 8881 5227 1740
4 417 5228 8882 5230
4 5228 1772 5229 8882
4 8882 5229 3573 5226
4 5230 8882 5226 2549
4 384 4972 8883 5232
4 4972 2517 5231 8883
4 8883 5231 3573 5229
4 5232 8883 5229 1772
4 383 5224 8884 4967
4 5224 1740 5227 8884
4 8884 5227 3573 5231
4 4967 8884 5231 2517
4 417 5233 8885 5228
4 5233 2550 5234 8885
4 8885 5234 3574 5235
4 5228 8885 5235 1772
4 418 5236 8886 5238
4 5236 1804 5237 8886
4 8886 5237 3574 5234
4 5238 8886 5234 2550
4 385 4980 8887 5240
4 4980 2518 5239 8887
4 8887 5239 3574 5237
4 5240 8887 5237 1804
4 384 5232 8888 4975
4 5232 1772 5235 8888
4 8888 5235 3574 5239
4 4975 8888 5239 2518
4 418 5241 8889 5236
4 5241 2551 5242 8889
4 8889 5242 3575 5243
4 5236 8889 5243 1804
4 419 5244 8890 5246
4 5244 1836 5245 8890
4 8890 5245 3575 5242
4 5246 8890 5242 2551
4 386 4988 8891 5248
4 4988 2519 5247 8891
4 8891 5247 3575 5245
4 5248 8891 5245 1836
4 385 5240 8892 4983
4 5240 1804 5243 8892
4 8892 5243 3575 5247
4 4983 8892 5247 2519
4 419 5249 8893 5244
4 5249 2552 5250 8893
4 8893 5250 3576 5251
4 5244 8893 5251 1836
4 420 5252 8894 5254
4 5252 1868 5253 8894
4 8894 5253 3576 5250
4 5254 8894 5250 2552
4 387 4996 8895 5256
4 4996 2520 5255 8895
4 8895 5255 3576 5253
4 5256 8895 5253 1868
4 386 5248 8896 4991
4 5248 1836 5251 8896
4 8896 5251 3576 5255
4 4991 8896 5255 2520
4 420 5257 8897 5252
4 5257 2553 5258 8897
4 8897 5258 3577 5259
4 5252 8897 5259 1868
4 421 5260 8898 5262
4 5260 1900 5261 8898
4 8898 5261 3577 5258
4 5262 8898 5258 2553
4 388 5004 8899 5264
4 5004 2521 5263 8899
4 8899 5263 3577 5261
4 5264 8899 5261 1900
4 387 5256 8900 4999
4 5256 1868 5259 8900
4 8900 5259 3577 5263
4 4999 8900 5263 2521
4 421 5265 8901 5260
4 5265 2554 5266 8901
4 8901 5266 3578 5267
4 5260 8901 5267 1900
4 422 5268 8902 5270
4 5268 1932 5269 8902
4 8902 5269 3578 5266
4 5270 8902 5266 2554
4 389 5012 8903 5272
4 5012 2522 5271 8903
4 8903 5271 3578 5269
4 5272 8903 5269 1932
4 388 5264 8904 5007
4 5264 1900 5267 8904
4 8904 5267 3578 5271
4 5007 8904 5271 2522
4 422 5273 8905 5268
4 5273 2555 5274 8905
4 8905 5274 3579 5275
4 5268 8905 5275 1932
4 423 5276 8906 5278
4 5276 1964 5277 8906
4 8906 5277 3579 5274
4 5278 8906 5274 2555
4 390 5020 8907 5280
4 5020 2523 5279 8907
4 8907 5279 3579 5277
4 5280 8907 5277 1964
4 389 5272 8908 5015
4 5272 1932 5275 8908
4 8908 5275 3579 5279
4 5015 8908 5279 2523
4 423 5281 8909 5276
4 5281 2556 5282 8909
4 8909 5282 3580 5283
4 5276 8909 5283 1964
4 424 5284 8910 5286
4 5284 1996 5285 8910
4 8910 5285 3580 5282
4 5286 8910 5282 2556
4 391 5028 8911 5288
4 5028 2524 5287 8911
4 8911 5287 3580 5285
4 5288 8911 5285 1996
4 390 5280 8912 5023
4 5280 1964 5283 8912
4 8912 5283 3580 5287
4 5023 8912 5287 2524
4 424 5289 8913 5284
4 5289 2557 5290 8913
4 8913 5290 3581 5291
4 5284 8913 5291 1996
4 425 5292 8914 5294
4 5292 2028 5293 8914
4 8914 5293 3581 5290
4 5294 8914 5290 2557
4 392 5036 8915 5296
4 5036 2525 5295 8915
4 8915 5295 3581 5293
4 5296 8915 5293 2028
4 391 5288 8916 5031
4 5288 1996 5291 8916
4 8916 5291 3581 5295
4 5031 8916 5295 2525
4 425 5297 8917 5292
4 5297 2558 5298 8917
4 8917 5298 3582 5299
4 5292 8917 5299 2028
4 426 5300 8918 5302
4 5300 2060 5301 8918
4 8918 5301 3582 5298
4 5302 8918 5298 2558
4 393 5044 8919 5304
4 5044 2526 5303 8919
4 8919 5303 3582 5301
4 5304 8919 5301 2060
4 392 5296 8920 5039
4 5296 2028 5299 8920
4 8920 5299 3582 5303
4 5039 8920 5303 2526
4 426 5305 8921 5300
4 5305 2559 5306 8921
4 8921 5306 3583 5307
4 5300 8921 5307 2060
4 427 5308 8922 5310
4 5308 2092 5309 8922
4 8922 5309 3583 5306
4 5310 8922 5306 2559
4 394 5052 8923 5312
4 5052 2527 5311 8923
4 8923 5311 3583 5309
4 5312 8923 5309 2092
4 393 5304 8924 5047
4 5304 2060 5307 8924
4 8924 5307 3583 5311
4 5047 8924 5311 2527
4 427 5313 8925 5308
4 5313 2560 5314 8925
4 8925 5314 3584 5315
4 5308 8925 5315 2092
4 428 5316 8926 5318
4 5316 2124 5317 8926
4 8926 5317 3584 5314
4 5318 8926 5314 2560
4 395 5060 8927 5320
4 5060 2528 5319 8927
4 8927 5319 3584 5317
4 5320 8927 5317 2124
4 394 5312 8928 5055
4 5312 2092 5315 8928
4 8928 5315 3584 5319
4 5055 8928 5319 2528
4 429 5321 8929 5324
4 5321 2561 5322 8929
4 8929 5322 3585 5323
4 5324 8929 5323 1101
4 430 5325 8930 5327
4 5325 1133 5326 8930
4 8930 5326 3585 5322
4 5327 8930 5322 2561
4 397 5069 8931 5329
4 5069 2529 5328 8931
4 8931 5328 3585 5326
4 5329 8931 5326 1133
4 396 5330 8932 5063
4 5330 1101 5323 8932
4 8932 5323 3585 5328
4 5063 8932 5328 2529
4 430 5331 8933 5325
4 5331 2562 5332 8933
4 8933 5332 3586 5333
4 5325 8933 5333 1133
4 431 5334 8934 5336
4 5334 1165 5335 8934
4 8934 5335 3586 5332
4 5336 8934 5332 2562
4 398 5078 8935 5338
4 5078 2530 5337 8935
4 8935 5337 3586 5335
4 5338 8935 5335 1165
4 397 5329 8936 5073
4 5329 1133 5333 8936
4 8936 5333 3586 5337
4 5073 8936 5337 2530
4 431 5339 8937 5334
4 5339 2563 5340 8937
4 8937 5340 3587 5341
4 5334 8937 5341 1165
4 432 5342 8938 5344
4 5342 1197 5343 8938
4 8938 5343 3587 5340
4 5344 8938 5340 2563
4 399 5086 8939 5346
4 5086 2531 5345 8939
4 8939 5345 3587 5343
4 5346 8939 5343 1197
4 398 5338 8940 5081
4 5338 1165 5341 8940
4 8940 5341 3587 5345
4 5081 8940 5345 2531
4 432 5347 8941 5342
4 5347 2564 5348 8941
4 8941 5348 3588 5349
4 5342 8941 5349 1197
4 433 5350 8942 5352
4 5350 1229 5351 8942
4 8942 5351 3588 5348
4 5352 8942 5348 2564
4 400 5094 8943 5354
4 5094 2532 5353 8943
4 8943 5353 3588 5351
4 5354 8943 5351 1229
4 399 5346 8944 5089
4 5346 1197 5349 8944
4 8944 5349 3588 5353
4 5089 8944 5353 2532
4 433 5355 8945 5350
4 5355 2565 5356 8945
4 8945 5356 3589 5357
4 5350 8945 5357 1229
4 434 5358 8946 5360
4 5358 1261 5359 8946
4 8946 5359 3589 5356
4 5360 8946 5356 2565
4 401 5102 8947 5362
4 5102 2533 5361 8947
4 8947 5361 3589 5359
4 5362 8947 5359 1261
4 400 5354 8948 5097
4 5354 1229 5357 8948
4 8948 5357 3589 5361
4 5097 8948 5361 2533
4 434 5363 8949 5358
4 5363 2566 5364 8949
4 8949 5364 3590 5365
4 5358 8949 5365 1261
4 435 5366 8950 5368
4 5366 1293 5367 8950
4 8950 5367 3590 5364
4 5368 8950 5364 2566
4 402 5110 8951 5370
4 5110 2534 5369 8951
4 8951 5369 3590 5367
4 5370 8951 5367 1293
4 401 5362 8952 5105
4 5362 1261 5365 8952
4 8952 5365 3590 5369
4 5105 8952 5369 2534
4 435 5371 8953 5366
4 5371 2567 5372 8953
4 8953 5372 3591 5373
4 5366 8953 5373 1293
4 436 5374 8954 5376
4 5374 1325 5375 8954
4 8954 5375 3591 5372
4 5376 8954 5372 2567
4 403 5118 8955 5378
4 5118 2535 5377 8955
4 8955 5377 3591 5375
4 5378 8955 5375 1325
4 402 5370 8956 5113
4 5370 1293 5373 8956
4 8956 5373 3591 5377
4 5113 8956 5377 2535
4 436 5379 8957 5374
4 5379 2568 5380 8957
4 8957 5380 3592 5381
4 5374 8957 5381 1325
4 437 5382 8958 5384
4 5382 1357 5383 8958
4 8958 5383 3592 5380
4 5384 8958 5380 2568
4 404 5126 8959 5386
4 5126 2536 5385 8959
4 8959 5385 3592 5383
4 5386 8959 5383 1357
4 403 5378 8960 5121
4 5378 1325 5381 8960
4 8960 5381 3592 5385
4 5121 8960 5385 2536
4 437 5387 8961 5382
4 5387 2569 5388 8961
4 8961 5388 3593 5389
4 5382 8961 5389 1357
4 438 5390 8962 5392
4 5390 1389 5391 8962
4 8962 5391 3593 5388
4 5392 8962 5388 2569
4 405 5134 8963 5394
4 5134 2537 5393 8963
4 8963 5393 3593 5391
4 5394 8963 5391 1389
4 404 5386 8964 5129
4 5386 1357 5389 8964
4 8964 5389 3593 5393
4 5129 8964 5393 2537
4 438 5395 8965 5390
4 5395 2570 5396 8965
4 8965 5396 3594 5397
4 5390 8965 5397 1389
4 439 5398 8966 5400
4 5398 1421 5399 8966
4 8966 5399 3594 5396
4 5400 8966 5396 2570
4 406 5142 8967 5402
4 5142 2538 5401 8967
4 8967 5401 3594 5399
4 5402 8967 5399 1421
4 405 5394 8968 5137
4 5394 1389 5397 8968
4 8968 5397 3594 5401
4 5137 8968 5401 2538
4 439 5403 8969 5398
4 5403 2571 5404 8969
4 8969 5404 3595 5405
4 5398 8969 5405 1421
4 440 5406 8970 5408
4 5406 1453 5407 8970
4 8970 5407 3595 5404
4 5408 8970 5404 2571
4 407 5150 8971 5410
4 5150 2539 5409 8971
4 8971 5409 3595 5407
4 5410 8971 5407 1453
4 406 5402 8972 5145
4 5402 1421 5405 8972
4 8972 5405 3595 5409
4 5145 8972 5409 2539
4 440 5411 8973 5406
4 5411 2572 5412 8973
4 8973 5412 3596 5413
4 5406 8973 5413 1453
4 441 5414 8974 5416
4 5414 1485 5415 8974
4 8974 5415 3596 5412
4 5416 8974 5412 2572
4 408 5158 8975 5418
4 5158 2540 5417 8975
4 8975 5417 3596 5415
4 5418 8975 5415 1485
4 407 5410 8976 5153
4 5410 1453 5413 8976
4 8976 5413 3596 5417
4 5153 8976 5417 2540
4 441 5419 8977 5414
4 5419 2573 5420 8977
4 8977 5420 3597 5421
4 5414 8977 5421 1485
4 442 5422 8978 5424
4 5422 1517 5423 8978
4 8978 5423 3597 5420
4 5424 8978 5420 2573
4 409 5166 8979 5426
4 5166 2541 5425 8979
4 8979 5425 3597 5423
4 5426 8979 5423 1517
4 408 5418 8980 5161
4 5418 1485 5421 8980
4 8980 5421 3597 5425
4 5161 8980 5425 2541
4 442 5427 8981 5422
4 5427 2574 5428 8981
4 8981 5428 3598 5429
4 5422 8981 5429 1517
4 443 5430 8982 5432
4 5430 1549 5431 8982
4 8982 5431 3598 5428
4 5432 8982 5428 2574
4 410 5174 8983 5434
4 5174 2542 5433 8983
4 8983 5433 3598 5431
4 5434 8983 5431 1549
4 409 5426 8984 5169
4 5426 1517 5429 8984
4 8984 5429 3598 5433
4 5169 8984 5433 2542
4 443 5435 8985 5430
4 5435 2575 5436 8985
4 8985 5436 3599 5437
4 5430 8985 5437 1549
4 444 5438 8986 5440
4 5438 1581 5439 8986
4 8986 5439 3599 5436
4 5440 8986 5436 2575
4 411 5182 8987 5442
4 5182 2543 5441 8987
4 8987 5441 3599 5439
4 5442 8987 5439 1581
4 410 5434 8988 5177
4 5434 1549 5437 8988
4 8988 5437 3599 5441
4 5177 8988 5441 2543
4 444 5443 8989 5438
4 5443 2576 5444 8989
4 8989 5444 3600 5445
4 5438 8989 5445 1581
4 445 5446 8990 5448
4 5446 1613 5447 8990
4 8990 5447 3600 5444
4 5448 8990 5444 2576
4 412 5190 8991 5450
4 5190 2544 5449 8991
4 8991 5449 3600 5447
4 5450 8991 5447 1613
4 411 5442 8992 5185
4 5442 1581 5445 8992
4 8992 5445 3600 5449
4 5185 8992 5449 2544
4 445 5451 8993 5446
4 5451 2577 5452 8993
4 8993 5452 3601 5453
4 5446 8993 5453 1613
4 446 5454 8994 5456
4 5454 1645 5455 8994
4 8994 5455 3601 5452
4 5456 8994 5452 2577
4 413 5198 8995 5458
4 5198 2545 5457 8995
4 8995 5457 3601 5455
4 5458 8995 5455 1645
4 412 5450 8996 5193
4 5450 1613 5453 8996
4 8996 5453 3601 5457
4 5193 8996 5457 2545
4 446 5459 8997 5454
4 5459 2578 5460 8997
4 8997 5460 3602 5461
4 5454 8997 5461 1645
4 447 5462 8998 5464
4 5462 1677 5463 8998
4 8998 5463 3602 5460
4 5464 8998 5460 2578
4 414 5206 8999 5466
4 5206 2546 5465 8999
4 8999 5465 3602 5463
4 5466 8999 5463 1677
4 413 5458 9000 5201
4 5458 1645 5461 9000
4 9000 5461 3602 5465
4 5201 9000 5465 2546
4 447 5467 9001 5462
4 5467 2579 5468 9001
4 9001 5468 3603 5469
4 5462 9001 5469 1677
4 448 5470 9002 5472
4 5470 1709 5471 9002
4 9002 5471 3603 5468
4 5472 9002 5468 2579
4 415 5214 9003 5474
4 5214 2547 5473 9003
4 9003 5473 3603 5471
4 5474 9003 5471 1709
4 414 5466 9004 5209
4 5466 1677 5469 9004
4 9004 5469 3603 5473
4 5209 9004 5473 2547
4 448 5475 9005 5470
4 5475 2580 5476 9005
4 9005 5476 3604 5477
4 5470 9005 5477 1709
4 449 5478 9006 5480
4 5478 1741 5479 9006
4 9006 5479 3604 5476
4 5480 9006 5476 2580
4 416 5222 9007 5482
4 5222 2548 5481 9007
4 9007 5481 3604 5479
4 5482 9007 5479 1741
4 415 5474 9008 5217
4 5474 1709 5477 9008
4 9008 5477 3604 5481
4 5217 9008 5481 2548
4 449 5483 9009 5478
4 5483 2581 5484 9009
4 9009 5484 3605 5485
4 5478 9009 5485 1741
4 450 5486 9010 5488
4 5486 1773 5487 9010
4 9010 5487 3605 5484
4 5488 9010 5484 2581
4 417 5230 9011 5490
4 5230 2549 5489 9011
4 9011 5489 3605 5487
4 5490 9011 5487 1773
4 416 5482 9012 5225
4 5482 1741 5485 9012
4 9012 5485 3605 5489
4 5225 9012 5489 2549
4 450 5491 9013 5486
4 5491 2582 5492 9013
4 9013 5492 3606 5493
4 5486 9013 5493 1773
4 451 5494 9014 5496
4 5494 1805 5495 9014
4 9014 5495 3606 5492
4 5496 9014 5492 2582
4 418 5238 9015 5498
4 5238 2550 5497 9015
4 9015 5497 3606 5495
4 5498 9015 5495 1805
4 417 5490 9016 5233
4 5490 1773 5493 9016
4 9016 5493 3606 5497
4 5233 9016 5497 2550
4 451 5499 9017 5494
4 5499 2583 5500 9017
4 9017 5500 3607 5501
4 5494 9017 5501 1805
4 452 5502 9018 5504
4 5502 1837 5503 9018
4 9018 5503 3607 5500
4 5504 9018 5500 2583
4 419 5246 9019 5506
4 5246 2551 5505 9019
4 9019 5505 3607 5503
4 5506 9019 5503 1837
4 418 5498 9020 5241
4 5498 1805 5501 9020
4 9020 5501 3607 5505
4 5241 9020 5505 2551
4 452 5507 9021 5502
4 5507 2584 5508 9021
4 9021 5508 3608 5509
4 5502 9021 5509 1837
4 453 5510 9022 5512
4 5510 1869 5511 9022
4 9022 5511 3608 5508
4 5512 9022 5508 2584
4 420 5254 9023 5514
4 5254 2552 5513 9023
4 9023 5513 3608 5511
4 5514 9023 5511 1869
4 419 5506 9024 5249
4 5506 1837 5509 9024
4 9024 5509 3608 5513
4 5249 9024 5513 2552
4 453 5515 9025 5510
4 5515 2585 5516 9025
4 9025 5516 3609 5517
4 5510 9025 5517 1869
4 454 5518 9026 5520
4 5518 1901 5519 9026
4 9026 5519 3609 5516
4 5520 9026 5516 2585
4 421 5262 9027 5522
4 5262 2553 5521 9027
4 9027 5521 3609 5519
4 5522 9027 5519 1901
4 420 5514 9028 5257
4 5514 1869 5517 9028
4 9028 5517 3609 5521
4 5257 9028 5521 2553
4 454 5523 9029 5518
4 5523 2586 5524 9029
4 9029 5524 3610 5525
4 5518 9029 5525 1901
4 455 5526 9030 5528
4 5526 1933 5527 9030
4 9030 5527 3610 5524
4 5528 9030 5524 2586
4 422 5270 9031 5530
4 5270 2554 5529 9031
4 9031 5529 3610 5527
4 5530 9031 5527 1933
4 421 5522 9032 5265
4 5522 1901 5525 9032
4 9032 5525 3610 5529
4 5265 9032 5529 2554
4 455 5531 9033 5526
4 5531 2587 5532 9033
4 9033 5532 3611 5533
4 5526 9033 5533 1933
4 456 5534 9034 5536
4 5534 1965 5535 9034
4 9034 5535 3611 5532
4 5536 9034 5532 2587
4 423 5278 9035 5538
4 5278 2555 5537 9035
4 9035 5537 3611 5535
4 5538 9035 5535 1965
4 422 5530 9036 5273
4 5530 1933 5533 9036
4 9036 5533 3611 5537
4 5273 9036 5537 2555
4 456 5539 9037 5534
4 5539 2588 5540 9037
4 9037 5540 3612 5541
4 5534 9037 5541 1965
4 457 5542 9038 5544
4 5542 1997 5543 9038
4 9038 5543 3612 5540
4 5544 9038 5540 2588
4 424 5286 9039 5546
4 5286 2556 5545 9039
4 9039 5545 3612 5543
4 5546 9039 5543 1997
4 423 5538 9040 5281
4 5538 1965 5541 9040
4 9040 5541 3612 5545
4 5281 9040 5545 2556
4 457 5547 9041 5542
4 5547 2589 5548 9041
4 9041 5548 3613 5549
4 5542 9041 5549 1997
4 458 5550 9042 5552
4 5550 2029 5551 9042
4 9042 5551 3613 5548
4 5552 9042 5548 2589
4 425 5294 9043 5554
4 5294 2557 5553 9043
4 9043 5553 3613 5551
4 5554 9043 5551 2029
4 424 5546 9044 5289
4 5546 1997 5549 9044
4 9044 5549 3613 5553
4 5289 9044 5553 2557
4 458 5555 9045 5550
4 5555 2590 5556 9045
4 9045 5556 3614 5557
4 5550 9045 5557 2029
4 459 5558 9046 5560
4 5558 2061 5559 9046
4 9046 5559 3614 5556
4 5560 9046 5556 2590
4 426 5302 9047 5562
4 5302 2558 5561 9047
4 9047 5561 3614 5559
4 5562 9047 5559 2061
4 425 5554 9048 5297
4 5554 2029 5557 9048
4 9048 5557 3614 5561
4 5297 9048 5561 2558
4 459 5563 9049 5558
4 5563 2591 5564 9049
4 9049 5564 3615 5565
4 5558 9049 5565 2061
4 460 5566 9050 5568
4 5566 2093 5567 9050
4 9050 5567 3615 5564
4 5568 9050 5564 2591
4 427 5310 9051 5570
4 5310 2559 5569 9051
4 9051 5569 3615 5567
4 5570 9051 5567 2093
4 426 5562 9052 5305
4 5562 2061 5565 9052
4 9052 5565 3615 5569
4 5305 9052 5569 2559
4 460 5571 9053 5566
4 5571 2592 5572 9053
4 9053 5572 3616 5573
4 5566 9053 5573 2093
4 461 5574 9054 5576
4 5574 2125 5575 9054
4 9054 5575 3616 5572
4 5576 9054 5572 2592
4 428 5318 9055 5578
4 5318 2560 5577 9055
4 9055 5577 3616 5575
4 5578 9055 5575 2125
4 427 5570 9056 5313
4 5570 2093 5573 9056
4 9056 5573 3616 5577
4 5313 9056 5577 2560
4 462 5579 9057 5582
4 5579 2593 5580 9057
4 9057 5580 3617 5581
4 5582 9057 5581 1102
4 463 5583 9058 5585
4 5583 1134 5584 9058
4 9058 5584 3617 5580
4 5585 9058 5580 2593
4 430 5327 9059 5587
4 5327 2561 5586 9059
4 9059 5586 3617 5584
4 5587 9059 5584 1134
4 429 5588 9060 5321
4 5588 1102 5581 9060
4 9060 5581 3617 5586
4 5321 9060 5586 2561
4 463 5589 9061 5583
4 5589 2594 5590 9061
4 9061 5590 3618 5591
4 5583 9061 5591 1134
4 464 5592 9062 5594
4 5592 1166 5593 9062
4 9062 5593 3618 5590
4 5594 9062 5590 2594
4 431 5336 9063 5596
4 5336 2562 5595 9063
4 9063 5595 3618 5593
4 5596 9063 5593 1166
4 430 5587 9064 5331
4 5587 1134 5591 9064
4 9064 5591 3618 5595
4 5331 9064 5595 2562
4 464 5597 9065 5592
4 5597 2595 5598 9065
4 9065 5598 3619 5599
4 5592 9065 5599 1166
4 465 5600 9066 5602
4 5600 1198 5601 9066
4 9066 5601 3619 5598
4 5602 9066 5598 2595
4 432 5344 9067 5604
4 5344 2563 5603 9067
4 9067 5603 3619 5601
4 5604 9067 5601 1198
4 431 5596 9068 5339
4 5596 1166 5599 9068
4 9068 5599 3619 5603
4 5339 9068 5603 2563
4 465 5605 9069 5600
4 5605 2596 5606 9069
4 9069 5606 3620 5607
4 5600 9069 5607 1198
4 466 5608 9070 5610
4 5608 1230 5609 9070
4 9070 5609 3620 5606
4 5610 9070 5606 2596
4 433 5352 9071 5612
4 5352 2564 5611 9071
4 9071 5611 3620 5609
4 5612 9071 5609 1230
4 432 5604 9072 5347
4 5604 1198 5607 9072
4 9072 5607 3620 5611
4 5347 9072 5611 2564
4 466 5613 9073 5608
4 5613 2597 5614 9073
4 9073 5614 3621 5615
4 5608 9073 5615 1230
4 467 5616 9074 5618
4 5616 1262 5617 9074
4 9074 5617 3621 5614
4 5618 9074 5614 2597
4 434 5360 9075 5620
4 5360 2565 5619 9075
4 9075 5619 3621 5617
4 5620 9075 5617 1262
4 433 5612 9076 5355
4 5612 1230 5615 9076
4 9076 5615 3621 5619
4 5355 9076 5619 2565
4 467 5621 9077 5616
4 5621 2598 5622 9077
4 9077 5622 3622 5623
4 5616 9077 5623 1262
4 468 5624 9078 5626
4 5624 1294 5625 9078
4 9078 5625 3622 5622
4 5626 9078 5622 2598
4 435 5368 9079 5628
4 5368 2566 5627 9079
4 9079 5627 3622 5625
4 5628 9079 5625 1294
4 434 5620 9080 5363
4 5620 1262 5623 9080
4 9080 5623 3622 5627
4 5363 9080 5627 2566
4 468 5629 9081 5624
4 5629 2599 5630 9081
4 9081 5630 3623 5631
4 5624 9081 5631 1294
4 469 5632 9082 5634
4 5632 1326 5633 9082
4 9082 5633 3623 5630
4 5634 9082 5630 2599
4 436 5376 9083 5636
4 5376 2567 5635 9083
4 9083 5635 3623 5633
4 5636 9083 5633 1326
4 435 5628 9084 5371
4 5628 1294 5631 9084
4 9084 5631 3623 5635
4 5371 9084 5635 2567
4 469 5637 9085 5632
4 5637 2600 5638 9085
4 9085 5638 3624 5639
4 5632 9085 5639 1326
4 470 5640 9086 5642
4 5640 1358 5641 9086
4 9086 5641 3624 5638
4 5642 9086 5638 2600
4 437 5384 9087 5644
4 5384 2568 5643 9087
4 9087 5643 3624 5641
4 5644 9087 5641 1358
4 436 5636 9088 5379
4 5636 1326 5639 9088
4 9088 5639 3624 5643
4 5379 9088 5643 2568
4 470 5645 9089 5640
4 5645 2601 5646 9089
4 9089 5646 3625 5647
4 5640 9089 5647 1358
4 471 5648 9090 5650
4 5648 1390 5649 9090
4 9090 5649 3625 5646
4 5650 9090 5646 2601
4 438 5392 9091 5652
4 5392 2569 5651 9091
4 9091 5651 3625 5649
4 5652 9091 5649 1390
4 437 5644 9092 5387
4 5644 1358 5647 9092
4 9092 5647 3625 5651
4 5387 9092 5651 2569
4 471 5653 9093 5648
4 5653 2602 5654 9093
4 9093 5654 3626 5655
4 5648 9093 5655 1390
4 472 5656 9094 5658
4 5656 1422 5657 9094
4 9094 5657 3626 5654
4 5658 9094 5654 2602
4 439 5400 9095 5660
4 5400 2570 5659 9095
4 9095 5659 3626 5657
4 5660 9095 5657 1422
4 438 5652 9096 5395
4 5652 1390 5655 9096
4 9096 5655 3626 5659
4 5395 9096 5659 2570
4 472 5661 9097 5656
4 5661 2603 5662 9097
4 9097 5662 3627 5663
4 5656 9097 5663 1422
4 473 5664 9098 5666
4 5664 1454 5665 9098
4 9098 5665 3627 5662
4 5666 9098 5662 2603
4 440 5408 9099 5668
4 5408 2571 5667 9099
4 9099 5667 3627 5665
4 5668 9099 5665 1454
4 439 5660 9100 5403
4 5660 1422 5663 9100
4 9100 5663 3627 5667
4 5403 9100 5667 2571
4 473 5669 9101 5664
4 5669 2604 5670 9101
4 9101 5670 3628 5671
4 5664 9101 5671 1454
4 474 5672 9102 5674
4 5672 1486 5673 9102
4 9102 5673 3628 5670
4 5674 9102 5670 2604
4 441 5416 9103 5676
4 5416 2572 5675 9103
4 9103 5675 3628 5673
4 5676 9103 5673 1486
4 440 5668 9104 5411
4 5668 1454 5671 9104
4 9104 5671 3628 5675
4 5411 9104 5675 2572
4 474 5677 9105 5672
4 5677 2605 5678 9105
4 9105 5678 3629 5679
4 5672 9105 5679 1486
4 475 5680 9106 5682
4 5680 1518 5681 9106
4 9106 5681 3629 5678
4 5682 9106 5678 2605
4 442 5424 9107 5684
4 5424 2573 5683 9107
4 9107 5683 3629 5681
4 5684 9107 5681 1518
4 441 5676 9108 5419
4 5676 1486 5679 9108
4 9108 5679 3629 5683
4 5419 9108 5683 2573
4 475 5685 9109 5680
4 5685 2606 5686 9109
4 9109 5686 3630 5687
4 5680 9109 5687 1518
4 476 5688 9110 5690
4 5688 1550 5689 9110
4 9110 5689 3630 5686
4 5690 9110 5686 2606
4 443 5432 9111 5692
4 5432 2574 5691 9111
4 9111 5691 3630 5689
4 5692 9111 5689 1550
4 442 5684 9112 5427
4 5684 1518 5687 9112
4 9112 5687 3630 5691
4 5427 9112 5691 2574
4 476 5693 9113 5688
4 5693 2607 5694 9113
4 9113 5694 3631 5695
4 5688 9113 5695 1550
4 477 5696 9114 5698
4 5696 1582 5697 9114
4 9114 5697 3631 5694
4 5698 9114 5694 2607
4 444 5440 9115 5700
4 5440 2575 5699 9115
4 9115 5699 3631 5697
4 5700 9115 5697 1582
4 443 5692 9116 5435
4 5692 1550 5695 9116
4 9116 5695 3631 5699
4 5435 9116 5699 2575
4 477 5701 9117 5696
4 5701 2608 5702 9117
4 9117 5702 3632 5703
4 5696 9117 5703 1582
4 478 5704 9118 5706
4 5704 1614 5705 9118
4 9118 5705 3632 5702
4 5706 9118 5702 2608
4 445 5448 9119 5708
4 5448 2576 5707 9119
4 9119 5707 3632 5705
4 5708 9119 5705 1614
4 444 5700 9120 5443
4 5700 1582 5703 9120
4 9120 5703 3632 5707
4 5443 9120 5707 2576
4 478 5709 9121 5704
4 5709 2609 5710 9121
4 9121 5710 3633 5711
4 5704 9121 5711 1614
4 479 5712 9122 5714
4 5712 1646 5713 9122
4 9122 5713 3633 5710
4 5714 9122 5710 2609
4 446 5456 9123 5716
4 5456 2577 5715 9123
4 9123 5715 3633 5713
4 5716 9123 5713 1646
4 445 5708 9124 5451
4 5708 1614 5711 9124
4 9124 5711 3633 5715
4 5451 9124 5715 2577
4 479 5717 9125 5712
4 5717 2610 5718 9125
4 9125 5718 3634 5719
4 5712 9125 5719 1646
4 480 5720 9126 5722
4 5720 1678 5721 9126
4 9126 5721 3634 5718
4 5722 9126 5718 2610
4 447 5464 9127 5724
4 5464 2578 5723 9127
4 9127 5723 3634 5721
4 5724 9127 5721 1678
4 446 5716 9128 5459
4 5716 1646 5719 9128
4 9128 5719 3634 5723
4 5459 9128 5723 2578
4 480 5725 9129 5720
4 5725 2611 5726 9129
4 9129 5726 3635 5727
4 5720 9129 5727 1678
4 481 5728 9130 5730
4 5728 1710 5729 9130
4 9130 5729 3635 5726
4 5730 9130 5726 2611
4 448 5472 9131 5732
4 5472 2579 5731 9131
4 9131 5731 3635 5729
4 5732 9131 5729 1710
4 447 5724 9132 5467
4 5724 1678 5727 9132
4 9132 5727 3635 5731
4 5467 9132 5731 2579
4 481 5733 9133 5728
4 5733 2612 5734 9133
4 9133 5734 3636 5735
4 5728 9133 5735 1710
4 482 5736 9134 5738
4 5736 1742 5737 9134
4 9134 5737 3636 5734
4 5738 9134 5734 2612
4 449 5480 9135 5740
4 5480 2580 5739 9135
4 9135 5739 3636 5737
4 5740 9135 5737 1742
4 448 5732 9136 5475
4 5732 1710 5735 9136
4 9136 5735 3636 5739
4 5475 9136 5739 2580
4 482 5741 9137 5736
4 5741 2613 5742 9137
4 9137 5742 3637 5743
4 5736 9137 5743 1742
4 483 5744 9138 5746
4 5744 1774 5745 9138
4 9138 5745 3637 5742
4 5746 9138 5742 2613
4 450 5488 9139 5748
4 5488 2581 5747 9139
4 9139 5747 3637 5745
4 5748 9139 5745 1774
4 449 5740 9140 5483
4 5740 1742 5743 9140
4 9140 5743 3637 5747
4 5483 9140 5747 2581
4 483 5749 9141 5744
4 5749 2614 5750 9141
4 9141 5750 3638 5751
4 5744 9141 5751 1774
4 484 5752 9142 5754
4 5752 1806 5753 9142
4 9142 5753 3638 5750
4 5754 9142 5750 2614
4 451 5496 9143 5756
4 5496 2582 5755 9143
4 9143 5755 3638 5753
4 5756 9143 5753 1806
4 450 5748 9144 5491
4 5748 1774 5751 9144
4 9144 5751 3638 5755
4 5491 9144 5755 2582
4 484 5757 9145 5752
4 5757 2615 5758 9145
4 9145 5758 3639 5759
4 5752 9145 5759 1806
4 485 5760 9146 5762
4 5760 1838 5761 9146
4 9146 5761 3639 5758
4 5762 9146 5758 2615
4 452 5504 9147 5764
4 5504 2583 5763 9147
4 9147 5763 3639 5761
4 5764 9147 5761 1838
4 451 5756 9148 5499
4 5756 1806 5759 9148
4 9148 5759 3639 5763
4 5499 9148 5763 2583
4 485 5765 9149 5760
4 5765 2616 5766 9149
4 9149 5766 3640 5767
4 5760 9149 5767 1838
4 486 5768 9150 5770
4 5768 1870 5769 9150
4 9150 5769 3640 5766
4 5770 9150 5766 2616
4 453 5512 9151 5772
4 5512 2584 5771 9151
4 9151 5771 3640 5769
4 5772 9151 5769 1870
4 452 5764 9152 5507
4 5764 1838 5767 9152
4 9152 5767 3640 5771
4 5507 9152 5771 2584
4 486 5773 9153 5768
4 5773 2617 5774 9153
4 9153 5774 3641 5775
4 5768 9153 5775 1870
4 487 5776 9154 5778
4 5776 1902 5777 9154
4 9154 5777 3641 5774
4 5778 9154 5774 2617
4 454 5520 9155 5780
4 5520 2585 5779 9155
4 9155 5779 3641 5777
4 5780 9155 5777 1902
4 453 5772 9156 5515
4 5772 1870 5775 9156
4 9156 5775 3641 5779
4 5515 9156 5779 2585
4 487 5781 9157 5776
4 5781 2618 5782 9157
4 9157 5782 3642 5783
4 5776 9157 5783 1902
4 488 5784 9158 5786
4 5784 1934 5785 9158
4 9158 5785 3642 5782
4 5786 9158 5782 2618
4 455 5528 9159 5788
4 5528 2586 5787 9159
4 9159 5787 3642 5785
4 5788 9159 5785 1934
4 454 5780 9160 5523
4 5780 1902 5783 9160
4 9160 5783 3642 5787
4 5523 9160 5787 2586
4 488 5789 9161 5784
4 5789 2619 5790 9161
4 9161 5790 3643 5791
4 5784 9161 5791 1934
4 489 5792 9162 5794
4 5792 1966 5793 9162
4 9162 5793 3643 5790
4 5794 9162 5790 2619
4 456 5536 9163 5796
4 5536 2587 5795 9163
4 9163 5795 3643 5793
4 5796 9163 5793 1966
4 455 5788 9164 5531
4 5788 1934 5791 9164
4 9164 5791 3643 5795
4 5531 9164 5795 2587
4 489 5797 9165 5792
4 5797 2620 5798 9165
4 9165 5798 3644 5799
4 5792 9165 5799 1966
4 490 5800 9166 5802
4 5800 1998 5801 9166
4 9166 5801 3644 5798
4 5802 9166 5798 2620
4 457 5544 9167 5804
4 5544 2588 5803 9167
4 9167 5803 3644 5801
4 5804 9167 5801 1998
4 456 5796 9168 5539
4 5796 1966 5799 9168
4 9168 5799 3644 5803
4 5539 9168 5803 2588
4 490 5805 9169 5800
4 5805 2621 5806 9169
4 9169 5806 3645 5807
4 5800 9169 5807 1998
4 491 5808 9170 5810
4 5808 2030 5809 9170
4 9170 5809 3645 5806
4 5810 9170 5806 2621
4 458 5552 9171 5812
4 5552 2589 5811 9171
4 9171 5811 3645 5809
4 5812 9171 5809 2030
4 457 5804 9172 5547
4 5804 1998 5807 9172
4 9172 5807 3645 5811
4 5547 9172 5811 2589
4 491 5813 9173 5808
4 5813 2622 5814 9173
4 9173 5814 3646 5815
4 5808 9173 5815 2030
4 492 5816 9174 5818
4 5816 2062 5817 9174
4 9174 5817 3646 5814
4 5818 9174 5814 2622
4 459 5560 9175 5820
4 5560 2590 5819 9175
4 9175 5819 3646 5817
4 5820 9175 5817 2062
4 458 5812 9176 5555
4 5812 2030 5815 9176
4 9176 5815 3646 5819
4 5555 9176 5819 2590
4 492 5821 9177 5816
4 5821 2623 5822 9177
4 9177 5822 3647 5823
4 5816 9177 5823 2062
4 493 5824 9178 5826
4 5824 2094 5825 9178
4 9178 5825 3647 5822
4 5826 9178 5822 2623
4 460 5568 9179 5828
4 5568 2591 5827 9179
4 9179 5827 3647 5825
4 5828 9179 5825 2094
4 459 5820 9180 5563
4 5820 2062 5823 9180
4 9180 5823 3647 5827
4 5563 9180 5827 2591
4 493 5829 9181 5824
4 5829 2624 5830 9181
4 9181 5830 3648 5831
4 5824 9181 5831 2094
4 494 5832 9182 5834
4 5832 2126 5833 9182
4 9182 5833 3648 5830
4 5834 9182 5830 2624
4 461 5576 9183 5836
4 5576 2592 5835 9183
4 9183 5835 3648 5833
4 5836 9183 5833 2126
4 460 5828 9184 5571
4 5828 2094 5831 9184
4 9184 5831 3648 5835
4 5571 9184 5835 2592
4 495 5837 9185 5840
4 5837 2625 5838 9185
4 9185 5838 3649 5839
4 5840 9185 5839 1103
4 496 5841 9186 5843
4 5841 1135 5842 9186
4 9186 5842 3649 5838
4 5843 9186 5838 2625
4 463 5585 9187 5845
4 5585 2593 5844 9187
4 9187 5844 3649 5842
4 5845 9187 5842 1135
4 462 5846 9188 5579
4 5846 1103 5839 9188
4 9188 5839 3649 5844
4 5579 9188 5844 2593
4 496 5847 9189 5841
4 5847 2626 5848 9189
4 9189 5848 3650 5849
4 5841 9189 5849 1135
4 497 5850 9190 5852
4 5850 1167 5851 9190
4 9190 5851 3650 5848
4 5852 9190 5848 2626
4 464 5594 9191 5854
4 5594 2594 5853 9191
4 9191 5853 3650 5851
4 5854 9191 5851 1167
4 463 5845 9192 5589
4 5845 1135 5849 9192
4 9192 5849 3650 5853
4 5589 9192 5853 2594
4 497 5855 9193 5850
4 5855 2627 5856 9193
4 9193 5856 3651 5857
4 5850 9193 5857 1167
4 498 5858 9194 5860
4 5858 1199 5859 9194
4 9194 5859 3651 5856
4 5860 9194 5856 2627
4 465 5602 9195 5862
4 5602 2595 5861 9195
4 9195 5861 3651 5859
4 5862 9195 5859 1199
4 464 5854 9196 5597
4 5854 1167 5857 9196
4 9196 5857 3651 5861
4 5597 9196 5861 2595
4 498 5863 9197 5858
4 5863 2628 5864 9197
4 9197 5864 3652 5865
4 5858 9197 5865 1199
4 499 5866 9198 5868
4 5866 1231 5867 9198
4 9198 5867 3652 5864
4 5868 9198 5864 2628
4 466 5610 9199 5870
4 5610 2596 5869 9199
4 9199 5869 3652 5867
4 5870 9199 5867 1231
4 465 5862 9200 5605
4 5862 1199 5865 9200
4 9200 5865 3652 5869
4 5605 9200 5869 2596
4 499 5871 9201 5866
4 5871 2629 5872 9201
4 9201 5872 3653 5873
4 5866 9201 5873 1231
4 500 5874 9202 5876
4 5874 1263 5875 9202
4 9202 5875 3653 5872
4 5876 9202 5872 2629
4 467 5618 9203 5878
4 5618 2597 5877 9203
4 9203 5877 3653 5875
4 5878 9203 5875 1263
4 466 5870 9204 5613
4 5870 1231 5873 9204
4 9204 5873 3653 5877
4 5613 9204 5877 2597
4 500 5879 9205 5874
4 5879 2630 5880 9205
4 9205 5880 3654 5881
4 5874 9205 5881 1263
4 501 5882 9206 5884
4 5882 1295 5883 9206
4 9206 5883 3654 5880
4 5884 9206 5880 2630
4 468 5626 9207 5886
4 5626 2598 5885 9207
4 9207 5885 3654 5883
4 5886 9207 5883 1295
4 467 5878 9208 5621
4 5878 1263 5881 9208
4 9208 5881 3654 5885
4 5621 9208 5885 2598
4 501 5887 9209 5882
4 5887 2631 5888 9209
4 9209 5888 3655 5889
4 5882 9209 5889 1295
4 502 5890 9210 5892
4 5890 1327 5891 9210
4 9210 5891 3655 5888
4 5892 9210 5888 2631
4 469 5634 9211 5894
4 5634 2599 5893 9211
4 9211 5893 3655 5891
4 5894 9211 5891 1327
4 468 5886 9212 5629
4 5886 1295 5889 9212
4 9212 5889 3655 5893
4 5629 9212 5893 2599
4 502 5895 9213 5890
4 5895 2632 5896 9213
4 9213 5896 3656 5897
4 5890 9213 5897 1327
4 503 5898 9214 5900
4 5898 1359 5899 9214
4 9214 5899 3656 5896
4 5900 9214 5896 2632
4 470 5642 9215 5902
4 5642 2600 5901 9215
4 9215 5901 3656 5899
4 5902 9215 5899 1359
4 469 5894 9216 5637
4 5894 1327 5897 9216
4 9216 5897 3656 5901
4 5637 9216 5901 2600
4 503 5903 9217 5898
4 5903 2633 5904 9217
4 9217 5904 3657 5905
4 5898 9217 5905 1359
4 504 5906 9218 5908
4 5906 1391 5907 9218
4 9218 5907 3657 5904
4 5908 9218 5904 2633
4 471 5650 9219 5910
4 5650 2601 5909 9219
4 9219 5909 3657 5907
4 5910 9219 5907 1391
4 470 5902 9220 5645
4 5902 1359 5905 9220
4 9220 5905 3657 5909
4 5645 9220 5909 2601
4 504 5911 9221 5906
4 5911 2634 5912 9221
4 9221 5912 3658 5913
4 5906 9221 5913 1391
4 505 5914 9222 5916
4 5914 1423 5915 9222
4 9222 5915 3658 5912
4 5916 9222 5912 2634
4 472 5658 9223 5918
4 5658 2602 5917 9223
4 9223 5917 3658 5915
4 5918 9223 5915 1423
4 471 5910 9224 5653
4 5910 1391 5913 9224
4 9224 5913 3658 5917
4 5653 9224 5917 2602
4 505 5919 9225 5914
4 5919 2635 5920 9225
4 9225 5920 3659 5921
4 5914 9225 5921 1423
4 506 5922 9226 5924
4 5922 1455 5923 9226
4 9226 5923 3659 5920
4 5924 9226 5920 2635
4 473 5666 9227 5926
4 5666 2603 5925 9227
4 9227 5925 3659 5923
4 5926 9227 5923 1455
4 472 5918 9228 5661
4 5918 1423 5921 9228
4 9228 5921 3659 5925
4 5661 9228 5925 2603
4 506 5927 9229 5922
4 5927 2636 5928 9229
4 9229 5928 3660 5929
4 5922 9229 5929 1455
4 507 5930 9230 5932
4 5930 1487 5931 9230
4 9230 5931 3660 5928
4 5932 9230 5928 2636
4 474 5674 9231 5934
4 5674 2604 5933 9231
4 9231 5933 3660 5931
4 5934 9231 5931 1487
4 473 5926 9232 5669
4 5926 1455 5929 9232
4 9232 5929 3660 5933
4 5669 9232 5933 2604
4 507 5935 9233 5930
4 5935 2637 5936 9233
4 9233 5936 3661 5937
4 5930 9233 5937 1487
4 508 5938 9234 5940
4 5938 1519 5939 9234
4 9234 5939 3661 5936
4 5940 9234 5936 2637
4 475 5682 9235 5942
4 5682 2605 5941 9235
4 9235 5941 3661 5939
4 5942 9235 5939 1519
4 474 5934 9236 5677
4 5934 1487 5937 9236
4 9236 5937 3661 5941
4 5677 9236 5941 2605
4 508 5943 9237 5938
4 5943 2638 5944 9237
4 9237 5944 3662 5945
4 5938 9237 5945 1519
4 509 5946 9238 5948
4 5946 1551 5947 9238
4 9238 5947 3662 5944
4 5948 9238 5944 2638
4 476 5690 9239 5950
4 5690 2606 5949 9239
4 9239 5949 3662 5947
4 5950 9239 5947 1551
4 475 5942 9240 5685
4 5942 1519 5945 9240
4 9240 5945 3662 5949
4 5685 9240 5949 2606
4 509 5951 9241 5946
4 5951 2639 5952 9241
4 9241 5952 3663 5953
4 5946 9241 5953 1551
4 510 5954 9242 5956
4 5954 1583 5955 9242
4 9242 5955 3663 5952
4 5956 9242 5952 2639
4 477 5698 9243 5958
4 5698 2607 5957 9243
4 9243 5957 3663 5955
4 5958 9243 5955 1583
4 476 5950 9244 5693
4 5950 1551 5953 9244
4 9244 5953 3663 5957
4 5693 9244 5957 2607
4 510 5959 9245 5954
4 5959 2640 5960 9245
4 9245 5960 3664 5961
4 5954 9245 5961 1583
4 511 5962 9246 5964
4 5962 1615 5963 9246
4 9246 5963 3664 5960
4 5964 9246 5960 2640
4 478 5706 9247 5966
4 5706 2608 5965 9247
4 9247 5965 3664 5963
4 5966 9247 5963 1615
4 477 5958 9248 5701
4 5958 1583 5961 9248
4 9248 5961 3664 5965
4 5701 9248 5965 2608
4 511 5967 9249 5962
4 5967 2641 5968 9249
4 9249 5968 3665 5969
4 5962 9249 5969 1615
4 512 5970 9250 5972
4 5970 1647 5971 9250
4 9250 5971 3665 5968
4 5972 9250 5968 2641
4 479 5714 9251 5974
4 5714 2609 5973 9251
4 9251 5973 3665 5971
4 5974 9251 5971 1647
4 478 5966 9252 5709
4 5966 1615 5969 9252
4 9252 5969 3665 5973
4 5709 9252 5973 2609
4 512 5975 9253 5970
4 5975 2642 5976 9253
4 9253 5976 3666 5977
4 5970 9253 5977 1647
4 513 5978 9254 5980
4 5978 1679 5979 9254
4 9254 5979 3666 5976
4 5980 9254 5976 2642
4 480 5722 9255 5982
4 5722 2610 5981 9255
4 9255 5981 3666 5979
4 5982 9255 5979 1679
4 479 5974 9256 5717
4 5974 1647 5977 9256
4 9256 5977 3666 5981
4 5717 9256 5981 2610
4 513 5983 9257 5978
4 5983 2643 5984 9257
4 9257 5984 3667 5985
4 5978 9257 5985 1679
4 514 5986 9258 5988
4 5986 1711 5987 9258
4 9258 5987 3667 5984
4 5988 9258 5984 2643
4 481 5730 9259 5990
4 5730 2611 5989 9259
4 9259 5989 3667 5987
4 5990 9259 5987 1711
4 480 5982 9260 5725
4 5982 1679 5985 9260
4 9260 5985 3667 5989
4 5725 9260 5989 2611
4 514 5991 9261 5986
4 5991 2644 5992 9261
4 9261 5992 3668 5993
4 5986 9261 5993 1711
4 515 5994 9262 5996
4 5994 1743 5995 9262
4 9262 5995 3668 5992
4 5996 9262 5992 2644
4 482 5738 9263 5998
4 5738 2612 5997 9263
4 9263 5997 3668 5995
4 5998 9263 5995 1743
4 481 5990 9264 5733
4 5990 1711 5993 9264
4 9264 5993 3668 5997
4 5733 9264 5997 2612
4 515 5999 9265 5994
4 5999 2645 6000 9265
4 9265 6000 3669 6001
4 5994 9265 6001 1743
4 516 6002 9266 6004
4 6002 1775 6003 9266
4 9266 6003 3669 6000
4 6004 9266 6000 2645
4 483 5746 9267 6006
4 5746 2613 6005 9267
4 9267 6005 3669 6003
4 6006 9267 6003 1775
4 482 5998 9268 5741
4 5998 1743 6001 9268
4 9268 6001 3669 6005
4 5741 9268 6005 2613
4 516 6007 9269 6002
4 6007 2646 6008 9269
4 9269 6008 3670 6009
4 6002 9269 6009 1775
4 517 6010 9270 6012
4 6010 1807 6011 9270
4 9270 6011 3670 6008
4 6012 9270 6008 2646
4 484 5754 9271 6014
4 5754 2614 6013 9271
4 9271 6013 3670 6011
4 6014 9271 6011 1807
4 483 6006 9272 5749
4 6006 1775 6009 9272
4 9272 6009 3670 6013
4 5749 9272 6013 2614
4 517 6015 9273 6010
4 6015 2647 6016 9273
4 9273 6016 3671 6017
4 6010 9273 6017 1807
4 518 6018 9274 6020
4 6018 1839 6019 9274
4 9274 6019 3671 6016
4 6020 9274 6016 2647
4 485 5762 9275 6022
4 5762 2615 6021 9275
4 9275 6021 3671 6019
4 6022 9275 6019 1839
4 484 6014 9276 5757
4 6014 1807 6017 9276
4 9276 6017 3671 6021
4 5757 9276 6021 2615
4 518 6023 9277 6018
4 6023 2648 6024 9277
4 9277 6024 3672 6025
4 6018 9277 6025 1839
4 519 6026 9278 6028
4 6026 1871 6027 9278
4 9278 6027 3672 6024
4 6028 9278 6024 2648
4 486 5770 9279 6030
4 5770 2616 6029 9279
4 9279 6029 3672 6027
4 6030 9279 6027 1871
4 485 6022 9280 5765
4 6022 1839 6025 9280
4 9280 6025 3672 6029
4 5765 9280 6029 2616
4 519 6031 9281 6026
4 6031 2649 6032 9281
4 9281 6032 3673 6033
4 6026 9281 6033 1871
4 520 6034 9282 6036
4 6034 1903 6035 9282
4 9282 6035 3673 6032
4 6036 9282 6032 2649
4 487 5778 9283 6038
4 5778 2617 6037 9283
4 9283 6037 3673 6035
4 6038 9283 6035 1903
4 486 6030 9284 5773
4 6030 1871 6033 9284
4 9284 6033 3673 6037
4 5773 9284 6037 2617
4 520 6039 9285 6034
4 6039 2650 6040 9285
4 9285 6040 3674 6041
4 6034 9285 6041 1903
4 521 6042 9286 6044
4 6042 1935 6043 9286
4 9286 6043 3674 6040
4 6044 9286 6040 2650
4 488 5786 9287 6046
4 5786 2618 6045 9287
4 9287 6045 3674 6043
4 6046 9287 6043 1935
4 487 6038 9288 5781
4 6038 1903 6041 9288
4 9288 6041 3674 6045
4 5781 9288 6045 2618
4 521 6047 9289 6042
4 6047 2651 6048 9289
4 9289 6048 3675 6049
4 6042 9289 6049 1935
4 522 6050 9290 6052
4 6050 1967 6051 9290
4 9290 6051 3675 6048
4 6052 9290 6048 2651
4 489 5794 9291 6054
4 5794 2619 6053 9291
4 9291 6053 3675 6051
4 6054 9291 6051 1967
4 488 6046 9292 5789
4 6046 1935 6049 9292
4 9292 6049 3675 6053
4 5789 9292 6053 2619
4 522 6055 9293 6050
4 6055 2652 6056 9293
4 9293 6056 3676 6057
4 6050 9293 6057 1967
4 523 6058 9294 6060
4 6058 1999 6059 9294
4 9294 6059 3676 6056
4 6060 9294 6056 2652
4 490 5802 9295 6062
4 5802 2620 6061 9295
4 9295 6061 3676 6059
4 6062 9295 6059 1999
4 489 6054 9296 5797
4 6054 1967 6057 9296
4 9296 6057 3676 6061
4 5797 9296 6061 2620
4 523 6063 9297 6058
4 6063 2653 6064 9297
4 9297 6064 3677 6065
4 6058 9297 6065 1999
4 524 6066 9298 6068
4 6066 2031 6067 9298
4 9298 6067 3677 6064
4 6068 9298 6064 2653
4 491 5810 9299 6070
4 5810 2621 6069 9299
4 9299 6069 3677 6067
4 6070 9299 6067 2031
4 490 6062 9300 5805
4 6062 1999 6065 9300
4 9300 6065 3677 6069
4 5805 9300 6069 2621
4 524 6071 9301 6066
4 6071 2654 6072 9301
4 9301 6072 3678 6073
4 6066 9301 6073 2031
4 525 6074 9302 6076
4 6074 2063 6075 9302
4 9302 6075 3678 6072
4 6076 9302 6072 2654
4 492 5818 9303 6078
4 5818 2622 6077 9303
4 9303 6077 3678 6075
4 6078 9303 6075 2063
4 491 6070 9304 5813
4 6070 2031 6073 9304
4 9304 6073 3678 6077
4 5813 9304 6077 2622
4 525 6079 9305 6074
4 6079 2655 6080 9305
4 9305 6080 3679 6081
4 6074 9305 6081 2063
4 526 6082 9306 6084
4 6082 2095 6083 9306
4 9306 6083 3679 6080
4 6084 9306 6080 2655
4 493 5826 9307 6086
4 5826 2623 6085 9307
4 9307 6085 3679 6083
4 6086 9307 6083 2095
4 492 6078 9308 5821
4 6078 2063 6081 9308
4 9308 6081 3679 6085
4 5821 9308 6085 2623
4 526 6087 9309 6082
4 6087 2656 6088 9309
4 9309 6088 3680 6089
4 6082 9309 6089 2095
4 527 6090 9310 6092
4 6090 2127 6091 9310
4 9310 6091 3680 6088
4 6092 9310 6088 2656
4 494 5834 9311 6094
4 5834 2624 6093 9311
4 9311 6093 3680 6091
4 6094 9311 6091 2127
4 493 6086 9312 5829
4 6086 2095 6089 9312
4 9312 6089 3680 6093
4 5829 9312 6093 2624
4 528 6095 9313 6098
4 6095 2657 6096 9313
4 9313 6096 3681 6097
4 6098 9313 6097 1104
4 529 6099 9314 6101
4 6099 1136 6100 9314
4 9314 6100 3681 6096
4 6101 9314 6096 2657
4 496 5843 9315 6103
4 5843 2625 6102 9315
4 9315 6102 3681 6100
4 6103 9315 6100 1136
4 495 6104 9316 5837
4 6104 1104 6097 9316
4 9316 6097 3681 6102
4 5837 9316 6102 2625
4 529 6105 9317 6099
4 6105 2658 6106 9317
4 9317 6106 3682 6107
4 6099 9317 6107 1136
4 530 6108 9318 6110
4 6108 1168 6109 9318
4 9318 6109 3682 6106
4 6110 9318 6106 2658
4 497 5852 9319 6112
4 5852 2626 6111 9319
4 9319 6111 3682 6109
4 6112 9319 6109 1168
4 496 6103 9320 5847
4 6103 1136 6107 9320
4 9320 6107 3682 6111
4 5847 9320 6111 2626
4 530 6113 9321 6108
4 6113 2659 6114 9321
4 9321 6114 3683 6115
4 6108 9321 6115 1168
4 531 6116 9322 6118
4 6116 1200 6117 9322
4 9322 6117 3683 6114
4 6118 9322 6114 2659
4 498 5860 9323 6120
4 5860 2627 6119 9323
4 9323 6119 3683 6117
4 6120 9323 6117 1200
4 497 6112 9324 5855
4 6112 1168 6115 9324
4 9324 6115 3683 6119
4 5855 9324 6119 2627
4 531 6121 9325 6116
4 6121 2660 6122 9325
4 9325 6122 3684 6123
4 6116 9325 6123 1200
4 532 6124 9326 6126
4 6124 1232 6125 9326
4 9326 6125 3684 6122
4 6126 9326 6122 2660
4 499 5868 9327 6128
4 5868 2628 6127 9327
4 9327 6127 3684 6125
4 6128 9327 6125 1232
4 498 6120 9328 5863
4 6120 1200 6123 9328
4 9328 6123 3684 6127
4 5863 9328 6127 2628
4 532 6129 9329 6124
4 6129 2661 6130 9329
4 9329 6130 3685 6131
4 6124 9329 6131 1232
4 533 6132 9330 6134
4 6132 1264 6133 9330
4 9330 6133 3685 6130
4 6134 9330 6130 2661
4 500 5876 9331 6136
4 5876 2629 6135 9331
4 9331 6135 3685 6133
4 6136 9331 6133 1264
4 499 6128 9332 5871
4 6128 1232 6131 9332
4 9332 6131 3685 6135
4 5871 9332 6135 2629
4 533 6137 9333 6132
4 6137 2662 6138 9333
4 9333 6138 3686 6139
4 6132 9333 6139 1264
4 534 6140 9334 6142
4 6140 1296 6141 9334
4 9334 6141 3686 6138
4 6142 9334 6138 2662
4 501 5884 9335 6144
4 5884 2630 6143 9335
4 9335 6143 3686 6141
4 6144 9335 6141 1296
4 500 6136 9336 5879
4 6136 1264 6139 9336
4 9336 6139 3686 6143
4 5879 9336 6143 2630
4 534 6145 9337 6140
4 6145 2663 6146 9337
4 9337 6146 3687 6147
4 6140 9337 6147 1296
4 535 6148 9338 6150
4 6148 1328 6149 9338
4 9338 6149 3687 6146
4 6150 9338 6146 2663
4 502 5892 9339 6152
4 5892 2631 6151 9339
4 9339 6151 3687 6149
4 6152 9339 6149 1328
4 501 6144 9340 5887
4 6144 1296 6147 9340
4 9340 6147 3687 6151
4 5887 9340 6151 2631
4 535 6153 9341 6148
4 6153 2664 6154 9341
4 9341 6154 3688 6155
4 6148 9341 6155 1328
4 536 6156 9342 6158
4 6156 1360 6157 9342
4 9342 6157 3688 6154
4 6158 9342 6154 2664
4 503 5900 9343 6160
4 5900 2632 6159 9343
4 9343 6159 3688 6157
4 6160 9343 6157 1360
4 502 6152 9344 5895
4 6152 1328 6155 9344
4 9344 6155 3688 6159
4 5895 9344 6159 2632
4 536 6161 9345 6156
4 6161 2665 6162 9345
4 9345 6162 3689 6163
4 6156 9345 6163 1360
4 537 6164 9346 6166
4 6164 1392 6165 9346
4 9346 6165 3689 6162
4 6166 9346 6162 2665
4 504 5908 9347 6168
4 5908 2633 6167 9347
4 9347 6167 3689 6165
4 6168 9347 6165 1392
4 503 6160 9348 5903
4 6160 1360 6163 9348
4 9348 6163 3689 6167
4 5903 9348 6167 2633
4 537 6169 9349 6164
4 6169 2666 6170 9349
4 9349 6170 3690 6171
4 6164 9349 6171 1392
4 538 6172 9350 6174
4 6172 1424 6173 9350
4 9350 6173 3690 6170
4 6174 9350 6170 2666
4 505 5916 9351 6176
4 5916 2634 6175 9351
4 9351 6175 3690 6173
4 6176 9351 6173 1424
4 504 6168 9352 5911
4 6168 1392 6171 9352
4 9352 6171 3690 6175
4 5911 9352 6175 2634
4 538 6177 9353 6172
4 6177 2667 6178 9353
4 9353 6178 3691 6179
4 6172 9353 6179 1424
4 539 6180 9354 6182
4 6180 1456 6181 9354
4 9354 6181 3691 6178
4 6182 9354 6178 2667
4 506 5924 9355 6184
4 5924 2635 6183 9355
4 9355 6183 3691 6181
4 6184 9355 6181 1456
4 505 6176 9356 5919
4 6176 1424 6179 9356
4 9356 6179 3691 6183
4 5919 9356 6183 2635
4 539 6185 9357 6180
4 6185 2668 6186 9357
4 9357 6186 3692 6187
4 6180 9357 6187 1456
4 540 6188 9358 6190
4 6188 1488 6189 9358
4 9358 6189 3692 6186
4 6190 9358 6186 2668
4 507 5932 9359 6192
4 5932 2636 6191 9359
4 9359 6191 3692 6189
4 6192 9359 6189 1488
4 506 6184 9360 5927
4 6184 1456 6187 9360
4 9360 6187 3692 6191
4 5927 9360 6191 2636
4 540 6193 9361 6188
4 6193 2669 6194 9361
4 9361 6194 3693 6195
4 6188 9361 6195 1488
4 541 6196 9362 6198
4 6196 1520 6197 9362
4 9362 6197 3693 6194
4 6198 9362 6194 2669
4 508 5940 9363 6200
4 5940 2637 6199 9363
4 9363 6199 3693 6197
4 6200 9363 6197 1520
4 507 6192 9364 5935
4 6192 1488 6195 9364
4 9364 6195 3693 6199
4 5935 9364 6199 2637
4 541 6201 9365 6196
4 6201 2670 6202 9365
4 9365 6202 3694 6203
4 6196 9365 6203 1520
4 542 6204 9366 6206
4 6204 1552 6205 9366
4 9366 6205 3694 6202
4 6206 9366 6202 2670
4 509 5948 9367 6208
4 5948 2638 6207 9367
4 9367 6207 3694 6205
4 6208 9367 6205 1552
4 508 6200 9368 5943
4 6200 1520 6203 9368
4 9368 6203 3694 6207
4 5943 9368 6207 2638
4 542 6209 9369 6204
4 6209 2671 6210 9369
4 9369 6210 3695 6211
4 6204 9369 6211 1552
4 543 6212 9370 6214
4 6212 1584 6213 9370
4 9370 6213 3695 6210
4 6214 9370 6210 2671
4 510 5956 9371 6216
4 5956 2639 6215 9371
4 9371 6215 3695 6213
4 6216 9371 6213 1584
4 509 6208 9372 5951
4 6208 1552 6211 9372
4 9372 6211 3695 6215
4 5951 9372 6215 2639
4 543 6217 9373 6212
4 6217 2672 6218 9373
4 9373 6218 3696 6219
4 6212 9373 6219 1584
4 544 6220 9374 6222
4 6220 1616 6221 9374
4 9374 6221 3696 6218
4 6222 9374 6218 2672
4 511 5964 9375 6224
4 5964 2640 6223 9375
4 9375 6223 3696 6221
4 6224 9375 6221 1616
4 510 6216 9376 5959
4 6216 1584 6219 9376
4 9376 6219 3696 6223
4 5959 9376 6223 2640
4 544 6225 9377 6220
4 6225 2673 6226 9377
4 9377 6226 3697 6227
4 6220 9377 6227 1616
4 545 6228 9378 6230
4 6228 1648 6229 9378
4 9378 6229 3697 6226
4 6230 9378 6226 2673
4 512 5972 9379 6232
4 5972 2641 6231 9379
4 9379 6231 3697 6229
4 6232 9379 6229 1648
4 511 6224 9380 5967
4 6224 1616 6227 9380
4 9380 6227 3697 6231
4 5967 9380 6231 2641
4 545 6233 9381 6228
4 6233 2674 6234 9381
4 9381 6234 3698 6235
4 6228 9381 6235 1648
4 546 6236 9382 6238
4 6236 1680 6237 9382
4 9382 6237 3698 6234
4 6238 9382 6234 2674
4 513 5980 9383 6240
4 5980 2642 6239 9383
4 9383 6239 3698 6237
4 6240 9383 6237 1680
4 512 6232 9384 5975
4 6232 1648 6235 9384
4 9384 6235 3698 6239
4 5975 9384 6239 2642
4 546 6241 9385 6236
4 6241 2675 6242 9385
4 9385 6242 3699 6243
4 6236 9385 6243 1680
4 547 6244 9386 6246
4 6244 1712 6245 9386
4 9386 6245 3699 6242
4 6246 9386 6242 2675
4 514 5988 9387 6248
4 5988 2643 6247 9387
4 9387 6247 3699 6245
4 6248 9387 6245 1712
4 513 6240 9388 5983
4 6240 1680 6243 9388
4 9388 6243 3699 6247
4 5983 9388 6247 2643
4 547 6249 9389 6244
4 6249 2676 6250 9389
4 9389 6250 3700 6251
4 6244 9389 6251 1712
4 548 6252 9390 6254
4 6252 1744 6253 9390
4 9390 6253 3700 6250
4 6254 9390 6250 2676
4 515 5996 9391 6256
4 5996 2644 6255 9391
4 9391 6255 3700 6253
4 6256 9391 6253 1744
4 514 6248 9392 5991
4 6248 1712 6251 9392
4 9392 6251 3700 6255
4 5991 9392 6255 2644
4 548 6257 9393 6252
4 6257 2677 6258 9393
4 9393 6258 3701 6259
4 6252 9393 6259 1744
4 549 6260 9394 6262
4 6260 1776 6261 9394
4 9394 6261 3701 6258
4 6262 9394 6258 2677
4 516 6004 9395 6264
4 6004 2645 6263 9395
4 9395 6263 3701 6261
4 6264 9395 6261 1776
4 515 6256 9396 5999
4 6256 1744 6259 9396
4 9396 6259 3701 6263
4 5999 9396 6263 2645
4 549 6265 9397 6260
4 6265 2678 6266 9397
4 9397 6266 3702 6267
4 6260 9397 6267 1776
4 550 6268 9398 6270
4 6268 1808 6269 9398
4 9398 6269 3702 6266
4 6270 9398 6266 2678
4 517 6012 9399 6272
4 6012 2646 6271 9399
4 9399 6271 3702 6269
4 6272 9399 6269 1808
4 516 6264 9400 6007
4 6264 1776 6267 9400
4 9400 6267 3702 6271
4 6007 9400 6271 2646
4 550 6273 9401 6268
4 6273 2679 6274 9401
4 9401 6274 3703 6275
4 6268 9401 6275 1808
4 551 6276 9402 6278
4 6276 1840 6277 9402
4 9402 6277 3703 6274
4 6278 9402 6274 2679
4 518 6020 9403 6280
4 6020 2647 6279 9403
4 9403 6279 3703 6277
4 6280 9403 6277 1840
4 517 6272 9404 6015
4 6272 1808 6275 9404
4 9404 6275 3703 6279
4 6015 9404 6279 2647
4 551 6281 9405 6276
4 6281 2680 6282 9405
4 9405 6282 3704 6283
4 6276 9405 6283 1840
4 552 6284 9406 6286
4 6284 1872 6285 9406
4 9406 6285 3704 6282
4 6286 9406 6282 2680
4 519 6028 9407 6288
4 6028 2648 6287 9407
4 9407 6287 3704 6285
4 6288 9407 6285 1872
4 518 6280 9408 6023
4 6280 1840 6283 9408
4 9408 6283 3704 6287
4 6023 9408 6287 2648
4 552 6289 9409 6284
4 6289 2681 6290 9409
4 9409 6290 3705 6291
4 6284 9409 6291 1872
4 553 6292 9410 6294
4 6292 1904 6293 9410
4 9410 6293 3705 6290
4 6294 9410 6290 2681
4 520 6036 9411 6296
4 6036 2649 6295 9411
4 9411 6295 3705 6293
4 6296 9411 6293 1904
4 519 6288 9412 6031
4 6288 1872 6291 9412
4 9412 6291 3705 6295
4 6031 9412 6295 2649
4 553 6297 9413 6292
4 6297 2682 6298 9413
4 9413 6298 3706 6299
4 6292 9413 6299 1904
4 554 6300 9414 6302
4 6300 1936 6301 9414
4 9414 6301 3706 6298
4 6302 9414 6298 2682
4 521 6044 9415 6304
4 6044 2650 6303 9415
4 9415 6303 3706 6301
4 6304 9415 6301 1936
4 520 6296 9416 6039
4 6296 1904 6299 9416
4 9416 6299 3706 6303
4 6039 9416 6303 2650
4 554 6305 9417 6300
4 6305 2683 6306 9417
4 9417 6306 3707 6307
4 6300 9417 6307 1936
4 555 6308 9418 6310
4 6308 1968 6309 9418
4 9418 6309 3707 6306
4 6310 9418 6306 2683
4 522 6052 9419 6312
4 6052 2651 6311 9419
4 9419 6311 3707 6309
4 6312 9419 6309 1968
4 521 6304 9420 6047
4 6304 1936 6307 9420
4 9420 6307 3707 6311
4 6047 9420 6311 2651
4 555 6313 9421 6308
4 6313 2684 6314 9421
4 9421 6314 3708 6315
4 6308 9421 6315 1968
4 556 6316 9422 6318
4 6316 2000 6317 9422
4 9422 6317 3708 6314
4 6318 9422 6314 2684
4 523 6060 9423 6320
4 6060 2652 6319 9423
4 9423 6319 3708 6317
4 6320 9423 6317 2000
4 522 6312 9424 6055
4 6312 1968 6315 9424
4 9424 6315 3708 6319
4 6055 9424 6319 2652
4 556 6321 9425 6316
4 6321 2685 6322 9425
4 9425 6322 3709 6323
4 6316 9425 6323 2000
4 557 6324 9426 6326
4 6324 2032 6325 9426
4 9426 6325 3709 6322
4 6326 9426 6322 2685
4 524 6068 9427 6328
4 6068 2653 6327 9427
4 9427 6327 3709 6325
4 6328 9427 6325 2032
4 523 6320 9428 6063
4 6320 2000 6323 9428
4 9428 6323 3709 6327
4 6063 9428 6327 2653
4 557 6329 9429 6324
4 6329 2686 6330 9429
4 9429 6330 3710 6331
4 6324 9429 6331 2032
4 558 6332 9430 6334
4 6332 2064 6333 9430
4 9430 6333 3710 6330
4 6334 9430 6330 2686
4 525 6076 9431 6336
4 6076 2654 6335 9431
4 9431 6335 3710 6333
4 6336 9431 6333 2064
4 524 6328 9432 6071
4 6328 2032 6331 9432
4 9432 6331 3710 6335
4 6071 9432 6335 2654
4 558 6337 9433 6332
4 6337 2687 6338 9433
4 9433 6338 3711 6339
4 6332 9433 6339 2064
4 559 6340 9434 6342
4 6340 2096 6341 9434
4 9434 6341 3711 6338
4 6342 9434 6338 2687
4 526 6084 9435 6344
4 6084 2655 6343 9435
4 9435 6343 3711 6341
4 6344 9435 6341 2096
4 525 6336 9436 6079
4 6336 2064 6339 9436
4 9436 6339 3711 6343
4 6079 9436 6343 2655
4 559 6345 9437 6340
4 6345 2688 6346 9437
4 9437 6346 3712 6347
4 6340 9437 6347 2096
4 560 6348 9438 6350
4 6348 2128 6349 9438
4 9438 6349 3712 6346
4 6350 9438 6346 2688
4 527 6092 9439 6352
4 6092 2656 6351 9439
4 9439 6351 3712 6349
4 6352 9439 6349 2128
4 526 6344 9440 6087
4 6344 2096 6347 9440
4 9440 6347 3712 6351
4 6087 9440 6351 2656
4 561 6353 9441 6356
4 6353 2689 6354 9441
4 9441 6354 3713 6355
4 6356 9441 6355 1105
4 562 6357 9442 6359
4 6357 1137 6358 9442
4 9442 6358 3713 6354
4 6359 9442 6354 2689
4 529 6101 9443 6361
4 6101 2657 6360 9443
4 9443 6360 3713 6358
4 6361 9443 6358 1137
4 528 6362 9444 6095
4 6362 1105 6355 9444
4 9444 6355 3713 6360
4 6095 9444 6360 2657
4 562 6363 9445 6357
4 6363 2690 6364 9445
4 9445 6364 3714 6365
4 6357 9445 6365 1137
4 563 6366 9446 6368
4 6366 1169 6367 9446
4 9446 6367 3714 6364
4 6368 9446 6364 2690
4 530 6110 9447 6370
4 6110 2658 6369 9447
4 9447 6369 3714 6367
4 6370 9447 6367 1169
4 529 6361 9448 6105
4 6361 1137 6365 9448
4 9448 6365 3714 6369
4 6105 9448 6369 2658
4 563 6371 9449 6366
4 6371 2691 6372 9449
4 9449 6372 3715 6373
4 6366 9449 6373 1169
4 564 6374 9450 6376
4 6374 1201 6375 9450
4 9450 6375 3715 6372
4 6376 9450 6372 2691
4 531 6118 9451 6378
4 6118 2659 6377 9451
4 9451 6377 3715 6375
4 6378 9451 6375 1201
4 530 6370 9452 6113
4 6370 1169 6373 9452
4 9452 6373 3715 6377
4 6113 9452 6377 2659
4 564 6379 9453 6374
4 6379 2692 6380 9453
4 9453 6380 3716 6381
4 6374 9453 6381 1201
4 565 6382 9454 6384
4 6382 1233 6383 9454
4 9454 6383 3716 6380
4 6384 9454 6380 2692
4 532 6126 9455 6386
4 6126 2660 6385 9455
4 9455 6385 3716 6383
4 6386 9455 6383 1233
4 531 6378 9456 6121
4 6378 1201 6381 9456
4 9456 6381 3716 6385
4 6121 9456 6385 2660
4 565 6387 9457 6382
4 6387 2693 6388 9457
4 9457 6388 3717 6389
4 6382 9457 6389 1233
4 566 6390 9458 6392
4 6390 1265 6391 9458
4 9458 6391 3717 6388
4 6392 9458 6388 2693
4 533 6134 9459 6394
4 6134 2661 6393 9459
4 9459 6393 3717 6391
4 6394 9459 6391 1265
4 532 6386 9460 6129
4 6386 1233 6389 9460
4 9460 6389 3717 6393
4 6129 9460 6393 2661
4 566 6395 9461 6390
4 6395 2694 6396 9461
4 9461 6396 3718 6397
4 6390 9461 6397 1265
4 567 6398 9462 6400
4 6398 1297 6399 9462
4 9462 6399 3718 6396
4 6400 9462 6396 2694
4 534 6142 9463 6402
4 6142 2662 6401 9463
4 9463 6401 3718 6399
4 6402 9463 6399 1297
4 533 6394 9464 6137
4 6394 1265 6397 9464
4 9464 6397 3718 6401
4 6137 9464 6401 2662
4 567 6403 9465 6398
4 6403 2695 6404 9465
4 9465 6404 3719 6405
4 6398 9465 6405 1297
4 568 6406 9466 6408
4 6406 1329 6407 9466
4 9466 6407 3719 6404
4 6408 9466 6404 2695
4 535 6150 9467 6410
4 6150 2663 6409 9467
4 9467 6409 3719 6407
4 6410 9467 6407 1329
4 534 6402 9468 6145
4 6402 1297 6405 9468
4 9468 6405 3719 6409
4 6145 9468 6409 2663
4 568 6411 9469 6406
4 6411 2696 6412 9469
4 9469 6412 3720 6413
4 6406 9469 6413 1329
4 569 6414 9470 6416
4 6414 1361 6415 9470
4 9470 6415 3720 6412
4 6416 9470 6412 2696
4 536 6158 9471 6418
4 6158 2664 6417 9471
4 9471 6417 3720 6415
4 6418 9471 6415 1361
4 535 6410 9472 6153
4 6410 1329 6413 9472
4 9472 6413 3720 6417
4 6153 9472 6417 2664
4 569 6419 9473 6414
4 6419 2697 6420 9473
4 9473 6420 3721 6421
4 6414 9473 6421 1361
4 570 6422 9474 6424
4 6422 1393 6423 9474
4 9474 6423 3721 6420
4 6424 9474 6420 2697
4 537 6166 9475 6426
4 6166 2665 6425 9475
4 9475 6425 3721 6423
4 6426 9475 6423 1393
4 536 6418 9476 6161
4 6418 1361 6421 9476
4 9476 6421 3721 6425
4 6161 9476 6425 2665
4 570 6427 9477 6422
4 6427 2698 6428 9477
4 9477 6428 3722 6429
4 6422 9477 6429 1393
4 571 6430 9478 6432
4 6430 1425 6431 9478
4 9478 6431 3722 6428
4 6432 9478 6428 2698
4 538 6174 9479 6434
4 6174 2666 6433 9479
4 9479 6433 3722 6431
4 6434 9479 6431 1425
4 537 6426 9480 6169
4 6426 1393 6429 9480
4 9480 6429 3722 6433
4 6169 9480 6433 2666
4 571 6435 9481 6430
4 6435 2699 6436 9481
4 9481 6436 3723 6437
4 6430 9481 6437 1425
4 572 6438 9482 6440
4 6438 1457 6439 9482
4 9482 6439 3723 6436
4 6440 9482 6436 2699
4 539 6182 9483 6442
4 6182 2667 6441 9483
4 9483 6441 3723 6439
4 6442 9483 6439 1457
4 538 6434 9484 6177
4 6434 1425 6437 9484
4 9484 6437 3723 6441
4 6177 9484 6441 2667
4 572 6443 9485 6438
4 6443 2700 6444 9485
4 9485 6444 3724 6445
4 6438 9485 6445 1457
4 573 6446 9486 6448
4 6446 1489 6447 9486
4 9486 6447 3724 6444
4 6448 9486 6444 2700
4 540 6190 9487 6450
4 6190 2668 6449 9487
4 9487 6449 3724 6447
4 6450 9487 6447 1489
4 539 6442 9488 6185
4 6442 1457 6445 9488
4 9488 6445 3724 6449
4 6185 9488 6449 2668
4 573 6451 9489 6446
4 6451 2701 6452 9489
4 9489 6452 3725 6453
4 6446 9489 6453 1489
4 574 6454 9490 6456
4 6454 1521 6455 9490
4 9490 6455 3725 6452
4 6456 9490 6452 2701
4 541 6198 9491 6458
4 6198 2669 6457 9491
4 9491 6457 3725 6455
4 6458 9491 6455 1521
4 540 6450 9492 6193
4 6450 1489 6453 9492
4 9492 6453 3725 6457
4 6193 9492 6457 2669
4 574 6459 9493 6454
4 6459 2702 6460 9493
4 9493 6460 3726 6461
4 6454 9493 6461 1521
4 575 6462 9494 6464
4 6462 1553 6463 9494
4 9494 6463 3726 6460
4 6464 9494 6460 2702
4 542 6206 9495 6466
4 6206 2670 6465 9495
4 9495 6465 3726 6463
4 6466 9495 6463 1553
4 541 6458 9496 6201
4 6458 1521 6461 9496
4 9496 6461 3726 6465
4 6201 9496 6465 2670
4 575 6467 9497 6462
4 6467 2703 6468 9497
4 9497 6468 3727 6469
4 6462 9497 6469 1553
4 576 6470 9498 6472
4 6470 1585 6471 9498
4 9498 6471 3727 6468
4 6472 9498 6468 2703
4 543 6214 9499 6474
4 6214 2671 6473 9499
4 9499 6473 3727 6471
4 6474 9499 6471 1585
4 542 6466 9500 6209
4 6466 1553 6469 9500
4 9500 6469 3727 6473
4 6209 9500 6473 2671
4 576 6475 9501 6470
4 6475 2704 6476 9501
4 9501 6476 3728 6477
4 6470 9501 6477 1585
4 577 6478 9502 6480
4 6478 1617 6479 9502
4 9502 6479 3728 6476
4 6480 9502 6476 2704
4 544 6222 9503 6482
4 6222 2672 6481 9503
4 9503 6481 3728 6479
4 6482 9503 6479 1617
4 543 6474 9504 6217
4 6474 1585 6477 9504
4 9504 6477 3728 6481
4 6217 9504 6481 2672
4 577 6483 9505 6478
4 6483 2705 6484 9505
4 9505 6484 3729 6485
4 6478 9505 6485 1617
4 578 6486 9506 6488
4 6486 1649 6487 9506
4 9506 6487 3729 6484
4 6488 9506 6484 2705
4 545 6230 9507 6490
4 6230 2673 6489 9507
4 9507 6489 3729 6487
4 6490 9507 6487 1649
4 544 6482 9508 6225
4 6482 1617 6485 9508
4 9508 6485 3729 6489
4 6225 9508 6489 2673
4 578 6491 9509 6486
4 6491 2706 6492 9509
4 9509 6492 3730 6493
4 6486 9509 6493 1649
4 579 6494 9510 6496
4 6494 1681 6495 9510
4 9510 6495 3730 6492
4 6496 9510 6492 2706
4 546 6238 9511 6498
4 6238 2674 6497 9511
4 9511 6497 3730 6495
4 6498 9511 6495 1681
4 545 6490 9512 6233
4 6490 1649 6493 9512
4 9512 6493 3730 6497
4 6233 9512 6497 2674
4 579 6499 9513 6494
4 6499 2707 6500 9513
4 9513 6500 3731 6501
4 6494 9513 6501 1681
4 580 6502 9514 6504
4 6502 1713 6503 9514
4 9514 6503 3731 6500
4 6504 9514 6500 2707
4 547 6246 9515 6506
4 6246 2675 6505 9515
4 9515 6505 3731 6503
4 6506 9515 6503 1713
4 546 6498 9516 6241
4 6498 1681 6501 9516
4 9516 6501 3731 6505
4 6241 9516 6505 2675
4 580 6507 9517 6502
4 6507 2708 6508 9517
4 9517 6508 3732 6509
4 6502 9517 6509 1713
4 581 6510 9518 6512
4 6510 1745 6511 9518
4 9518 6511 3732 6508
4 6512 9518 6508 2708
4 548 6254 9519 6514
4 6254 2676 6513 9519
4 9519 6513 3732 6511
4 6514 9519 6511 1745
4 547 6506 9520 6249
4 6506 1713 6509 9520
4 9520 6509 3732 6513
4 6249 9520 6513 2676
4 581 6515 9521 6510
4 6515 2709 6516 9521
4 9521 6516 3733 6517
4 6510 9521 6517 1745
4 582 6518 9522 6520
4 6518 1777 6519 9522
4 9522 6519 3733 6516
4 6520 9522 6516 2709
4 549 6262 9523 6522
4 6262 2677 6521 9523
4 9523 6521 3733 6519
4 6522 9523 6519 1777
4 548 6514 9524 6257
4 6514 1745 6517 9524
4 9524 6517 3733 6521
4 6257 9524 6521 2677
4 582 6523 9525 6518
4 6523 2710 6524 9525
4 9525 6524 3734 6525
4 6518 9525 6525 1777
4 583 6526 9526 6528
4 6526 1809 6527 9526
4 9526 6527 3734 6524
4 6528 9526 6524 2710
4 550 6270 9527 6530
4 6270 2678 6529 9527
4 9527 6529 3734 6527
4 6530 9527 6527 1809
4 549 6522 9528 6265
4 6522 1777 6525 9528
4 9528 6525 3734 6529
4 6265 9528 6529 2678
4 583 6531 9529 6526
4 6531 2711 6532 9529
4 9529 6532 3735 6533
4 6526 9529 6533 1809
4 584 6534 9530 6536
4 6534 1841 6535 9530
4 9530 6535 3735 6532
4 6536 9530 6532 2711
4 551 6278 9531 6538
4 6278 2679 6537 9531
4 9531 6537 3735 6535
4 6538 9531 6535 1841
4 550 6530 9532 6273
4 6530 1809 6533 9532
4 9532 6533 3735 6537
4 6273 9532 6537 2679
4 584 6539 9533 6534
4 6539 2712 6540 9533
4 9533 6540 3736 6541
4 6534 9533 6541 1841
4 585 6542 9534 6544
4 6542 1873 6543 9534
4 9534 6543 3736 6540
4 6544 9534 6540 2712
4 552 6286 9535 6546
4 6286 2680 6545 9535
4 9535 6545 3736 6543
4 6546 9535 6543 1873
4 551 6538 9536 6281
4 6538 1841 6541 9536
4 9536 6541 3736 6545
4 6281 9536 6545 2680
4 585 6547 9537 6542
4 6547 2713 6548 9537
4 9537 6548 3737 6549
4 6542 9537 6549 1873
4 586 6550 9538 6552
4 6550 1905 6551 9538
4 9538 6551 3737 6548
4 6552 9538 6548 2713
4 553 6294 9539 6554
4 6294 2681 6553 9539
4 9539 6553 3737 6551
4 6554 9539 6551 1905
4 552 6546 9540 6289
4 6546 1873 6549 9540
4 9540 6549 3737 6553
4 6289 9540 6553 2681
4 586 6555 9541 6550
4 6555 2714 6556 9541
4 9541 6556 3738 6557
4 6550 9541 6557 1905
4 587 6558 9542 6560
4 6558 1937 6559 9542
4 9542 6559 3738 6556
4 6560 9542 6556 2714
4 554 6302 9543 6562
4 6302 2682 6561 9543
4 9543 6561 3738 6559
4 6562 9543 6559 1937
4 553 6554 9544 6297
4 6554 1905 6557 9544
4 9544 6557 3738 6561
4 6297 9544 6561 2682
4 587 6563 9545 6558
4 6563 2715 6564 9545
4 9545 6564 3739 6565
4 6558 9545 6565 1937
4 588 6566 9546 6568
4 6566 1969 6567 9546
4 9546 6567 3739 6564
4 6568 9546 6564 2715
4 555 6310 9547 6570
4 6310 2683 6569 9547
4 9547 6569 3739 6567
4 6570 9547 6567 1969
4 554 6562 9548 6305
4 6562 1937 6565 9548
4 9548 6565 3739 6569
4 6305 9548 6569 2683
4 588 6571 9549 6566
4 6571 2716 6572 9549
4 9549 6572 3740 6573
4 6566 9549 6573 1969
4 589 6574 9550 6576
4 6574 2001 6575 9550
4 9550 6575 3740 6572
4 6576 9550 6572 2716
4 556 6318 9551 6578
4 6318 2684 6577 9551
4 9551 6577 3740 6575
4 6578 9551 6575 2001
4 555 6570 9552 6313
4 6570 1969 6573 9552
4 9552 6573 3740 6577
4 6313 9552 6577 2684
4 589 6579 9553 6574
4 6579 2717 6580 9553
4 9553 6580 3741 6581
4 6574 9553 6581 2001
4 590 6582 9554 6584
4 6582 2033 6583 9554
4 9554 6583 3741 6580
4 6584 9554 6580 2717
4 557 6326 9555 6586
4 6326 2685 6585 9555
4 9555 6585 3741 6583
4 6586 9555 6583 2033
4 556 6578 9556 6321
4 6578 2001 6581 9556
4 9556 6581 3741 6585
4 6321 9556 6585 2685
4 590 6587 9557 6582
4 6587 2718 6588 9557
4 9557 6588 3742 6589
4 6582 9557 6589 2033
4 591 6590 9558 6592
4 6590 2065 6591 9558
4 9558 6591 3742 6588
4 6592 9558 6588 2718
4 558 6334 9559 6594
4 6334 2686 6593 9559
4 9559 6593 3742 6591
4 6594 9559 6591 2065
4 557 6586 9560 6329
4 6586 2033 6589 9560
4 9560 6589 3742 6593
4 6329 9560 6593 2686
4 591 6595 9561 6590
4 6595 2719 6596 9561
4 9561 6596 3743 6597
4 6590 9561 6597 2065
4 592 6598 9562 6600
4 6598 2097 6599 9562
4 9562 6599 3743 6596
4 6600 9562 6596 2719
4 559 6342 9563 6602
4 6342 2687 6601 9563
4 9563 6601 3743 6599
4 6602 9563 6599 2097
4 558 6594 9564 6337
4 6594 2065 6597 9564
4 9564 6597 3743 6601
4 6337 9564 6601 2687
4 592 6603 9565 6598
4 6603 2720 6604 9565
4 9565 6604 3744 6605
4 6598 9565 6605 2097
4 593 6606 9566 6608
4 6606 2129 6607 9566
4 9566 6607 3744 6604
4 6608 9566 6604 2720
4 560 6350 9567 6610
4 6350 2688 6609 9567
4 9567 6609 3744 6607
4 6610 9567 6607 2129
4 559 6602 9568 6345
4 6602 2097 6605 9568
4 9568 6605 3744 6609
4 6345 9568 6609 2688
4 594 6611 9569 6614
4 6611 2721 6612 9569
4 9569 6612 3745 6613
4 6614 9569 6613 1106
4 595 6615 9570 6617
4 6615 1138 6616 9570
4 9570 6616 3745 6612
4 6617 9570 6612 2721
4 562 6359 9571 6619
4 6359 2689 6618 9571
4 9571 6618 3745 6616
4 6619 9571 6616 1138
4 561 6620 9572 6353
4 6620 1106 6613 9572
4 9572 6613 3745 6618
4 6353 9572 6618 2689
4 595 6621 9573 6615
4 6621 2722 6622 9573
4 9573 6622 3746 6623
4 6615 9573 6623 1138
4 596 6624 9574 6626
4 6624 1170 6625 9574
4 9574 6625 3746 6622
4 6626 9574 6622 2722
4 563 6368 9575 6628
4 6368 2690 6627 9575
4 9575 6627 3746 6625
4 6628 9575 6625 1170
4 562 6619 9576 6363
4 6619 1138 6623 9576
4 9576 6623 3746 6627
4 6363 9576 6627 2690
4 596 6629 9577 6624
4 6629 2723 6630 9577
4 9577 6630 3747 6631
4 6624 9577 6631 1170
4 597 6632 9578 6634
4 6632 1202 6633 9578
4 9578 6633 3747 6630
4 6634 9578 6630 2723
4 564 6376 9579 6636
4 6376 2691 6635 9579
4 9579 6635 3747 6633
4 6636 9579 6633 1202
4 563 6628 9580 6371
4 6628 1170 6631 9580
4 9580 6631 3747 6635
4 6371 9580 6635 2691
4 597 6637 9581 6632
4 6637 2724 6638 9581
4 9581 6638 3748 6639
4 6632 9581 6639 1202
4 598 6640 9582 6642
4 6640 1234 6641 9582
4 9582 6641 3748 6638
4 6642 9582 6638 2724
4 565 6384 9583 6644
4 6384 2692 6643 9583
4 9583 6643 3748 6641
4 6644 9583 6641 1234
4 564 6636 9584 6379
4 6636 1202 6639 9584
4 9584 6639 3748 6643
4 6379 9584 6643 2692
4 598 6645 9585 6640
4 6645 2725 6646 9585
4 9585 6646 3749 6647
4 6640 9585 6647 1234
4 599 6648 9586 6650
4 6648 1266 6649 9586
4 9586 6649 3749 6646
4 6650 9586 6646 2725
4 566 6392 9587 6652
4 6392 2693 6651 9587
4 9587 6651 3749 6649
4 6652 9587 6649 1266
4 565 6644 9588 6387
4 6644 1234 6647 9588
4 9588 6647 3749 6651
4 6387 9588 6651 2693
4 599 6653 9589 6648
4 6653 2726 6654 9589
4 9589 6654 3750 6655
4 6648 9589 6655 1266
4 600 6656 9590 6658
4 6656 1298 6657 9590
4 9590 6657 3750 6654
4 6658 9590 6654 2726
4 567 6400 9591 6660
4 6400 2694 6659 9591
4 9591 6659 3750 6657
4 6660 9591 6657 1298
4 566 6652 9592 6395
4 6652 1266 6655 9592
4 9592 6655 3750 6659
4 6395 9592 6659 2694
4 600 6661 9593 6656
4 6661 2727 6662 9593
4 9593 6662 3751 6663
4 6656 9593 6663 1298
4 601 6664 9594 6666
4 6664 1330 6665 9594
4 9594 6665 3751 6662
4 6666 9594 6662 2727
4 568 6408 9595 6668
4 6408 2695 6667 9595
4 9595 6667 3751 6665
4 6668 9595 6665 1330
4 567 6660 9596 6403
4 6660 1298 6663 9596
4 9596 6663 3751 6667
4 6403 9596 6667 2695
4 601 6669 9597 6664
4 6669 2728 6670 9597
4 9597 6670 3752 6671
4 6664 9597 6671 1330
4 602 6672 9598 6674
4 6672 1362 6673 9598
4 9598 6673 3752 6670
4 6674 9598 6670 2728
4 569 6416 9599 6676
4 6416 2696 6675 9599
4 9599 6675 3752 6673
4 6676 9599 6673 1362
4 568 6668 9600 6411
4 6668 1330 6671 9600
4 9600 6671 3752 6675
4 6411 9600 6675 2696
4 602 6677 9601 6672
4 6677 2729 6678 9601
4 9601 6678 3753 6679
4 6672 9601 6679 1362
4 603 6680 9602 6682
4 6680 1394 6681 9602
4 9602 6681 3753 6678
4 6682 9602 6678 2729
4 570 6424 9603 6684
4 6424 2697 6683 9603
4 9603 6683 3753 6681
4 6684 9603 6681 1394
4 569 6676 9604 6419
4 6676 1362 6679 9604
4 9604 6679 3753 6683
4 6419 9604 6683 2697
4 603 6685 9605 6680
4 6685 2730 6686 9605
4 9605 6686 3754 6687
4 6680 9605 6687 1394
4 604 6688 9606 6690
4 6688 1426 6689 9606
4 9606 6689 3754 6686
4 6690 9606 6686 2730
4 571 6432 9607 6692
4 6432 2698 6691 9607
4 9607 6691 3754 6689
4 6692 9607 6689 1426
4 570 6684 9608 6427
4 6684 1394 6687 9608
4 9608 6687 3754 6691
4 6427 9608 6691 2698
4 604 6693 9609 6688
4 6693 2731 6694 9609
4 9609 6694 3755 6695
4 6688 9609 6695 1426
4 605 6696 9610 6698
4 6696 1458 6697 9610
4 9610 6697 3755 6694
4 6698 9610 6694 2731
4 572 6440 9611 6700
4 6440 2699 6699 9611
4 9611 6699 3755 6697
4 6700 9611 6697 1458
4 571 6692 9612 6435
4 6692 1426 6695 9612
4 9612 6695 3755 6699
4 6435 9612 6699 2699
4 605 6701 9613 6696
4 6701 2732 6702 9613
4 9613 6702 3756 6703
4 6696 9613 6703 1458
4 606 6704 9614 6706
4 6704 1490 6705 9614
4 9614 6705 3756 6702
4 6706 9614 6702 2732
4 573 6448 9615 6708
4 6448 2700 6707 9615
4 9615 6707 3756 6705
4 6708 9615 6705 1490
4 572 6700 9616 6443
4 6700 1458 6703 9616
4 9616 6703 3756 6707
4 6443 9616 6707 2700
4 606 6709 9617 6704
4 6709 2733 6710 9617
4 9617 6710 3757 6711
4 6704 9617 6711 1490
4 607 6712 9618 6714
4 6712 1522 6713 9618
4 9618 6713 3757 6710
4 6714 9618 6710 2733
4 574 6456 9619 6716
4 6456 2701 6715 9619
4 9619 6715 3757 6713
4 6716 9619 6713 1522
4 573 6708 9620 6451
4 6708 1490 6711 9620
4 9620 6711 3757 6715
4 6451 9620 6715 2701
4 607 6717 9621 6712
4 6717 2734 6718 9621
4 9621 6718 3758 6719
4 6712 9621 6719 1522
4 608 6720 9622 6722
4 6720 1554 6721 9622
4 9622 6721 3758 6718
4 6722 9622 6718 2734
4 575 6464 9623 6724
4 6464 2702 6723 9623
4 9623 6723 3758 6721
4 6724 9623 6721 1554
4 574 6716 9624 6459
4 6716 1522 6719 9624
4 9624 6719 3758 6723
4 6459 9624 6723 2702
4 608 6725 9625 6720
4 6725 2735 6726 9625
4 9625 6726 3759 6727
4 6720 9625 6727 1554
4 609 6728 9626 6730
4 6728 1586 6729 9626
4 9626 6729 3759 6726
4 6730 9626 6726 2735
4 576 6472 9627 6732
4 6472 2703 6731 9627
4 9627 6731 3759 6729
4 6732 9627 6729 1586
4 575 6724 9628 6467
4 6724 1554 6727 9628
4 9628 6727 3759 6731
4 6467 9628 6731 2703
4 609 6733 9629 6728
4 6733 2736 6734 9629
4 9629 6734 3760 6735
4 6728 9629 6735 1586
4 610 6736 9630 6738
4 6736 1618 6737 9630
4 9630 6737 3760 6734
4 6738 9630 6734 2736
4 577 6480 9631 6740
4 6480 2704 6739 9631
4 9631 6739 3760 6737
4 6740 9631 6737 1618
4 576 6732 9632 6475
4 6732 1586 6735 9632
4 9632 6735 3760 6739
4 6475 9632 6739 2704
4 610 6741 9633 6736
4 6741 2737 6742 9633
4 9633 6742 3761 6743
4 6736 9633 6743 1618
4 611 6744 9634 6746
4 6744 1650 6745 9634
4 9634 6745 3761 6742
4 6746 9634 6742 2737
4 578 6488 9635 6748
4 6488 2705 6747 9635
4 9635 6747 3761 6745
4 6748 9635 6745 1650
4 577 6740 9636 6483
4 6740 1618 6743 9636
4 9636 6743 3761 6747
4 6483 9636 6747 2705
4 611 6749 9637 6744
4 6749 2738 6750 9637
4 9637 6750 3762 6751
4 6744 9637 6751 1650
4 612 6752 9638 6754
4 6752 1682 6753 9638
4 9638 6753 3762 6750
4 6754 9638 6750 2738
4 579 6496 9639 6756
4 6496 2706 6755 9639
4 9639 6755 3762 6753
4 6756 9639 6753 1682
4 578 6748 9640 6491
4 6748 1650 6751 9640
4 9640 6751 3762 6755
4 6491 9640 6755 2706
4 612 6757 9641 6752
4 6757 2739 6758 9641
4 9641 6758 3763 6759
4 6752 9641 6759 1682
4 613 6760 9642 6762
4 6760 1714 6761 9642
4 9642 6761 3763 6758
4 6762 9642 6758 2739
4 580 6504 9643 6764
4 6504 2707 6763 9643
4 9643 6763 3763 6761
4 6764 9643 6761 1714
4 579 6756 9644 6499
4 6756 1682 6759 9644
4 9644 6759 3763 6763
4 6499 9644 6763 2707
4 613 6765 9645 6760
4 6765 2740 6766 9645
4 9645 6766 3764 6767
4 6760 9645 6767 1714
4 614 6768 9646 6770
4 6768 1746 6769 9646
4 9646 6769 3764 6766
4 6770 9646 6766 2740
4 581 6512 9647 6772
4 6512 2708 6771 9647
4 9647 6771 3764 6769
4 6772 9647 6769 1746
4 580 6764 9648 6507
4 6764 1714 6767 9648
4 9648 6767 3764 6771
4 6507 9648 6771 2708
4 614 6773 9649 6768
4 6773 2741 6774 9649
4 9649 6774 3765 6775
4 6768 9649 6775 1746
4 615 6776 9650 6778
4 6776 1778 6777 9650
4 9650 6777 3765 6774
4 6778 9650 6774 2741
4 582 6520 9651 6780
4 6520 2709 6779 9651
4 9651 6779 3765 6777
4 6780 9651 6777 1778
4 581 6772 9652 6515
4 6772 1746 6775 9652
4 9652 6775 3765 6779
4 6515 9652 6779 2709
4 615 6781 9653 6776
4 6781 2742 6782 9653
4 9653 6782 3766 6783
4 6776 9653 6783 1778
4 616 6784 9654 6786
4 6784 1810 6785 9654
4 9654 6785 3766 6782
4 6786 9654 6782 2742
4 583 6528 9655 6788
4 6528 2710 6787 9655
4 9655 6787 3766 6785
4 6788 9655 6785 1810
4 582 6780 9656 6523
4 6780 1778 6783 9656
4 9656 6783 3766 6787
4 6523 9656 6787 2710
4 616 6789 9657 6784
4 6789 2743 6790 9657
4 9657 6790 3767 6791
4 6784 9657 6791 1810
4 617 6792 9658 6794
4 6792 1842 6793 9658
4 9658 6793 3767 6790
4 6794 9658 6790 2743
4 584 6536 9659 6796
4 6536 2711 6795 9659
4 9659 6795 3767 6793
4 6796 9659 6793 1842
4 583 6788 9660 6531
4 6788 1810 6791 9660
4 9660 6791 3767 6795
4 6531 9660 6795 2711
4 617 6797 9661 6792
4 6797 2744 6798 9661
4 9661 6798 3768 6799
4 6792 9661 6799 1842
4 618 6800 9662 6802
4 6800 1874 6801 9662
4 9662 6801 3768 6798
4 6802 9662 6798 2744
4 585 6544 9663 6804
4 6544 2712 6803 9663
4 9663 6803 3768 6801
4 6804 9663 6801 1874
4 584 6796 9664 6539
4 6796 1842 6799 9664
4 9664 6799 3768 6803
4 6539 9664 6803 2712
4 618 6805 9665 6800
4 6805 2745 6806 9665
4 9665 6806 3769 6807
4 6800 9665 6807 1874
4 619 6808 9666 6810
4 6808 1906 6809 9666
4 9666 6809 3769 6806
4 6810 9666 6806 2745
4 586 6552 9667 6812
4 6552 2713 6811 9667
4 9667 6811 3769 6809
4 6812 9667 6809 1906
4 585 6804 9668 6547
4 6804 1874 6807 9668
4 9668 6807 3769 6811
4 6547 9668 6811 2713
4 619 6813 9669 6808
4 6813 2746 6814 9669
4 9669 6814 3770 6815
4 6808 9669 6815 1906
4 620 6816 9670 6818
4 6816 1938 6817 9670
4 9670 6817 3770 6814
4 6818 9670 6814 2746
4 587 6560 9671 6820
4 6560 2714 6819 9671
4 9671 6819 3770 6817
4 6820 9671 6817 1938
4 586 6812 9672 6555
4 6812 1906 6815 9672
4 9672 6815 3770 6819
4 6555 9672 6819 2714
4 620 6821 9673 6816
4 6821 2747 6822 9673
4 9673 6822 3771 6823
4 6816 9673 6823 1938
4 621 6824 9674 6826
4 6824 1970 6825 9674
4 9674 6825 3771 6822
4 6826 9674 6822 2747
4 588 6568 9675 6828
4 6568 2715 6827 9675
4 9675 6827 3771 6825
4 6828 9675 6825 1970
4 587 6820 9676 6563
4 6820 1938 6823 9676
4 9676 6823 3771 6827
4 6563 9676 6827 2715
4 621 6829 9677 6824
4 6829 2748 6830 9677
4 9677 6830 3772 6831
4 6824 9677 6831 1970
4 622 6832 9678 6834
4 6832 2002 6833 9678
4 9678 6833 3772 6830
4 6834 9678 6830 2748
4 589 6576 9679 6836
4 6576 2716 6835 9679
4 9679 6835 3772 6833
4 6836 9679 6833 2002
4 588 6828 9680 6571
4 6828 1970 6831 9680
4 9680 6831 3772 6835
4 6571 9680 6835 2716
4 622 6837 9681 6832
4 6837 2749 6838 9681
4 9681 6838 3773 6839
4 6832 9681 6839 2002
4 623 6840 9682 6842
4 6840 2034 6841 9682
4 9682 6841 3773 6838
4 6842 9682 6838 2749
4 590 6584 9683 6844
4 6584 2717 6843 9683
4 9683 6843 3773 6841
4 6844 9683 6841 2034
4 589 6836 9684 6579
4 6836 2002 6839 9684
4 9684 6839 3773 6843
4 6579 9684 6843 2717
4 623 6845 9685 6840
4 6845 2750 6846 9685
4 9685 6846 3774 6847
4 6840 9685 6847 2034
4 624 6848 9686 6850
4 6848 2066 6849 9686
4 9686 6849 3774 6846
4 6850 9686 6846 2750
4 591 6592 9687 6852
4 6592 2718 6851 9687
4 9687 6851 3774 6849
4 6852 9687 6849 2066
4 590 6844 9688 6587
4 6844 2034 6847 9688
4 9688 6847 3774 6851
4 6587 9688 6851 2718
4 624 6853 9689 6848
4 6853 2751 6854 9689
4 9689 6854 3775 6855
4 6848 9689 6855 2066
4 625 6856 9690 6858
4 6856 2098 6857 9690
4 9690 6857 3775 6854
4 6858 9690 6854 2751
4 592 6600 9691 6860
4 6600 2719 6859 9691
4 9691 6859 3775 6857
4 6860 9691 6857 2098
4 591 6852 9692 6595
4 6852 2066 6855 9692
4 9692 6855 3775 6859
4 6595 9692 6859 2719
4 625 6861 9693 6856
4 6861 2752 6862 9693
4 9693 6862 3776 6863
4 6856 9693 6863 2098
4 626 6864 9694 6866
4 6864 2130 6865 9694
4 9694 6865 3776 6862
4 6866 9694 6862 2752
4 593 6608 9695 6868
4 6608 2720 6867 9695
4 9695 6867 3776 6865
4 6868 9695 6865 2130
4 592 6860 9696 6603
4 6860 2098 6863 9696
4 9696 6863 3776 6867
4 6603 9696 6867 2720
4 627 6869 9697 6872
4 6869 2753 6870 9697
4 9697 6870 3777 6871
4 6872 9697 6871 1107
4 628 6873 9698 6875
4 6873 1139 6874 9698
4 9698 6874 3777 6870
4 6875 9698 6870 2753
4 595 6617 9699 6877
4 6617 2721 6876 9699
4 9699 6876 3777 6874
4 6877 9699 6874 1139
4 594 6878 9700 6611
4 6878 1107 6871 9700
4 9700 6871 3777 6876
4 6611 9700 6876 2721
4 628 6879 9701 6873
4 6879 2754 6880 9701
4 9701 6880 3778 6881
4 6873 9701 6881 1139
4 629 6882 9702 6884
4 6882 1171 6883 9702
4 9702 6883 3778 6880
4 6884 9702 6880 2754
4 596 6626 9703 6886
4 6626 2722 6885 9703
4 9703 6885 3778 6883
4 6886 9703 6883 1171
4 595 6877 9704 6621
4 6877 1139 6881 9704
4 9704 6881 3778 6885
4 6621 9704 6885 2722
4 629 6887 9705 6882
4 6887 2755 6888 9705
4 9705 6888 3779 6889
4 6882 9705 6889 1171
4 630 6890 9706 6892
4 6890 1203 6891 9706
4 9706 6891 3779 6888
4 6892 9706 6888 2755
4 597 6634 9707 6894
4 6634 2723 6893 9707
4 9707 6893 3779 6891
4 6894 9707 6891 1203
4 596 6886 9708 6629
4 6886 1171 6889 9708
4 9708 6889 3779 6893
4 6629 9708 6893 2723
4 630 6895 9709 6890
4 6895 2756 6896 9709
4 9709 6896 3780 6897
4 6890 9709 6897 1203
4 631 6898 9710 6900
4 6898 1235 6899 9710
4 9710 6899 3780 6896
4 6900 9710 6896 2756
4 598 6642 9711 6902
4 6642 2724 6901 9711
4 9711 6901 3780 6899
4 6902 9711 6899 1235
4 597 6894 9712 6637
4 6894 1203 6897 9712
4 9712 6897 3780 6901
4 6637 9712 6901 2724
4 631 6903 9713 6898
4 6903 2757 6904 9713
4 9713 6904 3781 6905
4 6898 9713 6905 1235
4 632 6906 9714 6908
4 6906 1267 6907 9714
4 9714 6907 3781 6904
4 6908 9714 6904 2757
4 599 6650 9715 6910
4 6650 2725 6909 9715
4 9715 6909 3781 6907
4 6910 9715 6907 1267
4 598 6902 9716 6645
4 6902 1235 6905 9716
4 9716 6905 3781 6909
4 6645 9716 6909 2725
4 632 6911 9717 6906
4 6911 2758 6912 9717
4 9717 6912 3782 6913
4 6906 9717 6913 1267
4 633 6914 9718 6916
4 6914 1299 6915 9718
4 9718 6915 3782 6912
4 6916 9718 6912 2758
4 600 6658 9719 6918
4 6658 2726 6917 9719
4 9719 6917 3782 6915
4 6918 9719 6915 1299
4 599 6910 9720 6653
4 6910 1267 6913 9720
4 9720 6913 3782 6917
4 6653 9720 6917 2726
4 633 6919 9721 6914
4 6919 2759 6920 9721
4 9721 6920 3783 6921
4 6914 9721 6921 1299
4 634 6922 9722 6924
4 6922 1331 6923 9722
4 9722 6923 3783 6920
4 6924 9722 6920 2759
4 601 6666 9723 6926
4 6666 2727 6925 9723
4 9723 6925 3783 6923
4 6926 9723 6923 1331
4 600 6918 9724 6661
4 6918 1299 6921 9724
4 9724 6921 3783 6925
4 6661 9724 6925 2727
4 634 6927 9725 6922
4 6927 2760 6928 9725
4 9725 6928 3784 6929
4 6922 9725 6929 1331
4 635 6930 9726 6932
4 6930 1363 6931 9726
4 9726 6931 3784 6928
4 6932 9726 6928 2760
4 602 6674 9727 6934
4 6674 2728 6933 9727
4 9727 6933 3784 6931
4 6934 9727 6931 1363
4 601 6926 9728 6669
4 6926 1331 6929 9728
4 9728 6929 3784 6933
4 6669 9728 6933 2728
4 635 6935 9729 6930
4 6935 2761 6936 9729
4 9729 6936 3785 6937
4 6930 9729 6937 1363
4 636 6938 9730 6940
4 6938 1395 6939 9730
4 9730 6939 3785 6936
4 6940 9730 6936 2761
4 603 6682 9731 6942
4 6682 2729 6941 9731
4 9731 6941 3785 6939
4 6942 9731 6939 1395
4 602 6934 9732 6677
4 6934 1363 6937 9732
4 9732 6937 3785 6941
4 6677 9732 6941 2729
4 636 6943 9733 6938
4 6943 2762 6944 9733
4 9733 6944 3786 6945
4 6938 9733 6945 1395
4 637 6946 9734 6948
4 6946 1427 6947 9734
4 9734 6947 3786 6944
4 6948 9734 6944 2762
4 604 6690 9735 6950
4 6690 2730 6949 9735
4 9735 6949 3786 6947
4 6950 9735 6947 1427
4 603 6942 9736 6685
4 6942 1395 6945 9736
4 9736 6945 3786 6949
4 6685 9736 6949 2730
4 637 6951 9737 6946
4 6951 2763 6952 9737
4 9737 6952 3787 6953
4 6946 9737 6953 1427
4 638 6954 9738 6956
4 6954 1459 6955 9738
4 9738 6955 3787 6952
4 6956 9738 6952 2763
4 605 6698 9739 6958
4 6698 2731 6957 9739
4 9739 6957 3787 6955
4 6958 9739 6955 1459
4 604 6950 9740 6693
4 6950 1427 6953 9740
4 9740 6953 3787 6957
4 6693 9740 6957 2731
4 638 6959 9741 6954
4 6959 2764 6960 9741
4 9741 6960 3788 6961
4 6954 9741 6961 1459
4 639 6962 9742 6964
4 6962 1491 6963 9742
4 9742 6963 3788 6960
4 6964 9742 6960 2764
4 606 6706 9743 6966
4 6706 2732 6965 9743
4 9743 6965 3788 6963
4 6966 9743 6963 1491
4 605 6958 9744 6701
4 6958 1459 6961 9744
4 9744 6961 3788 6965
4 6701 9744 6965 2732
4 639 6967 9745 6962
4 6967 2765 6968 9745
4 9745 6968 3789 6969
4 6962 9745 6969 1491
4 640 6970 9746 6972
4 6970 1523 6971 9746
4 9746 6971 3789 6968
4 6972 9746 6968 2765
4 607 6714 9747 6974
4 6714 2733 6973 9747
4 9747 6973 3789 6971
4 6974 9747 6971 1523
4 606 6966 9748 6709
4 6966 1491 6969 9748
4 9748 6969 3789 6973
4 6709 9748 6973 2733
4 640 6975 9749 6970
4 6975 2766 6976 9749
4 9749 6976 3790 6977
4 6970 9749 6977 1523
4 641 6978 9750 6980
4 6978 1555 6979 9750
4 9750 6979 3790 6976
4 6980 9750 6976 2766
4 608 6722 9751 6982
4 6722 2734 6981 9751
4 9751 6981 3790 6979
4 6982 9751 6979 1555
4 607 6974 9752 6717
4 6974 1523 6977 9752
4 9752 6977 3790 6981
4 6717 9752 6981 2734
4 641 6983 9753 6978
4 6983 2767 6984 9753
4 9753 6984 3791 6985
4 6978 9753 6985 1555
4 642 6986 9754 6988
4 6986 1587 6987 9754
4 9754 6987 3791 6984
4 6988 9754 6984 2767
4 609 6730 9755 6990
4 6730 2735 6989 9755
4 9755 6989 3791 6987
4 6990 9755 6987 1587
4 608 6982 9756 6725
4 6982 1555 6985 9756
4 9756 6985 3791 6989
4 6725 9756 6989 2735
4 642 6991 9757 6986
4 6991 2768 6992 9757
4 9757 6992 3792 6993
4 6986 9757 6993 1587
4 643 6994 9758 6996
4 6994 1619 6995 9758
4 9758 6995 3792 6992
4 6996 9758 6992 2768
4 610 6738 9759 6998
4 6738 2736 6997 9759
4 9759 6997 3792 6995
4 6998 9759 6995 1619
4 609 6990 9760 6733
4 6990 1587 6993 9760
4 9760 6993 3792 6997
4 6733 9760 6997 2736
4 643 6999 9761 6994
4 6999 2769 7000 9761
4 9761 7000 3793 7001
4 6994 9761 7001 1619
4 644 7002 9762 7004
4 7002 1651 7003 9762
4 9762 7003 3793 7000
4 7004 9762 7000 2769
4 611 6746 9763 7006
4 6746 2737 7005 9763
4 9763 7005 3793 7003
4 7006 9763 7003 1651
4 610 6998 9764 6741
4 6998 1619 7001 9764
4 9764 7001 3793 7005
4 6741 9764 7005 2737
4 644 7007 9765 7002
4 7007 2770 7008 9765
4 9765 7008 3794 7009
4 7002 9765 7009 1651
4 645 7010 9766 7012
4 7010 1683 7011 9766
4 9766 7011 3794 7008
4 7012 9766 7008 2770
4 612 6754 9767 7014
4 6754 2738 7013 9767
4 9767 7013 3794 7011
4 7014 9767 7011 1683
4 611 7006 9768 6749
4 7006 1651 7009 9768
4 9768 7009 3794 7013
4 6749 9768 7013 2738
4 645 7015 9769 7010
4 7015 2771 7016 9769
4 9769 7016 3795 7017
4 7010 9769 7017 1683
4 646 7018 9770 7020
4 7018 1715 7019 9770
4 9770 7019 3795 7016
4 7020 9770 7016 2771
4 613 6762 9771 7022
4 6762 2739 7021 9771
4 9771 7021 3795 7019
4 7022 9771 7019 1715
4 612 7014 9772 6757
4 7014 1683 7017 9772
4 9772 7017 3795 7021
4 6757 9772 7021 2739
4 646 7023 9773 7018
4 7023 2772 7024 9773
4 9773 7024 3796 7025
4 7018 9773 7025 1715
4 647 7026 9774 7028
4 7026 1747 7027 9774
4 9774 7027 3796 7024
4 7028 9774 7024 2772
4 614 6770 9775 7030
4 6770 2740 7029 9775
4 9775 7029 3796 7027
4 7030 9775 7027 1747
4 613 7022 9776 6765
4 7022 1715 7025 9776
4 9776 7025 3796 7029
4 6765 9776 7029 2740
4 647 7031 9777 7026
4 7031 2773 7032 9777
4 9777 7032 3797 7033
4 7026 9777 7033 1747
4 648 7034 9778 7036
4 7034 1779 7035 9778
4 9778 7035 3797 7032
4 7036 9778 7032 2773
4 615 6778 9779 7038
4 6778 2741 7037 9779
4 9779 7037 3797 7035
4 7038 9779 7035 1779
4 614 7030 9780 6773
4 7030 1747 7033 9780
4 9780 7033 3797 7037
4 6773 9780 7037 2741
4 648 7039 9781 7034
4 7039 2774 7040 9781
4 9781 7040 3798 7041
4 7034 9781 7041 1779
4 649 7042 9782 7044
4 7042 1811 7043 9782
4 9782 7043 3798 7040
4 7044 9782 7040 2774
4 616 6786 9783 7046
4 6786 2742 7045 9783
4 9783 7045 3798 7043
4 7046 9783 7043 1811
4 615 7038 9784 6781
4 7038 1779 7041 9784
4 9784 7041 3798 7045
4 6781 9784 7045 2742
4 649 7047 9785 7042
4 7047 2775 7048 9785
4 9785 7048 3799 7049
4 7042 9785 7049 1811
4 650 7050 9786 7052
4 7050 1843 7051 9786
4 9786 7051 3799 7048
4 7052 9786 7048 2775
4 617 6794 9787 7054
4 6794 2743 7053 9787
4 9787 7053 3799 7051
4 7054 9787 7051 1843
4 616 7046 9788 6789
4 7046 1811 7049 9788
4 9788 7049 3799 7053
4 6789 9788 7053 2743
4 650 7055 9789 7050
4 7055 2776 7056 9789
4 9789 7056 3800 7057
4 7050 9789 7057 1843
4 651 7058 9790 7060
4 7058 1875 7059 9790
4 9790 7059 3800 7056
4 7060 9790 7056 2776
4 618 6802 9791 7062
4 6802 2744 7061 9791
4 9791 7061 3800 7059
4 7062 9791 7059 1875
4 617 7054 9792 6797
4 7054 1843 7057 9792
4 9792 7057 3800 7061
4 6797 9792 7061 2744
4 651 7063 9793 7058
4 7063 2777 7064 9793
4 9793 7064 3801 7065
4 7058 9793 7065 1875
4 652 7066 9794 7068
4 7066 1907 7067 9794
4 9794 7067 3801 7064
4 7068 9794 7064 2777
4 619 6810 9795 7070
4 6810 2745 7069 9795
4 9795 7069 3801 7067
4 7070 9795 7067 1907
4 618 7062 9796 6805
4 7062 1875 7065 9796
4 9796 7065 3801 7069
4 6805 9796 7069 2745
4 652 7071 9797 7066
4 7071 2778 7072 9797
4 9797 7072 3802 7073
4 7066 9797 7073 1907
4 653 7074 9798 7076
4 7074 1939 7075 9798
4 9798 7075 3802 7072
4 7076 9798 7072 2778
4 620 6818 9799 7078
4 6818 2746 7077 9799
4 9799 7077 3802 7075
4 7078 9799 7075 1939
4 619 7070 9800 6813
4 7070 1907 7073 9800
4 9800 7073 3802 7077
4 6813 9800 7077 2746
4 653 7079 9801 7074
4 7079 2779 7080 9801
4 9801 7080 3803 7081
4 7074 9801 7081 1939
4 654 7082 9802 7084
4 7082 1971 7083 9802
4 9802 7083 3803 7080
4 7084 9802 7080 2779
4 621 6826 9803 7086
4 6826 2747 7085 9803
4 9803 7085 3803 7083
4 7086 9803 7083 1971
4 620 7078 9804 6821
4 7078 1939 7081 9804
4 9804 7081 3803 7085
4 6821 9804 7085 2747
4 654 7087 9805 7082
4 7087 2780 7088 9805
4 9805 7088 3804 7089
4 7082 9805 7089 1971
4 655 7090 9806 7092
4 7090 2003 7091 9806
4 9806 7091 3804 7088
4 7092 9806 7088 2780
4 622 6834 9807 7094
4 6834 2748 7093 9807
4 9807 7093 3804 7091
4 7094 9807 7091 2003
4 621 7086 9808 6829
4 7086 1971 7089 9808
4 9808 7089 3804 7093
4 6829 9808 7093 2748
4 655 7095 9809 7090
4 7095 2781 7096 9809
4 9809 7096 3805 7097
4 7090 9809 7097 2003
4 656 7098 9810 7100
4 7098 2035 7099 9810
4 9810 7099 3805 7096
4 7100 9810 7096 2781
4 623 6842 9811 7102
4 6842 2749 7101 9811
4 9811 7101 3805 7099
4 7102 9811 7099 2035
4 622 7094 9812 6837
4 7094 2003 7097 9812
4 9812 7097 3805 7101
4 6837 9812 7101 2749
4 656 7103 9813 7098
4 7103 2782 7104 9813
4 9813 7104 3806 7105
4 7098 9813 7105 2035
4 657 7106 9814 7108
4 7106 2067 7107 9814
4 9814 7107 3806 7104
4 7108 9814 7104 2782
4 624 6850 9815 7110
4 6850 2750 7109 9815
4 9815 7109 3806 7107
4 7110 9815 7107 2067
4 623 7102 9816 6845
4 7102 2035 7105 9816
4 9816 7105 3806 7109
4 6845 9816 7109 2750
4 657 7111 9817 7106
4 7111 2783 7112 9817
4 9817 7112 3807 7113
4 7106 9817 7113 2067
4 658 7114 9818 7116
4 7114 2099 7115 9818
4 9818 7115 3807 7112
4 7116 9818 7112 2783
4 625 6858 9819 7118
4 6858 2751 7117 9819
4 9819 7117 3807 7115
4 7118 9819 7115 2099
4 624 7110 9820 6853
4 7110 2067 7113 9820
4 9820 7113 3807 7117
4 6853 9820 7117 2751
4 658 7119 9821 7114
4 7119 2784 7120 9821
4 9821 7120 3808 7121
4 7114 9821 7121 2099
4 659 7122 9822 7124
4 7122 2131 7123 9822
4 9822 7123 3808 7120
4 7124 9822 7120 2784
4 626 6866 9823 7126
4 6866 2752 7125 9823
4 9823 7125 3808 7123
4 7126 9823 7123 2131
4 625 7118 9824 6861
4 7118 2099 7121 9824
4 9824 7121 3808 7125
4 6861 9824 7125 2752
4 660 7127 9825 7130
4 7127 2785 7128 9825
4 9825 7128 3809 7129
4 7130 9825 7129 1108
4 661 7131 9826 7133
4 7131 1140 7132 9826
4 9826 7132 3809 7128
4 7133 9826 7128 2785
4 628 6875 9827 7135
4 6875 2753 7134 9827
4 9827 7134 3809 7132
4 7135 9827 7132 1140
4 627 7136 9828 6869
4 7136 1108 7129 9828
4 9828 7129 3809 7134
4 6869 9828 7134 2753
4 661 7137 9829 7131
4 7137 2786 7138 9829
4 9829 7138 3810 7139
4 7131 9829 7139 1140
4 662 7140 9830 7142
4 7140 1172 7141 9830
4 9830 7141 3810 7138
4 7142 9830 7138 2786
4 629 6884 9831 7144
4 6884 2754 7143 9831
4 9831 7143 3810 7141
4 7144 9831 7141 1172
4 628 7135 9832 6879
4 7135 1140 7139 9832
4 9832 7139 3810 7143
4 6879 9832 7143 2754
4 662 7145 9833 7140
4 7145 2787 7146 9833
4 9833 7146 3811 7147
4 7140 9833 7147 1172
4 663 7148 9834 7150
4 7148 1204 7149 9834
4 9834 7149 3811 7146
4 7150 9834 7146 2787
4 630 6892 9835 7152
4 6892 2755 7151 9835
4 9835 7151 3811 7149
4 7152 9835 7149 1204
4 629 7144 9836 6887
4 7144 1172 7147 9836
4 9836 7147 3811 7151
4 6887 9836 7151 2755
4 663 7153 9837 7148
4 7153 2788 7154 9837
4 9837 7154 3812 7155
4 7148 9837 7155 1204
4 664 7156 9838 7158
4 7156 1236 7157 9838
4 9838 7157 3812 7154
4 7158 9838 7154 2788
4 631 6900 9839 7160
4 6900 2756 7159 9839
4 9839 7159 3812 7157
4 7160 9839 7157 1236
4 630 7152 9840 6895
4 7152 1204 7155 9840
4 9840 7155 3812 7159
4 6895 9840 7159 2756
4 664 7161 9841 7156
4 7161 2789 7162 9841
4 9841 7162 3813 7163
4 7156 9841 7163 1236
4 665 7164 9842 7166
4 7164 1268 7165 9842
4 9842 7165 3813 7162
4 7166 9842 7162 2789
4 632 6908 9843 7168
4 6908 2757 7167 9843
4 9843 7167 3813 7165
4 7168 9843 7165 1268
4 631 7160 9844 6903
4 7160 1236 7163 9844
4 9844 7163 3813 7167
4 6903 9844 7167 2757
4 665 7169 9845 7164
4 7169 2790 7170 9845
4 9845 7170 3814 7171
4 7164 9845 7171 1268
4 666 7172 9846 7174
4 7172 1300 7173 9846
4 9846 7173 3814 7170
4 7174 9846 7170 2790
4 633 6916 9847 7176
4 6916 2758 7175 9847
4 9847 7175 3814 7173
4 7176 9847 7173 1300
4 632 7168 9848 6911
4 7168 1268 7171 9848
4 9848 7171 3814 7175
4 6911 9848 7175 2758
4 666 7177 9849 7172
4 7177 2791 7178 9849
4 9849 7178 3815 7179
4 7172 9849 7179 1300
4 667 7180 9850 7182
4 7180 1332 7181 9850
4 9850 7181 3815 7178
4 7182 9850 7178 2791
4 634 6924 9851 7184
4 6924 2759 7183 9851
4 9851 7183 3815 7181
4 7184 9851 7181 1332
4 633 7176 9852 6919
4 7176 1300 7179 9852
4 9852 7179 3815 7183
4 6919 9852 7183 2759
4 667 7185 9853 7180
4 7185 2792 7186 9853
4 9853 7186 3816 7187
4 7180 9853 7187 1332
4 668 7188 9854 7190
4 7188 1364 7189 9854
4 9854 7189 3816 7186
4 7190 9854 7186 2792
4 635 6932 9855 7192
4 6932 2760 7191 9855
4 9855 7191 3816 7189
4 7192 9855 7189 1364
4 634 7184 9856 6927
4 7184 1332 7187 9856
4 9856 7187 3816 7191
4 6927 9856 7191 2760
4 668 7193 9857 7188
4 7193 2793 7194 9857
4 9857 7194 3817 7195
4 7188 9857 7195 1364
4 669 7196 9858 7198
4 7196 1396 7197 9858
4 9858 7197 3817 7194
4 7198 9858 7194 2793
4 636 6940 9859 7200
4 6940 2761 7199 9859
4 9859 7199 3817 7197
4 7200 9859 7197 1396
4 635 7192 9860 6935
4 7192 1364 7195 9860
4 9860 7195 3817 7199
4 6935 9860 7199 2761
4 669 7201 9861 7196
4 7201 2794 7202 9861
4 9861 7202 3818 7203
4 7196 9861 7203 1396
4 670 7204 9862 7206
4 7204 1428 7205 9862
4 9862 7205 3818 7202
4 7206 9862 7202 2794
4 637 6948 9863 7208
4 6948 2762 7207 9863
4 9863 7207 3818 7205
4 7208 9863 7205 1428
4 636 7200 9864 6943
4 7200 1396 7203 9864
4 9864 7203 3818 7207
4 6943 9864 7207 2762
4 670 7209 9865 7204
4 7209 2795 7210 9865
4 9865 7210 3819 7211
4 7204 9865 7211 1428
4 671 7212 9866 7214
4 7212 1460 7213 9866
4 9866 7213 3819 7210
4 7214 9866 7210 2795
4 638 6956 9867 7216
4 6956 2763 7215 9867
4 9867 7215 3819 7213
4 7216 9867 7213 1460
4 637 7208 9868 6951
4 7208 1428 7211 9868
4 9868 7211 3819 7215
4 6951 9868 7215 2763
4 671 7217 9869 7212
4 7217 2796 7218 9869
4 9869 7218 3820 7219
4 7212 9869 7219 1460
4 672 7220 9870 7222
4 7220 1492 7221 9870
4 9870 7221 3820 7218
4 7222 9870 7218 2796
4 639 6964 9871 7224
4 6964 2764 7223 9871
4 9871 7223 3820 7221
4 7224 9871 7221 1492
4 638 7216 9872 6959
4 7216 1460 7219 9872
4 9872 7219 3820 7223
4 6959 9872 7223 2764
4 672 7225 9873 7220
4 7225 2797 7226 9873
4 9873 7226 3821 7227
4 7220 9873 7227 1492
4 673 7228 9874 7230
4 7228 1524 7229 9874
4 9874 7229 3821 7226
4 7230 9874 7226 2797
4 640 6972 9875 7232
4 6972 2765 7231 9875
4 9875 7231 3821 7229
4 7232 9875 7229 1524
4 639 7224 9876 6967
4 7224 1492 7227 9876
4 9876 7227 3821 7231
4 6967 9876 7231 2765
4 673 7233 9877 7228
4 7233 2798 7234 9877
4 9877 7234 3822 7235
4 7228 9877 7235 1524
4 674 7236 9878 7238
4 7236 1556 7237 9878
4 9878 7237 3822 7234
4 7238 9878 7234 2798
4 641 6980 9879 7240
4 6980 2766 7239 9879
4 9879 7239 3822 7237
4 7240 9879 7237 1556
4 640 7232 9880 6975
4 7232 1524 7235 9880
4 9880 7235 3822 7239
4 6975 9880 7239 2766
4 674 7241 9881 7236
4 7241 2799 7242 9881
4 9881 7242 3823 7243
4 7236 9881 7243 1556
4 675 7244 9882 7246
4 7244 1588 7245 9882
4 9882 7245 3823 7242
4 7246 9882 7242 2799
4 642 6988 9883 7248
4 6988 2767 7247 9883
4 9883 7247 3823 7245
4 7248 9883 7245 1588
4 641 7240 9884 6983
4 7240 1556 7243 9884
4 9884 7243 3823 7247
4 6983 9884 7247 2767
4 675 7249 9885 7244
4 7249 2800 7250 9885
4 9885 7250 3824 7251
4 7244 9885 7251 1588
4 676 7252 9886 7254
4 7252 1620 7253 9886
4 9886 7253 3824 7250
4 7254 9886 7250 2800
4 643 6996 9887 7256
4 6996 2768 7255 9887
4 9887 7255 3824 7253
4 7256 9887 7253 1620
4 642 7248 9888 6991
4 7248 1588 7251 9888
4 9888 7251 3824 7255
4 6991 9888 7255 2768
4 676 7257 9889 7252
4 7257 2801 7258 9889
4 9889 7258 3825 7259
4 7252 9889 7259 1620
4 677 7260 9890 7262
4 7260 1652 7261 9890
4 9890 7261 3825 7258
4 7262 9890 7258 2801
4 644 7004 9891 7264
4 7004 2769 7263 9891
4 9891 7263 3825 7261
4 7264 9891 7261 1652
4 643 7256 9892 6999
4 7256 1620 7259 9892
4 9892 7259 3825 7263
4 6999 9892 7263 2769
4 677 7265 9893 7260
4 7265 2802 7266 9893
4 9893 7266 3826 7267
4 7260 9893 7267 1652
4 678 7268 9894 7270
4 7268 1684 7269 9894
4 9894 7269 3826 7266
4 7270 9894 7266 2802
4 645 7012 9895 7272
4 7012 2770 7271 9895
4 9895 7271 3826 7269
4 7272 9895 7269 1684
4 644 7264 9896 7007
4 7264 1652 7267 9896
4 9896 7267 3826 7271
4 7007 9896 7271 2770
4 678 7273 9897 7268
4 7273 2803 7274 9897
4 9897 7274 3827 7275
4 7268 9897 7275 1684
4 679 7276 9898 7278
4 7276 1716 7277 9898
4 9898 7277 3827 7274
4 7278 9898 7274 2803
4 646 7020 9899 7280
4 7020 2771 7279 9899
4 9899 7279 3827 7277
4 7280 9899 7277 1716
4 645 7272 9900 7015
4 7272 1684 7275 9900
4 9900 7275 3827 7279
4 7015 9900 7279 2771
4 679 7281 9901 7276
4 7281 2804 7282 9901
4 9901 7282 3828 7283
4 7276 9901 7283 1716
4 680 7284 9902 7286
4 7284 1748 7285 9902
4 9902 7285 3828 7282
4 7286 9902 7282 2804
4 647 7028 9903 7288
4 7028 2772 7287 9903
4 9903 7287 3828 7285
4 7288 9903 7285 1748
4 646 7280 9904 7023
4 7280 1716 7283 9904
4 9904 7283 3828 7287
4 7023 9904 7287 2772
4 680 7289 9905 7284
4 7289 2805 7290 9905
4 9905 7290 3829 7291
4 7284 9905 7291 1748
4 681 7292 9906 7294
4 7292 1780 7293 9906
4 9906 7293 3829 7290
4 7294 9906 7290 2805
4 648 7036 9907 7296
4 7036 2773 7295 9907
4 9907 7295 3829 7293
4 7296 9907 7293 1780
4 647 7288 9908 7031
4 7288 1748 7291 9908
4 9908 7291 3829 7295
4 7031 9908 7295 2773
4 681 7297 9909 7292
4 7297 2806 7298 9909
4 9909 7298 3830 7299
4 7292 9909 7299 1780
4 682 7300 9910 7302
4 7300 1812 7301 9910
4 9910 7301 3830 7298
4 7302 9910 7298 2806
4 649 7044 9911 7304
4 7044 2774 7303 9911
4 9911 7303 3830 7301
4 7304 9911 7301 1812
4 648 7296 9912 7039
4 7296 1780 7299 9912
4 9912 7299 3830 7303
4 7039 9912 7303 2774
4 682 7305 9913 7300
4 7305 2807 7306 9913
4 9913 7306 3831 7307
4 7300 9913 7307 1812
4 683 7308 9914 7310
4 7308 1844 7309 9914
4 9914 7309 3831 7306
4 7310 9914 7306 2807
4 650 7052 9915 7312
4 7052 2775 7311 9915
4 9915 7311 3831 7309
4 7312 9915 7309 1844
4 649 7304 9916 7047
4 7304 1812 7307 9916
4 9916 7307 3831 7311
4 7047 9916 7311 2775
4 683 7313 9917 7308
4 7313 2808 7314 9917
4 9917 7314 3832 7315
4 7308 9917 7315 1844
4 684 7316 9918 7318
4 7316 1876 7317 9918
4 9918 7317 3832 7314
4 7318 9918 7314 2808
4 651 7060 9919 7320
4 7060 2776 7319 9919
4 9919 7319 3832 7317
4 7320 9919 7317 1876
4 650 7312 9920 7055
4 7312 1844 7315 9920
4 9920 7315 3832 7319
4 7055 9920 7319 2776
4 684 7321 9921 7316
4 7321 2809 7322 9921
4 9921 7322 3833 7323
4 7316 9921 7323 1876
4 685 7324 9922 7326
4 7324 1908 7325 9922
4 9922 7325 3833 7322
4 7326 9922 7322 2809
4 652 7068 9923 7328
4 7068 2777 7327 9923
4 9923 7327 3833 7325
4 7328 9923 7325 1908
4 651 7320 9924 7063
4 7320 1876 7323 9924
4 9924 7323 3833 7327
4 7063 9924 7327 2777
4 685 7329 9925 7324
4 7329 2810 7330 9925
4 9925 7330 3834 7331
4 7324 9925 7331 1908
4 686 7332 9926 7334
4 7332 1940 7333 9926
4 9926 7333 3834 7330
4 7334 9926 7330 2810
4 653 7076 9927 7336
4 7076 2778 7335 9927
4 9927 7335 3834 7333
4 7336 9927 7333 1940
4 652 7328 9928 7071
4 7328 1908 7331 9928
4 9928 7331 3834 7335
4 7071 9928 7335 2778
4 686 7337 9929 7332
4 7337 2811 7338 9929
4 9929 7338 3835 7339
4 7332 9929 7339 1940
4 687 7340 9930 7342
4 7340 1972 7341 9930
4 9930 7341 3835 7338
4 7342 9930 7338 2811
4 654 7084 9931 7344
4 7084 2779 7343 9931
4 9931 7343 3835 7341
4 7344 9931 7341 1972
4 653 7336 9932 7079
4 7336 1940 7339 9932
4 9932 7339 3835 7343
4 7079 9932 7343 2779
4 687 7345 9933 7340
4 7345 2812 7346 9933
4 9933 7346 3836 7347
4 7340 9933 7347 1972
4 688 7348 9934 7350
4 7348 2004 7349 9934
4 9934 7349 3836 7346
4 7350 9934 7346 2812
4 655 7092 9935 7352
4 7092 2780 7351 9935
4 9935 7351 3836 7349
4 7352 9935 7349 2004
4 654 7344 9936 7087
4 7344 1972 7347 9936
4 9936 7347 3836 7351
4 7087 9936 7351 2780
4 688 7353 9937 7348
4 7353 2813 7354 9937
4 9937 7354 3837 7355
4 7348 9937 7355 2004
4 689 7356 9938 7358
4 7356 2036 7357 9938
4 9938 7357 3837 7354
4 7358 9938 7354 2813
4 656 7100 9939 7360
4 7100 2781 7359 9939
4 9939 7359 3837 7357
4 7360 9939 7357 2036
4 655 7352 9940 7095
4 7352 2004 7355 9940
4 9940 7355 3837 7359
4 7095 9940 7359 2781
4 689 7361 9941 7356
4 7361 2814 7362 9941
4 9941 7362 3838 7363
4 7356 9941 7363 2036
4 690 7364 9942 7366
4 7364 2068 7365 9942
4 9942 7365 3838 7362
4 7366 9942 7362 2814
4 657 7108 9943 7368
4 7108 2782 7367 9943
4 9943 7367 3838 7365
4 7368 9943 7365 2068
4 656 7360 9944 7103
4 7360 2036 7363 9944
4 9944 7363 3838 7367
4 7103 9944 7367 2782
4 690 7369 9945 7364
4 7369 2815 7370 9945
4 9945 7370 3839 7371
4 7364 9945 7371 2068
4 691 7372 9946 7374
4 7372 2100 7373 9946
4 9946 7373 3839 7370
4 7374 9946 7370 2815
4 658 7116 9947 7376
4 7116 2783 7375 9947
4 9947 7375 3839 7373
4 7376 9947 7373 2100
4 657 7368 9948 7111
4 7368 2068 7371 9948
4 9948 7371 3839 7375
4 7111 9948 7375 2783
4 691 7377 9949 7372
4 7377 2816 7378 9949
4 9949 7378 3840 7379
4 7372 9949 7379 2100
4 692 7380 9950 7382
4 7380 2132 7381 9950
4 9950 7381 3840 7378
4 7382 9950 7378 2816
4 659 7124 9951 7384
4 7124 2784 7383 9951
4 9951 7383 3840 7381
4 7384 9951 7381 2132
4 658 7376 9952 7119
4 7376 2100 7379 9952
4 9952 7379 3840 7383
4 7119 9952 7383 2784
4 693 7385 9953 7388
4 7385 2817 7386 9953
4 9953 7386 3841 7387
4 7388 9953 7387 1109
4 694 7389 9954 7391
4 7389 1141 7390 9954
4 9954 7390 3841 7386
4 7391 9954 7386 2817
4 661 7133 9955 7393
4 7133 2785 7392 9955
4 9955 7392 3841 7390
4 7393 9955 7390 1141
4 660 7394 9956 7127
4 7394 1109 7387 9956
4 9956 7387 3841 7392
4 7127 9956 7392 2785
4 694 7395 9957 7389
4 7395 2818 7396 9957
4 9957 7396 3842 7397
4 7389 9957 7397 1141
4 695 7398 9958 7400
4 7398 1173 7399 9958
4 9958 7399 3842 7396
4 7400 9958 7396 2818
4 662 7142 9959 7402
4 7142 2786 7401 9959
4 9959 7401 3842 7399
4 7402 9959 7399 1173
4 661 7393 9960 7137
4 7393 1141 7397 9960
4 9960 7397 3842 7401
4 7137 9960 7401 2786
4 695 7403 9961 7398
4 7403 2819 7404 9961
4 9961 7404 3843 7405
4 7398 9961 7405 1173
4 696 7406 9962 7408
4 7406 1205 7407 9962
4 9962 7407 3843 7404
4 7408 9962 7404 2819
4 663 7150 9963 7410
4 7150 2787 7409 9963
4 9963 7409 3843 7407
4 7410 9963 7407 1205
4 662 7402 9964 7145
4 7402 1173 7405 9964
4 9964 7405 3843 7409
4 7145 9964 7409 2787
4 696 7411 9965 7406
4 7411 2820 7412 9965
4 9965 7412 3844 7413
4 7406 9965 7413 1205
4 697 7414 9966 7416
4 7414 1237 7415 9966
4 9966 7415 3844 7412
4 7416 9966 7412 2820
4 664 7158 9967 7418
4 7158 2788 7417 9967
4 9967 7417 3844 7415
4 7418 9967 7415 1237
4 663 7410 9968 7153
4 7410 1205 7413 9968
4 9968 7413 3844 7417
4 7153 9968 7417 2788
4 697 7419 9969 7414
4 7419 2821 7420 9969
4 9969 7420 3845 7421
4 7414 9969 7421 1237
4 698 7422 9970 7424
4 7422 1269 7423 9970
4 9970 7423 3845 7420
4 7424 9970 7420 2821
4 665 7166 9971 7426
4 7166 2789 7425 9971
4 9971 7425 3845 7423
4 7426 9971 7423 1269
4 664 7418 9972 7161
4 7418 1237 7421 9972
4 9972 7421 3845 7425
4 7161 9972 7425 2789
4 698 7427 9973 7422
4 7427 2822 7428 9973
4 9973 7428 3846 7429
4 7422 9973 7429 1269
4 699 7430 9974 7432
4 7430 1301 7431 9974
4 9974 7431 3846 7428
4 7432 9974 7428 2822
4 666 7174 9975 7434
4 7174 2790 7433 9975
4 9975 7433 3846 7431
4 7434 9975 7431 1301
4 665 7426 9976 7169
4 7426 1269 7429 9976
4 9976 7429 3846 7433
4 7169 9976 7433 2790
4 699 7435 9977 7430
4 7435 2823 7436 9977
4 9977 7436 3847 7437
4 7430 9977 7437 1301
4 700 7438 9978 7440
4 7438 1333 7439 9978
4 9978 7439 3847 7436
4 7440 9978 7436 2823
4 667 7182 9979 7442
4 7182 2791 7441 9979
4 9979 7441 3847 7439
4 7442 9979 7439 1333
4 666 7434 9980 7177
4 7434 1301 7437 9980
4 9980 7437 3847 7441
4 7177 9980 7441 2791
4 700 7443 9981 7438
4 7443 2824 7444 9981
4 9981 7444 3848 7445
4 7438 9981 7445 1333
4 701 7446 9982 7448
4 7446 1365 7447 9982
4 9982 7447 3848 7444
4 7448 9982 7444 2824
4 668 7190 9983 7450
4 7190 2792 7449 9983
4 9983 7449 3848 7447
4 7450 9983 7447 1365
4 667 7442 9984 7185
4 7442 1333 7445 9984
4 9984 7445 3848 7449
4 7185 9984 7449 2792
4 701 7451 9985 7446
4 7451 2825 7452 9985
4 9985 7452 3849 7453
4 7446 9985 7453 1365
4 702 7454 9986 7456
4 7454 1397 7455 9986
4 9986 7455 3849 7452
4 7456 9986 7452 2825
4 669 7198 9987 7458
4 7198 2793 7457 9987
4 9987 7457 3849 7455
4 7458 9987 7455 1397
4 668 7450 9988 7193
4 7450 1365 7453 9988
4 9988 7453 3849 7457
4 7193 9988 7457 2793
4 702 7459 9989 7454
4 7459 2826 7460 9989
4 9989 7460 3850 7461
4 7454 9989 7461 1397
4 703 7462 9990 7464
4 7462 1429 7463 9990
4 9990 7463 3850 7460
4 7464 9990 7460 2826
4 670 7206 9991 7466
4 7206 2794 7465 9991
4 9991 7465 3850 7463
4 7466 9991 7463 1429
4 669 7458 9992 7201
4 7458 1397 7461 9992
4 9992 7461 3850 7465
4 7201 9992 7465 2794
4 703 7467 9993 7462
4 7467 2827 7468 9993
4 9993 7468 3851 7469
4 7462 9993 7469 1429
4 704 7470 9994 7472
4 7470 1461 7471 9994
4 9994 7471 3851 7468
4 7472 9994 7468 2827
4 671 7214 9995 7474
4 7214 2795 7473 9995
4 9995 7473 3851 7471
4 7474 9995 7471 1461
4 670 7466 9996 7209
4 7466 1429 7469 9996
4 9996 7469 3851 7473
4 7209 9996 7473 2795
4 704 7475 9997 7470
4 7475 2828 7476 9997
4 9997 7476 3852 7477
4 7470 9997 7477 1461
4 705 7478 9998 7480
4 7478 1493 7479 9998
4 9998 7479 3852 7476
4 7480 9998 7476 2828
4 672 7222 9999 7482
4 7222 2796 7481 9999
4 9999 7481 3852 7479
4 7482 9999 7479 1493
4 671 7474 10000 7217
4 7474 1461 7477 10000
4 10000 7477 3852 7481
4 7217 10000 7481 2796
4 705 7483 10001 7478
4 7483 2829 7484 10001
4 10001 7484 3853 7485
4 7478 10001 7485 1493
4 706 7486 10002 7488
4 7486 1525 7487 10002
4 10002 7487 3853 7484
4 7488 10002 7484 2829
4 673 7230 10003 7490
4 7230 2797 7489 10003
4 10003 7489 3853 7487
4 7490 10003 7487 1525
4 672 7482 10004 7225
4 7482 1493 7485 10004
4 10004 7485 3853 7489
4 7225 10004 7489 2797
4 706 7491 10005 7486
4 7491 2830 7492 10005
4 10005 7492 3854 7493
4 7486 10005 7493 1525
4 707 7494 10006 7496
4 7494 1557 7495 10006
4 10006 7495 3854 7492
4 7496 10006 7492 2830
4 674 7238 10007 7498
4 7238 2798 7497 10007
4 10007 7497 3854 7495
4 7498 10007 7495 1557
4 673 7490 10008 7233
4 7490 1525 7493 10008
4 10008 7493 3854 7497
4 7233 10008 7497 2798
4 707 7499 10009 7494
4 7499 2831 7500 10009
4 10009 7500 3855 7501
4 7494 10009 7501 1557
4 708 7502 10010 7504
4 7502 1589 7503 10010
4 10010 7503 3855 7500
4 7504 10010 7500 2831
4 675 7246 10011 7506
4 7246 2799 7505 10011
4 10011 7505 3855 7503
4 7506 10011 7503 1589
4 674 7498 10012 7241
4 7498 1557 7501 10012
4 10012 7501 3855 7505
4 7241 10012 7505 2799
4 708 7507 10013 7502
4 7507 2832 7508 10013
4 10013 7508 3856 7509
4 7502 10013 7509 1589
4 709 7510 10014 7512
4 7510 1621 7511 10014
4 10014 7511 3856 7508
4 7512 10014 7508 2832
4 676 7254 10015 7514
4 7254 2800 7513 10015
4 10015 7513 3856 7511
4 7514 10015 7511 1621
4 675 7506 10016 7249
4 7506 1589 7509 10016
4 10016 7509 3856 7513
4 7249 10016 7513 2800
4 709 7515 10017 7510
4 7515 2833 7516 10017
4 10017 7516 3857 7517
4 7510 10017 7517 1621
4 710 7518 10018 7520
4 7518 1653 7519 10018
4 10018 7519 3857 7516
4 7520 10018 7516 2833
4 677 7262 10019 7522
4 7262 2801 7521 10019
4 10019 7521 3857 7519
4 7522 10019 7519 1653
4 676 7514 10020 7257
4 7514 1621 7517 10020
4 10020 7517 3857 7521
4 7257 10020 7521 2801
4 710 7523 10021 7518
4 7523 2834 7524 10021
4 10021 7524 3858 7525
4 7518 10021 7525 1653
4 711 7526 10022 7528
4 7526 1685 7527 10022
4 10022 7527 3858 7524
4 7528 10022 7524 2834
4 678 7270 10023 7530
4 7270 2802 7529 10023
4 10023 7529 3858 7527
4 7530 10023 7527 1685
4 677 7522 10024 7265
4 7522 1653 7525 10024
4 10024 7525 3858 7529
4 7265 10024 7529 2802
4 711 7531 10025 7526
4 7531 2835 7532 10025
4 10025 7532 3859 7533
4 7526 10025 7533 1685
4 712 7534 10026 7536
4 7534 1717 7535 10026
4 10026 7535 3859 7532
4 7536 10026 7532 2835
4 679 7278 10027 7538
4 7278 2803 7537 10027
4 10027 7537 3859 7535
4 7538 10027 7535 1717
4 678 7530 10028 7273
4 7530 1685 7533 10028
4 10028 7533 3859 7537
4 7273 10028 7537 2803
4 712 7539 10029 7534
4 7539 2836 7540 10029
4 10029 7540 3860 7541
4 7534 10029 7541 1717
4 713 7542 10030 7544
4 7542 1749 7543 10030
4 10030 7543 3860 7540
4 7544 10030 7540 2836
4 680 7286 10031 7546
4 7286 2804 7545 10031
4 10031 7545 3860 7543
4 7546 10031 7543 1749
4 679 7538 10032 7281
4 7538 1717 7541 10032
4 10032 7541 3860 7545
4 7281 10032 7545 2804
4 713 7547 10033 7542
4 7547 2837 7548 10033
4 10033 7548 3861 7549
4 7542 10033 7549 1749
4 714 7550 10034 7552
4 7550 1781 7551 10034
4 10034 7551 3861 7548
4 7552 10034 7548 2837
4 681 7294 10035 7554
4 7294 2805 7553 10035
4 10035 7553 3861 7551
4 7554 10035 7551 1781
4 680 7546 10036 7289
4 7546 1749 7549 10036
4 10036 7549 3861 7553
4 7289 10036 7553 2805
4 714 7555 10037 7550
4 7555 2838 7556 10037
4 10037 7556 3862 7557
4 7550 10037 7557 1781
4 715 7558 10038 7560
4 7558 1813 7559 10038
4 10038 7559 3862 7556
4 7560 10038 7556 2838
4 682 7302 10039 7562
4 7302 2806 7561 10039
4 10039 7561 3862 7559
4 7562 10039 7559 1813
4 681 7554 10040 7297
4 7554 1781 7557 10040
4 10040 7557 3862 7561
4 7297 10040 7561 2806
4 715 7563 10041 7558
4 7563 2839 7564 10041
4 10041 7564 3863 7565
4 7558 10041 7565 1813
4 716 7566 10042 7568
4 7566 1845 7567 10042
4 10042 7567 3863 7564
4 7568 10042 7564 2839
4 683 7310 10043 7570
4 7310 2807 7569 10043
4 10043 7569 3863 7567
4 7570 10043 7567 1845
4 682 7562 10044 7305
4 7562 1813 7565 10044
4 10044 7565 3863 7569
4 7305 10044 7569 2807
4 716 7571 10045 7566
4 7571 2840 7572 10045
4 10045 7572 3864 7573
4 7566 10045 7573 1845
4 717 7574 10046 7576
4 7574 1877 7575 10046
4 10046 7575 3864 7572
4 7576 10046 7572 2840
4 684 7318 10047 7578
4 7318 2808 7577 10047
4 10047 7577 3864 7575
4 7578 10047 7575 1877
4 683 7570 10048 7313
4 7570 1845 7573 10048
4 10048 7573 3864 7577
4 7313 10048 7577 2808
4 717 7579 10049 7574
4 7579 2841 7580 10049
4 10049 7580 3865 7581
4 7574 10049 7581 1877
4 718 7582 10050 7584
4 7582 1909 7583 10050
4 10050 7583 3865 7580
4 7584 10050 7580 2841
4 685 7326 10051 7586
4 7326 2809 7585 10051
4 10051 7585 3865 7583
4 7586 10051 7583 1909
4 684 7578 10052 7321
4 7578 1877 7581 10052
4 10052 7581 3865 7585
4 7321 10052 7585 2809
4 718 7587 10053 7582
4 7587 2842 7588 10053
4 10053 7588 3866 7589
4 7582 10053 7589 1909
4 719 7590 10054 7592
4 7590 1941 7591 10054
4 10054 7591 3866 7588
4 7592 10054 7588 2842
4 686 7334 10055 7594
4 7334 2810 7593 10055
4 10055 7593 3866 7591
4 7594 10055 7591 1941
4 685 7586 10056 7329
4 7586 1909 7589 10056
4 10056 7589 3866 7593
4 7329 10056 7593 2810
4 719 7595 10057 7590
4 7595 2843 7596 10057
4 10057 7596 3867 7597
4 7590 10057 7597 1941
4 720 7598 10058 7600
4 7598 1973 7599 10058
4 10058 7599 3867 7596
4 7600 10058 7596 2843
4 687 7342 10059 7602
4 7342 2811 7601 10059
4 10059 7601 3867 7599
4 7602 10059 7599 1973
4 686 7594 10060 7337
4 7594 1941 7597 10060
4 10060 7597 3867 7601
4 7337 10060 7601 2811
4 720 7603 10061 7598
4 7603 2844 7604 10061
4 10061 7604 3868 7605
4 7598 10061 7605 1973
4 721 7606 10062 7608
4 7606 2005 7607 10062
4 10062 7607 3868 7604
4 7608 10062 7604 2844
4 688 7350 10063 7610
4 7350 2812 7609 10063
4 10063 7609 3868 7607
4 7610 10063 7607 2005
4 687 7602 10064 7345
4 7602 1973 7605 10064
4 10064 7605 3868 7609
4 7345 10064 7609 2812
4 721 7611 10065 7606
4 7611 2845 7612 10065
4 10065 7612 3869 7613
4 7606 10065 7613 2005
4 722 7614 10066 7616
4 7614 2037 7615 10066
4 10066 7615 3869 7612
4 7616 10066 7612 2845
4 689 7358 10067 7618
4 7358 2813 7617 10067
4 10067 7617 3869 7615
4 7618 10067 7615 2037
4 688 7610 10068 7353
4 7610 2005 7613 10068
4 10068 7613 3869 7617
4 7353 10068 7617 2813
4 722 7619 10069 7614
4 7619 2846 7620 10069
4 10069 7620 3870 7621
4 7614 10069 7621 2037
4 723 7622 10070 7624
4 7622 2069 7623 10070
4 10070 7623 3870 7620
4 7624 10070 7620 2846
4 690 7366 10071 7626
4 7366 2814 7625 10071
4 10071 7625 3870 7623
4 7626 10071 7623 2069
4 689 7618 10072 7361
4 7618 2037 7621 10072
4 10072 7621 3870 7625
4 7361 10072 7625 2814
4 723 7627 10073 7622
4 7627 2847 7628 10073
4 10073 7628 3871 7629
4 7622 10073 7629 2069
4 724 7630 10074 7632
4 7630 2101 7631 10074
4 10074 7631 3871 7628
4 7632 10074 7628 2847
4 691 7374 10075 7634
4 7374 2815 7633 10075
4 10075 7633 3871 7631
4 7634 10075 7631 2101
4 690 7626 10076 7369
4 7626 2069 7629 10076
4 10076 7629 3871 7633
4 7369 10076 7633 2815
4 724 7635 10077 7630
4 7635 2848 7636 10077
4 10077 7636 3872 7637
4 7630 10077 7637 2101
4 725 7638 10078 7640
4 7638 2133 7639 10078
4 10078 7639 3872 7636
4 7640 10078 7636 2848
4 692 7382 10079 7642
4 7382 2816 7641 10079
4 10079 7641 3872 7639
4 7642 10079 7639 2133
4 691 7634 10080 7377
4 7634 2101 7637 10080
4 10080 7637 3872 7641
4 7377 10080 7641 2816
4 726 7643 10081 7646
4 7643 2849 7644 10081
4 10081 7644 3873 7645
4 7646 10081 7645 1110
4 727 7647 10082 7649
4 7647 1142 7648 10082
4 10082 7648 3873 7644
4 7649 10082 7644 2849
4 694 7391 10083 7651
4 7391 2817 7650 10083
4 10083 7650 3873 7648
4 7651 10083 7648 1142
4 693 7652 10084 7385
4 7652 1110 7645 10084
4 10084 7645 3873 7650
4 7385 10084 7650 2817
4 727 7653 10085 7647
4 7653 2850 7654 10085
4 10085 7654 3874 7655
4 7647 10085 7655 1142
4 728 7656 10086 7658
4 7656 1174 7657 10086
4 10086 7657 3874 7654
4 7658 10086 7654 2850
4 695 7400 10087 7660
4 7400 2818 7659 10087
4 10087 7659 3874 7657
4 7660 10087 7657 1174
4 694 7651 10088 7395
4 7651 1142 7655 10088
4 10088 7655 3874 7659
4 7395 10088 7659 2818
4 728 7661 10089 7656
4 7661 2851 7662 10089
4 10089 7662 3875 7663
4 7656 10089 7663 1174
4 729 7664 10090 7666
4 7664 1206 7665 10090
4 10090 7665 3875 7662
4 7666 10090 7662 2851
4 696 7408 10091 7668
4 7408 2819 7667 10091
4 10091 7667 3875 7665
4 7668 10091 7665 1206
4 695 7660 10092 7403
4 7660 1174 7663 10092
4 10092 7663 3875 7667
4 7403 10092 7667 2819
4 729 7669 10093 7664
4 7669 2852 7670 10093
4 10093 7670 3876 7671
4 7664 10093 7671 1206
4 730 7672 10094 7674
4 7672 1238 7673 10094
4 10094 7673 3876 7670
4 7674 10094 7670 2852
4 697 7416 10095 7676
4 7416 2820 7675 10095
4 10095 7675 3876 7673
4 7676 10095 7673 1238
4 696 7668 10096 7411
4 7668 1206 7671 10096
4 10096 7671 3876 7675
4 7411 10096 7675 2820
4 730 7677 10097 7672
4 7677 2853 7678 10097
4 10097 7678 3877 7679
4 7672 10097 7679 1238
4 731 7680 10098 7682
4 7680 1270 7681 10098
4 10098 7681 3877 7678
4 7682 10098 7678 2853
4 698 7424 10099 7684
4 7424 2821 7683 10099
4 10099 7683 3877 7681
4 7684 10099 7681 1270
4 697 7676 10100 7419
4 7676 1238 7679 10100
4 10100 7679 3877 7683
4 7419 10100 7683 2821
4 731 7685 10101 7680
4 7685 2854 7686 10101
4 10101 7686 3878 7687
4 7680 10101 7687 1270
4 732 7688 10102 7690
4 7688 1302 7689 10102
4 10102 7689 3878 7686
4 7690 10102 7686 2854
4 699 7432 10103 7692
4 7432 2822 7691 10103
4 10103 7691 3878 7689
4 7692 10103 7689 1302
4 698 7684 10104 7427
4 7684 1270 7687 10104
4 10104 7687 3878 7691
4 7427 10104 7691 2822
4 732 7693 10105 7688
4 7693 2855 7694 10105
4 10105 7694 3879 7695
4 7688 10105 7695 1302
4 733 7696 10106 7698
4 7696 1334 7697 10106
4 10106 7697 3879 7694
4 7698 10106 7694 2855
4 700 7440 10107 7700
4 7440 2823 7699 10107
4 10107 7699 3879 7697
4 7700 10107 7697 1334
4 699 7692 10108 7435
4 7692 1302 7695 10108
4 10108 7695 3879 7699
4 7435 10108 7699 2823
4 733 7701 10109 7696
4 7701 2856 7702 10109
4 10109 7702 3880 7703
4 7696 10109 7703 1334
4 734 7704 10110 7706
4 7704 1366 7705 10110
4 10110 7705 3880 7702
4 7706 10110 7702 2856
4 701 7448 10111 7708
4 7448 2824 7707 10111
4 10111 7707 3880 7705
4 7708 10111 7705 1366
4 700 7700 10112 7443
4 7700 1334 7703 10112
4 10112 7703 3880 7707
4 7443 10112 7707 2824
4 734 7709 10113 7704
4 7709 2857 7710 10113
4 10113 7710 3881 7711
4 7704 10113 7711 1366
4 735 7712 10114 7714
4 7712 1398 7713 10114
4 10114 7713 3881 7710
4 7714 10114 7710 2857
4 702 7456 10115 7716
4 7456 2825 7715 10115
4 10115 7715 3881 7713
4 7716 10115 7713 1398
4 701 7708 10116 7451
4 7708 1366 7711 10116
4 10116 7711 3881 7715
4 7451 10116 7715 2825
4 735 7717 10117 7712
4 7717 2858 7718 10117
4 10117 7718 3882 7719
4 7712 10117 7719 1398
4 736 7720 10118 7722
4 7720 1430 7721 10118
4 10118 7721 3882 7718
4 7722 10118 7718 2858
4 703 7464 10119 7724
4 7464 2826 7723 10119
4 10119 7723 3882 7721
4 7724 10119 7721 1430
4 702 7716 10120 7459
4 7716 1398 7719 10120
4 10120 7719 3882 7723
4 7459 10120 7723 2826
4 736 7725 10121 7720
4 7725 2859 7726 10121
4 10121 7726 3883 7727
4 7720 10121 7727 1430
4 737 7728 10122 7730
4 7728 1462 7729 10122
4 10122 7729 3883 7726
4 7730 10122 7726 2859
4 704 7472 10123 7732
4 7472 2827 7731 10123
4 10123 7731 3883 7729
4 7732 10123 7729 1462
4 703 7724 10124 7467
4 7724 1430 7727 10124
4 10124 7727 3883 7731
4 7467 10124 7731 2827
4 737 7733 10125 7728
4 7733 2860 7734 10125
4 10125 7734 3884 7735
4 7728 10125 7735 1462
4 738 7736 10126 7738
4 7736 1494 7737 10126
4 10126 7737 3884 7734
4 7738 10126 7734 2860
4 705 7480 10127 7740
4 7480 2828 7739 10127
4 10127 7739 3884 7737
4 7740 10127 7737 1494
4 704 7732 10128 7475
4 7732 1462 7735 10128
4 10128 7735 3884 7739
4 7475 10128 7739 2828
4 738 7741 10129 7736
4 7741 2861 7742 10129
4 10129 7742 3885 7743
4 7736 10129 7743 1494
4 739 7744 10130 7746
4 7744 1526 7745 10130
4 10130 7745 3885 7742
4 7746 10130 7742 2861
4 706 7488 10131 7748
4 7488 2829 7747 10131
4 10131 7747 3885 7745
4 7748 10131 7745 1526
4 705 7740 10132 7483
4 7740 1494 7743 10132
4 10132 7743 3885 7747
4 7483 10132 7747 2829
4 739 7749 10133 7744
4 7749 2862 7750 10133
4 10133 7750 3886 7751
4 7744 10133 7751 1526
4 740 7752 10134 7754
4 7752 1558 7753 10134
4 10134 7753 3886 7750
4 7754 10134 7750 2862
4 707 7496 10135 7756
4 7496 2830 7755 10135
4 10135 7755 3886 7753
4 7756 10135 7753 1558
4 706 7748 10136 7491
4 7748 1526 7751 10136
4 10136 7751 3886 7755
4 7491 10136 7755 2830
4 740 7757 10137 7752
4 7757 2863 7758 10137
4 10137 7758 3887 7759
4 7752 10137 7759 1558
4 741 7760 10138 7762
4 7760 1590 7761 10138
4 10138 7761 3887 7758
4 7762 10138 7758 2863
4 708 7504 10139 7764
4 7504 2831 7763 10139
4 10139 7763 3887 7761
4 7764 10139 7761 1590
4 707 7756 10140 7499
4 7756 1558 7759 10140
4 10140 7759 3887 7763
4 7499 10140 7763 2831
4 741 7765 10141 7760
4 7765 2864 7766 10141
4 10141 7766 3888 7767
4 7760 10141 7767 1590
4 742 7768 10142 7770
4 7768 1622 7769 10142
4 10142 7769 3888 7766
4 7770 10142 7766 2864
4 709 7512 10143 7772
4 7512 2832 7771 10143
4 10143 7771 3888 7769
4 7772 10143 7769 1622
4 708 7764 10144 7507
4 7764 1590 7767 10144
4 10144 7767 3888 7771
4 7507 10144 7771 2832
4 742 7773 10145 7768
4 7773 2865 7774 10145
4 10145 7774 3889 7775
4 7768 10145 7775 1622
4 743 7776 10146 7778
4 7776 1654 7777 10146
4 10146 7777 3889 7774
4 7778 10146 7774 2865
4 710 7520 10147 7780
4 7520 2833 7779 10147
4 10147 7779 3889 7777
4 7780 10147 7777 1654
4 709 7772 10148 7515
4 7772 1622 7775 10148
4 10148 7775 3889 7779
4 7515 10148 7779 2833
4 743 7781 10149 7776
4 7781 2866 7782 10149
4 10149 7782 3890 7783
4 7776 10149 7783 1654
4 744 7784 10150 7786
4 7784 1686 7785 10150
4 10150 7785 3890 7782
4 7786 10150 7782 2866
4 711 7528 10151 7788
4 7528 2834 7787 10151
4 10151 7787 3890 7785
4 7788 10151 7785 1686
4 710 7780 10152 7523
4 7780 1654 7783 10152
4 10152 7783 3890 7787
4 7523 10152 7787 2834
4 744 7789 10153 7784
4 7789 2867 7790 10153
4 10153 7790 3891 7791
4 7784 10153 7791 1686
4 745 7792 10154 7794
4 7792 1718 7793 10154
4 10154 7793 3891 7790
4 7794 10154 7790 2867
4 712 7536 10155 7796
4 7536 2835 7795 10155
4 10155 7795 3891 7793
4 7796 10155 7793 1718
4 711 7788 10156 7531
4 7788 1686 7791 10156
4 10156 7791 3891 7795
4 7531 10156 7795 2835
4 745 7797 10157 7792
4 7797 2868 7798 10157
4 10157 7798 3892 7799
4 7792 10157 7799 1718
4 746 7800 10158 7802
4 7800 1750 7801 10158
4 10158 7801 3892 7798
4 7802 10158 7798 2868
4 713 7544 10159 7804
4 7544 2836 7803 10159
4 10159 7803 3892 7801
4 7804 10159 7801 1750
4 712 7796 10160 7539
4 7796 1718 7799 10160
4 10160 7799 3892 7803
4 7539 10160 7803 2836
4 746 7805 10161 7800
4 7805 2869 7806 10161
4 10161 7806 3893 7807
4 7800 10161 7807 1750
4 747 7808 10162 7810
4 7808 1782 7809 10162
4 10162 7809 3893 7806
4 7810 10162 7806 2869
4 714 7552 10163 7812
4 7552 2837 7811 10163
4 10163 7811 3893 7809
4 7812 10163 7809 1782
4 713 7804 10164 7547
4 7804 1750 7807 10164
4 10164 7807 3893 7811
4 7547 10164 7811 2837
4 747 7813 10165 7808
4 7813 2870 7814 10165
4 10165 7814 3894 7815
4 7808 10165 7815 1782
4 748 7816 10166 7818
4 7816 1814 7817 10166
4 10166 7817 3894 7814
4 7818 10166 7814 2870
4 715 7560 10167 7820
4 7560 2838 7819 10167
4 10167 7819 3894 7817
4 7820 10167 7817 1814
4 714 7812 10168 7555
4 7812 1782 7815 10168
4 10168 7815 3894 7819
4 7555 10168 7819 2838
4 748 7821 10169 7816
4 7821 2871 7822 10169
4 10169 7822 3895 7823
4 7816 10169 7823 1814
4 749 7824 10170 7826
4 7824 1846 7825 10170
4 10170 7825 3895 7822
4 7826 10170 7822 2871
4 716 7568 10171 7828
4 7568 2839 7827 10171
4 10171 7827 3895 7825
4 7828 10171 7825 1846
4 715 7820 10172 7563
4 7820 1814 7823 10172
4 10172 7823 3895 7827
4 7563 10172 7827 2839
4 749 7829 10173 7824
4 7829 2872 7830 10173
4 10173 7830 3896 7831
4 7824 10173 7831 1846
4 750 7832 10174 7834
4 7832 1878 7833 10174
4 10174 7833 3896 7830
4 7834 10174 7830 2872
4 717 7576 10175 7836
4 7576 2840 7835 10175
4 10175 7835 3896 7833
4 7836 10175 7833 1878
4 716 7828 10176 7571
4 7828 1846 7831 10176
4 10176 7831 3896 7835
4 7571 10176 7835 2840
4 750 7837 10177 7832
4 7837 2873 7838 10177
4 10177 7838 3897 7839
4 7832 10177 7839 1878
4 751 7840 10178 7842
4 7840 1910 7841 10178
4 10178 7841 3897 7838
4 7842 10178 7838 2873
4 718 7584 10179 7844
4 7584 2841 7843 10179
4 10179 7843 3897 7841
4 7844 10179 7841 1910
4 717 7836 10180 7579
4 7836 1878 7839 10180
4 10180 7839 3897 7843
4 7579 10180 7843 2841
4 751 7845 10181 7840
4 7845 2874 7846 10181
4 10181 7846 3898 7847
4 7840 10181 7847 1910
4 752 7848 10182 7850
4 7848 1942 7849 10182
4 10182 7849 3898 7846
4 7850 10182 7846 2874
4 719 7592 10183 7852
4 7592 2842 7851 10183
4 10183 7851 3898 7849
4 7852 10183 7849 1942
4 718 7844 10184 7587
4 7844 1910 7847 10184
4 10184 7847 3898 7851
4 7587 10184 7851 2842
4 752 7853 10185 7848
4 7853 2875 7854 10185
4 10185 7854 3899 7855
4 7848 10185 7855 1942
4 753 7856 10186 7858
4 7856 1974 7857 10186
4 10186 7857 3899 7854
4 7858 10186 7854 2875
4 720 7600 10187 7860
4 7600 2843 7859 10187
4 10187 7859 3899 7857
4 7860 10187 7857 1974
4 719 7852 10188 7595
4 7852 1942 7855 10188
4 10188 7855 3899 7859
4 7595 10188 7859 2843
4 753 7861 10189 7856
4 7861 2876 7862 10189
4 10189 7862 3900 7863
4 7856 10189 7863 1974
4 754 7864 10190 7866
4 7864 2006 7865 10190
4 10190 7865 3900 7862
4 7866 10190 7862 2876
4 721 7608 10191 7868
4 7608 2844 7867 10191
4 10191 7867 3900 7865
4 7868 10191 7865 2006
4 720 7860 10192 7603
4 7860 1974 7863 10192
4 10192 7863 3900 7867
4 7603 10192 7867 2844
4 754 7869 10193 7864
4 7869 2877 7870 10193
4 10193 7870 3901 7871
4 7864 10193 7871 2006
4 755 7872 10194 7874
4 7872 2038 7873 10194
4 10194 7873 3901 7870
4 7874 10194 7870 2877
4 722 7616 10195 7876
4 7616 2845 7875 10195
4 10195 7875 3901 7873
4 7876 10195 7873 2038
4 721 7868 10196 7611
4 7868 2006 7871 10196
4 10196 7871 3901 7875
4 7611 10196 7875 2845
4 755 7877 10197 7872
4 7877 2878 7878 10197
4 10197 7878 3902 7879
4 7872 10197 7879 2038
4 756 7880 10198 7882
4 7880 2070 7881 10198
4 10198 7881 3902 7878
4 7882 10198 7878 2878
4 723 7624 10199 7884
4 7624 2846 7883 10199
4 10199 7883 3902 7881
4 7884 10199 7881 2070
4 722 7876 10200 7619
4 7876 2038 7879 10200
4 10200 7879 3902 7883
4 7619 10200 7883 2846
4 756 7885 10201 7880
4 7885 2879 7886 10201
4 10201 7886 3903 7887
4 7880 10201 7887 2070
4 757 7888 10202 7890
4 7888 2102 7889 10202
4 10202 7889 3903 7886
4 7890 10202 7886 2879
4 724 7632 10203 7892
4 7632 2847 7891 10203
4 10203 7891 3903 7889
4 7892 10203 7889 2102
4 723 7884 10204 7627
4 7884 2070 7887 10204
4 10204 7887 3903 7891
4 7627 10204 7891 2847
4 757 7893 10205 7888
4 7893 2880 7894 10205
4 10205 7894 3904 7895
4 7888 10205 7895 2102
4 758 7896 10206 7898
4 7896 2134 7897 10206
4 10206 7897 3904 7894
4 7898 10206 7894 2880
4 725 7640 10207 7900
4 7640 2848 7899 10207
4 10207 7899 3904 7897
4 7900 10207 7897 2134
4 724 7892 10208 7635
4 7892 2102 7895 10208
4 10208 7895 3904 7899
4 7635 10208 7899 2848
4 759 7901 10209 7904
4 7901 2881 7902 10209
4 10209 7902 3905 7903
4 7904 10209 7903 1111
4 760 7905 10210 7907
4 7905 1143 7906 10210
4 10210 7906 3905 7902
4 7907 10210 7902 2881
4 727 7649 10211 7909
4 7649 2849 7908 10211
4 10211 7908 3905 7906
4 7909 10211 7906 1143
4 726 7910 10212 7643
4 7910 1111 7903 10212
4 10212 7903 3905 7908
4 7643 10212 7908 2849
4 760 7911 10213 7905
4 7911 2882 7912 10213
4 10213 7912 3906 7913
4 7905 10213 7913 1143
4 761 7914 10214 7916
4 7914 1175 7915 10214
4 10214 7915 3906 7912
4 7916 10214 7912 2882
4 728 7658 10215 7918
4 7658 2850 7917 10215
4 10215 7917 3906 7915
4 7918 10215 7915 1175
4 727 7909 10216 7653
4 7909 1143 7913 10216
4 10216 7913 3906 7917
4 7653 10216 7917 2850
4 761 7919 10217 7914
4 7919 2883 7920 10217
4 10217 7920 3907 7921
4 7914 10217 7921 1175
4 762 7922 10218 7924
4 7922 1207 7923 10218
4 10218 7923 3907 7920
4 7924 10218 7920 2883
4 729 7666 10219 7926
4 7666 2851 7925 10219
4 10219 7925 3907 7923
4 7926 10219 7923 1207
4 728 7918 10220 7661
4 7918 1175 7921 10220
4 10220 7921 3907 7925
4 7661 10220 7925 2851
4 762 7927 10221 7922
4 7927 2884 7928 10221
4 10221 7928 3908 7929
4 7922 10221 7929 1207
4 763 7930 10222 7932
4 7930 1239 7931 10222
4 10222 7931 3908 7928
4 7932 10222 7928 2884
4 730 7674 10223 7934
4 7674 2852 7933 10223
4 10223 7933 3908 7931
4 7934 10223 7931 1239
4 729 7926 10224 7669
4 7926 1207 7929 10224
4 10224 7929 3908 7933
4 7669 10224 7933 2852
4 763 7935 10225 7930
4 7935 2885 7936 10225
4 10225 7936 3909 7937
4 7930 10225 7937 1239
4 764 7938 10226 7940
4 7938 1271 7939 10226
4 10226 7939 3909 7936
4 7940 10226 7936 2885
4 731 7682 10227 7942
4 7682 2853 7941 10227
4 10227 7941 3909 7939
4 7942 10227 7939 1271
4 730 7934 10228 7677
4 7934 1239 7937 10228
4 10228 7937 3909 7941
4 7677 10228 7941 2853
4 764 7943 10229 7938
4 7943 2886 7944 10229
4 10229 7944 3910 7945
4 7938 10229 7945 1271
4 765 7946 10230 7948
4 7946 1303 7947 10230
4 10230 7947 3910 7944
4 7948 10230 7944 2886
4 732 7690 10231 7950
4 7690 2854 7949 10231
4 10231 7949 3910 7947
4 7950 10231 7947 1303
4 731 7942 10232 7685
4 7942 1271 7945 10232
4 10232 7945 3910 7949
4 7685 10232 7949 2854
4 765 7951 10233 7946
4 7951 2887 7952 10233
4 10233 7952 3911 7953
4 7946 10233 7953 1303
4 766 7954 10234 7956
4 7954 1335 7955 10234
4 10234 7955 3911 7952
4 7956 10234 7952 2887
4 733 7698 10235 7958
4 7698 2855 7957 10235
4 10235 7957 3911 7955
4 7958 10235 7955 1335
4 732 7950 10236 7693
4 7950 1303 7953 10236
4 10236 7953 3911 7957
4 7693 10236 7957 2855
4 766 7959 10237 7954
4 7959 2888 7960 10237
4 10237 7960 3912 7961
4 7954 10237 7961 1335
4 767 7962 10238 7964
4 7962 1367 7963 10238
4 10238 7963 3912 7960
4 7964 10238 7960 2888
4 734 7706 10239 7966
4 7706 2856 7965 10239
4 10239 7965 3912 7963
4 7966 10239 7963 1367
4 733 7958 10240 7701
4 7958 1335 7961 10240
4 10240 7961 3912 7965
4 7701 10240 7965 2856
4 767 7967 10241 7962
4 7967 2889 7968 10241
4 10241 7968 3913 7969
4 7962 10241 7969 1367
4 768 7970 10242 7972
4 7970 1399 7971 10242
4 10242 7971 3913 7968
4 7972 10242 7968 2889
4 735 7714 10243 7974
4 7714 2857 7973 10243
4 10243 7973 3913 7971
4 7974 10243 7971 1399
4 734 7966 10244 7709
4 7966 1367 7969 10244
4 10244 7969 3913 7973
4 7709 10244 7973 2857
4 768 7975 10245 7970
4 7975 2890 7976 10245
4 10245 7976 3914 7977
4 7970 10245 7977 1399
4 769 7978 10246 7980
4 7978 1431 7979 10246
4 10246 7979 3914 7976
4 7980 10246 7976 2890
4 736 7722 10247 7982
4 7722 2858 7981 10247
4 10247 7981 3914 7979
4 7982 10247 7979 1431
4 735 7974 10248 7717
4 7974 1399 7977 10248
4 10248 7977 3914 7981
4 7717 10248 7981 2858
4 769 7983 10249 7978
4 7983 2891 7984 10249
4 10249 7984 3915 7985
4 7978 10249 7985 1431
4 770 7986 10250 7988
4 7986 1463 7987 10250
4 10250 7987 3915 7984
4 7988 10250 7984 2891
4 737 7730 10251 7990
4 7730 2859 7989 10251
4 10251 7989 3915 7987
4 7990 10251 7987 1463
4 736 7982 10252 7725
4 7982 1431 7985 10252
4 10252 7985 3915 7989
4 7725 10252 7989 2859
4 770 7991 10253 7986
4 7991 2892 7992 10253
4 10253 7992 3916 7993
4 7986 10253 7993 1463
4 771 7994 10254 7996
4 7994 1495 7995 10254
4 10254 7995 3916 7992
4 7996 10254 7992 2892
4 738 7738 10255 7998
4 7738 2860 7997 10255
4 10255 7997 3916 7995
4 7998 10255 7995 1495
4 737 7990 10256 7733
4 7990 1463 7993 10256
4 10256 7993 3916 7997
4 7733 10256 7997 2860
4 771 7999 10257 7994
4 7999 2893 8000 10257
4 10257 8000 3917 8001
4 7994 10257 8001 1495
4 772 8002 10258 8004
4 8002 1527 8003 10258
4 10258 8003 3917 8000
4 8004 10258 8000 2893
4 739 7746 10259 8006
4 7746 2861 8005 10259
4 10259 8005 3917 8003
4 8006 10259 8003 1527
4 738 7998 10260 7741
4 7998 1495 8001 10260
4 10260 8001 3917 8005
4 7741 10260 8005 2861
4 772 8007 10261 8002
4 8007 2894 8008 10261
4 10261 8008 3918 8009
4 8002 10261 8009 1527
4 773 8010 10262 8012
4 8010 1559 8011 10262
4 10262 8011 3918 8008
4 8012 10262 8008 2894
4 740 7754 10263 8014
4 7754 2862 8013 10263
4 10263 8013 3918 8011
4 8014 10263 8011 1559
4 739 8006 10264 7749
4 8006 1527 8009 10264
4 10264 8009 3918 8013
4 7749 10264 8013 2862
4 773 8015 10265 8010
4 8015 2895 8016 10265
4 10265 8016 3919 8017
4 8010 10265 8017 1559
4 774 8018 10266 8020
4 8018 1591 8019 10266
4 10266 8019 3919 8016
4 8020 10266 8016 2895
4 741 7762 10267 8022
4 7762 2863 8021 10267
4 10267 8021 3919 8019
4 8022 10267 8019 1591
4 740 8014 10268 7757
4 8014 1559 8017 10268
4 10268 8017 3919 8021
4 7757 10268 8021 2863
4 774 8023 10269 8018
4 8023 2896 8024 10269
4 10269 8024 3920 8025
4 8018 10269 8025 1591
4 775 8026 10270 8028
4 8026 1623 8027 10270
4 10270 8027 3920 8024
4 8028 10270 8024 2896
4 742 7770 10271 8030
4 7770 2864 8029 10271
4 10271 8029 3920 8027
4 8030 10271 8027 1623
4 741 8022 10272 7765
4 8022 1591 8025 10272
4 10272 8025 3920 8029
4 7765 10272 8029 2864
4 775 8031 10273 8026
4 8031 2897 8032 10273
4 10273 8032 3921 8033
4 8026 10273 8033 1623
4 776 8034 10274 8036
4 8034 1655 8035 10274
4 10274 8035 3921 8032
4 8036 10274 8032 2897
4 743 7778 10275 8038
4 7778 2865 8037 10275
4 10275 8037 3921 8035
4 8038 10275 8035 1655
4 742 8030 10276 7773
4 8030 1623 8033 10276
4 10276 8033 3921 8037
4 7773 10276 8037 2865
4 776 8039 10277 8034
4 8039 2898 8040 10277
4 10277 8040 3922 8041
4 8034 10277 8041 1655
4 777 8042 10278 8044
4 8042 1687 8043 10278
4 10278 8043 3922 8040
4 8044 10278 8040 2898
4 744 7786 10279 8046
4 7786 2866 8045 10279
4 10279 8045 3922 8043
4 8046 10279 8043 1687
4 743 8038 10280 7781
4 8038 1655 8041 10280
4 10280 8041 3922 8045
4 7781 10280 8045 2866
4 777 8047 10281 8042
4 8047 2899 8048 10281
4 10281 8048 3923 8049
4 8042 10281 8049 1687
4 778 8050 10282 8052
4 8050 1719 8051 10282
4 10282 8051 3923 8048
4 8052 10282 8048 2899
4 745 7794 10283 8054
4 7794 2867 8053 10283
4 10283 8053 3923 8051
4 8054 10283 8051 1719
4 744 8046 10284 7789
4 8046 1687 8049 10284
4 10284 8049 3923 8053
4 7789 10284 8053 2867
4 778 8055 10285 8050
4 8055 2900 8056 10285
4 10285 8056 3924 8057
4 8050 10285 8057 1719
4 779 8058 10286 8060
4 8058 1751 8059 10286
4 10286 8059 3924 8056
4 8060 10286 8056 2900
4 746 7802 10287 8062
4 7802 2868 8061 10287
4 10287 8061 3924 8059
4 8062 10287 8059 1751
4 745 8054 10288 7797
4 8054 1719 8057 10288
4 10288 8057 3924 8061
4 7797 10288 8061 2868
4 779 8063 10289 8058
4 8063 2901 8064 10289
4 10289 8064 3925 8065
4 8058 10289 8065 1751
4 780 8066 10290 8068
4 8066 1783 8067 10290
4 10290 8067 3925 8064
4 8068 10290 8064 2901
4 747 7810 10291 8070
4 7810 2869 8069 10291
4 10291 8069 3925 8067
4 8070 10291 8067 1783
4 746 8062 10292 7805
4 8062 1751 8065 10292
4 10292 8065 3925 8069
4 7805 10292 8069 2869
4 780 8071 10293 8066
4 8071 2902 8072 10293
4 10293 8072 3926 8073
4 8066 10293 8073 1783
4 781 8074 10294 8076
4 8074 1815 8075 10294
4 10294 8075 3926 8072
4 8076 10294 8072 2902
4 748 7818 10295 8078
4 7818 2870 8077 10295
4 10295 8077 3926 8075
4 8078 10295 8075 1815
4 747 8070 10296 7813
4 8070 1783 8073 10296
4 10296 8073 3926 8077
4 7813 10296 8077 2870
4 781 8079 10297 8074
4 8079 2903 8080 10297
4 10297 8080 3927 8081
4 8074 10297 8081 1815
4 782 8082 10298 8084
4 8082 1847 8083 10298
4 10298 8083 3927 8080
4 8084 10298 8080 2903
4 749 7826 10299 8086
4 7826 2871 8085 10299
4 10299 8085 3927 8083
4 8086 10299 8083 1847
4 748 8078 10300 7821
4 8078 1815 8081 10300
4 10300 8081 3927 8085
4 7821 10300 8085 2871
4 782 8087 10301 8082
4 8087 2904 8088 10301
4 10301 8088 3928 8089
4 8082 10301 8089 1847
4 783 8090 10302 8092
4 8090 1879 8091 10302
4 10302 8091 3928 8088
4 8092 10302 8088 2904
4 750 7834 10303 8094
4 7834 2872 8093 10303
4 10303 8093 3928 8091
4 8094 10303 8091 1879
4 749 8086 10304 7829
4 8086 1847 8089 10304
4 10304 8089 3928 8093
4 7829 10304 8093 2872
4 783 8095 10305 8090
4 8095 2905 8096 10305
4 10305 8096 3929 8097
4 8090 10305 8097 1879
4 784 8098 10306 8100
4 8098 1911 8099 10306
4 10306 8099 3929 8096
4 8100 10306 8096 2905
4 751 7842 10307 8102
4 7842 2873 8101 10307
4 10307 8101 3929 8099
4 8102 10307 8099 1911
4 750 8094 10308 7837
4 8094 1879 8097 10308
4 10308 8097 3929 8101
4 7837 10308 8101 2873
4 784 8103 10309 8098
4 8103 2906 8104 10309
4 10309 8104 3930 8105
4 8098 10309 8105 1911
4 785 8106 10310 8108
4 8106 1943 8107 10310
4 10310 8107 3930 8104
4 8108 10310 8104 2906
4 752 7850 10311 8110
4 7850 2874 8109 10311
4 10311 8109 3930 8107
4 8110 10311 8107 1943
4 751 8102 10312 7845
4 8102 1911 8105 10312
4 10312 8105 3930 8109
4 7845 10312 8109 2874
4 785 8111 10313 8106
4 8111 2907 8112 10313
4 10313 8112 3931 8113
4 8106 10313 8113 1943
4 786 8114 10314 8116
4 8114 1975 8115 10314
4 10314 8115 3931 8112
4 8116 10314 8112 2907
4 753 7858 10315 8118
4 7858 2875 8117 10315
4 10315 8117 3931 8115
4 8118 10315 8115 1975
4 752 8110 10316 7853
4 8110 1943 8113 10316
4 10316 8113 3931 8117
4 7853 10316 8117 2875
4 786 8119 10317 8114
4 8119 2908 8120 10317
4 10317 8120 3932 8121
4 8114 10317 8121 1975
4 787 8122 10318 8124
4 8122 2007 8123 10318
4 10318 8123 3932 8120
4 8124 10318 8120 2908
4 754 7866 10319 8126
4 7866 2876 8125 10319
4 10319 8125 3932 8123
4 8126 10319 8123 2007
4 753 8118 10320 7861
4 8118 1975 8121 10320
4 10320 8121 3932 8125
4 7861 10320 8125 2876
4 787 8127 10321 8122
4 8127 2909 8128 10321
4 10321 8128 3933 8129
4 8122 10321 8129 2007
4 788 8130 10322 8132
4 8130 2039 8131 10322
4 10322 8131 3933 8128
4 8132 10322 8128 2909
4 755 7874 10323 8134
4 7874 2877 8133 10323
4 10323 8133 3933 8131
4 8134 10323 8131 2039
4 754 8126 10324 7869
4 8126 2007 8129 10324
4 10324 8129 3933 8133
4 7869 10324 8133 2877
4 788 8135 10325 8130
4 8135 2910 8136 10325
4 10325 8136 3934 8137
4 8130 10325 8137 2039
4 789 8138 10326 8140
4 8138 2071 8139 10326
4 10326 8139 3934 8136
4 8140 10326 8136 2910
4 756 7882 10327 8142
4 7882 2878 8141 10327
4 10327 8141 3934 8139
4 8142 10327 8139 2071
4 755 8134 10328 7877
4 8134 2039 8137 10328
4 10328 8137 3934 8141
4 7877 10328 8141 2878
4 789 8143 10329 8138
4 8143 2911 8144 10329
4 10329 8144 3935 8145
4 8138 10329 8145 2071
4 790 8146 10330 8148
4 8146 2103 8147 10330
4 10330 8147 3935 8144
4 8148 10330 8144 2911
4 757 7890 10331 8150
4 7890 2879 8149 10331
4 10331 8149 3935 8147
4 8150 10331 8147 2103
4 756 8142 10332 7885
4 8142 2071 8145 10332
4 10332 8145 3935 8149
4 7885 10332 8149 2879
4 790 8151 10333 8146
4 8151 2912 8152 10333
4 10333 8152 3936 8153
4 8146 10333 8153 2103
4 791 8154 10334 8156
4 8154 2135 8155 10334
4 10334 8155 3936 8152
4 8156 10334 8152 2912
4 758 7898 10335 8158
4 7898 2880 8157 10335
4 10335 8157 3936 8155
4 8158 10335 8155 2135
4 757 8150 10336 7893
4 8150 2103 8153 10336
4 10336 8153 3936 8157
4 7893 10336 8157 2880
4 792 8159 10337 8162
4 8159 2913 8160 10337
4 10337 8160 3937 8161
4 8162 10337 8161 1112
4 793 8163 10338 8165
4 8163 1144 8164 10338
4 10338 8164 3937 8160
4 8165 10338 8160 2913
4 760 7907 10339 8167
4 7907 2881 8166 10339
4 10339 8166 3937 8164
4 8167 10339 8164 1144
4 759 8168 10340 7901
4 8168 1112 8161 10340
4 10340 8161 3937 8166
4 7901 10340 8166 2881
4 793 8169 10341 8163
4 8169 2914 8170 10341
4 10341 8170 3938 8171
4 8163 10341 8171 1144
4 794 8172 10342 8174
4 8172 1176 8173 10342
4 10342 8173 3938 8170
4 8174 10342 8170 2914
4 761 7916 10343 8176
4 7916 2882 8175 10343
4 10343 8175 3938 8173
4 8176 10343 8173 1176
4 760 8167 10344 7911
4 8167 1144 8171 10344
4 10344 8171 3938 8175
4 7911 10344 8175 2882
4 794 8177 10345 8172
4 8177 2915 8178 10345
4 10345 8178 3939 8179
4 8172 10345 8179 1176
4 795 8180 10346 8182
4 8180 1208 8181 10346
4 10346 8181 3939 8178
4 8182 10346 8178 2915
4 762 7924 10347 8184
4 7924 2883 8183 10347
4 10347 8183 3939 8181
4 8184 10347 8181 1208
4 761 8176 10348 7919
4 8176 1176 8179 10348
4 10348 8179 3939 8183
4 7919 10348 8183 2883
4 795 8185 10349 8180
4 8185 2916 8186 10349
4 10349 8186 3940 8187
4 8180 10349 8187 1208
4 796 8188 10350 8190
4 8188 1240 8189 10350
4 10350 8189 3940 8186
4 8190 10350 8186 2916
4 763 7932 10351 8192
4 7932 2884 8191 10351
4 10351 8191 3940 8189
4 8192 10351 8189 1240
4 762 8184 10352 7927
4 8184 1208 8187 10352
4 10352 8187 3940 8191
4 7927 10352 8191 2884
4 796 8193 10353 8188
4 8193 2917 8194 10353
4 10353 8194 3941 8195
4 8188 10353 8195 1240
4 797 8196 10354 8198
4 8196 1272 8197 10354
4 10354 8197 3941 8194
4 8198 10354 8194 2917
4 764 7940 10355 8200
4 7940 2885 8199 10355
4 10355 8199 3941 8197
4 8200 10355 8197 1272
4 763 8192 10356 7935
4 8192 1240 8195 10356
4 10356 8195 3941 8199
4 7935 10356 8199 2885
4 797 8201 10357 8196
4 8201 2918 8202 10357
4 10357 8202 3942 8203
4 8196 10357 8203 1272
4 798 8204 10358 8206
4 8204 1304 8205 10358
4 10358 8205 3942 8202
4 8206 10358 8202 2918
4 765 7948 10359 8208
4 7948 2886 8207 10359
4 10359 8207 3942 8205
4 8208 10359 8205 1304
4 764 8200 10360 7943
4 8200 1272 8203 10360
4 10360 8203 3942 8207
4 7943 10360 8207 2886
4 798 8209 10361 8204
4 8209 2919 8210 10361
4 10361 8210 3943 8211
4 8204 10361 8211 1304
4 799 8212 10362 8214
4 8212 1336 8213 10362
4 10362 8213 3943 8210
4 8214 10362 8210 2919
4 766 7956 10363 8216
4 7956 2887 8215 10363
4 10363 8215 3943 8213
4 8216 10363 8213 1336
4 765 8208 10364 7951
4 8208 1304 8211 10364
4 10364 8211 3943 8215
4 7951 10364 8215 2887
4 799 8217 10365 8212
4 8217 2920 8218 10365
4 10365 8218 3944 8219
4 8212 10365 8219 1336
4 800 8220 10366 8222
4 8220 1368 8221 10366
4 10366 8221 3944 8218
4 8222 10366 8218 2920
4 767 7964 10367 8224
4 7964 2888 8223 10367
4 10367 8223 3944 8221
4 8224 10367 8221 1368
4 766 8216 10368 7959
4 8216 1336 8219 10368
4 10368 8219 3944 8223
4 7959 10368 8223 2888
4 800 8225 10369 8220
4 8225 2921 8226 10369
4 10369 8226 3945 8227
4 8220 10369 8227 1368
4 801 8228 10370 8230
4 8228 1400 8229 10370
4 10370 8229 3945 8226
4 8230 10370 8226 2921
4 768 7972 10371 8232
4 7972 2889 8231 10371
4 10371 8231 3945 8229
4 8232 10371 8229 1400
4 767 8224 10372 7967
4 8224 1368 8227 10372
4 10372 8227 3945 8231
4 7967 10372 8231 2889
4 801 8233 10373 8228
4 8233 2922 8234 10373
4 10373 8234 3946 8235
4 8228 10373 8235 1400
4 802 8236 10374 8238
4 8236 1432 8237 10374
4 10374 8237 3946 8234
4 8238 10374 8234 2922
4 769 7980 10375 8240
4 7980 2890 8239 10375
4 10375 8239 3946 8237
4 8240 10375 8237 1432
4 768 8232 10376 7975
4 8232 1400 8235 10376
4 10376 8235 3946 8239
4 7975 10376 8239 2890
4 802 8241 10377 8236
4 8241 2923 8242 10377
4 10377 8242 3947 8243
4 8236 10377 8243 1432
4 803 8244 10378 8246
4 8244 1464 8245 10378
4 10378 8245 3947 8242
4 8246 10378 8242 2923
4 770 7988 10379 8248
4 7988 2891 8247 10379
4 10379 8247 3947 8245
4 8248 10379 8245 1464
4 769 8240 10380 7983
4 8240 1432 8243 10380
4 10380 8243 3947 8247
4 7983 10380 8247 2891
4 803 8249 10381 8244
4 8249 2924 8250 10381
4 10381 8250 3948 8251
4 8244 10381 8251 1464
4 804 8252 10382 8254
4 8252 1496 8253 10382
4 10382 8253 3948 8250
4 8254 10382 8250 2924
4 771 7996 10383 8256
4 7996 2892 8255 10383
4 10383 8255 3948 8253
4 8256 10383 8253 1496
4 770 8248 10384 7991
4 8248 1464 8251 10384
4 10384 8251 3948 8255
4 7991 10384 8255 2892
4 804 8257 10385 8252
4 8257 2925 8258 10385
4 10385 8258 3949 8259
4 8252 10385 8259 1496
4 805 8260 10386 8262
4 8260 1528 8261 10386
4 10386 8261 3949 8258
4 8262 10386 8258 2925
4 772 8004 10387 8264
4 8004 2893 8263 10387
4 10387 8263 3949 8261
4 8264 10387 8261 1528
4 771 8256 10388 7999
4 8256 1496 8259 10388
4 10388 8259 3949 8263
4 7999 10388 8263 2893
4 805 8265 10389 8260
4 8265 2926 8266 10389
4 10389 8266 3950 8267
4 8260 10389 8267 1528
4 806 8268 10390 8270
4 8268 1560 8269 10390
4 10390 8269 3950 8266
4 8270 10390 8266 2926
4 773 8012 10391 8272
4 8012 2894 8271 10391
4 10391 8271 3950 8269
4 8272 10391 8269 1560
4 772 8264 10392 8007
4 8264 1528 8267 10392
4 10392 8267 3950 8271
4 8007 10392 8271 2894
4 806 8273 10393 8268
4 8273 2927 8274 10393
4 10393 8274 3951 8275
4 8268 10393 8275 1560
4 807 8276 10394 8278
4 8276 1592 8277 10394
4 10394 8277 3951 8274
4 8278 10394 8274 2927
4 774 8020 10395 8280
4 8020 2895 8279 10395
4 10395 8279 3951 8277
4 8280 10395 8277 1592
4 773 8272 10396 8015
4 8272 1560 8275 10396
4 10396 8275 3951 8279
4 8015 10396 8279 2895
4 807 8281 10397 8276
4 8281 2928 8282 10397
4 10397 8282 3952 8283
4 8276 10397 8283 1592
4 808 8284 10398 8286
4 8284 1624 8285 10398
4 10398 8285 3952 8282
4 8286 10398 8282 2928
4 775 8028 10399 8288
4 8028 2896 8287 10399
4 10399 8287 3952 8285
4 8288 10399 8285 1624
4 774 8280 10400 8023
4 8280 1592 8283 10400
4 10400 8283 3952 8287
4 8023 10400 8287 2896
4 808 8289 10401 8284
4 8289 2929 8290 10401
4 10401 8290 3953 8291
4 8284 10401 8291 1624
4 809 8292 10402 8294
4 8292 1656 8293 10402
4 10402 8293 3953 8290
4 8294 10402 8290 2929
4 776 8036 10403 8296
4 8036 2897 8295 10403
4 10403 8295 3953 8293
4 8296 10403 8293 1656
4 775 8288 10404 8031
4 8288 1624 8291 10404
4 10404 8291 3953 8295
4 8031 10404 8295 2897
4 809 8297 10405 8292
4 8297 2930 8298 10405
4 10405 8298 3954 8299
4 8292 10405 8299 1656
4 810 8300 10406 8302
4 8300 1688 8301 10406
4 10406 8301 3954 8298
4 8302 10406 8298 2930
4 777 8044 10407 8304
4 8044 2898 8303 10407
4 10407 8303 3954 8301
4 8304 10407 8301 1688
4 776 8296 10408 8039
4 8296 1656 8299 10408
4 10408 8299 3954 8303
4 8039 10408 8303 2898
4 810 8305 10409 8300
4 8305 2931 8306 10409
4 10409 8306 3955 8307
4 8300 10409 8307 1688
4 811 8308 10410 8310
4 8308 1720 8309 10410
4 10410 8309 3955 8306
4 8310 10410 8306 2931
4 778 8052 10411 8312
4 8052 2899 8311 10411
4 10411 8311 3955 8309
4 8312 10411 8309 1720
4 777 8304 10412 8047
4 8304 1688 8307 10412
4 10412 8307 3955 8311
4 8047 10412 8311 2899
4 811 8313 10413 8308
4 8313 2932 8314 10413
4 10413 8314 3956 8315
4 8308 10413 8315 1720
4 812 8316 10414 8318
4 8316 1752 8317 10414
4 10414 8317 3956 8314
4 8318 10414 8314 2932
4 779 8060 10415 8320
4 8060 2900 8319 10415
4 10415 8319 3956 8317
4 8320 10415 8317 1752
4 778 8312 10416 8055
4 8312 1720 8315 10416
4 10416 8315 3956 8319
4 8055 10416 8319 2900
4 812 8321 10417 8316
4 8321 2933 8322 10417
4 10417 8322 3957 8323
4 8316 10417 8323 1752
4 813 8324 10418 8326
4 8324 1784 8325 10418
4 10418 8325 3957 8322
4 8326 10418 8322 2933
4 780 8068 10419 8328
4 8068 2901 8327 10419
4 10419 8327 3957 8325
4 8328 10419 8325 1784
4 779 8320 10420 8063
4 8320 1752 8323 10420
4 10420 8323 3957 8327
4 8063 10420 8327 2901
4 813 8329 10421 8324
4 8329 2934 8330 10421
4 10421 8330 3958 8331
4 8324 10421 8331 1784
4 814 8332 10422 8334
4 8332 1816 8333 10422
4 10422 8333 3958 8330
4 8334 10422 8330 2934
4 781 8076 10423 8336
4 8076 2902 8335 10423
4 10423 8335 3958 8333
4 8336 10423 8333 1816
4 780 8328 10424 8071
4 8328 1784 8331 10424
4 10424 8331 3958 8335
4 8071 10424 8335 2902
4 814 8337 10425 8332
4 8337 2935 8338 10425
4 10425 8338 3959 8339
4 8332 10425 8339 1816
4 815 8340 10426 8342
4 8340 1848 8341 10426
4 10426 8341 3959 8338
4 8342 10426 8338 2935
4 782 8084 10427 8344
4 8084 2903 8343 10427
4 10427 8343 3959 8341
4 8344 10427 8341 1848
4 781 8336 10428 8079
4 8336 1816 8339 10428
4 10428 8339 3959 8343
4 8079 10428 8343 2903
4 815 8345 10429 8340
4 8345 2936 8346 10429
4 10429 8346 3960 8347
4 8340 10429 8347 1848
4 816 8348 10430 8350
4 8348 1880 8349 10430
4 10430 8349 3960 8346
4 8350 10430 8346 2936
4 783 8092 10431 8352
4 8092 2904 8351 10431
4 10431 8351 3960 8349
4 8352 10431 8349 1880
4 782 8344 10432 8087
4 8344 1848 8347 10432
4 10432 8347 3960 8351
4 8087 10432 8351 2904
4 816 8353 10433 8348
4 8353 2937 8354 10433
4 10433 8354 3961 8355
4 8348 10433 8355 1880
4 817 8356 10434 8358
4 8356 1912 8357 10434
4 10434 8357 3961 8354
4 8358 10434 8354 2937
4 784 8100 10435 8360
4 8100 2905 8359 10435
4 10435 8359 3961 8357
4 8360 10435 8357 1912
4 783 8352 10436 8095
4 8352 1880 8355 10436
4 10436 8355 3961 8359
4 8095 10436 8359 2905
4 817 8361 10437 8356
4 8361 2938 8362 10437
4 10437 8362 3962 8363
4 8356 10437 8363 1912
4 818 8364 10438 8366
4 8364 1944 8365 10438
4 10438 8365 3962 8362
4 8366 10438 8362 2938
4 785 8108 10439 8368
4 8108 2906 8367 10439
4 10439 8367 3962 8365
4 8368 10439 8365 1944
4 784 8360 10440 8103
4 8360 1912 8363 10440
4 10440 8363 3962 8367
4 8103 10440 8367 2906
4 818 8369 10441 8364
4 8369 2939 8370 10441
4 10441 8370 3963 8371
4 8364 10441 8371 1944
4 819 8372 10442 8374
4 8372 1976 8373 10442
4 10442 8373 3963 8370
4 8374 10442 8370 2939
4 786 8116 10443 8376
4 8116 2907 8375 10443
4 10443 8375 3963 8373
4 8376 10443 8373 1976
4 785 8368 10444 8111
4 8368 1944 8371 10444
4 10444 8371 3963 8375
4 8111 10444 8375 2907
4 819 8377 10445 8372
4 8377 2940 8378 10445
4 10445 8378 3964 8379
4 8372 10445 8379 1976
4 820 8380 10446 8382
4 8380 2008 8381 10446
4 10446 8381 3964 8378
4 8382 10446 8378 2940
4 787 8124 10447 8384
4 8124 2908 8383 10447
4 10447 8383 3964 8381
4 8384 10447 8381 2008
4 786 8376 10448 8119
4 8376 1976 8379 10448
4 10448 8379 3964 8383
4 8119 10448 8383 2908
4 820 8385 10449 8380
4 8385 2941 8386 10449
4 10449 8386 3965 8387
4 8380 10449 8387 2008
4 821 8388 10450 8390
4 8388 2040 8389 10450
4 10450 8389 3965 8386
4 8390 10450 8386 2941
4 788 8132 10451 8392
4 8132 2909 8391 10451
4 10451 8391 3965 8389
4 8392 10451 8389 2040
4 787 8384 10452 8127
4 8384 2008 8387 10452
4 10452 8387 3965 8391
4 8127 10452 8391 2909
4 821 8393 10453 8388
4 8393 2942 8394 10453
4 10453 8394 3966 8395
4 8388 10453 8395 2040
4 822 8396 10454 8398
4 8396 2072 8397 10454
4 10454 8397 3966 8394
4 8398 10454 8394 2942
4 789 8140 10455 8400
4 8140 2910 8399 10455
4 10455 8399 3966 8397
4 8400 10455 8397 2072
4 788 8392 10456 8135
4 8392 2040 8395 10456
4 10456 8395 3966 8399
4 8135 10456 8399 2910
4 822 8401 10457 8396
4 8401 2943 8402 10457
4 10457 8402 3967 8403
4 8396 10457 8403 2072
4 823 8404 10458 8406
4 8404 2104 8405 10458
4 10458 8405 3967 8402
4 8406 10458 8402 2943
4 790 8148 10459 8408
4 8148 2911 8407 10459
4 10459 8407 3967 8405
4 8408 10459 8405 2104
4 789 8400 10460 8143
4 8400 2072 8403 10460
4 10460 8403 3967 8407
4 8143 10460 8407 2911
4 823 8409 10461 8404
4 8409 2944 8410 10461
4 10461 8410 3968 8411
4 8404 10461 8411 2104
4 824 8412 10462 8414
4 8412 2136 8413 10462
4 10462 8413 3968 8410
4 8414 10462 8410 2944
4 791 8156 10463 8416
4 8156 2912 8415 10463
4 10463 8415 3968 8413
4 8416 10463 8413 2136
4 790 8408 10464 8151
4 8408 2104 8411 10464
4 10464 8411 3968 8415
4 8151 10464 8415 2912
4 825 2945 3969 1113
4 826 1145 3969 2945
5 793 8165 2913 3969 1145
5 792 1113 3969 2913 8159
4 826 2946 3970 1145
4 827 1177 3970 2946
5 794 8174 2914 3970 1177
5 793 1145 3970 2914 8169
4 827 2947 3971 1177
4 828 1209 3971 2947
5 795 8182 2915 3971 1209
5 794 1177 3971 2915 8177
4 828 2948 3972 1209
4 829 1241 3972 2948
5 796 8190 2916 3972 1241
5 795 1209 3972 2916 8185
4 829 2949 3973 1241
4 830 1273 3973 2949
5 797 8198 2917 3973 1273
5 796 1241 3973 2917 8193
4 830 2950 3974 1273
4 831 1305 3974 2950
5 798 8206 2918 3974 1305
5 797 1273 3974 2918 8201
4 831 2951 3975 1305
4 832 1337 3975 2951
5 799 8214 2919 3975 1337
5 798 1305 3975 2919 8209
4 832 2952 3976 1337
4 833 1369 3976 2952
5 800 8222 2920 3976 1369
5 799 1337 3976 2920 8217
4 833 2953 3977 1369
4 834 1401 3977 2953
5 801 8230 2921 3977 1401
5 800 1369 3977 2921 8225
4 834 2954 3978 1401
4 835 1433 3978 2954
5 802 8238 2922 3978 1433
5 801 1401 3978 2922 8233
4 835 2955 3979 1433
4 836 1465 3979 2955
5 803 8246 2923 3979 1465
5 802 1433 3979 2923 8241
4 836 2956 3980 1465
4 837 1497 3980 2956
5 804 8254 2924 3980 1497
5 803 1465 3980 2924 8249
4 837 2957 3981 1497
4 838 1529 3981 2957
5 805 8262 2925 3981 1529
5 804 1497 3981 2925 8257
4 838 2958 3982 1529
4 839 1561 3982 2958
5 806 8270 2926 3982 1561
5 805 1529 3982 2926 8265
4 839 2959 3983 1561
4 840 1593 3983 2959
5 807 8278 2927 3983 1593
5 806 1561 3983 2927 8273
4 840 2960 3984 1593
4 841 1625 3984 2960
5 808 8286 2928 3984 1625
5 807 1593 3984 2928 8281
4 841 2961 3985 1625
4 842 1657 3985 2961
5 809 8294 2929 3985 1657
5 808 1625 3985 2929 8289
4 842 2962 3986 1657
4 843 1689 3986 2962
5 810 8302 2930 3986 1689
5 809 1657 3986 2930 8297
4 843 2963 3987 1689
4 844 1721 3987 2963
5 811 8310 2931 3987 1721
5 810 1689 3987 2931 8305
4 844 2964 3988 1721
4 845 1753 3988 2964
5 812 8318 2932 3988 1753
5 811 1721 3988 2932 8313
4 845 2965 3989 1753
4 846 1785 3989 2965
5 813 8326 2933 3989 1785
5 812 1753 3989 2933 8321
4 846 2966 3990 1785
4 847 1817 3990 2966
5 814 8334 2934 3990 1817
5 813 1785 3990 2934 8329
4 847 2967 3991 1817
4 848 1849 3991 2967
5 815 8342 2935 3991 1849
5 814 1817 3991 2935 8337
4 848 2968 3992 1849
4 849 1881 3992 2968
5 816 8350 2936 3992 1881
5 815 1849 3992 2936 8345
4 849 2969 3993 1881
4 850 1913 3993 2969
5 817 8358 2937 3993 1913
5 816 1881 3993 2937 8353
4 850 2970 3994 1913
4 851 1945 3994 2970
5 818 8366 2938 3994 1945
5 817 1913 3994 2938 8361
4 851 2971 3995 1945
4 852 1977 3995 2971
5 819 8374 2939 3995 1977
5 818 1945 3995 2939 8369
4 852 2972 3996 1977
4 853 2009 3996 2972
5 820 8382 2940 3996 2009
5 819 1977 3996 2940 8377
4 853 2973 3997 2009
4 854 2041 3997 2973
5 821 8390 2941 3997 2041
5 820 2009 3997 2941 8385
4 854 2974 3998 2041
4 855 2073 3998 2974
5 822 8398 2942 3998 2073
5 821 2041 3998 2942 8393
4 855 2975 3999 2073
4 856 2105 3999 2975
5 823 8406 2943 3999 2105
5 822 2073 3999 2943 8401
4 856 2976 4000 2105
4 857 2137 4000 2976
5 824 8414 2944 4000 2137
5 823 2105 4000 2944 8409
4 858 2977 4001 1114
4 859 1146 4001 2977
4 826 2945 4001 1146
4 825 1114 4001 2945
4 859 2978 4002 1146
4 860 1178 4002 2978
4 827 2946 4002 1178
4 826 1146 4002 2946
4 860 2979 4003 1178
4 861 1210 4003 2979
4 828 2947 4003 1210
4 827 1178 4003 2947
4 861 2980 4004 1210
4 862 1242 4004 2980
4 829 2948 4004 1242
4 828 1210 4004 2948
4 862 2981 4005 1242
4 863 1274 4005 2981
4 830 2949 4005 1274
4 829 1242 4005 2949
4 863 2982 4006 1274
4 864 1306 4006 2982
4 831 2950 4006 1306
4 830 1274 4006 2950
4 864 2983 4007 1306
4 865 1338 4007 2983
4 832 2951 4007 1338
4 831 1306 4007 2951
4 865 2984 4008 1338
4 866 1370 4008 2984
4 833 2952 4008 1370
4 832 1338 4008 2952
4 866 2985 4009 1370
4 867 1402 4009 2985
4 834 2953 4009 1402
4 833 1370 4009 2953
4 867 2986 4010 1402
4 868 1434 4010 2986
4 835 2954 4010 1434
4 834 1402 4010 2954
4 868 2987 4011 1434
4 869 1466 4011 2987
4 836 2955 4011 1466
4 835 1434 4011 2955
4 869 2988 4012 1466
4 870 1498 4012 2988
4 837 2956 4012 1498
4 836 1466 4012 2956
4 870 2989 4013 1498
4 871 1530 4013 2989
4 838 2957 4013 1530
4 837 1498 4013 2957
4 871 2990 4014 1530
4 872 1562 4014 2990
4 839 2958 4014 1562
4 838 1530 4014 2958
4 872 2991 4015 1562
4 873 1594 4015 2991
4 840 2959 4015 1594
4 839 1562 4015 2959
4 873 2992 4016 1594
4 874 1626 4016 2992
4 841 2960 4016 1626
4 840 1594 4016 2960
4 874 2993 4017 1626
4 875 1658 4017 2993
4 842 2961 4017 1658
4 841 1626 4017 2961
4 875 2994 4018 1658
4 876 1690 4018 2994
4 843 2962 4018 1690
4 842 1658 4018 2962
4 876 2995 4019 1690
4 877 1722 4019 2995
4 844 2963 4019 1722
4 843 1690 4019 2963
4 877 2996 4020 1722
4 878 1754 4020 2996
4 845 2964 4020 1754
4 844 1722 4020 2964
4 878 2997 4021 1754
4 879 1786 4021 2997
4 846 2965 4021 1786
4 845 1754 4021 2965
4 879 2998 4022 1786
4 880 1818 4022 2998
4 847 2966 4022 1818
4 846 1786 4022 2966
4 880 2999 4023 1818
4 881 1850 4023 2999
4 848 2967 4023 1850
4 847 1818 4023 2967
4 881 3000 4024 1850
4 882 1882 4024 3000
4 849 2968 4024 1882
4 848 1850 4024 2968
4 882 3001 4025 1882
4 883 1914 4025 3001
4 850 2969 4025 1914
4 849 1882 4025 2969
4 883 3002 4026 1914
4 884 1946 4026 3002
4 851 2970 4026 1946
4 850 1914 4026 2970
4 884 3003 4027 1946
4 885 1978 4027 3003
4 852 2971 4027 1978
4 851 1946 4027 2971
4 885 3004 4028 1978
4 886 2010 4028 3004
4 853 2972 4028 2010
4 852 1978 4028 2972
4 886 3005 4029 2010
4 887 2042 4029 3005
4 854 2973 4029 2042
4 853 2010 4029 2973
4 887 3006 4030 2042
4 888 2074 4030 3006
4 855 2974 4030 2074
4 854 2042 4030 2974
4 888 3007 4031 2074
4 889 2106 4031 3007
4 856 2975 4031 2106
4 855 2074 4031 2975
4 889 3008 4032 2106
4 890 2138 4032 3008
4 857 2976 4032 2138
4 856 2106 4032 2976
4 891 3009 4033 1115
4 892 1147 4033 3009
4 859 2977 4033 1147
4 858 1115 4033 2977
4 892 3010 4034 1147
4 893 1179 4034 3010
4 860 2978 4034 1179
4 859 1147 4034 2978
4 893 3011 4035 1179
4 894 1211 4035 3011
4 861 2979 4035 1211
4 860 1179 4035 2979
4 894 3012 4036 1211
4 895 1243 4036 3012
4 862 2980 4036 1243
4 861 1211 4036 2980
4 895 3013 4037 1243
4 896 1275 4037 3013
4 863 2981 4037 1275
4 862 1243 4037 2981
4 896 3014 4038 1275
4 897 1307 4038 3014
4 864 2982 4038 1307
4 863 1275 4038 2982
4 897 3015 4039 1307
4 898 1339 4039 3015
4 865 2983 4039 1339
4 864 1307 4039 2983
4 898 3016 4040 1339
4 899 1371 4040 3016
4 866 2984 4040 1371
4 865 1339 4040 2984
4 899 3017 4041 1371
4 900 1403 4041 3017
4 867 2985 4041 1403
4 866 1371 4041 2985
4 900 3018 4042 1403
4 901 1435 4042 3018
4 868 2986 4042 1435
4 867 1403 4042 2986
4 901 3019 4043 1435
4 902 1467 4043 3019
4 869 2987 4043 1467
4 868 1435 4043 2987
4 902 3020 4044 1467
4 903 1499 4044 3020
4 870 2988 4044 1499
4 869 1467 4044 2988
4 903 3021 4045 1499
4 904 1531 4045 3021
4 871 2989 4045 1531
4 870 1499 4045 2989
4 904 3022 4046 1531
4 905 1563 4046 3022
4 872 2990 4046 1563
4 871 1531 4046 2990
4 905 3023 4047 1563
4 906 1595 4047 3023
4 873 2991 4047 1595
4 872 1563 4047 2991
4 906 3024 4048 1595
4 907 1627 4048 3024
4 874 2992 4048 1627
4 873 1595 4048 2992
4 907 3025 4049 1627
4 908 1659 4049 3025
4 875 2993 4049 1659
4 874 1627 4049 2993
4 908 3026 4050 1659
4 909 1691 4050 3026
4 876 2994 4050 1691
4 875 1659 4050 2994
4 909 3027 4051 1691
4 910 1723 4051 3027
4 877 2995 4051 1723
4 876 1691 4051 2995
4 910 3028 4052 1723
4 911 1755 4052 3028
4 878 2996 4052 1755
4 877 1723 4052 2996
4 911 3029 4053 1755
4 912 1787 4053 3029
4 879 2997 4053 1787
4 878 1755 4053 2997
4 912 3030 4054 1787
4 913 1819 4054 3030
4 880 2998 4054 1819
4 879 1787 4054 2998
4 913 3031 4055 1819
4 914 1851 4055 3031
4 881 2999 4055 1851
4 880 1819 4055 2999
4 914 3032 4056 1851
4 915 1883 4056 3032
4 882 3000 4056 1883
4 881 1851 4056 3000
4 915 3033 4057 1883
4 916 1915 4057 3033
4 883 3001 4057 1915
4 882 1883 4057 3001
4 916 3034 4058 1915
4 917 1947 4058 3034
4 884 3002 4058 1947
4 883 1915 4058 3002
4 917 3035 4059 1947
4 918 1979 4059 3035
4 885 3003 4059 1979
4 884 1947 4059 3003
4 918 3036 4060 1979
4 919 2011 4060 3036
4 886 3004 4060 2011
4 885 1979 4060 3004
4 919 3037 4061 2011
4 920 2043 4061 3037
4 887 3005 4061 2043
4 886 2011 4061 3005
4 920 3038 4062 2043
4 921 2075 4062 3038
4 888 3006 4062 2075
4 887 2043 4062 3006
4 921 3039 4063 2075
4 922 2107 4063 3039
4 889 3007 4063 2107
4 888 2075 4063 3007
4 922 3040 4064 2107
4 923 2139 4064 3040
4 890 3008 4064 2139
4 889 2107 4064 3008
4 924 3041 4065 1116
4 925 1148 4065 3041
4 892 3009 4065 1148
4 891 1116 4065 3009
4 925 3042 4066 1148
4 926 1180 4066 3042
4 893 3010 4066 1180
4 892 1148 4066 3010
4 926 3043 4067 1180
4 927 1212 4067 3043
4 894 3011 4067 1212
4 893 1180 4067 3011
4 927 3044 4068 1212
4 928 1244 4068 3044
4 895 3012 4068 1244
4 894 1212 4068 3012
4 928 3045 4069 1244
4 929 1276 4069 3045
4 896 3013 4069 1276
4 895 1244 4069 3013
4 929 3046 4070 1276
4 930 1308 4070 3046
4 897 3014 4070 1308
4 896 1276 4070 3014
4 930 3047 4071 1308
4 931 1340 4071 3047
4 898 3015 4071 1340
4 897 1308 4071 3015
4 931 3048 4072 1340
4 932 1372 4072 3048
4 899 3016 4072 1372
4 898 1340 4072 3016
4 932 3049 4073 1372
4 933 1404 4073 3049
4 900 3017 4073 1404
4 899 1372 4073 3017
4 933 3050 4074 1404
4 934 1436 4074 3050
4 901 3018 4074 1436
4 900 1404 4074 3018
4 934 3051 4075 1436
4 935 1468 4075 3051
4 902 3019 4075 1468
4 901 1436 4075 3019
4 935 3052 4076 1468
4 936 1500 4076 3052
4 903 3020 4076 1500
4 902 1468 4076 3020
4 936 3053 4077 1500
4 937 1532 4077 3053
4 904 3021 4077 1532
4 903 1500 4077 3021
4 937 3054 4078 1532
4 938 1564 4078 3054
4 905 3022 4078 1564
4 904 1532 4078 3022
4 938 3055 4079 1564
4 939 1596 4079 3055
4 906 3023 4079 1596
4 905 1564 4079 3023
4 939 3056 4080 1596
4 940 1628 4080 3056
4 907 3024 4080 1628
4 906 1596 4080 3024
4 940 3057 4081 1628
4 941 1660 4081 3057
4 908 3025 4081 1660
4 907 1628 4081 3025
4 941 3058 4082 1660
4 942 1692 4082 3058
4 909 3026 4082 1692
4 908 1660 4082 3026
4 942 3059 4083 1692
4 943 1724 4083 3059
4 910 3027 4083 1724
4 909 1692 4083 3027
4 943 3060 4084 1724
4 944 1756 4084 3060
4 911 3028 4084 1756
4 910 1724 4084 3028
4 944 3061 4085 1756
4 945 1788 4085 3061
4 912 3029 4085 1788
4 911 1756 4085 3029
4 945 3062 4086 1788
4 946 1820 4086 3062
4 913 3030 4086 1820
4 912 1788 4086 3030
4 946 3063 4087 1820
4 947 1852 4087 3063
4 914 3031 4087 1852
4 913 1820 4087 3031
4 947 3064 4088 1852
4 948 1884 4088 3064
4 915 3032 4088 1884
4 914 1852 4088 3032
4 948 3065 4089 1884
4 949 1916 4089 3065
4 916 3033 4089 1916
4 915 1884 4089 3033
4 949 3066 4090 1916
4 950 1948 4090 3066
4 917 3034 4090 1948
4 916 1916 4090 3034
4 950 3067 4091 1948
4 951 1980 4091 3067
4 918 3035 4091 1980
4 917 1948 4091 3035
4 951 3068 4092 1980
4 952 2012 4092 3068
4 919 3036 4092 2012
4 918 1980 4092 3036
4 952 3069 4093 2012
4 953 2044 4093 3069
4 920 3037 4093 2044
4 919 2012 4093 3037
4 953 3070 4094 2044
4 954 2076 4094 3070
4 921 3038 4094 2076
4 920 2044 4094 3038
4 954 3071 4095 2076
4 955 2108 4095 3071
4 922 3039 4095 2108
4 921 2076 4095 3039
4 955 3072 4096 2108
4 956 2140 4096 3072
4 923 3040 4096 2140
4 922 2108 4096 3040
4 957 3073 4097 1117
4 958 1149 4097 3073
4 925 3041 4097 1149
4 924 1117 4097 3041
4 958 3074 4098 1149
4 959 1181 4098 3074
4 926 3042 4098 1181
4 925 1149 4098 3042
4 959 3075 4099 1181
4 960 1213 4099 3075
4 927 3043 4099 1213
4 926 1181 4099 3043
4 960 3076 4100 1213
4 961 1245 4100 3076
4 928 3044 4100 1245
4 927 1213 4100 3044
4 961 3077 4101 1245
4 962 1277 4101 3077
4 929 3045 4101 1277
4 928 1245 4101 3045
4 962 3078 4102 1277
4 963 1309 4102 3078
4 930 3046 4102 1309
4 929 1277 4102 3046
4 963 3079 4103 1309
4 964 1341 4103 3079
4 931 3047 4103 1341
4 930 1309 4103 3047
4 964 3080 4104 1341
4 965 1373 4104 3080
4 932 3048 4104 1373
4 931 1341 4104 3048
4 965 3081 4105 1373
4 966 1405 4105 3081
4 933 3049 4105 1405
4 932 1373 4105 3049
4 966 3082 4106 1405
4 967 1437 4106 3082
4 934 3050 4106 1437
4 933 1405 4106 3050
4 967 3083 4107 1437
4 968 1469 4107 3083
4 935 3051 4107 1469
4 934 1437 4107 3051
4 968 3084 4108 1469
4 969 1501 4108 3084
4 936 3052 4108 1501
4 935 1469 4108 3052
4 969 3085 4109 1501
4 970 1533 4109 3085
4 937 3053 4109 1533
4 936 1501 4109 3053
4 970 3086 4110 1533
4 971 1565 4110 3086
4 938 3054 4110 1565
4 937 1533 4110 3054
4 971 3087 4111 1565
4 972 1597 4111 3087
4 939 3055 4111 1597
4 938 1565 4111 3055
4 972 3088 4112 1597
4 973 1629 4112 3088
4 940 3056 4112 1629
4 939 1597 4112 3056
4 973 3089 4113 1629
4 974 1661 4113 3089
4 941 3057 4113 1661
4 940 1629 4113 3057
4 974 3090 4114 1661
4 975 1693 4114 3090
4 942 3058 4114 1693
4 941 1661 4114 3058
4 975 3091 4115 1693
4 976 1725 4115 3091
4 943 3059 4115 1725
4 942 1693 4115 3059
4 976 3092 4116 1725
4 977 1757 4116 3092
4 944 3060 4116 1757
4 943 1725 4116 3060
4 977 3093 4117 1757
4 978 1789 4117 3093
4 945 3061 4117 1789
4 944 1757 4117 3061
4 978 3094 4118 1789
4 979 1821 4118 3094
4 946 3062 4118 1821
4 945 1789 4118 3062
4 979 3095 4119 1821
4 980 1853 4119 3095
4 947 3063 4119 1853
4 946 1821 4119 3063
4 980 3096 4120 1853
4 981 1885 4120 3096
4 948 3064 4120 1885
4 947 1853 4120 3064
4 981 3097 4121 1885
4 982 1917 4121 3097
4 949 3065 4121 1917
4 948 1885 4121 3065
4 982 3098 4122 1917
4 983 1949 4122 3098
4 950 3066 4122 1949
4 949 1917 4122 3066
4 983 3099 4123 1949
4 984 1981 4123 3099
4 951 3067 4123 1981
4 950 1949 4123 3067
4 984 3100 4124 1981
4 985 2013 4124 3100
4 952 3068 4124 2013
4 951 1981 4124 3068
4 985 3101 4125 2013
4 986 2045 4125 3101
4 953 3069 4125 2045
4 952 2013 4125 3069
4 986 3102 4126 2045
4 987 2077 4126 3102
4 954 3070 4126 2077
4 953 2045 4126 3070
4 987 3103 4127 2077
4 988 2109 4127 3103
4 955 3071 4127 2109
4 954 2077 4127 3071
4 988 3104 4128 2109
4 989 2141 4128 3104
4 956 3072 4128 2141
4 955 2109 4128 3072
4 990 3105 4129 1118
4 991 1150 4129 3105
4 958 3073 4129 1150
4 957 1118 4129 3073
4 991 3106 4130 1150
4 992 1182 4130 3106
4 959 3074 4130 1182
4 958 1150 4130 3074
4 992 3107 4131 1182
4 993 1214 4131 3107
4 960 3075 4131 1214
4 959 1182 4131 3075
4 993 3108 4132 1214
4 994 1246 4132 3108
4 961 3076 4132 1246
4 960 1214 4132 3076
4 994 3109 4133 1246
4 995 1278 4133 3109
4 962 3077 4133 1278
4 961 1246 4133 3077
4 995 3110 4134 1278
4 996 1310 4134 3110
4 963 3078 4134 1310
4 962 1278 4134 3078
4 996 3111 4135 1310
4 997 1342 4135 3111
4 964 3079 4135 1342
4 963 1310 4135 3079
4 997 3112 4136 1342
4 998 1374 4136 3112
4 965 3080 4136 1374
4 964 1342 4136 3080
4 998 3113 4137 1374
4 999 1406 4137 3113
4 966 3081 4137 1406
4 965 1374 4137 3081
4 999 3114 4138 1406
4 1000 1438 4138 3114
4 967 3082 4138 1438
4 966 1406 4138 3082
4 1000 3115 4139 1438
4 1001 1470 4139 3115
4 968 3083 4139 1470
4 967 1438 4139 3083
4 1001 3116 4140 1470
4 1002 1502 4140 3116
4 969 3084 4140 1502
4 968 1470 4140 3084
4 1002 3117 4141 1502
4 1003 1534 4141 3117
4 970 3085 4141 1534
4 969 1502 4141 3085
4 1003 3118 4142 1534
4 1004 1566 4142 3118
4 971 3086 4142 1566
4 970 1534 4142 3086
4 1004 3119 4143 1566
4 1005 1598 4143 3119
4 972 3087 4143 1598
4 971 1566 4143 3087
4 1005 3120 4144 1598
4 1006 1630 4144 3120
4 973 3088 4144 1630
4 972 1598 4144 3088
4 1006 3121 4145 1630
4 1007 1662 4145 3121
4 974 3089 4145 1662
4 973 1630 4145 3089
4 1007 3122 4146 1662
4 1008 1694 4146 3122
4 975 3090 4146 1694
4 974 1662 4146 3090
4 1008 3123 4147 1694
4 1009 1726 4147 3123
4 976 3091 4147 1726
4 975 1694 4147 3091
4 1009 3124 4148 1726
4 1010 1758 4148 3124
4 977 3092 4148 1758
4 976 1726 4148 3092
4 1010 3125 4149 1758
4 1011 1790 4149 3125
4 978 3093 4149 1790
4 977 1758 4149 3093
4 1011 3126 4150 1790
4 1012 1822 4150 3126
4 979 3094 4150 1822
4 978 1790 4150 3094
4 1012 3127 4151 1822
4 1013 1854 4151 3127
4 980 3095 4151 1854
4 979 1822 4151 3095
4 1013 3128 4152 1854
4 1014 1886 4152 3128
4 981 3096 4152 1886
4 980 1854 4152 3096
4 1014 3129 4153 1886
4 1015 1918 4153 3129
4 982 3097 4153 1918
4 981 1886 4153 3097
4 1015 3130 4154 1918
4 1016 1950 4154 3130
4 983 3098 4154 1950
4 982 1918 4154 3098
4 1016 3131 4155 1950
4 1017 1982 4155 3131
4 984 3099 4155 1982
4 983 1950 4155 3099
4 1017 3132 4156 1982
4 1018 2014 4156 3132
4 985 3100 4156 2014
4 984 1982 4156 3100
4 1018 3133 4157 2014
4 1019 2046 4157 3133
4 986 3101 4157 2046
4 985 2014 4157 3101
4 1019 3134 4158 2046
4 1020 2078 4158 3134
4 987 3102 4158 2078
4 986 2046 4158 3102
4 1020 3135 4159 2078
4 1021 2110 4159 3135
4 988 3103 4159 2110
4 987 2078 4159 3103
4 1021 3136 4160 2110
4 1022 2142 4160 3136
4 989 3104 4160 2142
4 988 2110 4160 3104
4 1023 3137 4161 1119
4 1024 1151 4161 3137
4 991 3105 4161 1151
4 990 1119 4161 3105
4 1024 3138 4162 1151
4 1025 1183 4162 3138
4 992 3106 4162 1183
4 991 1151 4162 3106
4 1025 3139 4163 1183
4 1026 1215 4163 3139
4 993 3107 4163 1215
4 992 1183 4163 3107
4 1026 3140 4164 1215
4 1027 1247 4164 3140
4 994 3108 4164 1247
4 993 1215 4164 3108
4 1027 3141 4165 1247
4 1028 1279 4165 3141
4 995 3109 4165 1279
4 994 1247 4165 3109
4 1028 3142 4166 1279
4 1029 1311 4166 3142
4 996 3110 4166 1311
4 995 1279 4166 3110
4 1029 3143 4167 1311
4 1030 1343 4167 3143
4 997 3111 4167 1343
4 996 1311 4167 3111
4 1030 3144 4168 1343
4 1031 1375 4168 3144
4 998 3112 4168 1375
4 997 1343 4168 3112
4 1031 3145 4169 1375
4 1032 1407 4169 3145
4 999 3113 4169 1407
4 998 1375 4169 3113
4 1032 3146 4170 1407
4 1033 1439 4170 3146
4 1000 3114 4170 1439
4 999 1407 4170 3114
4 1033 3147 4171 1439
4 1034 1471 4171 3147
4 1001 3115 4171 1471
4 1000 1439 4171 3115
4 1034 3148 4172 1471
4 1035 1503 4172 3148
4 1002 3116 4172 1503
4 1001 1471 4172 3116
4 1035 3149 4173 1503
4 1036 1535 4173 3149
4 1003 3117 4173 1535
4 1002 1503 4173 3117
4 1036 3150 4174 1535
4 1037 1567 4174 3150
4 1004 3118 4174 1567
4 1003 1535 4174 3118
4 1037 3151 4175 1567
4 1038 1599 4175 3151
4 1005 3119 4175 1599
4 1004 1567 4175 3119
4 1038 3152 4176 1599
4 1039 1631 4176 3152
4 1006 3120 4176 1631
4 1005 1599 4176 3120
4 1039 3153 4177 1631
4 1040 1663 4177 3153
4 1007 3121 4177 1663
4 1006 1631 4177 3121
4 1040 3154 4178 1663
4 1041 1695 4178 3154
4 1008 3122 4178 1695
4 1007 1663 4178 3122
4 1041 3155 4179 1695
4 1042 1727 4179 3155
4 1009 3123 4179 1727
4 1008 1695 4179 3123
4 1042 3156 4180 1727
4 1043 1759 4180 3156
4 1010 3124 4180 1759
4 1009 1727 4180 3124
4 1043 3157 4181 1759
4 1044 1791 4181 3157
4 1011 3125 4181 1791
4 1010 1759 4181 3125
4 1044 3158 4182 1791
4 1045 1823 4182 3158
4 1012 3126 4182 1823
4 1011 1791 4182 3126
4 1045 3159 4183 1823
4 1046 1855 4183 3159
4 1013 3127 4183 1855
4 1012 1823 4183 3127
4 1046 3160 4184 1855
4 1047 1887 4184 3160
4 1014 3128 4184 1887
4 1013 1855 4184 3128
4 1047 3161 4185 1887
4 1048 1919 4185 3161
4 1015 3129 4185 1919
4 1014 1887 4185 3129
4 1048 3162 4186 1919
4 1049 1951 4186 3162
4 1016 3130 4186 1951
4 1015 1919 4186 3130
4 1049 3163 4187 1951
4 1050 1983 4187 3163
4 1017 3131 4187 1983
4 1016 1951 4187 3131
4 1050 3164 4188 1983
4 1051 2015 4188 3164
4 1018 3132 4188 2015
4 1017 1983 4188 3132
4 1051 3165 4189 2015
4 1052 2047 4189 3165
4 1019 3133 4189 2047
4 1018 2015 4189 3133
4 1052 3166 4190 2047
4 1053 2079 4190 3166
4 1020 3134 4190 2079
4 1019 2047 4190 3134
4 1053 3167 4191 2079
4 1054 2111 4191 3167
4 1021 3135 4191 2111
4 1020 2079 4191 3135
4 1054 3168 4192 2111
4 1055 2143 4192 3168
4 1022 3136 4192 2143
4 1021 2111 4192 3136
4 1056 3169 4193 1120
4 1057 1152 4193 3169
4 1024 3137 4193 1152
4 1023 1120 4193 3137
4 1057 3170 4194 1152
4 1058 1184 4194 3170
4 1025 3138 4194 1184
4 1024 1152 4194 3138
4 1058 3171 4195 1184
4 1059 1216 4195 3171
4 1026 3139 4195 1216
4 1025 1184 4195 3139
4 1059 3172 4196 1216
4 1060 1248 4196 3172
4 1027 3140 4196 1248
4 1026 1216 4196 3140
4 1060 3173 4197 1248
4 1061 1280 4197 3173
4 1028 3141 4197 1280
4 1027 1248 4197 3141
4 1061 3174 4198 1280
4 1062 1312 4198 3174
4 1029 3142 4198 1312
4 1028 1280 4198 3142
4 1062 3175 4199 1312
4 1063 1344 4199 3175
4 1030 3143 4199 1344
4 1029 1312 4199 3143
4 1063 3176 4200 1344
4 1064 1376 4200 3176
4 1031 3144 4200 1376
4 1030 1344 4200 3144
4 1064 3177 4201 1376
4 1065 1408 4201 3177
4 1032 3145 4201 1408
4 1031 1376 4201 3145
4 1065 3178 4202 1408
4 1066 1440 4202 3178
4 1033 3146 4202 1440
4 1032 1408 4202 3146
4 1066 3179 4203 1440
4 1067 1472 4203 3179
4 1034 3147 4203 1472
4 1033 1440 4203 3147
4 1067 3180 4204 1472
4 1068 1504 4204 3180
4 1035 3148 4204 1504
4 1034 1472 4204 3148
4 1068 3181 4205 1504
4 1069 1536 4205 3181
4 1036 3149 4205 1536
4 1035 1504 4205 3149
4 1069 3182 4206 1536
4 1070 1568 4206 3182
4 1037 3150 4206 1568
4 1036 1536 4206 3150
4 1070 3183 4207 1568
4 1071 1600 4207 3183
4 1038 3151 4207 1600
4 1037 1568 4207 3151
4 1071 3184 4208 1600
4 1072 1632 4208 3184
4 1039 3152 4208 1632
4 1038 1600 4208 3152
4 1072 3185 4209 1632
4 1073 1664 4209 3185
4 1040 3153 4209 1664
4 1039 1632 4209 3153
4 1073 3186 4210 1664
4 1074 1696 4210 3186
4 1041 3154 4210 1696
4 1040 1664 4210 3154
4 1074 3187 4211 1696
4 1075 1728 4211 3187
4 1042 3155 4211 1728
4 1041 1696 4211 3155
4 1075 3188 4212 1728
4 1076 1760 4212 3188
4 1043 3156 4212 1760
4 1042 1728 4212 3156
4 1076 3189 4213 1760
4 1077 1792 4213 3189
4 1044 3157 4213 1792
4 1043 1760 4213 3157
4 1077 3190 4214 1792
4 1078 1824 4214 3190
4 1045 3158 4214 1824
4 1044 1792 4214 3158
4 1078 3191 4215 1824
4 1079 1856 4215 3191
4 1046 3159 4215 1856
4 1045 1824 4215 3159
4 1079 3192 4216 1856
4 1080 1888 4216 3192
4 1047 3160 4216 1888
4 1046 1856 4216 3160
4 1080 3193 4217 1888
4 1081 1920 4217 3193
4 1048 3161 4217 1920
4 1047 1888 4217 3161
4 1081 3194 4218 1920
4 1082 1952 4218 3194
4 1049 3162 4218 1952
4 1048 1920 4218 3162
4 1082 3195 4219 1952
4 1083 1984 4219 3195
4 1050 3163 4219 1984
4 1049 1952 4219 3163
4 1083 3196 4220 1984
4 1084 2016 4220 3196
4 1051 3164 4220 2016
4 1050 1984 4220 3164
4 1084 3197 4221 2016
4 1085 2048 4221 3197
4 1052 3165 4221 2048
4 1051 2016 4221 3165
4 1085 3198 4222 2048
4 1086 2080 4222 3198
4 1053 3166 4222 2080
4 1052 2048 4222 3166
4 1086 3199 4223 2080
4 1087 2112 4223 3199
4 1054 3167 4223 2112
4 1053 2080 4223 3167
4 1087 3200 4224 2112
4 1088 2144 4224 3200
4 1055 3168 4224 2144
4 1054 2112 4224 3168
